ISO-10303-21;
HEADER;
FILE_DESCRIPTION (( 'STEP AP214' ),
    '1' );
FILE_NAME ('SPMWH1228MD5WATUVK.STEP',
    '2022-12-02T15:11:20',
    ( '' ),
    ( '' ),
    'SwSTEP 2.0',
    'SolidWorks 2022',
    '' );
FILE_SCHEMA (( 'AUTOMOTIVE_DESIGN' ));
ENDSEC;

DATA;
#1 = FACE_OUTER_BOUND ( 'NONE', #579, .T. ) ;
#2 = PLANE ( 'NONE',  #1275 ) ;
#3 = EDGE_CURVE ( 'NONE', #1771, #2420, #547, .T. ) ;
#4 = ORIENTED_EDGE ( 'NONE', *, *, #2653, .F. ) ;
#5 = CLOSED_SHELL ( 'NONE', ( #685, #2725, #1701, #1197, #2107, #12, #2183, #1208, #2540, #1242, #1502, #2155, #636, #1262, #2530, #46, #1377, #717, #1469, #363, #2594, #1565, #1462, #839, #1314, #149, #2687, #2694, #2388, #446, #1636, #1736, #2756, #2334, #1034, #1911, #1907, #349, #1247, #1986, #1003, #146, #454, #890, #2194, #487, #2635, #926, #2220, #1088, #191, #908, #1540, #2672, #2328, #2339, #1990, #1962, #2707, #2745, #721, #2056, #1811, #2628, #502, #744, #2324, #2509, #1555, #2762, #1825, #1891, #1385, #2352, #1974, #738, #1655, #381, #1914, #2446, #2662, #1732, #986, #1528, #555, #1473, #1787 ) ) ;
#6 = ORIENTED_EDGE ( 'NONE', *, *, #1212, .F. ) ;
#7 = EDGE_CURVE ( 'NONE', #2346, #2749, #923, .T. ) ;
#8 = VECTOR ( 'NONE', #875, 1000.000000000000000 ) ;
#9 = LINE ( 'NONE', #2584, #771 ) ;
#10 = ORIENTED_EDGE ( 'NONE', *, *, #2129, .T. ) ;
#11 = AXIS2_PLACEMENT_3D ( 'NONE', #1474, #2747, #868 ) ;
#12 = ADVANCED_FACE ( 'NONE', ( #288 ), #712, .F. ) ;
#13 = AXIS2_PLACEMENT_3D ( 'NONE', #548, #21, #2119 ) ;
#14 = CARTESIAN_POINT ( 'NONE',  ( -1.600000000000000311, 1.400000000000000133, 0.2500000000000000000 ) ) ;
#15 = ORIENTED_EDGE ( 'NONE', *, *, #2189, .T. ) ;
#16 = CARTESIAN_POINT ( 'NONE',  ( -1.419817364027155637, -0.8658653493407467705, -0.05000000000000000278 ) ) ;
#17 = EDGE_CURVE ( 'NONE', #644, #68, #1988, .T. ) ;
#18 = CARTESIAN_POINT ( 'NONE',  ( 1.750000000000000222, -0.8699999999999998845, 0.2500000000000000000 ) ) ;
#19 = FACE_OUTER_BOUND ( 'NONE', #662, .T. ) ;
#20 = CARTESIAN_POINT ( 'NONE',  ( -1.533204554547225262, 1.000000000000000000, 0.6999999999999999556 ) ) ;
#21 = DIRECTION ( 'NONE',  ( 0.000000000000000000, 0.000000000000000000, -1.000000000000000000 ) ) ;
#22 = ORIENTED_EDGE ( 'NONE', *, *, #1675, .F. ) ;
#23 = ORIENTED_EDGE ( 'NONE', *, *, #1477, .T. ) ;
#24 = VECTOR ( 'NONE', #707, 1000.000000000000000 ) ;
#25 = DIRECTION ( 'NONE',  ( 1.000000000000000000, 4.613626265895764052E-16, -0.000000000000000000 ) ) ;
#26 = ORIENTED_EDGE ( 'NONE', *, *, #98, .T. ) ;
#27 = ORIENTED_EDGE ( 'NONE', *, *, #2603, .F. ) ;
#28 = CARTESIAN_POINT ( 'NONE',  ( -1.599999999999999867, -0.9699999999999999734, -0.05000000000000000278 ) ) ;
#29 = CARTESIAN_POINT ( 'NONE',  ( -2.259295545059615465E-16, -0.8699999999999998845, -0.05000000000000000278 ) ) ;
#30 = FACE_OUTER_BOUND ( 'NONE', #2121, .T. ) ;
#31 = EDGE_CURVE ( 'NONE', #1894, #433, #2625, .T. ) ;
#32 = CARTESIAN_POINT ( 'NONE',  ( 1.149999999999999911, 1.150000000000000133, 0.6899999999999999467 ) ) ;
#33 = LINE ( 'NONE', #920, #1812 ) ;
#34 = ORIENTED_EDGE ( 'NONE', *, *, #256, .T. ) ;
#35 = ORIENTED_EDGE ( 'NONE', *, *, #2024, .F. ) ;
#36 = DIRECTION ( 'NONE',  ( 0.08682659386424780579, -0.08682659386424779191, -0.9924325091389669673 ) ) ;
#37 = VERTEX_POINT ( 'NONE', #1155 ) ;
#38 = AXIS2_PLACEMENT_3D ( 'NONE', #87, #1337, #1140 ) ;
#39 = ORIENTED_EDGE ( 'NONE', *, *, #2473, .T. ) ;
#40 = DIRECTION ( 'NONE',  ( -0.7071067811865475727, -0.7071067811865475727, -0.000000000000000000 ) ) ;
#41 = EDGE_CURVE ( 'NONE', #1674, #683, #739, .T. ) ;
#42 = DIRECTION ( 'NONE',  ( 5.421010862427519212E-16, 1.000000000000000000, 0.000000000000000000 ) ) ;
#43 = DIRECTION ( 'NONE',  ( 0.000000000000000000, -1.000000000000000000, 0.000000000000000000 ) ) ;
#44 = AXIS2_PLACEMENT_3D ( 'NONE', #2479, #1424, #356 ) ;
#45 = PLANE ( 'NONE',  #1844 ) ;
#46 = ADVANCED_FACE ( 'NONE', ( #2430 ), #533, .F. ) ;
#47 = LINE ( 'NONE', #1546, #1633 ) ;
#48 = ORIENTED_EDGE ( 'NONE', *, *, #2568, .T. ) ;
#49 = ORIENTED_EDGE ( 'NONE', *, *, #748, .T. ) ;
#50 = EDGE_CURVE ( 'NONE', #90, #2442, #2514, .T. ) ;
#51 = PLANE ( 'NONE',  #376 ) ;
#52 = ORIENTED_EDGE ( 'NONE', *, *, #1426, .F. ) ;
#53 = VECTOR ( 'NONE', #2524, 1000.000000000000000 ) ;
#54 = UNCERTAINTY_MEASURE_WITH_UNIT (LENGTH_MEASURE( 1.000000000000000082E-05 ), #2663, 'distance_accuracy_value', 'NONE');
#55 = AXIS2_PLACEMENT_3D ( 'NONE', #1948, #420, #2347 ) ;
#56 = EDGE_LOOP ( 'NONE', ( #1594, #458, #15, #2034, #1751 ) ) ;
#57 = EDGE_LOOP ( 'NONE', ( #1939, #2434, #1493, #1389 ) ) ;
#58 = CARTESIAN_POINT ( 'NONE',  ( -1.599999999999999867, -0.8658653493407467705, -0.05000000000000000278 ) ) ;
#59 = DIRECTION ( 'NONE',  ( -0.7071067811865475727, 0.7071067811865475727, 0.000000000000000000 ) ) ;
#60 = LINE ( 'NONE', #2609, #24 ) ;
#61 = CARTESIAN_POINT ( 'NONE',  ( -1.500000000000000888, -0.7999999999999983791, 0.6899999999999999467 ) ) ;
#62 = LINE ( 'NONE', #1998, #1870 ) ;
#63 = EDGE_LOOP ( 'NONE', ( #724, #991, #2141, #34 ) ) ;
#64 = EDGE_CURVE ( 'NONE', #683, #2403, #1198, .T. ) ;
#65 = DIRECTION ( 'NONE',  ( 1.000000000000000000, 1.548860246407863583E-16, -0.000000000000000000 ) ) ;
#66 = LINE ( 'NONE', #2177, #1839 ) ;
#67 = EDGE_CURVE ( 'NONE', #520, #1987, #590, .T. ) ;
#68 = VERTEX_POINT ( 'NONE', #1671 ) ;
#69 = AXIS2_PLACEMENT_3D ( 'NONE', #669, #1073, #825 ) ;
#70 = ORIENTED_EDGE ( 'NONE', *, *, #2395, .F. ) ;
#71 = LINE ( 'NONE', #2407, #227 ) ;
#72 = CARTESIAN_POINT ( 'NONE',  ( 1.750000000000000444, -0.5000000000000000000, 0.2500000000000000000 ) ) ;
#73 = LINE ( 'NONE', #933, #197 ) ;
#74 = DIRECTION ( 'NONE',  ( 1.000000000000000000, -7.542275982507857147E-16, 0.000000000000000000 ) ) ;
#75 = FACE_OUTER_BOUND ( 'NONE', #2555, .T. ) ;
#76 = ORIENTED_EDGE ( 'NONE', *, *, #2395, .T. ) ;
#77 = EDGE_LOOP ( 'NONE', ( #341, #1159, #990, #1553 ) ) ;
#78 = DIRECTION ( 'NONE',  ( -0.000000000000000000, -0.000000000000000000, 1.000000000000000000 ) ) ;
#79 = VERTEX_POINT ( 'NONE', #116 ) ;
#80 = EDGE_CURVE ( 'NONE', #1726, #1456, #1429, .T. ) ;
#81 = UNCERTAINTY_MEASURE_WITH_UNIT (LENGTH_MEASURE( 1.000000000000000082E-05 ), #315, 'distance_accuracy_value', 'NONE');
#82 = ORIENTED_EDGE ( 'NONE', *, *, #2603, .T. ) ;
#83 = CARTESIAN_POINT ( 'NONE',  ( -0.07620747095596258625, -0.1393718417234525719, -0.05000000000000000278 ) ) ;
#84 = CARTESIAN_POINT ( 'NONE',  ( -1.593204554547225094, -1.000000000000000000, 0.2500000000000000000 ) ) ;
#85 = DIRECTION ( 'NONE',  ( -1.084202172485497492E-14, 1.000000000000000000, 0.000000000000000000 ) ) ;
#86 = CARTESIAN_POINT ( 'NONE',  ( 1.690000000000000613, -0.4400000000000002798, 0.2500000000000000000 ) ) ;
#87 = CARTESIAN_POINT ( 'NONE',  ( 1.367037521829543592E-16, 0.8699999999999995515, -0.05000000000000000278 ) ) ;
#88 = DIRECTION ( 'NONE',  ( -3.614007241618325499E-15, 1.000000000000000000, -0.000000000000000000 ) ) ;
#89 = DIRECTION ( 'NONE',  ( 0.000000000000000000, 1.000000000000000000, -0.000000000000000000 ) ) ;
#90 = VERTEX_POINT ( 'NONE', #2246 ) ;
#91 = VERTEX_POINT ( 'NONE', #1641 ) ;
#92 = VECTOR ( 'NONE', #88, 1000.000000000000000 ) ;
#93 = DIRECTION ( 'NONE',  ( -0.08682659386424777803, -0.08682659386424779191, -0.9924325091389669673 ) ) ;
#94 = DIRECTION ( 'NONE',  ( -0.000000000000000000, -0.000000000000000000, -1.000000000000000000 ) ) ;
#95 = LINE ( 'NONE', #2064, #142 ) ;
#96 = VECTOR ( 'NONE', #415, 1000.000000000000000 ) ;
#97 = DIRECTION ( 'NONE',  ( 0.000000000000000000, -1.000000000000000000, -0.000000000000000000 ) ) ;
#98 = EDGE_CURVE ( 'NONE', #1309, #592, #1402, .T. ) ;
#99 = VECTOR ( 'NONE', #2074, 1000.000000000000000 ) ;
#100 = LINE ( 'NONE', #2427, #560 ) ;
#101 = PLANE ( 'NONE',  #1666 ) ;
#102 = FACE_OUTER_BOUND ( 'NONE', #851, .T. ) ;
#103 = VECTOR ( 'NONE', #1288, 1000.000000000000000 ) ;
#104 = ORIENTED_EDGE ( 'NONE', *, *, #1956, .F. ) ;
#105 = DIRECTION ( 'NONE',  ( 1.000000000000000000, -7.542275982507857147E-16, 0.000000000000000000 ) ) ;
#106 = ORIENTED_EDGE ( 'NONE', *, *, #2752, .T. ) ;
#107 = ORIENTED_EDGE ( 'NONE', *, *, #1586, .T. ) ;
#108 = PRODUCT ( 'SPMWH1228MD5WATUVK', 'SPMWH1228MD5WATUVK', '', ( #1829 ) ) ;
#109 =( NAMED_UNIT ( * ) PLANE_ANGLE_UNIT ( ) SI_UNIT ( $, .RADIAN. ) );
#110 = VECTOR ( 'NONE', #2699, 1000.000000000000000 ) ;
#111 = LINE ( 'NONE', #1652, #1622 ) ;
#112 = CARTESIAN_POINT ( 'NONE',  ( 0.000000000000000000, 0.000000000000000000, 0.2500000000000000000 ) ) ;
#113 = PLANE ( 'NONE',  #611 ) ;
#114 = EDGE_CURVE ( 'NONE', #1363, #1977, #603, .T. ) ;
#115 = VECTOR ( 'NONE', #167, 1000.000000000000114 ) ;
#116 = CARTESIAN_POINT ( 'NONE',  ( 1.591251133647408000, -1.391251133647407379, 0.3499999999999999778 ) ) ;
#117 = DIRECTION ( 'NONE',  ( 1.548860246407863583E-16, -1.000000000000000000, -0.000000000000000000 ) ) ;
#118 = ORIENTED_EDGE ( 'NONE', *, *, #2483, .T. ) ;
#119 = ORIENTED_EDGE ( 'NONE', *, *, #2038, .F. ) ;
#120 = ORIENTED_EDGE ( 'NONE', *, *, #2653, .T. ) ;
#121 = LINE ( 'NONE', #2007, #1853 ) ;
#122 = CARTESIAN_POINT ( 'NONE',  ( 0.000000000000000000, 0.000000000000000000, 0.000000000000000000 ) ) ;
#123 = CARTESIAN_POINT ( 'NONE',  ( -1.600000000000000311, 1.400000000000000133, 0.2500000000000000000 ) ) ;
#124 = EDGE_CURVE ( 'NONE', #1972, #2704, #2728, .T. ) ;
#125 = ORIENTED_EDGE ( 'NONE', *, *, #1532, .T. ) ;
#126 = CARTESIAN_POINT ( 'NONE',  ( 0.6250000000000034417, -0.6250000000000013323, -0.05000000000000000278 ) ) ;
#127 = CARTESIAN_POINT ( 'NONE',  ( 1.165742308968067409, 1.165742308968070962, -0.05000000000000000278 ) ) ;
#128 = DIRECTION ( 'NONE',  ( 0.000000000000000000, 0.000000000000000000, 1.000000000000000000 ) ) ;
#129 = EDGE_CURVE ( 'NONE', #1353, #37, #822, .T. ) ;
#130 = ORIENTED_EDGE ( 'NONE', *, *, #2601, .F. ) ;
#131 = LINE ( 'NONE', #1613, #1662 ) ;
#132 = ORIENTED_EDGE ( 'NONE', *, *, #2691, .T. ) ;
#133 = EDGE_CURVE ( 'NONE', #1322, #2083, #1445, .T. ) ;
#134 = VECTOR ( 'NONE', #1597, 1000.000000000000000 ) ;
#135 = ORIENTED_EDGE ( 'NONE', *, *, #2361, .T. ) ;
#136 = VERTEX_POINT ( 'NONE', #361 ) ;
#137 =( NAMED_UNIT ( * ) SI_UNIT ( $, .STERADIAN. ) SOLID_ANGLE_UNIT ( ) );
#138 = CARTESIAN_POINT ( 'NONE',  ( 1.000000000000000000, 1.370630101413334856, 0.2500000000000000000 ) ) ;
#139 = DIRECTION ( 'NONE',  ( 1.000000000000000000, 3.614007241618325499E-15, 0.000000000000000000 ) ) ;
#140 = CARTESIAN_POINT ( 'NONE',  ( -1.600000000000000311, 0.000000000000000000, -0.05000000000000000278 ) ) ;
#141 = LINE ( 'NONE', #998, #110 ) ;
#142 = VECTOR ( 'NONE', #2650, 1000.000000000000000 ) ;
#143 = VECTOR ( 'NONE', #1899, 1000.000000000000000 ) ;
#144 = CARTESIAN_POINT ( 'NONE',  ( -1.600000000000000311, 1.000000000000000000, 0.2500000000000000000 ) ) ;
#145 = LINE ( 'NONE', #577, #187 ) ;
#146 = ADVANCED_FACE ( 'NONE', ( #2684 ), #763, .T. ) ;
#147 = ORIENTED_EDGE ( 'NONE', *, *, #1258, .F. ) ;
#148 = FACE_OUTER_BOUND ( 'NONE', #1915, .T. ) ;
#149 = ADVANCED_FACE ( 'NONE', ( #1833 ), #2232, .F. ) ;
#150 = ORIENTED_EDGE ( 'NONE', *, *, #2217, .T. ) ;
#151 = ORIENTED_EDGE ( 'NONE', *, *, #808, .T. ) ;
#152 = SURFACE_SIDE_STYLE ('',( #1608 ) ) ;
#153 = APPLICATION_PROTOCOL_DEFINITION ( 'draft international standard', 'automotive_design', 1998, #1799 ) ;
#154 = CARTESIAN_POINT ( 'NONE',  ( -1.600000000000000311, 0.9699999999999999734, 0.2500000000000000000 ) ) ;
#155 = AXIS2_PLACEMENT_3D ( 'NONE', #2067, #778, #2040 ) ;
#156 = DIRECTION ( 'NONE',  ( 0.7071067811865462405, 0.7071067811865489050, 0.000000000000000000 ) ) ;
#157 = DIRECTION ( 'NONE',  ( 1.000000000000000000, 0.000000000000000000, 0.000000000000000000 ) ) ;
#158 = DIRECTION ( 'NONE',  ( -0.8774016282616201590, 0.4797565869520267756, 0.000000000000000000 ) ) ;
#159 = CARTESIAN_POINT ( 'NONE',  ( 0.000000000000000000, 0.000000000000000000, 0.2500000000000000000 ) ) ;
#160 = ORIENTED_EDGE ( 'NONE', *, *, #2568, .F. ) ;
#161 = CARTESIAN_POINT ( 'NONE',  ( 1.593204554547225094, 1.000000000000000000, 0.3276722969457762091 ) ) ;
#162 = ORIENTED_EDGE ( 'NONE', *, *, #427, .T. ) ;
#163 = EDGE_CURVE ( 'NONE', #2417, #1087, #1852, .T. ) ;
#164 = CARTESIAN_POINT ( 'NONE',  ( -0.9999999999999997780, 1.310630101413334803, 0.6999999999999999556 ) ) ;
#165 = DIRECTION ( 'NONE',  ( -0.08682659386424780579, 0.08682659386424779191, -0.9924325091389669673 ) ) ;
#166 = LINE ( 'NONE', #2089, #103 ) ;
#167 = DIRECTION ( 'NONE',  ( 0.7071067811865470176, -0.7071067811865479058, 0.000000000000000000 ) ) ;
#168 = ORIENTED_EDGE ( 'NONE', *, *, #1000, .T. ) ;
#169 = CARTESIAN_POINT ( 'NONE',  ( -0.07620747095596258625, -0.1393718417234525719, -0.000000000000000000 ) ) ;
#170 = DIRECTION ( 'NONE',  ( -0.08715574274765836016, -0.000000000000000000, 0.9961946980917455452 ) ) ;
#171 = ORIENTED_EDGE ( 'NONE', *, *, #1238, .F. ) ;
#172 = CARTESIAN_POINT ( 'NONE',  ( 1.750000000000000222, 0.8699999999999998845, 0.2500000000000000000 ) ) ;
#173 = EDGE_LOOP ( 'NONE', ( #2585, #396, #2134, #26, #2612, #48, #118, #150, #842, #39 ) ) ;
#174 = ORIENTED_EDGE ( 'NONE', *, *, #578, .F. ) ;
#175 = FACE_OUTER_BOUND ( 'NONE', #1149, .T. ) ;
#176 = EDGE_CURVE ( 'NONE', #1938, #643, #2457, .T. ) ;
#177 = DIRECTION ( 'NONE',  ( -0.000000000000000000, -0.000000000000000000, 1.000000000000000000 ) ) ;
#178 = ORIENTED_EDGE ( 'NONE', *, *, #2415, .F. ) ;
#179 = LINE ( 'NONE', #1875, #1882 ) ;
#180 = CARTESIAN_POINT ( 'NONE',  ( -1.560630101413334136, -1.360630101413333959, 0.6999999999999999556 ) ) ;
#181 = EDGE_CURVE ( 'NONE', #1202, #2264, #1028, .T. ) ;
#182 = ORIENTED_EDGE ( 'NONE', *, *, #2051, .F. ) ;
#183 = VECTOR ( 'NONE', #499, 1000.000000000000000 ) ;
#184 = CARTESIAN_POINT ( 'NONE',  ( -1.150000000000000799, -1.149999999999998801, 0.6899999999999999467 ) ) ;
#185 = EDGE_LOOP ( 'NONE', ( #1739, #1963, #2759, #827 ) ) ;
#186 = LINE ( 'NONE', #1921, #2746 ) ;
#187 = VECTOR ( 'NONE', #1403, 1000.000000000000000 ) ;
#188 = VERTEX_POINT ( 'NONE', #576 ) ;
#189 = VECTOR ( 'NONE', #678, 1000.000000000000000 ) ;
#190 = PLANE ( 'NONE',  #1216 ) ;
#191 = ADVANCED_FACE ( 'NONE', ( #1207 ), #2700, .T. ) ;
#192 = VECTOR ( 'NONE', #1080, 1000.000000000000000 ) ;
#193 = VERTEX_POINT ( 'NONE', #2715 ) ;
#194 = CARTESIAN_POINT ( 'NONE',  ( 1.599999999999999867, 1.360630101413334403, 0.6999999999999999556 ) ) ;
#195 = EDGE_CURVE ( 'NONE', #940, #1674, #809, .T. ) ;
#196 = LINE ( 'NONE', #2101, #1578 ) ;
#197 = VECTOR ( 'NONE', #1734, 1000.000000000000000 ) ;
#198 = DIRECTION ( 'NONE',  ( -0.4371751945780210646, -0.8993763668485342810, 0.000000000000000000 ) ) ;
#199 = CARTESIAN_POINT ( 'NONE',  ( -1.750000000000000444, -0.5000000000000000000, 0.2500000000000000000 ) ) ;
#200 = CARTESIAN_POINT ( 'NONE',  ( -1.500000000000000888, -0.7999999999999983791, 0.6899999999999999467 ) ) ;
#201 = EDGE_CURVE ( 'NONE', #922, #1240, #2105, .T. ) ;
#202 = PLANE ( 'NONE',  #238 ) ;
#203 = VERTEX_POINT ( 'NONE', #2757 ) ;
#204 = ORIENTED_EDGE ( 'NONE', *, *, #668, .T. ) ;
#205 = CARTESIAN_POINT ( 'NONE',  ( -0.8080135153002266923, 0.3927648966481435688, -0.000000000000000000 ) ) ;
#206 = ORIENTED_EDGE ( 'NONE', *, *, #1279, .F. ) ;
#207 = ORIENTED_EDGE ( 'NONE', *, *, #1000, .F. ) ;
#208 = FACE_OUTER_BOUND ( 'NONE', #1881, .T. ) ;
#209 = PLANE ( 'NONE',  #469 ) ;
#210 = CARTESIAN_POINT ( 'NONE',  ( -0.9999999999999988898, -1.310630101413334803, 0.6999999999999999556 ) ) ;
#211 = DIRECTION ( 'NONE',  ( -0.000000000000000000, 1.000000000000000000, 0.000000000000000000 ) ) ;
#212 = AXIS2_PLACEMENT_3D ( 'NONE', #2292, #803, #1650 ) ;
#213 = EDGE_CURVE ( 'NONE', #68, #1476, #2536, .T. ) ;
#214 = LINE ( 'NONE', #32, #2590 ) ;
#215 = FACE_OUTER_BOUND ( 'NONE', #2463, .T. ) ;
#216 = ORIENTED_EDGE ( 'NONE', *, *, #942, .F. ) ;
#217 = ORIENTED_EDGE ( 'NONE', *, *, #2456, .T. ) ;
#218 = FACE_OUTER_BOUND ( 'NONE', #671, .T. ) ;
#219 = EDGE_CURVE ( 'NONE', #2544, #2661, #2297, .T. ) ;
#220 = ORIENTED_EDGE ( 'NONE', *, *, #2399, .F. ) ;
#221 = PLANE ( 'NONE',  #621 ) ;
#222 = CARTESIAN_POINT ( 'NONE',  ( 0.000000000000000000, 0.000000000000000000, 0.000000000000000000 ) ) ;
#223 = LINE ( 'NONE', #2079, #53 ) ;
#224 = DIRECTION ( 'NONE',  ( 0.000000000000000000, -0.000000000000000000, 1.000000000000000000 ) ) ;
#225 = CARTESIAN_POINT ( 'NONE',  ( -1.599999999999999867, -1.399999999999999689, 0.2500000000000000000 ) ) ;
#226 = CARTESIAN_POINT ( 'NONE',  ( 1.461484617936139596, 0.8699999999999998845, 0.000000000000000000 ) ) ;
#227 = VECTOR ( 'NONE', #512, 1000.000000000000114 ) ;
#228 = ORIENTED_EDGE ( 'NONE', *, *, #1862, .F. ) ;
#229 = ORIENTED_EDGE ( 'NONE', *, *, #921, .F. ) ;
#230 = VECTOR ( 'NONE', #1387, 1000.000000000000000 ) ;
#231 = PLANE ( 'NONE',  #1575 ) ;
#232 = STYLED_ITEM ( 'NONE', ( #2225 ), #2607 ) ;
#233 = VECTOR ( 'NONE', #799, 1000.000000000000000 ) ;
#234 = ORIENTED_EDGE ( 'NONE', *, *, #1794, .T. ) ;
#235 = VECTOR ( 'NONE', #1254, 1000.000000000000000 ) ;
#236 = VECTOR ( 'NONE', #1487, 1000.000000000000000 ) ;
#237 = EDGE_CURVE ( 'NONE', #1977, #2094, #667, .T. ) ;
#238 = AXIS2_PLACEMENT_3D ( 'NONE', #1059, #616, #1934 ) ;
#239 = DIRECTION ( 'NONE',  ( -0.000000000000000000, -0.000000000000000000, 1.000000000000000000 ) ) ;
#240 = ORIENTED_EDGE ( 'NONE', *, *, #410, .F. ) ;
#241 = LINE ( 'NONE', #1704, #826 ) ;
#242 = FACE_OUTER_BOUND ( 'NONE', #1237, .T. ) ;
#243 = CARTESIAN_POINT ( 'NONE',  ( -1.593204554547225094, -1.000000000000000000, 0.2500000000000000000 ) ) ;
#244 = DIRECTION ( 'NONE',  ( 0.08682659386424775028, 0.08682659386424777803, 0.9924325091389669673 ) ) ;
#245 = CARTESIAN_POINT ( 'NONE',  ( -1.600000000000000311, 0.000000000000000000, -0.05000000000000000278 ) ) ;
#246 = ORIENTED_EDGE ( 'NONE', *, *, #17, .T. ) ;
#247 = VERTEX_POINT ( 'NONE', #862 ) ;
#248 = CARTESIAN_POINT ( 'NONE',  ( 0.000000000000000000, 0.000000000000000000, 0.3499999999999999778 ) ) ;
#249 = VERTEX_POINT ( 'NONE', #849 ) ;
#250 = VERTEX_POINT ( 'NONE', #1291 ) ;
#251 = EDGE_CURVE ( 'NONE', #1947, #1871, #2312, .T. ) ;
#252 = EDGE_LOOP ( 'NONE', ( #417, #681, #107, #1646 ) ) ;
#253 = CARTESIAN_POINT ( 'NONE',  ( -0.9999999999999988898, -1.310630101413334803, 0.2500000000000000000 ) ) ;
#254 = CARTESIAN_POINT ( 'NONE',  ( 1.533204554547225262, 1.000000000000000000, 0.6999999999999999556 ) ) ;
#255 = CARTESIAN_POINT ( 'NONE',  ( 1.000000000000000000, 1.370630101413334856, 0.5856994769723811167 ) ) ;
#256 = EDGE_CURVE ( 'NONE', #2345, #2167, #2342, .T. ) ;
#257 = FACE_OUTER_BOUND ( 'NONE', #1356, .T. ) ;
#258 = DIRECTION ( 'NONE',  ( -1.000000000000000000, 0.000000000000000000, 0.000000000000000000 ) ) ;
#259 = ORIENTED_EDGE ( 'NONE', *, *, #1492, .T. ) ;
#260 = VERTEX_POINT ( 'NONE', #2355 ) ;
#261 = CARTESIAN_POINT ( 'NONE',  ( -1.650000000000000133, 0.8699999999999998845, -0.05000000000000000278 ) ) ;
#262 = ORIENTED_EDGE ( 'NONE', *, *, #1130, .F. ) ;
#263 = EDGE_LOOP ( 'NONE', ( #1615, #2531, #246, #1950, #1350 ) ) ;
#264 = VERTEX_POINT ( 'NONE', #1694 ) ;
#265 = LINE ( 'NONE', #58, #2185 ) ;
#266 = DIRECTION ( 'NONE',  ( -1.000000000000000000, 4.613626265895764052E-16, 0.000000000000000000 ) ) ;
#267 = CARTESIAN_POINT ( 'NONE',  ( 1.600000000000000311, -1.399999999999999689, 0.2500000000000000000 ) ) ;
#268 = FACE_OUTER_BOUND ( 'NONE', #1991, .T. ) ;
#269 = EDGE_LOOP ( 'NONE', ( #1802, #1606, #866, #49 ) ) ;
#270 = DIRECTION ( 'NONE',  ( 0.000000000000000000, -1.000000000000000000, 0.000000000000000000 ) ) ;
#271 = EDGE_CURVE ( 'NONE', #1716, #1120, #640, .T. ) ;
#272 = ORIENTED_EDGE ( 'NONE', *, *, #7, .T. ) ;
#273 = ORIENTED_EDGE ( 'NONE', *, *, #1158, .T. ) ;
#274 = CARTESIAN_POINT ( 'NONE',  ( 1.499999999999999112, -0.8000000000000010436, 0.6999999999999999556 ) ) ;
#275 = EDGE_LOOP ( 'NONE', ( #629, #52, #1861, #947 ) ) ;
#276 = VECTOR ( 'NONE', #412, 1000.000000000000000 ) ;
#277 = VECTOR ( 'NONE', #2269, 999.9999999999998863 ) ;
#278 = AXIS2_PLACEMENT_3D ( 'NONE', #261, #1325, #495 ) ;
#279 = ORIENTED_EDGE ( 'NONE', *, *, #2217, .F. ) ;
#280 = LINE ( 'NONE', #2576, #1889 ) ;
#281 = EDGE_CURVE ( 'NONE', #90, #1511, #888, .T. ) ;
#282 = CARTESIAN_POINT ( 'NONE',  ( 1.750000000000000444, -0.5000000000000000000, 0.2500000000000000000 ) ) ;
#283 = PLANE ( 'NONE',  #1051 ) ;
#284 = VECTOR ( 'NONE', #2451, 1000.000000000000000 ) ;
#285 = CARTESIAN_POINT ( 'NONE',  ( 2.723902215069577475E-15, -0.8700000000000048805, -0.05000000000000000278 ) ) ;
#286 = FACE_OUTER_BOUND ( 'NONE', #1135, .T. ) ;
#287 = ORIENTED_EDGE ( 'NONE', *, *, #114, .F. ) ;
#288 = FACE_OUTER_BOUND ( 'NONE', #1539, .T. ) ;
#289 = EDGE_CURVE ( 'NONE', #68, #79, #2118, .T. ) ;
#290 = DIRECTION ( 'NONE',  ( 3.614007241618351532E-15, -1.000000000000000000, 0.000000000000000000 ) ) ;
#291 = EDGE_LOOP ( 'NONE', ( #698, #830, #582, #421 ) ) ;
#292 = VECTOR ( 'NONE', #887, 1000.000000000000000 ) ;
#293 = VECTOR ( 'NONE', #1600, 1000.000000000000000 ) ;
#294 = ORIENTED_EDGE ( 'NONE', *, *, #1077, .T. ) ;
#295 = AXIS2_PLACEMENT_3D ( 'NONE', #1711, #2515, #1504 ) ;
#296 = VERTEX_POINT ( 'NONE', #2566 ) ;
#297 = CARTESIAN_POINT ( 'NONE',  ( 1.533204554547225262, 1.000000000000000000, 0.2500000000000000000 ) ) ;
#298 = DIRECTION ( 'NONE',  ( -0.000000000000000000, -0.000000000000000000, 1.000000000000000000 ) ) ;
#299 = DIRECTION ( 'NONE',  ( 0.000000000000000000, 0.000000000000000000, -1.000000000000000000 ) ) ;
#300 = EDGE_CURVE ( 'NONE', #766, #136, #1306, .T. ) ;
#301 = FACE_OUTER_BOUND ( 'NONE', #185, .T. ) ;
#302 = CARTESIAN_POINT ( 'NONE',  ( -1.333092651217307134, -0.8699999999999995515, 0.000000000000000000 ) ) ;
#303 = EDGE_CURVE ( 'NONE', #1938, #1459, #1920, .T. ) ;
#304 = ORIENTED_EDGE ( 'NONE', *, *, #989, .F. ) ;
#305 = CARTESIAN_POINT ( 'NONE',  ( 1.599999999999999867, 0.8699999999999998845, -0.05000000000000000278 ) ) ;
#306 = EDGE_CURVE ( 'NONE', #136, #1420, #1058, .T. ) ;
#307 = ORIENTED_EDGE ( 'NONE', *, *, #1519, .T. ) ;
#308 = AXIS2_PLACEMENT_3D ( 'NONE', #2750, #634, #1439 ) ;
#309 = EDGE_CURVE ( 'NONE', #2661, #2362, #1457, .T. ) ;
#310 = UNCERTAINTY_MEASURE_WITH_UNIT (LENGTH_MEASURE( 1.000000000000000082E-05 ), #1180, 'distance_accuracy_value', 'NONE');
#311 = VERTEX_POINT ( 'NONE', #404 ) ;
#312 = LINE ( 'NONE', #1419, #1525 ) ;
#313 = LINE ( 'NONE', #1226, #233 ) ;
#314 = LINE ( 'NONE', #1162, #1840 ) ;
#315 =( LENGTH_UNIT ( ) NAMED_UNIT ( * ) SI_UNIT ( .MILLI., .METRE. ) );
#316 = DIRECTION ( 'NONE',  ( 0.7071067811865462405, 0.7071067811865489050, -0.000000000000000000 ) ) ;
#317 = LINE ( 'NONE', #1399, #2505 ) ;
#318 = CARTESIAN_POINT ( 'NONE',  ( 1.461484617936139596, 0.8699999999999998845, -0.05000000000000000278 ) ) ;
#319 = ORIENTED_EDGE ( 'NONE', *, *, #133, .T. ) ;
#320 = MECHANICAL_DESIGN_GEOMETRIC_PRESENTATION_REPRESENTATION (  '', ( #1471 ), #2042 ) ;
#321 = CARTESIAN_POINT ( 'NONE',  ( 1.533204554547225262, -1.000000000000000000, 0.2500000000000000000 ) ) ;
#322 = ORIENTED_EDGE ( 'NONE', *, *, #1705, .F. ) ;
#323 = VECTOR ( 'NONE', #156, 999.9999999999998863 ) ;
#324 = ORIENTED_EDGE ( 'NONE', *, *, #854, .T. ) ;
#325 = VECTOR ( 'NONE', #2032, 1000.000000000000000 ) ;
#326 = EDGE_CURVE ( 'NONE', #1374, #2445, #214, .T. ) ;
#327 = CARTESIAN_POINT ( 'NONE',  ( 1.599999999999999867, 1.400000000000000133, 0.2500000000000000000 ) ) ;
#328 = VECTOR ( 'NONE', #1235, 1000.000000000000000 ) ;
#329 = DIRECTION ( 'NONE',  ( -1.246209393661499865E-16, -1.000000000000000000, 0.000000000000000000 ) ) ;
#330 = PLANE ( 'NONE',  #2002 ) ;
#331 = FACE_OUTER_BOUND ( 'NONE', #1768, .T. ) ;
#332 = VECTOR ( 'NONE', #1124, 1000.000000000000000 ) ;
#333 = FACE_OUTER_BOUND ( 'NONE', #1048, .T. ) ;
#334 = FACE_OUTER_BOUND ( 'NONE', #252, .T. ) ;
#335 = VECTOR ( 'NONE', #2667, 1000.000000000000000 ) ;
#336 = DIRECTION ( 'NONE',  ( -0.000000000000000000, -0.000000000000000000, 1.000000000000000000 ) ) ;
#337 = CARTESIAN_POINT ( 'NONE',  ( -0.07620747095596126786, 0.1393718417234494911, -0.05000000000000000278 ) ) ;
#338 = ORIENTED_EDGE ( 'NONE', *, *, #17, .F. ) ;
#339 = EDGE_CURVE ( 'NONE', #2386, #2556, #1278, .T. ) ;
#340 = VECTOR ( 'NONE', #691, 1000.000000000000000 ) ;
#341 = ORIENTED_EDGE ( 'NONE', *, *, #1723, .T. ) ;
#342 = ORIENTED_EDGE ( 'NONE', *, *, #682, .T. ) ;
#343 = EDGE_CURVE ( 'NONE', #408, #250, #1072, .T. ) ;
#344 = FACE_OUTER_BOUND ( 'NONE', #2542, .T. ) ;
#345 = CARTESIAN_POINT ( 'NONE',  ( 1.500000000000000000, 0.8000000000000001554, 0.6899999999999999467 ) ) ;
#346 = VECTOR ( 'NONE', #1685, 1000.000000000000000 ) ;
#347 = LINE ( 'NONE', #126, #2452 ) ;
#348 = CARTESIAN_POINT ( 'NONE',  ( 1.533204554547225262, -1.000000000000000000, 0.2500000000000000000 ) ) ;
#349 = ADVANCED_FACE ( 'NONE', ( #1 ), #877, .T. ) ;
#350 = DIRECTION ( 'NONE',  ( -0.000000000000000000, -0.000000000000000000, -1.000000000000000000 ) ) ;
#351 = DIRECTION ( 'NONE',  ( -1.000000000000000000, 0.000000000000000000, -0.000000000000000000 ) ) ;
#352 = VERTEX_POINT ( 'NONE', #626 ) ;
#353 = ORIENTED_EDGE ( 'NONE', *, *, #702, .T. ) ;
#354 = ORIENTED_EDGE ( 'NONE', *, *, #1068, .F. ) ;
#355 = FILL_AREA_STYLE ('',( #1380 ) ) ;
#356 = DIRECTION ( 'NONE',  ( 0.3322788815718992206, -0.9431811834750137846, 0.000000000000000000 ) ) ;
#357 = CARTESIAN_POINT ( 'NONE',  ( -1.690000000000000613, 0.5000000000000000000, 0.2500000000000000000 ) ) ;
#358 = EDGE_CURVE ( 'NONE', #643, #1065, #1503, .T. ) ;
#359 = FACE_OUTER_BOUND ( 'NONE', #1330, .T. ) ;
#360 = CARTESIAN_POINT ( 'NONE',  ( -1.600000000000000311, 1.400000000000000133, 0.000000000000000000 ) ) ;
#361 = CARTESIAN_POINT ( 'NONE',  ( -1.599999999999999867, -1.399999999999999689, 0.000000000000000000 ) ) ;
#362 = VERTEX_POINT ( 'NONE', #2384 ) ;
#363 = ADVANCED_FACE ( 'NONE', ( #268 ), #1360, .F. ) ;
#364 = CARTESIAN_POINT ( 'NONE',  ( 1.600000000000000311, 0.9699999999999999734, 0.2500000000000000000 ) ) ;
#365 = ORIENTED_EDGE ( 'NONE', *, *, #755, .F. ) ;
#366 = ORIENTED_EDGE ( 'NONE', *, *, #2222, .F. ) ;
#367 = ORIENTED_EDGE ( 'NONE', *, *, #1481, .F. ) ;
#368 = VERTEX_POINT ( 'NONE', #1163 ) ;
#369 = CARTESIAN_POINT ( 'NONE',  ( -1.750000000000000222, 0.8699999999999998845, 0.2500000000000000000 ) ) ;
#370 = VECTOR ( 'NONE', #1129, 1000.000000000000000 ) ;
#371 = SURFACE_STYLE_FILL_AREA ( #2709 ) ;
#372 = LINE ( 'NONE', #2242, #1537 ) ;
#373 = CARTESIAN_POINT ( 'NONE',  ( -1.690000000000000613, 0.000000000000000000, -0.05000000000000000278 ) ) ;
#374 = CARTESIAN_POINT ( 'NONE',  ( -1.650000000000000133, -0.8699999999999998845, -0.05000000000000000278 ) ) ;
#375 = VECTOR ( 'NONE', #1460, 1000.000000000000000 ) ;
#376 = AXIS2_PLACEMENT_3D ( 'NONE', #910, #2432, #1352 ) ;
#377 = CARTESIAN_POINT ( 'NONE',  ( 1.750000000000000444, 0.5000000000000000000, 0.2500000000000000000 ) ) ;
#378 = VERTEX_POINT ( 'NONE', #2203 ) ;
#379 = CARTESIAN_POINT ( 'NONE',  ( -1.434766694885623473, 0.8699999999999998845, -0.05000000000000000278 ) ) ;
#380 = AXIS2_PLACEMENT_3D ( 'NONE', #2227, #2026, #2480 ) ;
#381 = ADVANCED_FACE ( 'NONE', ( #257 ), #517, .F. ) ;
#382 = EDGE_LOOP ( 'NONE', ( #2163, #403, #1190, #1472 ) ) ;
#383 = CARTESIAN_POINT ( 'NONE',  ( -1.533204554547225262, 1.000000000000000000, 0.2500000000000000000 ) ) ;
#384 = AXIS2_PLACEMENT_3D ( 'NONE', #1523, #1095, #1777 ) ;
#385 = ORIENTED_EDGE ( 'NONE', *, *, #752, .T. ) ;
#386 = LINE ( 'NONE', #1230, #1241 ) ;
#387 = CARTESIAN_POINT ( 'NONE',  ( -1.500000000000000000, 0.8000000000000001554, 0.6899999999999999467 ) ) ;
#388 = ORIENTED_EDGE ( 'NONE', *, *, #431, .F. ) ;
#389 = CYLINDRICAL_SURFACE ( 'NONE', #824, 0.1000000000000000472 ) ;
#390 = FACE_OUTER_BOUND ( 'NONE', #1756, .T. ) ;
#391 = CARTESIAN_POINT ( 'NONE',  ( -1.600000000000000311, 0.9699999999999999734, 0.2500000000000000000 ) ) ;
#392 = CARTESIAN_POINT ( 'NONE',  ( 1.600000000000000311, -1.000000000000000000, 0.2500000000000000000 ) ) ;
#393 = VERTEX_POINT ( 'NONE', #1983 ) ;
#394 = ORIENTED_EDGE ( 'NONE', *, *, #303, .F. ) ;
#395 = CARTESIAN_POINT ( 'NONE',  ( 1.630586109861937416, -0.7507179652708434459, 0.3499999999999999778 ) ) ;
#396 = ORIENTED_EDGE ( 'NONE', *, *, #535, .T. ) ;
#397 = EDGE_CURVE ( 'NONE', #2760, #1435, #722, .T. ) ;
#398 = CARTESIAN_POINT ( 'NONE',  ( 1.165742308968066299, -1.165742308968071850, -0.05000000000000000278 ) ) ;
#399 = CARTESIAN_POINT ( 'NONE',  ( 0.9999999999999850120, 1.084202172485481399E-14, 0.6999999999999999556 ) ) ;
#400 = DIRECTION ( 'NONE',  ( -1.000000000000000000, -2.168404344971010594E-16, -0.000000000000000000 ) ) ;
#401 = AXIS2_PLACEMENT_3D ( 'NONE', #14, #2349, #661 ) ;
#402 = CARTESIAN_POINT ( 'NONE',  ( 1.650000000000000133, -0.9699999999999999734, 0.2500000000000000000 ) ) ;
#403 = ORIENTED_EDGE ( 'NONE', *, *, #1477, .F. ) ;
#404 = CARTESIAN_POINT ( 'NONE',  ( -0.6299999999999998934, 0.8699999999999996625, -0.05000000000000000278 ) ) ;
#405 = CARTESIAN_POINT ( 'NONE',  ( -1.650000000000000133, 0.9699999999999999734, -0.05000000000000000278 ) ) ;
#406 = ORIENTED_EDGE ( 'NONE', *, *, #958, .T. ) ;
#407 = LINE ( 'NONE', #2302, #2059 ) ;
#408 = VERTEX_POINT ( 'NONE', #1570 ) ;
#409 = CARTESIAN_POINT ( 'NONE',  ( 1.750000000000000222, 0.9699999999999999734, 0.2500000000000000000 ) ) ;
#410 = EDGE_CURVE ( 'NONE', #2403, #1353, #1969, .T. ) ;
#411 = DIRECTION ( 'NONE',  ( -1.000000000000000000, -0.000000000000000000, -0.000000000000000000 ) ) ;
#412 = DIRECTION ( 'NONE',  ( -1.000000000000000000, 0.000000000000000000, 0.000000000000000000 ) ) ;
#413 = CARTESIAN_POINT ( 'NONE',  ( 0.000000000000000000, 0.000000000000000000, -0.05000000000000000278 ) ) ;
#414 = AXIS2_PLACEMENT_3D ( 'NONE', #83, #718, #1994 ) ;
#415 = DIRECTION ( 'NONE',  ( -0.000000000000000000, -0.000000000000000000, 1.000000000000000000 ) ) ;
#416 = FACE_OUTER_BOUND ( 'NONE', #633, .T. ) ;
#417 = ORIENTED_EDGE ( 'NONE', *, *, #2076, .F. ) ;
#418 = ORIENTED_EDGE ( 'NONE', *, *, #1688, .F. ) ;
#419 = VECTOR ( 'NONE', #1710, 1000.000000000000000 ) ;
#420 = DIRECTION ( 'NONE',  ( -1.000000000000000000, -3.614007241618351532E-15, 0.000000000000000000 ) ) ;
#421 = ORIENTED_EDGE ( 'NONE', *, *, #952, .T. ) ;
#422 = CARTESIAN_POINT ( 'NONE',  ( -1.533204554547225262, -1.000000000000000000, 0.2500000000000000000 ) ) ;
#423 = EDGE_CURVE ( 'NONE', #2656, #922, #960, .T. ) ;
#424 = CARTESIAN_POINT ( 'NONE',  ( -1.000000000000000444, -1.399999999999999689, 0.2499999999999990841 ) ) ;
#425 = DIRECTION ( 'NONE',  ( 0.000000000000000000, 0.9961946980917455452, 0.08715574274765836016 ) ) ;
#426 = PLANE ( 'NONE',  #481 ) ;
#427 = EDGE_CURVE ( 'NONE', #1006, #1456, #100, .T. ) ;
#428 = DIRECTION ( 'NONE',  ( 1.000000000000000000, 0.000000000000000000, 0.000000000000000000 ) ) ;
#429 = VECTOR ( 'NONE', #1488, 1000.000000000000000 ) ;
#430 = CARTESIAN_POINT ( 'NONE',  ( -1.600000000000000311, 0.8699999999999998845, -0.05000000000000000278 ) ) ;
#431 = EDGE_CURVE ( 'NONE', #592, #1618, #1320, .T. ) ;
#432 = VECTOR ( 'NONE', #2284, 1000.000000000000000 ) ;
#433 = VERTEX_POINT ( 'NONE', #1545 ) ;
#434 = ORIENTED_EDGE ( 'NONE', *, *, #237, .F. ) ;
#435 = CARTESIAN_POINT ( 'NONE',  ( -1.650000000000000133, 0.9699999999999999734, 0.2500000000000000000 ) ) ;
#436 = EDGE_LOOP ( 'NONE', ( #2175, #1957, #649, #506 ) ) ;
#437 = DIRECTION ( 'NONE',  ( -0.7071067811865457964, 0.7071067811865492381, 0.000000000000000000 ) ) ;
#438 = LINE ( 'NONE', #1720, #2280 ) ;
#439 = LINE ( 'NONE', #2753, #687 ) ;
#440 = CARTESIAN_POINT ( 'NONE',  ( -1.593204554547225094, 1.000000000000000000, 0.2500000000000000000 ) ) ;
#441 = CARTESIAN_POINT ( 'NONE',  ( -1.600000000000000311, 0.9699999999999999734, 0.2500000000000000000 ) ) ;
#442 = EDGE_CURVE ( 'NONE', #1775, #2569, #1749, .T. ) ;
#443 = CARTESIAN_POINT ( 'NONE',  ( 1.750000000000000444, -0.5000000000000000000, 0.2500000000000000000 ) ) ;
#444 = EDGE_LOOP ( 'NONE', ( #2075, #2198, #2647, #2673 ) ) ;
#445 = ORIENTED_EDGE ( 'NONE', *, *, #1143, .F. ) ;
#446 = ADVANCED_FACE ( 'NONE', ( #301 ), #2214, .F. ) ;
#447 = CARTESIAN_POINT ( 'NONE',  ( 1.593204554547225094, -1.000000000000000000, 0.3276722969457812051 ) ) ;
#448 = ORIENTED_EDGE ( 'NONE', *, *, #1364, .F. ) ;
#449 = CARTESIAN_POINT ( 'NONE',  ( 1.750000000000000666, 8.073845965317590050E-16, -0.05000000000000000278 ) ) ;
#450 = VERTEX_POINT ( 'NONE', #1530 ) ;
#451 = DIRECTION ( 'NONE',  ( -0.000000000000000000, -0.000000000000000000, 1.000000000000000000 ) ) ;
#452 = LINE ( 'NONE', #706, #1214 ) ;
#453 = CARTESIAN_POINT ( 'NONE',  ( -1.593204554547225094, 1.000000000000000000, 0.2500000000000000000 ) ) ;
#454 = ADVANCED_FACE ( 'NONE', ( #1997 ), #2371, .T. ) ;
#455 = CARTESIAN_POINT ( 'NONE',  ( -1.599999999999999867, -1.391251133647407379, 0.3499999999999999778 ) ) ;
#456 = CARTESIAN_POINT ( 'NONE',  ( -0.4099999999999997535, -0.8699999999999997735, -0.05000000000000000278 ) ) ;
#457 = VECTOR ( 'NONE', #1941, 1000.000000000000000 ) ;
#458 = ORIENTED_EDGE ( 'NONE', *, *, #1158, .F. ) ;
#459 = ORIENTED_EDGE ( 'NONE', *, *, #1877, .T. ) ;
#460 = AXIS2_PLACEMENT_3D ( 'NONE', #2084, #2718, #1449 ) ;
#461 = AXIS2_PLACEMENT_3D ( 'NONE', #2469, #351, #564 ) ;
#462 = PLANE ( 'NONE',  #11 ) ;
#463 = EDGE_CURVE ( 'NONE', #536, #1074, #1558, .T. ) ;
#464 = ORIENTED_EDGE ( 'NONE', *, *, #3, .F. ) ;
#465 = AXIS2_PLACEMENT_3D ( 'NONE', #1470, #2357, #1307 ) ;
#466 =( GEOMETRIC_REPRESENTATION_CONTEXT ( 3 ) GLOBAL_UNCERTAINTY_ASSIGNED_CONTEXT ( ( #310 ) ) GLOBAL_UNIT_ASSIGNED_CONTEXT ( ( #1180, #109, #137 ) ) REPRESENTATION_CONTEXT ( 'NONE', 'WORKASPACE' ) );
#467 = VECTOR ( 'NONE', #1491, 1000.000000000000000 ) ;
#468 = VECTOR ( 'NONE', #2200, 1000.000000000000000 ) ;
#469 = AXIS2_PLACEMENT_3D ( 'NONE', #2751, #2293, #2523 ) ;
#470 = ORIENTED_EDGE ( 'NONE', *, *, #755, .T. ) ;
#471 = FACE_OUTER_BOUND ( 'NONE', #1041, .T. ) ;
#472 = DIRECTION ( 'NONE',  ( 0.000000000000000000, -1.000000000000000000, 0.000000000000000000 ) ) ;
#473 = CARTESIAN_POINT ( 'NONE',  ( 1.533204554547225262, -0.8480995205855554886, 0.3499999999999999778 ) ) ;
#474 = CARTESIAN_POINT ( 'NONE',  ( 1.599999999999999867, -0.8699999999999998845, -0.05000000000000000278 ) ) ;
#475 = VECTOR ( 'NONE', #1557, 1000.000000000000000 ) ;
#476 = LINE ( 'NONE', #318, #2202 ) ;
#477 = ORIENTED_EDGE ( 'NONE', *, *, #163, .F. ) ;
#478 = VECTOR ( 'NONE', #1906, 1000.000000000000000 ) ;
#479 = EDGE_LOOP ( 'NONE', ( #2060, #217, #801, #342 ) ) ;
#480 = LINE ( 'NONE', #2658, #2638 ) ;
#481 = AXIS2_PLACEMENT_3D ( 'NONE', #1683, #1501, #2341 ) ;
#482 = ORIENTED_EDGE ( 'NONE', *, *, #41, .T. ) ;
#483 = EDGE_CURVE ( 'NONE', #1977, #1421, #945, .T. ) ;
#484 = VECTOR ( 'NONE', #1261, 1000.000000000000114 ) ;
#485 = ORIENTED_EDGE ( 'NONE', *, *, #854, .F. ) ;
#486 = CARTESIAN_POINT ( 'NONE',  ( -1.533204554547225262, -1.000000000000000000, 0.2500000000000000000 ) ) ;
#487 = ADVANCED_FACE ( 'NONE', ( #1954 ), #45, .T. ) ;
#488 = CARTESIAN_POINT ( 'NONE',  ( 1.367037521829543592E-16, 0.8699999999999995515, 0.000000000000000000 ) ) ;
#489 = LINE ( 'NONE', #243, #694 ) ;
#490 = LINE ( 'NONE', #1336, #2191 ) ;
#491 = CARTESIAN_POINT ( 'NONE',  ( 1.533204554547225262, 1.000000000000000000, 0.6999999999999999556 ) ) ;
#492 = ORIENTED_EDGE ( 'NONE', *, *, #549, .F. ) ;
#493 = ORIENTED_EDGE ( 'NONE', *, *, #2241, .F. ) ;
#494 = EDGE_CURVE ( 'NONE', #2345, #193, #490, .T. ) ;
#495 = DIRECTION ( 'NONE',  ( -1.000000000000000000, 0.000000000000000000, 0.000000000000000000 ) ) ;
#496 = ORIENTED_EDGE ( 'NONE', *, *, #2616, .T. ) ;
#497 = EDGE_CURVE ( 'NONE', #536, #670, #1347, .T. ) ;
#498 = ORIENTED_EDGE ( 'NONE', *, *, #983, .F. ) ;
#499 = DIRECTION ( 'NONE',  ( -0.000000000000000000, -0.000000000000000000, 1.000000000000000000 ) ) ;
#500 = DIRECTION ( 'NONE',  ( -0.000000000000000000, -0.000000000000000000, 1.000000000000000000 ) ) ;
#501 = CARTESIAN_POINT ( 'NONE',  ( -1.419817364027155637, -0.8658653493407467705, -0.05000000000000000278 ) ) ;
#502 = ADVANCED_FACE ( 'NONE', ( #1780 ), #586, .F. ) ;
#503 = DIRECTION ( 'NONE',  ( -0.000000000000000000, 0.000000000000000000, 1.000000000000000000 ) ) ;
#504 = DIRECTION ( 'NONE',  ( -1.000000000000000000, -0.000000000000000000, -0.000000000000000000 ) ) ;
#505 = VERTEX_POINT ( 'NONE', #599 ) ;
#506 = ORIENTED_EDGE ( 'NONE', *, *, #1562, .T. ) ;
#507 = DIRECTION ( 'NONE',  ( 1.548860246407863583E-16, -1.000000000000000000, 0.000000000000000000 ) ) ;
#508 = EDGE_LOOP ( 'NONE', ( #537, #434, #287, #880 ) ) ;
#509 = COLOUR_RGB ( '',1.000000000000000000, 1.000000000000000000, 1.000000000000000000 ) ;
#510 = AXIS2_PLACEMENT_3D ( 'NONE', #2614, #89, #1576 ) ;
#511 = ORIENTED_EDGE ( 'NONE', *, *, #1784, .F. ) ;
#512 = DIRECTION ( 'NONE',  ( -0.7071067811865491270, -0.7071067811865459074, 0.000000000000000000 ) ) ;
#513 = DIRECTION ( 'NONE',  ( -1.000000000000000000, 2.596891431103006537E-16, 0.000000000000000000 ) ) ;
#514 = DIRECTION ( 'NONE',  ( -4.336808689942016158E-15, 1.000000000000000000, 0.000000000000000000 ) ) ;
#515 = AXIS2_PLACEMENT_3D ( 'NONE', #1869, #1031, #2006 ) ;
#516 = VECTOR ( 'NONE', #1441, 999.9999999999998863 ) ;
#517 = PLANE ( 'NONE',  #1392 ) ;
#518 = EDGE_CURVE ( 'NONE', #260, #2448, #1194, .T. ) ;
#519 = LINE ( 'NONE', #1796, #2303 ) ;
#520 = VERTEX_POINT ( 'NONE', #2665 ) ;
#521 = ORIENTED_EDGE ( 'NONE', *, *, #2005, .F. ) ;
#522 = EDGE_CURVE ( 'NONE', #1374, #683, #970, .T. ) ;
#523 = CARTESIAN_POINT ( 'NONE',  ( -1.000000000000000000, 1.370630101413334856, 0.2500000000000000000 ) ) ;
#524 = VERTEX_POINT ( 'NONE', #760 ) ;
#525 = AXIS2_PLACEMENT_3D ( 'NONE', #374, #962, #2655 ) ;
#526 = ORIENTED_EDGE ( 'NONE', *, *, #67, .T. ) ;
#527 = DIRECTION ( 'NONE',  ( -1.000000000000000000, -0.000000000000000000, -0.000000000000000000 ) ) ;
#528 = CARTESIAN_POINT ( 'NONE',  ( -1.500000000000000000, 0.8000000000000001554, 0.6899999999999999467 ) ) ;
#529 = SURFACE_STYLE_FILL_AREA ( #1395 ) ;
#530 = CARTESIAN_POINT ( 'NONE',  ( 1.690000000000000613, 0.5000000000000000000, 0.2500000000000000000 ) ) ;
#531 = CARTESIAN_POINT ( 'NONE',  ( 1.259999999999998899, 0.8699999999999999956, -0.05000000000000000278 ) ) ;
#532 = CARTESIAN_POINT ( 'NONE',  ( -1.149999999999999911, 1.150000000000000133, 0.6899999999999999467 ) ) ;
#533 = PLANE ( 'NONE',  #2138 ) ;
#534 = DIRECTION ( 'NONE',  ( 0.000000000000000000, -1.000000000000000000, 0.000000000000000000 ) ) ;
#535 = EDGE_CURVE ( 'NONE', #1511, #871, #999, .T. ) ;
#536 = VERTEX_POINT ( 'NONE', #1203 ) ;
#537 = ORIENTED_EDGE ( 'NONE', *, *, #715, .T. ) ;
#538 = ORIENTED_EDGE ( 'NONE', *, *, #201, .F. ) ;
#539 = ORIENTED_EDGE ( 'NONE', *, *, #535, .F. ) ;
#540 = CARTESIAN_POINT ( 'NONE',  ( -1.690000000000000613, 0.4400000000000002798, 0.000000000000000000 ) ) ;
#541 = CARTESIAN_POINT ( 'NONE',  ( 1.533204554547225262, 1.000000000000000000, 0.2500000000000000000 ) ) ;
#542 = DIRECTION ( 'NONE',  ( 0.000000000000000000, -1.000000000000000000, 0.000000000000000000 ) ) ;
#543 = CARTESIAN_POINT ( 'NONE',  ( -1.000000000000000000, 1.360630101413334403, 0.6999999999999999556 ) ) ;
#544 = ORIENTED_EDGE ( 'NONE', *, *, #895, .T. ) ;
#545 = LINE ( 'NONE', #1184, #1044 ) ;
#546 = LINE ( 'NONE', #1015, #1984 ) ;
#547 = LINE ( 'NONE', #2193, #370 ) ;
#548 = CARTESIAN_POINT ( 'NONE',  ( 1.650000000000000133, 0.8699999999999998845, 0.2500000000000000000 ) ) ;
#549 = EDGE_CURVE ( 'NONE', #1435, #260, #559, .T. ) ;
#550 = ORIENTED_EDGE ( 'NONE', *, *, #692, .T. ) ;
#551 = EDGE_CURVE ( 'NONE', #1027, #1727, #2266, .T. ) ;
#552 = ORIENTED_EDGE ( 'NONE', *, *, #7, .F. ) ;
#553 = AXIS2_PLACEMENT_3D ( 'NONE', #971, #777, #2654 ) ;
#554 = ORIENTED_EDGE ( 'NONE', *, *, #2657, .T. ) ;
#555 = ADVANCED_FACE ( 'NONE', ( #331 ), #2037, .F. ) ;
#556 = VECTOR ( 'NONE', #36, 1000.000000000000114 ) ;
#557 = DIRECTION ( 'NONE',  ( 0.000000000000000000, 0.000000000000000000, 1.000000000000000000 ) ) ;
#558 = CARTESIAN_POINT ( 'NONE',  ( -1.600000000000000311, 0.9699999999999999734, 0.2500000000000000000 ) ) ;
#559 = LINE ( 'NONE', #1425, #516 ) ;
#560 = VECTOR ( 'NONE', #1371, 1000.000000000000000 ) ;
#561 = CARTESIAN_POINT ( 'NONE',  ( 0.000000000000000000, 0.8699999999999998845, -0.05000000000000000278 ) ) ;
#562 = DIRECTION ( 'NONE',  ( -0.000000000000000000, -0.000000000000000000, 1.000000000000000000 ) ) ;
#563 = CARTESIAN_POINT ( 'NONE',  ( -1.000000000000000000, 1.370630101413334856, 0.2500000000000000000 ) ) ;
#564 = DIRECTION ( 'NONE',  ( -0.000000000000000000, 0.000000000000000000, 1.000000000000000000 ) ) ;
#565 = ORIENTED_EDGE ( 'NONE', *, *, #1077, .F. ) ;
#566 = ORIENTED_EDGE ( 'NONE', *, *, #1723, .F. ) ;
#567 = ORIENTED_EDGE ( 'NONE', *, *, #2122, .F. ) ;
#568 = DIRECTION ( 'NONE',  ( 0.000000000000000000, -1.000000000000000000, 0.000000000000000000 ) ) ;
#569 = AXIS2_PLACEMENT_3D ( 'NONE', #1559, #723, #1571 ) ;
#570 = EDGE_CURVE ( 'NONE', #2582, #643, #1830, .T. ) ;
#571 = LINE ( 'NONE', #1411, #2277 ) ;
#572 = ORIENTED_EDGE ( 'NONE', *, *, #1071, .F. ) ;
#573 = ORIENTED_EDGE ( 'NONE', *, *, #1068, .T. ) ;
#574 = DIRECTION ( 'NONE',  ( -0.000000000000000000, -0.000000000000000000, 1.000000000000000000 ) ) ;
#575 = DIRECTION ( 'NONE',  ( -0.7071067811865462405, -0.7071067811865489050, -0.000000000000000000 ) ) ;
#576 = CARTESIAN_POINT ( 'NONE',  ( -0.4099999999999997535, -0.8699999999999997735, 0.000000000000000000 ) ) ;
#577 = CARTESIAN_POINT ( 'NONE',  ( 0.000000000000000000, 0.8699999999999998845, 0.000000000000000000 ) ) ;
#578 = EDGE_CURVE ( 'NONE', #296, #247, #372, .T. ) ;
#579 = EDGE_LOOP ( 'NONE', ( #2348, #2161, #2350, #130 ) ) ;
#580 = DIRECTION ( 'NONE',  ( 0.000000000000000000, 0.000000000000000000, -1.000000000000000000 ) ) ;
#581 = ORIENTED_EDGE ( 'NONE', *, *, #1147, .T. ) ;
#582 = ORIENTED_EDGE ( 'NONE', *, *, #423, .F. ) ;
#583 = ORIENTED_EDGE ( 'NONE', *, *, #1884, .F. ) ;
#584 = LINE ( 'NONE', #369, #645 ) ;
#585 = SHAPE_DEFINITION_REPRESENTATION ( #1980, #1244 ) ;
#586 = PLANE ( 'NONE',  #380 ) ;
#587 = LINE ( 'NONE', #2011, #2018 ) ;
#588 = PLANE ( 'NONE',  #967 ) ;
#589 = EDGE_CURVE ( 'NONE', #2358, #1978, #2677, .T. ) ;
#590 = LINE ( 'NONE', #2259, #1304 ) ;
#591 = LINE ( 'NONE', #364, #2099 ) ;
#592 = VERTEX_POINT ( 'NONE', #1624 ) ;
#593 = CARTESIAN_POINT ( 'NONE',  ( 1.750000000000000222, 0.4999999999999994449, -0.05000000000000000278 ) ) ;
#594 = ORIENTED_EDGE ( 'NONE', *, *, #1290, .T. ) ;
#595 = ORIENTED_EDGE ( 'NONE', *, *, #2477, .F. ) ;
#596 = PRODUCT_RELATED_PRODUCT_CATEGORY ( 'part', '', ( #108 ) ) ;
#597 = DIRECTION ( 'NONE',  ( 0.000000000000000000, -1.000000000000000000, 0.000000000000000000 ) ) ;
#598 = VECTOR ( 'NONE', #2326, 1000.000000000000000 ) ;
#599 = CARTESIAN_POINT ( 'NONE',  ( 0.9999999999999995559, -1.360630101413333959, 0.6999999999999999556 ) ) ;
#600 = AXIS2_PLACEMENT_3D ( 'NONE', #1643, #1880, #2271 ) ;
#601 = LINE ( 'NONE', #1668, #276 ) ;
#602 = DIRECTION ( 'NONE',  ( 1.000000000000000000, 0.000000000000000000, 0.000000000000000000 ) ) ;
#603 = LINE ( 'NONE', #2054, #2729 ) ;
#604 = CARTESIAN_POINT ( 'NONE',  ( 1.190652037566390709, -1.190652037566390486, 0.6999999999999999556 ) ) ;
#605 = ORIENTED_EDGE ( 'NONE', *, *, #2097, .T. ) ;
#606 = EDGE_CURVE ( 'NONE', #2435, #2712, #2255, .T. ) ;
#607 = LINE ( 'NONE', #383, #375 ) ;
#608 = ORIENTED_EDGE ( 'NONE', *, *, #606, .T. ) ;
#609 = LINE ( 'NONE', #2764, #2390 ) ;
#610 = DIRECTION ( 'NONE',  ( 1.000000000000000000, 0.000000000000000000, 0.000000000000000000 ) ) ;
#611 = AXIS2_PLACEMENT_3D ( 'NONE', #1820, #1810, #2668 ) ;
#612 = PLANE ( 'NONE',  #1659 ) ;
#613 = LINE ( 'NONE', #1893, #2279 ) ;
#614 = EDGE_LOOP ( 'NONE', ( #1215, #725, #2433, #385 ) ) ;
#615 = CARTESIAN_POINT ( 'NONE',  ( 1.149999999999999911, 1.150000000000000133, 0.6999999999999999556 ) ) ;
#616 = DIRECTION ( 'NONE',  ( -1.000000000000000000, 1.807003620809175845E-14, 0.000000000000000000 ) ) ;
#617 = ORIENTED_EDGE ( 'NONE', *, *, #2165, .F. ) ;
#618 = CARTESIAN_POINT ( 'NONE',  ( -1.150000000000000799, -1.149999999999998801, 0.6899999999999999467 ) ) ;
#619 = EDGE_CURVE ( 'NONE', #2346, #2362, #571, .T. ) ;
#620 = VERTEX_POINT ( 'NONE', #996 ) ;
#621 = AXIS2_PLACEMENT_3D ( 'NONE', #398, #437, #2125 ) ;
#622 = DIRECTION ( 'NONE',  ( -1.000000000000000000, -1.542047368306808390E-16, 0.000000000000000000 ) ) ;
#623 = FACE_OUTER_BOUND ( 'NONE', #275, .T. ) ;
#624 = PLANE ( 'NONE',  #2137 ) ;
#625 = CARTESIAN_POINT ( 'NONE',  ( 1.149999999999999911, 1.150000000000000133, 0.6999999999999999556 ) ) ;
#626 = CARTESIAN_POINT ( 'NONE',  ( 1.750000000000000222, -0.8699999999999998845, -0.05000000000000000278 ) ) ;
#627 = ORIENTED_EDGE ( 'NONE', *, *, #1271, .F. ) ;
#628 = CARTESIAN_POINT ( 'NONE',  ( 1.149999999999999023, -1.150000000000000577, 0.6999999999999999556 ) ) ;
#629 = ORIENTED_EDGE ( 'NONE', *, *, #339, .T. ) ;
#630 = ORIENTED_EDGE ( 'NONE', *, *, #1176, .T. ) ;
#631 = CARTESIAN_POINT ( 'NONE',  ( -1.000000000000000000, -1.370630101413334856, 0.2500000000000000000 ) ) ;
#632 = ORIENTED_EDGE ( 'NONE', *, *, #2498, .T. ) ;
#633 = EDGE_LOOP ( 'NONE', ( #2306, #731, #2133, #259, #365 ) ) ;
#634 = DIRECTION ( 'NONE',  ( 0.000000000000000000, -1.000000000000000000, 0.000000000000000000 ) ) ;
#635 = FACE_OUTER_BOUND ( 'NONE', #1648, .T. ) ;
#636 = ADVANCED_FACE ( 'NONE', ( #1848 ), #791, .F. ) ;
#637 = CARTESIAN_POINT ( 'NONE',  ( -1.650000000000000133, -0.9699999999999999734, -0.05000000000000000278 ) ) ;
#638 = LINE ( 'NONE', #1485, #1186 ) ;
#639 = VECTOR ( 'NONE', #2550, 1000.000000000000000 ) ;
#640 = LINE ( 'NONE', #200, #419 ) ;
#641 = DIRECTION ( 'NONE',  ( 0.7071067811865463515, 0.7071067811865487940, 0.000000000000000000 ) ) ;
#642 = VECTOR ( 'NONE', #1592, 1000.000000000000000 ) ;
#643 = VERTEX_POINT ( 'NONE', #154 ) ;
#644 = VERTEX_POINT ( 'NONE', #1013 ) ;
#645 = VECTOR ( 'NONE', #1423, 1000.000000000000000 ) ;
#646 = VECTOR ( 'NONE', #2424, 1000.000000000000000 ) ;
#647 = CARTESIAN_POINT ( 'NONE',  ( 1.593204554547225094, -1.399999999999999467, 0.3276722969457812051 ) ) ;
#648 = VECTOR ( 'NONE', #2548, 1000.000000000000000 ) ;
#649 = ORIENTED_EDGE ( 'NONE', *, *, #2565, .T. ) ;
#650 = LINE ( 'NONE', #194, #1111 ) ;
#651 = LINE ( 'NONE', #424, #1090 ) ;
#652 = DIRECTION ( 'NONE',  ( 0.000000000000000000, -1.000000000000000000, 0.000000000000000000 ) ) ;
#653 = DIRECTION ( 'NONE',  ( -1.000000000000000000, 0.000000000000000000, -0.000000000000000000 ) ) ;
#654 = DIRECTION ( 'NONE',  ( -1.000000000000000000, 0.000000000000000000, 0.000000000000000000 ) ) ;
#655 = LINE ( 'NONE', #1280, #429 ) ;
#656 = EDGE_LOOP ( 'NONE', ( #1341, #496, #2732, #273 ) ) ;
#657 = EDGE_LOOP ( 'NONE', ( #1697, #673, #2176, #573 ) ) ;
#658 = LINE ( 'NONE', #2761, #143 ) ;
#659 = VERTEX_POINT ( 'NONE', #543 ) ;
#660 = ORIENTED_EDGE ( 'NONE', *, *, #1552, .T. ) ;
#661 = DIRECTION ( 'NONE',  ( -1.548860246407863583E-16, 1.000000000000000000, 0.000000000000000000 ) ) ;
#662 = EDGE_LOOP ( 'NONE', ( #1506, #1535, #485, #829 ) ) ;
#663 = LINE ( 'NONE', #1300, #2418 ) ;
#664 = EDGE_CURVE ( 'NONE', #2094, #1922, #2711, .T. ) ;
#665 = LINE ( 'NONE', #254, #680 ) ;
#666 = PLANE ( 'NONE',  #1676 ) ;
#667 = LINE ( 'NONE', #2146, #96 ) ;
#668 = EDGE_CURVE ( 'NONE', #362, #2582, #1183, .T. ) ;
#669 = CARTESIAN_POINT ( 'NONE',  ( -1.750000000000000444, -0.5000000000000000000, 0.2500000000000000000 ) ) ;
#670 = VERTEX_POINT ( 'NONE', #1382 ) ;
#671 = EDGE_LOOP ( 'NONE', ( #703, #171, #855, #1946 ) ) ;
#672 = DIRECTION ( 'NONE',  ( 0.08715574274765836016, 0.000000000000000000, 0.9961946980917455452 ) ) ;
#673 = ORIENTED_EDGE ( 'NONE', *, *, #1647, .F. ) ;
#674 = ORIENTED_EDGE ( 'NONE', *, *, #1562, .F. ) ;
#675 = CARTESIAN_POINT ( 'NONE',  ( -1.320000000000002283, 0.8699999999999994404, -0.05000000000000000278 ) ) ;
#676 = DIRECTION ( 'NONE',  ( -1.548860246407863583E-16, 1.000000000000000000, -0.000000000000000000 ) ) ;
#677 = DIRECTION ( 'NONE',  ( -0.000000000000000000, -0.000000000000000000, -1.000000000000000000 ) ) ;
#678 = DIRECTION ( 'NONE',  ( 0.000000000000000000, -1.000000000000000000, 0.000000000000000000 ) ) ;
#679 = LINE ( 'NONE', #1752, #1632 ) ;
#680 = VECTOR ( 'NONE', #472, 1000.000000000000000 ) ;
#681 = ORIENTED_EDGE ( 'NONE', *, *, #2104, .F. ) ;
#682 = EDGE_CURVE ( 'NONE', #2679, #1018, #111, .T. ) ;
#683 = VERTEX_POINT ( 'NONE', #1024 ) ;
#684 = DIRECTION ( 'NONE',  ( 1.000000000000000000, 0.000000000000000000, 0.000000000000000000 ) ) ;
#685 = ADVANCED_FACE ( 'NONE', ( #635 ), #1512, .F. ) ;
#686 = ORIENTED_EDGE ( 'NONE', *, *, #2250, .F. ) ;
#687 = VECTOR ( 'NONE', #2511, 1000.000000000000114 ) ;
#688 = EDGE_LOOP ( 'NONE', ( #2692, #2249, #1574, #2314 ) ) ;
#689 = PLANE ( 'NONE',  #1388 ) ;
#690 = CARTESIAN_POINT ( 'NONE',  ( -1.600000000000000311, -0.9699999999999999734, 0.2500000000000000000 ) ) ;
#691 = DIRECTION ( 'NONE',  ( 0.000000000000000000, -1.000000000000000000, 0.000000000000000000 ) ) ;
#692 = EDGE_CURVE ( 'NONE', #378, #1619, #438, .T. ) ;
#693 = DIRECTION ( 'NONE',  ( -1.000000000000000000, 0.000000000000000000, -0.000000000000000000 ) ) ;
#694 = VECTOR ( 'NONE', #1526, 1000.000000000000000 ) ;
#695 = DIRECTION ( 'NONE',  ( -1.000000000000000000, -0.000000000000000000, -0.000000000000000000 ) ) ;
#696 = EDGE_CURVE ( 'NONE', #1007, #188, #2508, .T. ) ;
#697 = ORIENTED_EDGE ( 'NONE', *, *, #1023, .F. ) ;
#698 = ORIENTED_EDGE ( 'NONE', *, *, #921, .T. ) ;
#699 = PLANE ( 'NONE',  #2320 ) ;
#700 = AXIS2_PLACEMENT_3D ( 'NONE', #1373, #903, #1588 ) ;
#701 = ORIENTED_EDGE ( 'NONE', *, *, #929, .F. ) ;
#702 = EDGE_CURVE ( 'NONE', #2471, #249, #1453, .T. ) ;
#703 = ORIENTED_EDGE ( 'NONE', *, *, #1023, .T. ) ;
#704 = ORIENTED_EDGE ( 'NONE', *, *, #2558, .T. ) ;
#705 = CARTESIAN_POINT ( 'NONE',  ( -1.750000000000000666, 8.073845965317590050E-16, -0.05000000000000000278 ) ) ;
#706 = CARTESIAN_POINT ( 'NONE',  ( 1.600000000000000311, 0.9699999999999999734, 0.2500000000000000000 ) ) ;
#707 = DIRECTION ( 'NONE',  ( -0.000000000000000000, -0.000000000000000000, 1.000000000000000000 ) ) ;
#708 = DIRECTION ( 'NONE',  ( -0.000000000000000000, 0.000000000000000000, -1.000000000000000000 ) ) ;
#709 = AXIS2_PLACEMENT_3D ( 'NONE', #409, #2522, #1256 ) ;
#710 = PLANE ( 'NONE',  #569 ) ;
#711 = ORIENTED_EDGE ( 'NONE', *, *, #2619, .T. ) ;
#712 = PLANE ( 'NONE',  #2010 ) ;
#713 = LINE ( 'NONE', #2600, #1930 ) ;
#714 = ORIENTED_EDGE ( 'NONE', *, *, #1637, .F. ) ;
#715 = EDGE_CURVE ( 'NONE', #776, #2094, #832, .T. ) ;
#716 = ORIENTED_EDGE ( 'NONE', *, *, #1040, .T. ) ;
#717 = ADVANCED_FACE ( 'NONE', ( #2533 ), #2325, .F. ) ;
#718 = DIRECTION ( 'NONE',  ( 0.4797565869520268311, 0.8774016282616201590, 0.000000000000000000 ) ) ;
#719 = PLANE ( 'NONE',  #994 ) ;
#720 = LINE ( 'NONE', #1953, #1093 ) ;
#721 = ADVANCED_FACE ( 'NONE', ( #874 ), #209, .F. ) ;
#722 = LINE ( 'NONE', #2637, #332 ) ;
#723 = DIRECTION ( 'NONE',  ( 0.000000000000000000, -0.000000000000000000, 1.000000000000000000 ) ) ;
#724 = ORIENTED_EDGE ( 'NONE', *, *, #1740, .T. ) ;
#725 = ORIENTED_EDGE ( 'NONE', *, *, #789, .F. ) ;
#726 = DIRECTION ( 'NONE',  ( -1.000000000000000000, -1.548860246407863583E-16, 0.000000000000000000 ) ) ;
#727 = VECTOR ( 'NONE', #1415, 999.9999999999998863 ) ;
#728 = ORIENTED_EDGE ( 'NONE', *, *, #958, .F. ) ;
#729 = VECTOR ( 'NONE', #78, 1000.000000000000000 ) ;
#730 = VECTOR ( 'NONE', #2622, 1000.000000000000000 ) ;
#731 = ORIENTED_EDGE ( 'NONE', *, *, #1125, .F. ) ;
#732 = CARTESIAN_POINT ( 'NONE',  ( -1.500000000000000000, 0.8000000000000001554, 0.6899999999999999467 ) ) ;
#733 = CARTESIAN_POINT ( 'NONE',  ( 1.750000000000000444, 0.5000000000000000000, 0.2500000000000000000 ) ) ;
#734 = CARTESIAN_POINT ( 'NONE',  ( 1.599999999999999867, 1.360630101413334403, 0.6999999999999999556 ) ) ;
#735 = DIRECTION ( 'NONE',  ( 0.000000000000000000, -1.000000000000000000, 0.000000000000000000 ) ) ;
#736 = LINE ( 'NONE', #2257, #992 ) ;
#737 = CARTESIAN_POINT ( 'NONE',  ( -1.560630101413334359, 1.000000000000000000, 0.6999999999999999556 ) ) ;
#738 = ADVANCED_FACE ( 'NONE', ( #623 ), #2142, .F. ) ;
#739 = LINE ( 'NONE', #1958, #1703 ) ;
#740 = CARTESIAN_POINT ( 'NONE',  ( -0.4099999999999997535, 0.000000000000000000, -0.05000000000000000278 ) ) ;
#741 = ORIENTED_EDGE ( 'NONE', *, *, #201, .T. ) ;
#742 = VECTOR ( 'NONE', #602, 1000.000000000000000 ) ;
#743 = ORIENTED_EDGE ( 'NONE', *, *, #2464, .T. ) ;
#744 = ADVANCED_FACE ( 'NONE', ( #2722 ), #816, .F. ) ;
#745 = DIRECTION ( 'NONE',  ( 1.000000000000000000, -7.542275982507858133E-16, 0.000000000000000000 ) ) ;
#746 = DIRECTION ( 'NONE',  ( 1.000000000000000000, 0.000000000000000000, 0.000000000000000000 ) ) ;
#747 = DIRECTION ( 'NONE',  ( 1.548860246407863583E-16, -1.000000000000000000, 0.000000000000000000 ) ) ;
#748 = EDGE_CURVE ( 'NONE', #193, #993, #1498, .T. ) ;
#749 = DIRECTION ( 'NONE',  ( 0.000000000000000000, -0.000000000000000000, 1.000000000000000000 ) ) ;
#750 = CARTESIAN_POINT ( 'NONE',  ( 0.000000000000000000, 0.8699999999999998845, 0.000000000000000000 ) ) ;
#751 = ORIENTED_EDGE ( 'NONE', *, *, #271, .T. ) ;
#752 = EDGE_CURVE ( 'NONE', #1027, #1541, #663, .T. ) ;
#753 = FACE_OUTER_BOUND ( 'NONE', #2502, .T. ) ;
#754 = EDGE_LOOP ( 'NONE', ( #2248, #1308, #2108, #1075 ) ) ;
#755 = EDGE_CURVE ( 'NONE', #881, #1978, #651, .T. ) ;
#756 = ORIENTED_EDGE ( 'NONE', *, *, #2189, .F. ) ;
#757 = ORIENTED_EDGE ( 'NONE', *, *, #2517, .T. ) ;
#758 = VECTOR ( 'NONE', #889, 1000.000000000000000 ) ;
#759 = DIRECTION ( 'NONE',  ( 1.000000000000000000, 0.000000000000000000, -0.000000000000000000 ) ) ;
#760 = CARTESIAN_POINT ( 'NONE',  ( 1.390259633596963251, 0.9412249843391757853, -0.05000000000000000278 ) ) ;
#761 = LINE ( 'NONE', #2680, #1127 ) ;
#762 = CARTESIAN_POINT ( 'NONE',  ( -1.000000000000000000, -1.370630101413334856, 0.2500000000000000000 ) ) ;
#763 = PLANE ( 'NONE',  #906 ) ;
#764 = PLANE ( 'NONE',  #909 ) ;
#765 = EDGE_CURVE ( 'NONE', #1018, #203, #241, .T. ) ;
#766 = VERTEX_POINT ( 'NONE', #2308 ) ;
#767 = EDGE_CURVE ( 'NONE', #505, #264, #1259, .T. ) ;
#768 = EDGE_LOOP ( 'NONE', ( #521, #2488, #686, #1813 ) ) ;
#769 = VECTOR ( 'NONE', #859, 1000.000000000000000 ) ;
#770 = VERTEX_POINT ( 'NONE', #2088 ) ;
#771 = VECTOR ( 'NONE', #2541, 1000.000000000000000 ) ;
#772 = CARTESIAN_POINT ( 'NONE',  ( -1.600000000000000311, 1.400000000000000133, 0.2500000000000000000 ) ) ;
#773 = PLANE ( 'NONE',  #2131 ) ;
#774 = DIRECTION ( 'NONE',  ( 1.000000000000000000, -0.000000000000000000, -0.000000000000000000 ) ) ;
#775 = VECTOR ( 'NONE', #1515, 1000.000000000000000 ) ;
#776 = VERTEX_POINT ( 'NONE', #2126 ) ;
#777 = DIRECTION ( 'NONE',  ( -0.000000000000000000, 1.000000000000000000, 0.000000000000000000 ) ) ;
#778 = DIRECTION ( 'NONE',  ( 0.000000000000000000, 1.000000000000000000, 0.000000000000000000 ) ) ;
#779 = EDGE_CURVE ( 'NONE', #927, #296, #2338, .T. ) ;
#780 = VECTOR ( 'NONE', #1482, 1000.000000000000000 ) ;
#781 = DIRECTION ( 'NONE',  ( -1.000000000000000000, 0.000000000000000000, 0.000000000000000000 ) ) ;
#782 = DIRECTION ( 'NONE',  ( -3.149814854386634330E-16, 0.08715574274765836016, -0.9961946980917455452 ) ) ;
#783 = ORIENTED_EDGE ( 'NONE', *, *, #2597, .F. ) ;
#784 = ORIENTED_EDGE ( 'NONE', *, *, #410, .T. ) ;
#785 = LINE ( 'NONE', #2004, #949 ) ;
#786 = VECTOR ( 'NONE', #1099, 1000.000000000000000 ) ;
#787 = VERTEX_POINT ( 'NONE', #1067 ) ;
#788 = ORIENTED_EDGE ( 'NONE', *, *, #2305, .T. ) ;
#789 = EDGE_CURVE ( 'NONE', #524, #1316, #1035, .T. ) ;
#790 =( NAMED_UNIT ( * ) SI_UNIT ( $, .STERADIAN. ) SOLID_ANGLE_UNIT ( ) );
#791 = PLANE ( 'NONE',  #2145 ) ;
#792 = ORIENTED_EDGE ( 'NONE', *, *, #2172, .F. ) ;
#793 = LINE ( 'NONE', #2466, #1967 ) ;
#794 = CARTESIAN_POINT ( 'NONE',  ( 1.650000000000000133, 0.8699999999999998845, -0.05000000000000000278 ) ) ;
#795 = CARTESIAN_POINT ( 'NONE',  ( 1.149999999999999911, 1.150000000000000133, 0.6899999999999999467 ) ) ;
#796 = LINE ( 'NONE', #2070, #1750 ) ;
#797 = ORIENTED_EDGE ( 'NONE', *, *, #1927, .F. ) ;
#798 = PRODUCT_DEFINITION ( 'UNKNOWN', '', #2394, #1788 ) ;
#799 = DIRECTION ( 'NONE',  ( -1.000000000000000000, -0.000000000000000000, -0.000000000000000000 ) ) ;
#801 = ORIENTED_EDGE ( 'NONE', *, *, #2477, .T. ) ;
#800 = EDGE_CURVE ( 'NONE', #2763, #620, #196, .T. ) ;
#802 = ORIENTED_EDGE ( 'NONE', *, *, #2666, .F. ) ;
#803 = DIRECTION ( 'NONE',  ( -2.168404344971010594E-16, 1.000000000000000000, 0.000000000000000000 ) ) ;
#804 = DIRECTION ( 'NONE',  ( -3.614007241618325499E-15, 1.000000000000000000, 0.000000000000000000 ) ) ;
#805 = EDGE_LOOP ( 'NONE', ( #1060, #234, #1284, #608, #2304, #76, #2218, #2726 ) ) ;
#806 = DIRECTION ( 'NONE',  ( 1.548860246407863583E-16, -1.000000000000000000, 0.000000000000000000 ) ) ;
#807 = CARTESIAN_POINT ( 'NONE',  ( -0.4099999999999997535, -0.8699999999999997735, -0.05000000000000000278 ) ) ;
#808 = EDGE_CURVE ( 'NONE', #91, #2358, #915, .T. ) ;
#809 = LINE ( 'NONE', #1656, #911 ) ;
#810 = DIRECTION ( 'NONE',  ( -1.000000000000000000, 0.000000000000000000, 0.000000000000000000 ) ) ;
#811 = VERTEX_POINT ( 'NONE', #675 ) ;
#812 = CARTESIAN_POINT ( 'NONE',  ( -1.434766694885623473, 0.8699999999999998845, -0.05000000000000000278 ) ) ;
#813 = ORIENTED_EDGE ( 'NONE', *, *, #1346, .F. ) ;
#814 = DIRECTION ( 'NONE',  ( -1.548860246407863583E-16, 1.000000000000000000, -0.000000000000000000 ) ) ;
#815 = VECTOR ( 'NONE', #350, 1000.000000000000000 ) ;
#816 = PLANE ( 'NONE',  #2641 ) ;
#817 = VECTOR ( 'NONE', #1835, 1000.000000000000000 ) ;
#818 = CARTESIAN_POINT ( 'NONE',  ( 0.000000000000000000, -1.000000000000000000, 0.6999999999999999556 ) ) ;
#819 = DIRECTION ( 'NONE',  ( 0.000000000000000000, 1.000000000000000000, 0.000000000000000000 ) ) ;
#820 = ORIENTED_EDGE ( 'NONE', *, *, #867, .T. ) ;
#821 = VECTOR ( 'NONE', #1043, 1000.000000000000000 ) ;
#822 = LINE ( 'NONE', #2497, #277 ) ;
#823 = VECTOR ( 'NONE', #1886, 1000.000000000000000 ) ;
#824 = AXIS2_PLACEMENT_3D ( 'NONE', #1466, #2310, #1056 ) ;
#825 = DIRECTION ( 'NONE',  ( 0.000000000000000000, 0.000000000000000000, 1.000000000000000000 ) ) ;
#826 = VECTOR ( 'NONE', #411, 1000.000000000000000 ) ;
#827 = ORIENTED_EDGE ( 'NONE', *, *, #518, .F. ) ;
#828 = LINE ( 'NONE', #84, #1440 ) ;
#829 = ORIENTED_EDGE ( 'NONE', *, *, #1855, .F. ) ;
#830 = ORIENTED_EDGE ( 'NONE', *, *, #2752, .F. ) ;
#831 = CARTESIAN_POINT ( 'NONE',  ( 1.650000000000000133, 0.9699999999999999734, 0.2500000000000000000 ) ) ;
#832 = LINE ( 'NONE', #2765, #648 ) ;
#833 = EDGE_CURVE ( 'NONE', #450, #881, #2606, .T. ) ;
#834 = VECTOR ( 'NONE', #1611, 1000.000000000000000 ) ;
#835 = CARTESIAN_POINT ( 'NONE',  ( -0.8080135153002266923, 0.3927648966481435688, -0.05000000000000000278 ) ) ;
#836 = DIRECTION ( 'NONE',  ( 0.000000000000000000, 0.000000000000000000, -1.000000000000000000 ) ) ;
#837 = CARTESIAN_POINT ( 'NONE',  ( 0.9618439917989801691, -1.419460083333800249, 0.02757022967856594120 ) ) ;
#838 = CARTESIAN_POINT ( 'NONE',  ( -1.404868033168688468, -0.8351109171564529143, -0.05000000000000000278 ) ) ;
#839 = ADVANCED_FACE ( 'NONE', ( #1317 ), #2396, .F. ) ;
#840 = ORIENTED_EDGE ( 'NONE', *, *, #2343, .F. ) ;
#841 = LINE ( 'NONE', #435, #1037 ) ;
#842 = ORIENTED_EDGE ( 'NONE', *, *, #1328, .T. ) ;
#843 = AXIS2_PLACEMENT_3D ( 'NONE', #2100, #2532, #622 ) ;
#844 = PLANE ( 'NONE',  #308 ) ;
#845 = DIRECTION ( 'NONE',  ( -0.000000000000000000, -0.000000000000000000, 1.000000000000000000 ) ) ;
#846 = FACE_OUTER_BOUND ( 'NONE', #978, .T. ) ;
#847 = AXIS2_PLACEMENT_3D ( 'NONE', #122, #2651, #746 ) ;
#848 = CARTESIAN_POINT ( 'NONE',  ( 1.461484617936139596, 0.8699999999999998845, -0.05000000000000000278 ) ) ;
#849 = CARTESIAN_POINT ( 'NONE',  ( -1.419817364027155637, -0.8658653493407468815, 0.000000000000000000 ) ) ;
#850 = LINE ( 'NONE', #1909, #1362 ) ;
#851 = EDGE_LOOP ( 'NONE', ( #757, #792, #448, #544 ) ) ;
#852 = ORIENTED_EDGE ( 'NONE', *, *, #2742, .F. ) ;
#853 = DIRECTION ( 'NONE',  ( -1.000000000000000000, -3.130922086286853433E-15, 0.000000000000000000 ) ) ;
#854 = EDGE_CURVE ( 'NONE', #2043, #2706, #1368, .T. ) ;
#855 = ORIENTED_EDGE ( 'NONE', *, *, #2721, .T. ) ;
#856 = EDGE_CURVE ( 'NONE', #2605, #2035, #1979, .T. ) ;
#857 = PLANE ( 'NONE',  #709 ) ;
#858 = CARTESIAN_POINT ( 'NONE',  ( -1.533204554547225262, 1.000000000000000000, 0.2500000000000000000 ) ) ;
#859 = DIRECTION ( 'NONE',  ( -1.807003620809175845E-14, -1.000000000000000000, -0.000000000000000000 ) ) ;
#860 = LINE ( 'NONE', #1943, #2023 ) ;
#861 = VECTOR ( 'NONE', #1952, 1000.000000000000000 ) ;
#862 = CARTESIAN_POINT ( 'NONE',  ( 1.599999999999999867, 1.400000000000000133, 0.000000000000000000 ) ) ;
#863 = DIRECTION ( 'NONE',  ( -1.000000000000000000, 0.000000000000000000, -0.000000000000000000 ) ) ;
#864 = AXIS2_PLACEMENT_3D ( 'NONE', #248, #1269, #684 ) ;
#865 = ORIENTED_EDGE ( 'NONE', *, *, #942, .T. ) ;
#866 = ORIENTED_EDGE ( 'NONE', *, *, #1204, .F. ) ;
#867 = EDGE_CURVE ( 'NONE', #37, #1120, #1108, .T. ) ;
#868 = DIRECTION ( 'NONE',  ( 0.000000000000000000, -0.000000000000000000, 1.000000000000000000 ) ) ;
#869 = ORIENTED_EDGE ( 'NONE', *, *, #765, .F. ) ;
#870 = VECTOR ( 'NONE', #451, 1000.000000000000000 ) ;
#871 = VERTEX_POINT ( 'NONE', #2422 ) ;
#872 = LINE ( 'NONE', #449, #1464 ) ;
#873 = ORIENTED_EDGE ( 'NONE', *, *, #1296, .T. ) ;
#874 = FACE_OUTER_BOUND ( 'NONE', #919, .T. ) ;
#875 = DIRECTION ( 'NONE',  ( 0.000000000000000000, -1.000000000000000000, 0.000000000000000000 ) ) ;
#876 = DIRECTION ( 'NONE',  ( -0.000000000000000000, -0.000000000000000000, 1.000000000000000000 ) ) ;
#877 = CYLINDRICAL_SURFACE ( 'NONE', #1533, 0.1000000000000000472 ) ;
#878 = AXIS2_PLACEMENT_3D ( 'NONE', #1249, #2551, #653 ) ;
#879 = FACE_OUTER_BOUND ( 'NONE', #657, .T. ) ;
#880 = ORIENTED_EDGE ( 'NONE', *, *, #1940, .T. ) ;
#881 = VERTEX_POINT ( 'NONE', #2618 ) ;
#882 = DIRECTION ( 'NONE',  ( -4.613626265895764052E-16, 1.000000000000000000, 0.000000000000000000 ) ) ;
#883 = ORIENTED_EDGE ( 'NONE', *, *, #1705, .T. ) ;
#884 = ORIENTED_EDGE ( 'NONE', *, *, #98, .F. ) ;
#885 = DIRECTION ( 'NONE',  ( -0.4797565869520286075, 0.8774016282616192708, 0.000000000000000000 ) ) ;
#886 = CARTESIAN_POINT ( 'NONE',  ( 1.500000000000000000, 0.8000000000000001554, 0.6899999999999999467 ) ) ;
#887 = DIRECTION ( 'NONE',  ( -1.000000000000000000, -0.000000000000000000, 0.000000000000000000 ) ) ;
#888 = LINE ( 'NONE', #1100, #775 ) ;
#889 = DIRECTION ( 'NONE',  ( -4.336808689942016158E-15, 1.000000000000000000, 0.000000000000000000 ) ) ;
#890 = ADVANCED_FACE ( 'NONE', ( #2210 ), #1763, .F. ) ;
#891 = ORIENTED_EDGE ( 'NONE', *, *, #306, .F. ) ;
#892 = ORIENTED_EDGE ( 'NONE', *, *, #251, .T. ) ;
#893 = DIRECTION ( 'NONE',  ( -0.9961946980917455452, -1.542966365556588521E-16, 0.08715574274765836016 ) ) ;
#894 = ORIENTED_EDGE ( 'NONE', *, *, #578, .T. ) ;
#895 = EDGE_CURVE ( 'NONE', #433, #1087, #897, .T. ) ;
#896 = ORIENTED_EDGE ( 'NONE', *, *, #902, .F. ) ;
#897 = LINE ( 'NONE', #941, #2727 ) ;
#898 = DIRECTION ( 'NONE',  ( -0.7071067811865474617, -0.7071067811865474617, 0.000000000000000000 ) ) ;
#899 = LINE ( 'NONE', #1138, #1401 ) ;
#900 = ORIENTED_EDGE ( 'NONE', *, *, #902, .T. ) ;
#901 = CARTESIAN_POINT ( 'NONE',  ( -0.4099999999999997535, 0.000000000000000000, -0.05000000000000000278 ) ) ;
#902 = EDGE_CURVE ( 'NONE', #770, #2168, #1567, .T. ) ;
#903 = DIRECTION ( 'NONE',  ( -0.000000000000000000, -0.000000000000000000, 1.000000000000000000 ) ) ;
#904 = VECTOR ( 'NONE', #2052, 1000.000000000000000 ) ;
#905 = ORIENTED_EDGE ( 'NONE', *, *, #442, .T. ) ;
#906 = AXIS2_PLACEMENT_3D ( 'NONE', #377, #2041, #128 ) ;
#907 = ORIENTED_EDGE ( 'NONE', *, *, #1062, .T. ) ;
#908 = ADVANCED_FACE ( 'NONE', ( #471 ), #2631, .F. ) ;
#909 = AXIS2_PLACEMENT_3D ( 'NONE', #159, #1867, #810 ) ;
#910 = CARTESIAN_POINT ( 'NONE',  ( 0.000000000000000000, 0.000000000000000000, 0.2500000000000000000 ) ) ;
#911 = VECTOR ( 'NONE', #2286, 1000.000000000000000 ) ;
#912 = VERTEX_POINT ( 'NONE', #253 ) ;
#913 = ORIENTED_EDGE ( 'NONE', *, *, #856, .F. ) ;
#914 = ORIENTED_EDGE ( 'NONE', *, *, #1774, .T. ) ;
#915 = LINE ( 'NONE', #931, #2237 ) ;
#916 = CARTESIAN_POINT ( 'NONE',  ( 1.600000000000000311, -1.399999999999999689, 0.2500000000000000000 ) ) ;
#917 = CARTESIAN_POINT ( 'NONE',  ( -1.690000000000000613, -0.4399999999999998357, 0.2500000000000000000 ) ) ;
#918 = DIRECTION ( 'NONE',  ( -0.7071067811865480168, -0.7071067811865470176, 0.000000000000000000 ) ) ;
#919 = EDGE_LOOP ( 'NONE', ( #581, #2660, #207, #716 ) ) ;
#920 = CARTESIAN_POINT ( 'NONE',  ( -1.600000000000000311, 1.400000000000000133, 0.2500000000000000000 ) ) ;
#921 = EDGE_CURVE ( 'NONE', #1091, #1459, #1343, .T. ) ;
#922 = VERTEX_POINT ( 'NONE', #28 ) ;
#923 = LINE ( 'NONE', #2613, #92 ) ;
#924 = FACE_OUTER_BOUND ( 'NONE', #479, .T. ) ;
#925 = VECTOR ( 'NONE', #695, 1000.000000000000000 ) ;
#926 = ADVANCED_FACE ( 'NONE', ( #2589 ), #689, .T. ) ;
#927 = VERTEX_POINT ( 'NONE', #2381 ) ;
#928 = VECTOR ( 'NONE', #1722, 1000.000000000000000 ) ;
#929 = EDGE_CURVE ( 'NONE', #2679, #2386, #2182, .T. ) ;
#930 = ORIENTED_EDGE ( 'NONE', *, *, #2250, .T. ) ;
#931 = CARTESIAN_POINT ( 'NONE',  ( -1.560630101413334359, 1.400000000000000133, 0.6999999999999999556 ) ) ;
#932 = CARTESIAN_POINT ( 'NONE',  ( 1.390259633596963251, 0.9412249843391757853, 0.000000000000000000 ) ) ;
#933 = CARTESIAN_POINT ( 'NONE',  ( 1.533204554547225262, 1.000000000000000000, 0.2500000000000000000 ) ) ;
#934 = DIRECTION ( 'NONE',  ( -1.000000000000000000, -3.130922086286853038E-15, 0.000000000000000000 ) ) ;
#935 = CARTESIAN_POINT ( 'NONE',  ( 1.750000000000000222, 0.8699999999999998845, -0.05000000000000000278 ) ) ;
#936 = ORIENTED_EDGE ( 'NONE', *, *, #2742, .T. ) ;
#937 = ORIENTED_EDGE ( 'NONE', *, *, #343, .T. ) ;
#938 = LINE ( 'NONE', #1563, #2587 ) ;
#939 = ORIENTED_EDGE ( 'NONE', *, *, #2666, .T. ) ;
#940 = VERTEX_POINT ( 'NONE', #1731 ) ;
#941 = CARTESIAN_POINT ( 'NONE',  ( 1.259999999999998899, -0.8700000000000002176, -0.05000000000000000278 ) ) ;
#942 = EDGE_CURVE ( 'NONE', #1726, #2035, #280, .T. ) ;
#943 = CARTESIAN_POINT ( 'NONE',  ( 1.600000000000000311, -1.399999999999999689, 0.000000000000000000 ) ) ;
#944 = FACE_OUTER_BOUND ( 'NONE', #1925, .T. ) ;
#945 = LINE ( 'NONE', #1112, #1042 ) ;
#946 = CARTESIAN_POINT ( 'NONE',  ( 1.165742308968067409, 1.165742308968070962, 0.000000000000000000 ) ) ;
#947 = ORIENTED_EDGE ( 'NONE', *, *, #929, .T. ) ;
#948 = CARTESIAN_POINT ( 'NONE',  ( -1.593204554547225094, 1.000000000000000000, 0.2500000000000000000 ) ) ;
#949 = VECTOR ( 'NONE', #93, 1000.000000000000114 ) ;
#950 = ORIENTED_EDGE ( 'NONE', *, *, #1877, .F. ) ;
#951 = ORIENTED_EDGE ( 'NONE', *, *, #494, .T. ) ;
#953 = ORIENTED_EDGE ( 'NONE', *, *, #50, .F. ) ;
#952 = EDGE_CURVE ( 'NONE', #2656, #1091, #265, .T. ) ;
#954 = ORIENTED_EDGE ( 'NONE', *, *, #80, .F. ) ;
#955 = FACE_OUTER_BOUND ( 'NONE', #1770, .T. ) ;
#956 = LINE ( 'NONE', #2503, #2460 ) ;
#957 = CARTESIAN_POINT ( 'NONE',  ( 1.599999999999999867, 0.000000000000000000, -0.05000000000000000278 ) ) ;
#958 = EDGE_CURVE ( 'NONE', #670, #1894, #71, .T. ) ;
#959 =( NAMED_UNIT ( * ) SI_UNIT ( $, .STERADIAN. ) SOLID_ANGLE_UNIT ( ) );
#960 = LINE ( 'NONE', #2411, #189 ) ;
#961 = DIRECTION ( 'NONE',  ( 0.000000000000000000, 1.000000000000000000, 0.000000000000000000 ) ) ;
#962 = DIRECTION ( 'NONE',  ( 0.000000000000000000, 0.000000000000000000, -1.000000000000000000 ) ) ;
#963 = AXIS2_PLACEMENT_3D ( 'NONE', #1996, #2157, #85 ) ;
#964 = ORIENTED_EDGE ( 'NONE', *, *, #856, .T. ) ;
#965 = DIRECTION ( 'NONE',  ( -0.000000000000000000, -0.000000000000000000, 1.000000000000000000 ) ) ;
#966 = ORIENTED_EDGE ( 'NONE', *, *, #1956, .T. ) ;
#967 = AXIS2_PLACEMENT_3D ( 'NONE', #127, #1384, #2258 ) ;
#968 = VERTEX_POINT ( 'NONE', #2472 ) ;
#969 = ORIENTED_EDGE ( 'NONE', *, *, #397, .T. ) ;
#970 = LINE ( 'NONE', #345, #1134 ) ;
#971 = CARTESIAN_POINT ( 'NONE',  ( -1.000000000000000000, 1.370630101413334856, 0.2500000000000000000 ) ) ;
#972 = DIRECTION ( 'NONE',  ( -0.000000000000000000, -0.000000000000000000, 1.000000000000000000 ) ) ;
#973 = DIRECTION ( 'NONE',  ( -1.000000000000000000, 0.000000000000000000, 0.000000000000000000 ) ) ;
#974 = CIRCLE ( 'NONE', #2755, 0.1000000000000000472 ) ;
#975 = EDGE_CURVE ( 'NONE', #2358, #766, #785, .T. ) ;
#976 = LINE ( 'NONE', #2233, #2501 ) ;
#977 = ORIENTED_EDGE ( 'NONE', *, *, #2423, .F. ) ;
#978 = EDGE_LOOP ( 'NONE', ( #1860, #470, #1782, #1730, #82, #2513, #2518, #1729, #2332, #1824 ) ) ;
#979 = ORIENTED_EDGE ( 'NONE', *, *, #1519, .F. ) ;
#980 = EDGE_CURVE ( 'NONE', #250, #264, #312, .T. ) ;
#981 = APPLICATION_PROTOCOL_DEFINITION ( 'draft international standard', 'automotive_design', 1998, #1549 ) ;
#982 = DIRECTION ( 'NONE',  ( -0.000000000000000000, 0.000000000000000000, 1.000000000000000000 ) ) ;
#983 = EDGE_CURVE ( 'NONE', #352, #520, #2586, .T. ) ;
#984 = DIRECTION ( 'NONE',  ( -0.7071067811865463515, -0.7071067811865487940, 0.000000000000000000 ) ) ;
#985 = CARTESIAN_POINT ( 'NONE',  ( -1.000000000000000000, 1.370630101413334856, 0.5856994769723808947 ) ) ;
#986 = ADVANCED_FACE ( 'NONE', ( #955 ), #1805, .F. ) ;
#987 = DIRECTION ( 'NONE',  ( -0.7071067811865474617, 0.7071067811865474617, 0.000000000000000000 ) ) ;
#988 = LINE ( 'NONE', #337, #2013 ) ;
#989 = EDGE_CURVE ( 'NONE', #659, #2661, #793, .T. ) ;
#990 = ORIENTED_EDGE ( 'NONE', *, *, #497, .F. ) ;
#991 = ORIENTED_EDGE ( 'NONE', *, *, #748, .F. ) ;
#992 = VECTOR ( 'NONE', #1427, 1000.000000000000000 ) ;
#993 = VERTEX_POINT ( 'NONE', #2066 ) ;
#994 = AXIS2_PLACEMENT_3D ( 'NONE', #282, #266, #2563 ) ;
#995 = VECTOR ( 'NONE', #244, 1000.000000000000114 ) ;
#996 = CARTESIAN_POINT ( 'NONE',  ( 1.591251133647408000, -1.000000000000000000, 0.3499999999999999778 ) ) ;
#997 = DIRECTION ( 'NONE',  ( -1.246209393661499865E-16, -1.000000000000000000, 0.000000000000000000 ) ) ;
#998 = CARTESIAN_POINT ( 'NONE',  ( -0.9999999999999988898, -1.310630101413334803, 0.2500000000000000000 ) ) ;
#999 = CIRCLE ( 'NONE', #2690, 0.1000000000000000472 ) ;
#1000 = EDGE_CURVE ( 'NONE', #968, #811, #1220, .T. ) ;
#1001 = DIRECTION ( 'NONE',  ( 0.000000000000000000, 0.000000000000000000, 1.000000000000000000 ) ) ;
#1002 = DIRECTION ( 'NONE',  ( 0.000000000000000000, -1.000000000000000000, 0.000000000000000000 ) ) ;
#1003 = ADVANCED_FACE ( 'NONE', ( #1014 ), #1383, .T. ) ;
#1004 = ORIENTED_EDGE ( 'NONE', *, *, #237, .T. ) ;
#1005 = PLANE ( 'NONE',  #460 ) ;
#1006 = VERTEX_POINT ( 'NONE', #2229 ) ;
#1007 = VERTEX_POINT ( 'NONE', #1809 ) ;
#1008 = VERTEX_POINT ( 'NONE', #1195 ) ;
#1009 = VECTOR ( 'NONE', #972, 1000.000000000000000 ) ;
#1010 = EDGE_CURVE ( 'NONE', #2374, #776, #2481, .T. ) ;
#1011 = SURFACE_STYLE_USAGE ( .BOTH. , #152 ) ;
#1012 = CARTESIAN_POINT ( 'NONE',  ( -1.599999999999999867, -0.9699999999999999734, -0.05000000000000000278 ) ) ;
#1013 = CARTESIAN_POINT ( 'NONE',  ( 1.533204554547225262, -0.8480995205855554886, 0.3499999999999999778 ) ) ;
#1014 = FACE_OUTER_BOUND ( 'NONE', #2528, .T. ) ;
#1015 = CARTESIAN_POINT ( 'NONE',  ( -1.593204554547225094, 1.000000000000000000, 0.6999999999999999556 ) ) ;
#1016 = DIRECTION ( 'NONE',  ( -1.000000000000000000, 0.000000000000000000, -0.000000000000000000 ) ) ;
#1017 = PLANE ( 'NONE',  #600 ) ;
#1018 = VERTEX_POINT ( 'NONE', #1372 ) ;
#1019 = FACE_OUTER_BOUND ( 'NONE', #63, .T. ) ;
#1020 = ORIENTED_EDGE ( 'NONE', *, *, #2122, .T. ) ;
#1021 = EDGE_LOOP ( 'NONE', ( #539, #1268, #498, #627 ) ) ;
#1022 = DIRECTION ( 'NONE',  ( -0.000000000000000000, -0.000000000000000000, -1.000000000000000000 ) ) ;
#1023 = EDGE_CURVE ( 'NONE', #2413, #2153, #587, .T. ) ;
#1024 = CARTESIAN_POINT ( 'NONE',  ( 1.500000000000000000, 0.8000000000000001554, 0.6999999999999999556 ) ) ;
#1025 = DIRECTION ( 'NONE',  ( -0.000000000000000000, -0.000000000000000000, 1.000000000000000000 ) ) ;
#1026 = PLANE ( 'NONE',  #2379 ) ;
#1027 = VERTEX_POINT ( 'NONE', #531 ) ;
#1028 = LINE ( 'NONE', #563, #2187 ) ;
#1029 = DIRECTION ( 'NONE',  ( -0.8774016282616191598, -0.4797565869520286075, 0.000000000000000000 ) ) ;
#1030 = ORIENTED_EDGE ( 'NONE', *, *, #1062, .F. ) ;
#1031 = DIRECTION ( 'NONE',  ( -2.168404344971008868E-16, -1.000000000000000000, 0.000000000000000000 ) ) ;
#1032 = ORIENTED_EDGE ( 'NONE', *, *, #3, .T. ) ;
#1033 = CARTESIAN_POINT ( 'NONE',  ( 1.593204554547225094, 1.000000000000000000, 0.2500000000000000000 ) ) ;
#1034 = ADVANCED_FACE ( 'NONE', ( #333 ), #2028, .F. ) ;
#1035 = LINE ( 'NONE', #1903, #1442 ) ;
#1036 = VECTOR ( 'NONE', #298, 1000.000000000000000 ) ;
#1037 = VECTOR ( 'NONE', #1283, 1000.000000000000000 ) ;
#1038 = DIRECTION ( 'NONE',  ( 0.000000000000000000, -0.9961946980917455452, 0.08715574274765836016 ) ) ;
#1039 = LINE ( 'NONE', #2327, #115 ) ;
#1040 = EDGE_CURVE ( 'NONE', #968, #1008, #545, .T. ) ;
#1041 = EDGE_LOOP ( 'NONE', ( #2027, #1804, #1595, #630 ) ) ;
#1042 = VECTOR ( 'NONE', #2400, 1000.000000000000114 ) ;
#1043 = DIRECTION ( 'NONE',  ( 1.000000000000000000, -2.168404344971008868E-16, 0.000000000000000000 ) ) ;
#1044 = VECTOR ( 'NONE', #574, 1000.000000000000000 ) ;
#1045 = DIRECTION ( 'NONE',  ( 9.449444563159833966E-16, -0.08715574274765836016, -0.9961946980917455452 ) ) ;
#1046 = EDGE_CURVE ( 'NONE', #2120, #2375, #1412, .T. ) ;
#1047 = VECTOR ( 'NONE', #177, 1000.000000000000000 ) ;
#1048 = EDGE_LOOP ( 'NONE', ( #2047, #605, #969, #1815, #1366, #1561, #632, #1105, #2109, #2372 ) ) ;
#1049 = DIRECTION ( 'NONE',  ( -0.000000000000000000, -0.000000000000000000, 1.000000000000000000 ) ) ;
#1050 = ORIENTED_EDGE ( 'NONE', *, *, #1096, .T. ) ;
#1051 = AXIS2_PLACEMENT_3D ( 'NONE', #1152, #1345, #299 ) ;
#1052 = ORIENTED_EDGE ( 'NONE', *, *, #619, .F. ) ;
#1053 = CARTESIAN_POINT ( 'NONE',  ( 1.750000000000000444, 0.5000000000000000000, 0.2500000000000000000 ) ) ;
#1054 = DIRECTION ( 'NONE',  ( -1.084202172485497492E-14, 1.000000000000000000, 0.000000000000000000 ) ) ;
#1055 = CIRCLE ( 'NONE', #1856, 0.1000000000000000472 ) ;
#1056 = DIRECTION ( 'NONE',  ( -1.000000000000000000, 0.000000000000000000, 0.000000000000000000 ) ) ;
#1057 = CARTESIAN_POINT ( 'NONE',  ( -0.6299999999999998934, 0.8699999999999996625, 0.000000000000000000 ) ) ;
#1058 = LINE ( 'NONE', #1684, #2733 ) ;
#1059 = CARTESIAN_POINT ( 'NONE',  ( -1.000000000000000000, -1.370630101413334856, 0.2500000000000000000 ) ) ;
#1060 = ORIENTED_EDGE ( 'NONE', *, *, #2657, .F. ) ;
#1061 = EDGE_LOOP ( 'NONE', ( #1404, #1052, #2598, #1858 ) ) ;
#1062 = EDGE_CURVE ( 'NONE', #787, #1322, #736, .T. ) ;
#1063 = FACE_OUTER_BOUND ( 'NONE', #263, .T. ) ;
#1064 = ORIENTED_EDGE ( 'NONE', *, *, #2241, .T. ) ;
#1065 = VERTEX_POINT ( 'NONE', #1819 ) ;
#1066 = CARTESIAN_POINT ( 'NONE',  ( -1.750000000000000222, 0.8699999999999998845, -0.05000000000000000278 ) ) ;
#1067 = CARTESIAN_POINT ( 'NONE',  ( -1.593204554547225094, -1.000000000000000000, 0.3276722969457787071 ) ) ;
#1068 = EDGE_CURVE ( 'NONE', #2704, #1065, #1587, .T. ) ;
#1069 = CARTESIAN_POINT ( 'NONE',  ( 1.599999999999999867, 1.400000000000000133, 0.2500000000000000000 ) ) ;
#1070 = CARTESIAN_POINT ( 'NONE',  ( 1.000000000000000222, 1.310630101413334359, 0.6999999999999999556 ) ) ;
#1071 = EDGE_CURVE ( 'NONE', #368, #2582, #317, .T. ) ;
#1072 = LINE ( 'NONE', #1895, #2234 ) ;
#1073 = DIRECTION ( 'NONE',  ( -0.7071067811865489050, 0.7071067811865462405, 0.000000000000000000 ) ) ;
#1074 = VERTEX_POINT ( 'NONE', #2454 ) ;
#1075 = ORIENTED_EDGE ( 'NONE', *, *, #2172, .T. ) ;
#1076 = DIRECTION ( 'NONE',  ( -3.130922086286853433E-15, 1.000000000000000000, 0.000000000000000000 ) ) ;
#1077 = EDGE_CURVE ( 'NONE', #1761, #2417, #761, .T. ) ;
#1078 = EDGE_LOOP ( 'NONE', ( #132, #852, #1719, #2111 ) ) ;
#1079 = PLANE ( 'NONE',  #2573 ) ;
#1080 = DIRECTION ( 'NONE',  ( 0.000000000000000000, -1.000000000000000000, 0.000000000000000000 ) ) ;
#1081 = LINE ( 'NONE', #18, #2236 ) ;
#1082 = CARTESIAN_POINT ( 'NONE',  ( 0.000000000000000000, -0.8658653493407467705, -0.05000000000000000278 ) ) ;
#1083 = DIRECTION ( 'NONE',  ( 1.000000000000000000, -0.000000000000000000, -0.000000000000000000 ) ) ;
#1084 = CARTESIAN_POINT ( 'NONE',  ( -0.6250000000000034417, 0.6250000000000013323, -0.05000000000000000278 ) ) ;
#1085 = VECTOR ( 'NONE', #1959, 1000.000000000000000 ) ;
#1086 = ORIENTED_EDGE ( 'NONE', *, *, #767, .T. ) ;
#1087 = VERTEX_POINT ( 'NONE', #1164 ) ;
#1088 = ADVANCED_FACE ( 'NONE', ( #359 ), #101, .T. ) ;
#1089 = CARTESIAN_POINT ( 'NONE',  ( -1.750000000000000444, -0.5000000000000000000, 0.2500000000000000000 ) ) ;
#1090 = VECTOR ( 'NONE', #1691, 1000.000000000000000 ) ;
#1091 = VERTEX_POINT ( 'NONE', #2243 ) ;
#1092 = LINE ( 'NONE', #1298, #1601 ) ;
#1093 = VECTOR ( 'NONE', #514, 1000.000000000000000 ) ;
#1094 = ORIENTED_EDGE ( 'NONE', *, *, #2399, .T. ) ;
#1095 = DIRECTION ( 'NONE',  ( 0.000000000000000000, 1.000000000000000000, 0.000000000000000000 ) ) ;
#1096 = EDGE_CURVE ( 'NONE', #1393, #1775, #347, .T. ) ;
#1097 = STYLED_ITEM ( 'NONE', ( #2240 ), #2594 ) ;
#1098 = LINE ( 'NONE', #2408, #8 ) ;
#1099 = DIRECTION ( 'NONE',  ( -4.613626265895764052E-16, 1.000000000000000000, -0.000000000000000000 ) ) ;
#1100 = CARTESIAN_POINT ( 'NONE',  ( 1.600000000000000311, -0.9699999999999999734, 0.2500000000000000000 ) ) ;
#1101 = DIRECTION ( 'NONE',  ( -0.000000000000000000, 0.000000000000000000, 1.000000000000000000 ) ) ;
#1102 = ORIENTED_EDGE ( 'NONE', *, *, #867, .F. ) ;
#1103 = VERTEX_POINT ( 'NONE', #2698 ) ;
#1104 = CARTESIAN_POINT ( 'NONE',  ( 1.690000000000000613, 0.4399999999999998357, 0.2500000000000000000 ) ) ;
#1105 = ORIENTED_EDGE ( 'NONE', *, *, #2682, .T. ) ;
#1106 = ORIENTED_EDGE ( 'NONE', *, *, #1364, .T. ) ;
#1107 = ORIENTED_EDGE ( 'NONE', *, *, #1010, .T. ) ;
#1108 = LINE ( 'NONE', #1150, #2735 ) ;
#1109 = LINE ( 'NONE', #29, #2500 ) ;
#1110 = LINE ( 'NONE', #1793, #475 ) ;
#1111 = VECTOR ( 'NONE', #1495, 1000.000000000000000 ) ;
#1112 = CARTESIAN_POINT ( 'NONE',  ( -0.5968545178684590002, -1.227875813804596206, -0.05000000000000000278 ) ) ;
#1113 = DIRECTION ( 'NONE',  ( 0.000000000000000000, -0.000000000000000000, -1.000000000000000000 ) ) ;
#1114 = ORIENTED_EDGE ( 'NONE', *, *, #2565, .F. ) ;
#1115 = DIRECTION ( 'NONE',  ( -0.8774016282616201590, 0.4797565869520267756, 0.000000000000000000 ) ) ;
#1116 = LINE ( 'NONE', #2404, #1085 ) ;
#1117 = ORIENTED_EDGE ( 'NONE', *, *, #281, .F. ) ;
#1118 = EDGE_CURVE ( 'NONE', #2704, #1947, #1626, .T. ) ;
#1119 = ORIENTED_EDGE ( 'NONE', *, *, #1759, .F. ) ;
#1120 = VERTEX_POINT ( 'NONE', #2766 ) ;
#1121 = DIRECTION ( 'NONE',  ( -0.000000000000000000, -0.000000000000000000, 1.000000000000000000 ) ) ;
#1122 = DIRECTION ( 'NONE',  ( 0.000000000000000000, 0.000000000000000000, -1.000000000000000000 ) ) ;
#1123 = CARTESIAN_POINT ( 'NONE',  ( -0.9999999999999997780, 1.310630101413334803, 0.2500000000000000000 ) ) ;
#1124 = DIRECTION ( 'NONE',  ( -4.613626265895764052E-16, -1.000000000000000000, 0.000000000000000000 ) ) ;
#1125 = EDGE_CURVE ( 'NONE', #912, #2574, #1484, .T. ) ;
#1126 = DIRECTION ( 'NONE',  ( -0.000000000000000000, -0.000000000000000000, 1.000000000000000000 ) ) ;
#1127 = VECTOR ( 'NONE', #1610, 1000.000000000000114 ) ;
#1128 = ORIENTED_EDGE ( 'NONE', *, *, #1414, .T. ) ;
#1129 = DIRECTION ( 'NONE',  ( -1.000000000000000000, 0.000000000000000000, 0.000000000000000000 ) ) ;
#1130 = EDGE_CURVE ( 'NONE', #2471, #2656, #601, .T. ) ;
#1131 = DIRECTION ( 'NONE',  ( -0.000000000000000000, -0.000000000000000000, 1.000000000000000000 ) ) ;
#1132 = ORIENTED_EDGE ( 'NONE', *, *, #1505, .T. ) ;
#1133 = VECTOR ( 'NONE', #2188, 1000.000000000000000 ) ;
#1134 = VECTOR ( 'NONE', #2652, 1000.000000000000000 ) ;
#1135 = EDGE_LOOP ( 'NONE', ( #2085, #1607, #493, #704 ) ) ;
#1136 = DIRECTION ( 'NONE',  ( 1.548860246407863583E-16, -1.000000000000000000, -0.000000000000000000 ) ) ;
#1137 = CARTESIAN_POINT ( 'NONE',  ( 1.149999999999999911, 1.150000000000000133, 0.6899999999999999467 ) ) ;
#1138 = CARTESIAN_POINT ( 'NONE',  ( -2.259295545059615465E-16, -0.8699999999999998845, -0.000000000000000000 ) ) ;
#1139 = DIRECTION ( 'NONE',  ( 0.000000000000000000, -0.000000000000000000, -1.000000000000000000 ) ) ;
#1140 = DIRECTION ( 'NONE',  ( 1.000000000000000000, -1.571307496355798272E-16, 0.000000000000000000 ) ) ;
#1141 = ORIENTED_EDGE ( 'NONE', *, *, #31, .T. ) ;
#1142 = AXIS2_PLACEMENT_3D ( 'NONE', #245, #863, #1101 ) ;
#1143 = EDGE_CURVE ( 'NONE', #264, #1326, #2739, .T. ) ;
#1144 = ORIENTED_EDGE ( 'NONE', *, *, #1290, .F. ) ;
#1145 = LINE ( 'NONE', #2389, #2412 ) ;
#1146 = AXIS2_PLACEMENT_3D ( 'NONE', #794, #1165, #1640 ) ;
#1147 = EDGE_CURVE ( 'NONE', #1008, #2561, #1232, .T. ) ;
#1148 = ORIENTED_EDGE ( 'NONE', *, *, #1591, .F. ) ;
#1149 = EDGE_LOOP ( 'NONE', ( #1209, #1605, #1228, #2014 ) ) ;
#1150 = CARTESIAN_POINT ( 'NONE',  ( -1.500000000000000000, 0.8000000000000001554, 0.6999999999999999556 ) ) ;
#1151 = LINE ( 'NONE', #812, #1757 ) ;
#1152 = CARTESIAN_POINT ( 'NONE',  ( 1.593204554547225094, 1.000000000000000000, 0.2500000000000000000 ) ) ;
#1153 = DIRECTION ( 'NONE',  ( 1.000000000000000000, 0.000000000000000000, -0.000000000000000000 ) ) ;
#1154 = CARTESIAN_POINT ( 'NONE',  ( -1.750000000000000444, 0.5000000000000000000, -0.05000000000000000278 ) ) ;
#1155 = CARTESIAN_POINT ( 'NONE',  ( -1.500000000000000000, 0.8000000000000001554, 0.6999999999999999556 ) ) ;
#1156 = LINE ( 'NONE', #948, #230 ) ;
#1157 = ORIENTED_EDGE ( 'NONE', *, *, #1349, .F. ) ;
#1158 = EDGE_CURVE ( 'NONE', #1743, #378, #166, .T. ) ;
#1159 = ORIENTED_EDGE ( 'NONE', *, *, #1331, .F. ) ;
#1160 = DIRECTION ( 'NONE',  ( -1.000000000000000000, 0.000000000000000000, 0.000000000000000000 ) ) ;
#1161 = PLANE ( 'NONE',  #2504 ) ;
#1162 = CARTESIAN_POINT ( 'NONE',  ( -1.003697878580205094, -0.3535986662731738228, -0.000000000000000000 ) ) ;
#1163 = CARTESIAN_POINT ( 'NONE',  ( 1.599999999999999867, 1.400000000000000133, 0.2500000000000000000 ) ) ;
#1164 = CARTESIAN_POINT ( 'NONE',  ( 1.259999999999998899, -0.8700000000000002176, -0.000000000000000000 ) ) ;
#1165 = DIRECTION ( 'NONE',  ( 0.000000000000000000, 0.000000000000000000, -1.000000000000000000 ) ) ;
#1166 = ORIENTED_EDGE ( 'NONE', *, *, #980, .T. ) ;
#1167 = ORIENTED_EDGE ( 'NONE', *, *, #1328, .F. ) ;
#1168 = PLANE ( 'NONE',  #510 ) ;
#1169 = VECTOR ( 'NONE', #2170, 1000.000000000000000 ) ;
#1170 = VECTOR ( 'NONE', #1234, 999.9999999999998863 ) ;
#1171 = ORIENTED_EDGE ( 'NONE', *, *, #779, .T. ) ;
#1172 = AXIS2_PLACEMENT_3D ( 'NONE', #2045, #2716, #1823 ) ;
#1173 = VECTOR ( 'NONE', #2130, 1000.000000000000000 ) ;
#1174 = AXIS2_PLACEMENT_3D ( 'NONE', #61, #918, #1767 ) ;
#1175 = ORIENTED_EDGE ( 'NONE', *, *, #2068, .F. ) ;
#1176 = EDGE_CURVE ( 'NONE', #1987, #2442, #179, .T. ) ;
#1177 = AXIS2_PLACEMENT_3D ( 'NONE', #395, #1583, #1379 ) ;
#1178 = AXIS2_PLACEMENT_3D ( 'NONE', #2382, #59, #898 ) ;
#1179 = LINE ( 'NONE', #540, #2636 ) ;
#1180 =( LENGTH_UNIT ( ) NAMED_UNIT ( * ) SI_UNIT ( .MILLI., .METRE. ) );
#1181 = CARTESIAN_POINT ( 'NONE',  ( 1.593204554547225094, -1.000000000000000000, 0.2500000000000000000 ) ) ;
#1182 = EDGE_CURVE ( 'NONE', #408, #450, #1918, .T. ) ;
#1183 = LINE ( 'NONE', #2078, #1890 ) ;
#1184 = CARTESIAN_POINT ( 'NONE',  ( -1.404868033168688468, 0.7851319668313132549, -0.05000000000000000278 ) ) ;
#1185 = FACE_OUTER_BOUND ( 'NONE', #2406, .T. ) ;
#1186 = VECTOR ( 'NONE', #1919, 1000.000000000000000 ) ;
#1187 = DIRECTION ( 'NONE',  ( -1.000000000000000000, -1.542047368306808143E-16, 0.000000000000000000 ) ) ;
#1188 = VECTOR ( 'NONE', #568, 1000.000000000000000 ) ;
#1189 = CARTESIAN_POINT ( 'NONE',  ( -1.560630101413334359, 1.400000000000000133, 0.6999999999999999556 ) ) ;
#1190 = ORIENTED_EDGE ( 'NONE', *, *, #251, .F. ) ;
#1191 = ORIENTED_EDGE ( 'NONE', *, *, #551, .F. ) ;
#1192 = EDGE_CURVE ( 'NONE', #940, #1374, #1653, .T. ) ;
#1193 = ORIENTED_EDGE ( 'NONE', *, *, #2444, .T. ) ;
#1194 = LINE ( 'NONE', #357, #2274 ) ;
#1195 = CARTESIAN_POINT ( 'NONE',  ( -1.404868033168688024, 0.7851319668313132549, 0.000000000000000000 ) ) ;
#1196 = LINE ( 'NONE', #807, #1009 ) ;
#1197 = ADVANCED_FACE ( 'NONE', ( #1276 ), #2294, .F. ) ;
#1198 = LINE ( 'NONE', #615, #727 ) ;
#1199 = CARTESIAN_POINT ( 'NONE',  ( 1.750000000000000222, -0.4999999999999996669, -0.05000000000000000278 ) ) ;
#1200 = ORIENTED_EDGE ( 'NONE', *, *, #2166, .F. ) ;
#1201 = ORIENTED_EDGE ( 'NONE', *, *, #1227, .T. ) ;
#1202 = VERTEX_POINT ( 'NONE', #1905 ) ;
#1203 = CARTESIAN_POINT ( 'NONE',  ( 1.599999999999999867, -0.8699999999999998845, -0.05000000000000000278 ) ) ;
#1204 = EDGE_CURVE ( 'NONE', #193, #940, #439, .T. ) ;
#1205 = CARTESIAN_POINT ( 'NONE',  ( -1.095000000000003304, 1.094999999999999307, -0.05000000000000000278 ) ) ;
#1206 = CARTESIAN_POINT ( 'NONE',  ( 1.599999999999999867, 1.400000000000000133, 0.2500000000000000000 ) ) ;
#1207 = FACE_OUTER_BOUND ( 'NONE', #436, .T. ) ;
#1208 = ADVANCED_FACE ( 'NONE', ( #846 ), #612, .T. ) ;
#1209 = ORIENTED_EDGE ( 'NONE', *, *, #1841, .F. ) ;
#1210 = DIRECTION ( 'NONE',  ( -0.000000000000000000, -0.000000000000000000, -1.000000000000000000 ) ) ;
#1211 = ORIENTED_EDGE ( 'NONE', *, *, #715, .F. ) ;
#1212 = EDGE_CURVE ( 'NONE', #91, #2386, #2340, .T. ) ;
#1213 = ORIENTED_EDGE ( 'NONE', *, *, #1287, .F. ) ;
#1214 = VECTOR ( 'NONE', #1556, 1000.000000000000000 ) ;
#1215 = ORIENTED_EDGE ( 'NONE', *, *, #2152, .F. ) ;
#1216 = AXIS2_PLACEMENT_3D ( 'NONE', #1687, #1076, #853 ) ;
#1217 = CARTESIAN_POINT ( 'NONE',  ( -1.600000000000000311, 0.8699999999999998845, 0.000000000000000000 ) ) ;
#1218 = CARTESIAN_POINT ( 'NONE',  ( 1.000000000000000000, 1.400000000000000133, 0.2500000000000001665 ) ) ;
#1219 = VECTOR ( 'NONE', #1585, 1000.000000000000000 ) ;
#1220 = LINE ( 'NONE', #1205, #323 ) ;
#1221 = LINE ( 'NONE', #2455, #293 ) ;
#1222 = CARTESIAN_POINT ( 'NONE',  ( 1.599999999999999867, 0.000000000000000000, -0.05000000000000000278 ) ) ;
#1223 = FACE_OUTER_BOUND ( 'NONE', #656, .T. ) ;
#1224 = VERTEX_POINT ( 'NONE', #1692 ) ;
#1225 = COLOUR_RGB ( '',1.000000000000000000, 1.000000000000000000, 0.000000000000000000 ) ;
#1226 = CARTESIAN_POINT ( 'NONE',  ( -1.600000000000000311, 1.400000000000000133, 0.000000000000000000 ) ) ;
#1227 = EDGE_CURVE ( 'NONE', #1421, #2471, #1454, .T. ) ;
#1228 = ORIENTED_EDGE ( 'NONE', *, *, #551, .T. ) ;
#1229 = VECTOR ( 'NONE', #876, 1000.000000000000000 ) ;
#1230 = CARTESIAN_POINT ( 'NONE',  ( 1.690000000000000613, -0.4400000000000002798, 0.000000000000000000 ) ) ;
#1231 = DIRECTION ( 'NONE',  ( -0.8993763668485349472, 0.4371751945780197324, 0.000000000000000000 ) ) ;
#1232 = LINE ( 'NONE', #1260, #1836 ) ;
#1233 = DIRECTION ( 'NONE',  ( -0.000000000000000000, 0.000000000000000000, 1.000000000000000000 ) ) ;
#1234 = DIRECTION ( 'NONE',  ( -0.7071067811865489050, 0.7071067811865462405, -0.000000000000000000 ) ) ;
#1235 = DIRECTION ( 'NONE',  ( -0.7071067811865474617, -0.7071067811865476838, 0.000000000000000000 ) ) ;
#1236 = EDGE_CURVE ( 'NONE', #1551, #1240, #1682, .T. ) ;
#1237 = EDGE_LOOP ( 'NONE', ( #482, #2021, #1826, #1367 ) ) ;
#1238 = EDGE_CURVE ( 'NONE', #2262, #2153, #223, .T. ) ;
#1239 = LINE ( 'NONE', #528, #99 ) ;
#1240 = VERTEX_POINT ( 'NONE', #637 ) ;
#1241 = VECTOR ( 'NONE', #2077, 1000.000000000000000 ) ;
#1242 = ADVANCED_FACE ( 'NONE', ( #1864 ), #624, .T. ) ;
#1243 = CARTESIAN_POINT ( 'NONE',  ( 1.599999999999999867, 1.400000000000000133, 0.000000000000000000 ) ) ;
#1244 = ADVANCED_BREP_SHAPE_REPRESENTATION ( 'SPMWH1228MD5WATUVK', ( #2607, #847 ), #2356 ) ;
#1245 = CARTESIAN_POINT ( 'NONE',  ( 1.149999999999999023, -1.150000000000000577, 0.6899999999999999467 ) ) ;
#1246 = VECTOR ( 'NONE', #2385, 1000.000000000000000 ) ;
#1247 = ADVANCED_FACE ( 'NONE', ( #2283 ), #389, .T. ) ;
#1248 = DIRECTION ( 'NONE',  ( 0.7071067811865462405, 0.7071067811865489050, 0.000000000000000000 ) ) ;
#1249 = CARTESIAN_POINT ( 'NONE',  ( 0.000000000000000000, 0.000000000000000000, -0.05000000000000000278 ) ) ;
#1250 = ORIENTED_EDGE ( 'NONE', *, *, #2710, .F. ) ;
#1251 = DIRECTION ( 'NONE',  ( -0.000000000000000000, 1.000000000000000000, -0.000000000000000000 ) ) ;
#1252 = PLANE ( 'NONE',  #69 ) ;
#1253 = ORIENTED_EDGE ( 'NONE', *, *, #1279, .T. ) ;
#1254 = DIRECTION ( 'NONE',  ( 1.000000000000000000, -0.000000000000000000, -0.000000000000000000 ) ) ;
#1255 = ORIENTED_EDGE ( 'NONE', *, *, #2038, .T. ) ;
#1256 = DIRECTION ( 'NONE',  ( 4.613626265895764052E-16, -1.000000000000000000, 0.000000000000000000 ) ) ;
#1257 = AXIS2_PLACEMENT_3D ( 'NONE', #1069, #2713, #806 ) ;
#1258 = EDGE_CURVE ( 'NONE', #2561, #2374, #1344, .T. ) ;
#1259 = LINE ( 'NONE', #399, #1803 ) ;
#1260 = CARTESIAN_POINT ( 'NONE',  ( -1.095000000000003304, 1.094999999999999307, 0.000000000000000000 ) ) ;
#1261 = DIRECTION ( 'NONE',  ( 0.08682659386424777803, 0.08682659386424779191, -0.9924325091389669673 ) ) ;
#1262 = ADVANCED_FACE ( 'NONE', ( #2577 ), #1981, .F. ) ;
#1263 = VECTOR ( 'NONE', #1083, 1000.000000000000000 ) ;
#1264 = CARTESIAN_POINT ( 'NONE',  ( 0.000000000000000000, 0.8699999999999998845, -0.05000000000000000278 ) ) ;
#1265 = DIRECTION ( 'NONE',  ( 0.000000000000000000, -0.000000000000000000, -1.000000000000000000 ) ) ;
#1266 = VECTOR ( 'NONE', #747, 1000.000000000000000 ) ;
#1267 = VERTEX_POINT ( 'NONE', #2143 ) ;
#1268 = ORIENTED_EDGE ( 'NONE', *, *, #2361, .F. ) ;
#1269 = DIRECTION ( 'NONE',  ( -0.000000000000000000, 0.000000000000000000, 1.000000000000000000 ) ) ;
#1270 = ORIENTED_EDGE ( 'NONE', *, *, #2076, .T. ) ;
#1271 = EDGE_CURVE ( 'NONE', #871, #352, #1081, .T. ) ;
#1272 = ORIENTED_EDGE ( 'NONE', *, *, #1790, .F. ) ;
#1273 = FACE_OUTER_BOUND ( 'NONE', #382, .T. ) ;
#1274 = DIRECTION ( 'NONE',  ( -0.000000000000000000, 0.000000000000000000, 1.000000000000000000 ) ) ;
#1275 = AXIS2_PLACEMENT_3D ( 'NONE', #1725, #1695, #1265 ) ;
#1276 = FACE_OUTER_BOUND ( 'NONE', #1329, .T. ) ;
#1277 = DIRECTION ( 'NONE',  ( -1.000000000000000000, 0.000000000000000000, -0.000000000000000000 ) ) ;
#1278 = LINE ( 'NONE', #20, #1753 ) ;
#1279 = EDGE_CURVE ( 'NONE', #1339, #368, #1966, .T. ) ;
#1280 = CARTESIAN_POINT ( 'NONE',  ( -1.149999999999999911, 1.150000000000000133, 0.6899999999999999467 ) ) ;
#1281 = ORIENTED_EDGE ( 'NONE', *, *, #696, .T. ) ;
#1282 = ORIENTED_EDGE ( 'NONE', *, *, #1335, .T. ) ;
#1283 = DIRECTION ( 'NONE',  ( -0.000000000000000000, -0.000000000000000000, 1.000000000000000000 ) ) ;
#1284 = ORIENTED_EDGE ( 'NONE', *, *, #1591, .T. ) ;
#1285 = DIRECTION ( 'NONE',  ( 0.000000000000000000, 1.000000000000000000, 0.000000000000000000 ) ) ;
#1286 = CARTESIAN_POINT ( 'NONE',  ( 1.599999999999999867, 0.9699999999999999734, -0.05000000000000000278 ) ) ;
#1287 = EDGE_CURVE ( 'NONE', #1580, #1420, #2156, .T. ) ;
#1288 = DIRECTION ( 'NONE',  ( 1.000000000000000000, -0.000000000000000000, -0.000000000000000000 ) ) ;
#1289 = FACE_OUTER_BOUND ( 'NONE', #1448, .T. ) ;
#1290 = EDGE_CURVE ( 'NONE', #2375, #2043, #1513, .T. ) ;
#1291 = CARTESIAN_POINT ( 'NONE',  ( 0.9999999999999993339, -1.310630101413334359, 0.2500000000000000000 ) ) ;
#1292 = CARTESIAN_POINT ( 'NONE',  ( -1.600000000000000311, -0.9699999999999999734, 0.2500000000000000000 ) ) ;
#1293 = ORIENTED_EDGE ( 'NONE', *, *, #1873, .T. ) ;
#1294 = ORIENTED_EDGE ( 'NONE', *, *, #1414, .F. ) ;
#1295 = DIRECTION ( 'NONE',  ( -0.4371751945780210646, -0.8993763668485342810, 0.000000000000000000 ) ) ;
#1296 = EDGE_CURVE ( 'NONE', #2035, #1224, #665, .T. ) ;
#1297 = ORIENTED_EDGE ( 'NONE', *, *, #129, .T. ) ;
#1298 = CARTESIAN_POINT ( 'NONE',  ( -1.750000000000000222, -0.8699999999999998845, 0.2500000000000000000 ) ) ;
#1299 = ORIENTED_EDGE ( 'NONE', *, *, #497, .T. ) ;
#1300 = CARTESIAN_POINT ( 'NONE',  ( 1.259999999999998899, 0.8699999999999999956, -0.05000000000000000278 ) ) ;
#1301 = DIRECTION ( 'NONE',  ( 1.000000000000000000, -0.000000000000000000, -0.000000000000000000 ) ) ;
#1302 = VECTOR ( 'NONE', #997, 1000.000000000000000 ) ;
#1303 = DIRECTION ( 'NONE',  ( 0.08715574274765836016, 0.000000000000000000, -0.9961946980917455452 ) ) ;
#1304 = VECTOR ( 'NONE', #973, 1000.000000000000000 ) ;
#1305 = AXIS2_PLACEMENT_3D ( 'NONE', #886, #1931, #42 ) ;
#1306 = LINE ( 'NONE', #225, #236 ) ;
#1307 = DIRECTION ( 'NONE',  ( -1.000000000000000000, 0.000000000000000000, 0.000000000000000000 ) ) ;
#1308 = ORIENTED_EDGE ( 'NONE', *, *, #2071, .F. ) ;
#1309 = VERTEX_POINT ( 'NONE', #72 ) ;
#1310 = VECTOR ( 'NONE', #2127, 1000.000000000000000 ) ;
#1311 = CARTESIAN_POINT ( 'NONE',  ( -1.600000000000000311, 1.400000000000000133, 0.000000000000000000 ) ) ;
#1312 = ORIENTED_EDGE ( 'NONE', *, *, #702, .F. ) ;
#1313 = ORIENTED_EDGE ( 'NONE', *, *, #326, .T. ) ;
#1314 = ADVANCED_FACE ( 'NONE', ( #2591 ), #719, .F. ) ;
#1315 = VECTOR ( 'NONE', #43, 1000.000000000000000 ) ;
#1316 = VERTEX_POINT ( 'NONE', #932 ) ;
#1317 = FACE_OUTER_BOUND ( 'NONE', #2405, .T. ) ;
#1318 = FACE_OUTER_BOUND ( 'NONE', #1754, .T. ) ;
#1319 = PLANE ( 'NONE',  #1494 ) ;
#1320 = LINE ( 'NONE', #530, #1133 ) ;
#1321 = CARTESIAN_POINT ( 'NONE',  ( -1.600000000000000311, 1.400000000000000133, 0.2500000000000000000 ) ) ;
#1322 = VERTEX_POINT ( 'NONE', #1764 ) ;
#1323 = ORIENTED_EDGE ( 'NONE', *, *, #181, .T. ) ;
#1324 = EDGE_CURVE ( 'NONE', #2445, #2403, #1942, .T. ) ;
#1325 = DIRECTION ( 'NONE',  ( 0.000000000000000000, 0.000000000000000000, -1.000000000000000000 ) ) ;
#1326 = VERTEX_POINT ( 'NONE', #2608 ) ;
#1327 = EDGE_LOOP ( 'NONE', ( #1297, #418, #896, #966 ) ) ;
#1328 = EDGE_CURVE ( 'NONE', #1267, #1339, #452, .T. ) ;
#1329 = EDGE_LOOP ( 'NONE', ( #206, #2251, #894, #1294 ) ) ;
#1330 = EDGE_LOOP ( 'NONE', ( #950, #674, #1032, #1843 ) ) ;
#1331 = EDGE_CURVE ( 'NONE', #670, #1761, #2397, .T. ) ;
#1332 = DIRECTION ( 'NONE',  ( -0.000000000000000000, -0.000000000000000000, 1.000000000000000000 ) ) ;
#1333 = DIRECTION ( 'NONE',  ( -0.000000000000000000, -0.000000000000000000, -1.000000000000000000 ) ) ;
#1334 = LINE ( 'NONE', #2409, #786 ) ;
#1335 = EDGE_CURVE ( 'NONE', #644, #2763, #1098, .T. ) ;
#1336 = CARTESIAN_POINT ( 'NONE',  ( -1.150000000000000799, -1.149999999999998801, 0.6899999999999999467 ) ) ;
#1337 = DIRECTION ( 'NONE',  ( -1.571307496355798272E-16, -1.000000000000000000, 0.000000000000000000 ) ) ;
#1338 = ORIENTED_EDGE ( 'NONE', *, *, #1296, .F. ) ;
#1339 = VERTEX_POINT ( 'NONE', #1778 ) ;
#1340 = LINE ( 'NONE', #740, #1483 ) ;
#1341 = ORIENTED_EDGE ( 'NONE', *, *, #1759, .T. ) ;
#1342 = ORIENTED_EDGE ( 'NONE', *, *, #2166, .T. ) ;
#1343 = LINE ( 'NONE', #1744, #457 ) ;
#1344 = LINE ( 'NONE', #488, #468 ) ;
#1345 = DIRECTION ( 'NONE',  ( 1.000000000000000000, 0.000000000000000000, 0.000000000000000000 ) ) ;
#1346 = EDGE_CURVE ( 'NONE', #79, #620, #1745, .T. ) ;
#1347 = LINE ( 'NONE', #285, #1709 ) ;
#1348 = CARTESIAN_POINT ( 'NONE',  ( 0.000000000000000000, -0.8658653493407467705, -0.000000000000000000 ) ) ;
#1349 = EDGE_CURVE ( 'NONE', #1551, #1938, #2353, .T. ) ;
#1350 = ORIENTED_EDGE ( 'NONE', *, *, #1346, .T. ) ;
#1351 = ORIENTED_EDGE ( 'NONE', *, *, #300, .F. ) ;
#1352 = DIRECTION ( 'NONE',  ( 1.000000000000000000, 0.000000000000000000, -0.000000000000000000 ) ) ;
#1353 = VERTEX_POINT ( 'NONE', #1524 ) ;
#1354 = ORIENTED_EDGE ( 'NONE', *, *, #1143, .T. ) ;
#1355 = AXIS2_PLACEMENT_3D ( 'NONE', #222, #1274, #610 ) ;
#1356 = EDGE_LOOP ( 'NONE', ( #2421, #1200, #660, #2124 ) ) ;
#1357 = DIRECTION ( 'NONE',  ( -0.8774016282616191598, -0.4797565869520285520, 0.000000000000000000 ) ) ;
#1358 = PLANE ( 'NONE',  #1305 ) ;
#1359 = LINE ( 'NONE', #2578, #1315 ) ;
#1360 = PLANE ( 'NONE',  #1174 ) ;
#1361 = LINE ( 'NONE', #750, #1497 ) ;
#1362 = VECTOR ( 'NONE', #1458, 1000.000000000000000 ) ;
#1363 = VERTEX_POINT ( 'NONE', #1733 ) ;
#1364 = EDGE_CURVE ( 'NONE', #433, #1961, #1109, .T. ) ;
#1365 = DIRECTION ( 'NONE',  ( 0.7071067811865487940, -0.7071067811865463515, 0.000000000000000000 ) ) ;
#1366 = ORIENTED_EDGE ( 'NONE', *, *, #518, .T. ) ;
#1367 = ORIENTED_EDGE ( 'NONE', *, *, #195, .T. ) ;
#1368 = LINE ( 'NONE', #705, #1976 ) ;
#1369 = DIRECTION ( 'NONE',  ( -7.542275982507858133E-16, -1.000000000000000000, 0.000000000000000000 ) ) ;
#1370 = SURFACE_STYLE_USAGE ( .BOTH. , #2708 ) ;
#1371 = DIRECTION ( 'NONE',  ( -0.000000000000000000, -0.000000000000000000, 1.000000000000000000 ) ) ;
#1372 = CARTESIAN_POINT ( 'NONE',  ( -1.533204554547225262, 1.000000000000000000, 0.2500000000000000000 ) ) ;
#1373 = CARTESIAN_POINT ( 'NONE',  ( -1.650000000000000133, 0.8699999999999998845, 0.2500000000000000000 ) ) ;
#1374 = VERTEX_POINT ( 'NONE', #1543 ) ;
#1375 = FACE_OUTER_BOUND ( 'NONE', #1475, .T. ) ;
#1376 = ORIENTED_EDGE ( 'NONE', *, *, #80, .T. ) ;
#1377 = ADVANCED_FACE ( 'NONE', ( #242 ), #1358, .F. ) ;
#1378 = ORIENTED_EDGE ( 'NONE', *, *, #2520, .F. ) ;
#1379 = DIRECTION ( 'NONE',  ( -0.7071067811865474617, -0.7071067811865476838, 0.000000000000000000 ) ) ;
#1380 = FILL_AREA_STYLE_COLOUR ( '', #509 ) ;
#1381 = SURFACE_SIDE_STYLE ('',( #371 ) ) ;
#1382 = CARTESIAN_POINT ( 'NONE',  ( 1.461484617936139596, -0.8700000000000003286, -0.05000000000000000278 ) ) ;
#1383 = PLANE ( 'NONE',  #2678 ) ;
#1384 = DIRECTION ( 'NONE',  ( 0.7071067811865464625, 0.7071067811865486830, 0.000000000000000000 ) ) ;
#1385 = ADVANCED_FACE ( 'NONE', ( #1318 ), #1005, .F. ) ;
#1386 = DIRECTION ( 'NONE',  ( -1.548860246407863583E-16, 1.000000000000000000, 0.000000000000000000 ) ) ;
#1387 = DIRECTION ( 'NONE',  ( -0.000000000000000000, -0.000000000000000000, 1.000000000000000000 ) ) ;
#1388 = AXIS2_PLACEMENT_3D ( 'NONE', #1542, #885, #1357 ) ;
#1389 = ORIENTED_EDGE ( 'NONE', *, *, #1496, .T. ) ;
#1390 = VECTOR ( 'NONE', #170, 1000.000000000000000 ) ;
#1391 = ORIENTED_EDGE ( 'NONE', *, *, #309, .F. ) ;
#1392 = AXIS2_PLACEMENT_3D ( 'NONE', #1795, #735, #1139 ) ;
#1393 = VERTEX_POINT ( 'NONE', #593 ) ;
#1394 = EDGE_CURVE ( 'NONE', #2151, #393, #1645, .T. ) ;
#1395 = FILL_AREA_STYLE ('',( #2695 ) ) ;
#1396 = CARTESIAN_POINT ( 'NONE',  ( -1.750000000000000222, 0.8699999999999998845, 0.2500000000000000000 ) ) ;
#1397 = DIRECTION ( 'NONE',  ( 1.000000000000000000, 0.000000000000000000, 0.000000000000000000 ) ) ;
#1398 = ORIENTED_EDGE ( 'NONE', *, *, #1822, .T. ) ;
#1399 = CARTESIAN_POINT ( 'NONE',  ( -1.600000000000000311, 1.400000000000000133, 0.2500000000000000000 ) ) ;
#1400 = CARTESIAN_POINT ( 'NONE',  ( -1.750000000000000222, -0.8699999999999998845, -0.05000000000000000278 ) ) ;
#1401 = VECTOR ( 'NONE', #1982, 1000.000000000000000 ) ;
#1402 = LINE ( 'NONE', #2670, #1170 ) ;
#1403 = DIRECTION ( 'NONE',  ( -1.000000000000000000, 0.000000000000000000, 0.000000000000000000 ) ) ;
#1404 = ORIENTED_EDGE ( 'NONE', *, *, #309, .T. ) ;
#1406 = ORIENTED_EDGE ( 'NONE', *, *, #1582, .F. ) ;
#1405 = EDGE_CURVE ( 'NONE', #2544, #2346, #2275, .T. ) ;
#1407 = ORIENTED_EDGE ( 'NONE', *, *, #664, .F. ) ;
#1408 = CARTESIAN_POINT ( 'NONE',  ( 0.000000000000000000, 0.000000000000000000, 0.6899999999999999467 ) ) ;
#1409 = EDGE_CURVE ( 'NONE', #2168, #1716, #1239, .T. ) ;
#1410 = FILL_AREA_STYLE_COLOUR ( '', #1960 ) ;
#1411 = CARTESIAN_POINT ( 'NONE',  ( 1.000000000000000222, 1.310630101413334359, 0.2500000000000000000 ) ) ;
#1412 = LINE ( 'NONE', #373, #904 ) ;
#1413 = DIRECTION ( 'NONE',  ( 1.000000000000000000, 0.000000000000000000, 0.000000000000000000 ) ) ;
#1414 = EDGE_CURVE ( 'NONE', #368, #247, #2487, .T. ) ;
#1415 = DIRECTION ( 'NONE',  ( -0.7071067811865475727, 0.7071067811865475727, -0.000000000000000000 ) ) ;
#1416 = ORIENTED_EDGE ( 'NONE', *, *, #975, .F. ) ;
#1417 = LINE ( 'NONE', #2458, #2731 ) ;
#1418 = ORIENTED_EDGE ( 'NONE', *, *, #1496, .F. ) ;
#1419 = CARTESIAN_POINT ( 'NONE',  ( 0.9999999999999993339, -1.310630101413334359, 0.2500000000000000000 ) ) ;
#1420 = VERTEX_POINT ( 'NONE', #943 ) ;
#1421 = VERTEX_POINT ( 'NONE', #2290 ) ;
#1422 = ORIENTED_EDGE ( 'NONE', *, *, #2619, .F. ) ;
#1423 = DIRECTION ( 'NONE',  ( 0.000000000000000000, 0.000000000000000000, -1.000000000000000000 ) ) ;
#1424 = DIRECTION ( 'NONE',  ( -0.9431811834750138956, -0.3322788815718992761, 0.000000000000000000 ) ) ;
#1425 = CARTESIAN_POINT ( 'NONE',  ( -0.6249999999999971134, -0.6249999999999992228, 0.2500000000000000000 ) ) ;
#1426 = EDGE_CURVE ( 'NONE', #1018, #2556, #607, .T. ) ;
#1427 = DIRECTION ( 'NONE',  ( -0.000000000000000000, 1.000000000000000000, 1.770355362610966583E-15 ) ) ;
#1428 = LINE ( 'NONE', #2495, #834 ) ;
#1429 = LINE ( 'NONE', #2484, #2364 ) ;
#1430 = EDGE_CURVE ( 'NONE', #260, #2375, #1179, .T. ) ;
#1431 = CARTESIAN_POINT ( 'NONE',  ( 1.690000000000000613, 0.4399999999999998357, -0.05000000000000000278 ) ) ;
#1432 = VERTEX_POINT ( 'NONE', #1859 ) ;
#1433 = VECTOR ( 'NONE', #676, 1000.000000000000000 ) ;
#1434 = CARTESIAN_POINT ( 'NONE',  ( -0.9999999999999997780, 1.310630101413334803, 0.2500000000000000000 ) ) ;
#1435 = VERTEX_POINT ( 'NONE', #2649 ) ;
#1436 = ORIENTED_EDGE ( 'NONE', *, *, #2464, .F. ) ;
#1437 = VECTOR ( 'NONE', #290, 1000.000000000000000 ) ;
#1438 = VECTOR ( 'NONE', #1365, 1000.000000000000000 ) ;
#1439 = DIRECTION ( 'NONE',  ( 0.000000000000000000, -0.000000000000000000, -1.000000000000000000 ) ) ;
#1440 = VECTOR ( 'NONE', #1660, 1000.000000000000000 ) ;
#1441 = DIRECTION ( 'NONE',  ( 0.7071067811865489050, -0.7071067811865462405, -0.000000000000000000 ) ) ;
#1442 = VECTOR ( 'NONE', #1888, 1000.000000000000000 ) ;
#1443 = CARTESIAN_POINT ( 'NONE',  ( 1.599999999999999867, 1.400000000000000133, 0.2500000000000000000 ) ) ;
#1444 = LINE ( 'NONE', #2268, #432 ) ;
#1445 = LINE ( 'NONE', #144, #325 ) ;
#1446 = LINE ( 'NONE', #1189, #2140 ) ;
#1447 = EDGE_CURVE ( 'NONE', #247, #2291, #313, .T. ) ;
#1448 = EDGE_LOOP ( 'NONE', ( #2272, #1993, #741, #2136, #1649, #1689, #2359, #594, #324, #2196, #1630, #2318, #892, #10, #168, #1064, #2221, #1714, #1760, #1201 ) ) ;
#1449 = DIRECTION ( 'NONE',  ( -0.000000000000000000, 0.000000000000000000, 1.000000000000000000 ) ) ;
#1450 = ORIENTED_EDGE ( 'NONE', *, *, #2456, .F. ) ;
#1451 = VERTEX_POINT ( 'NONE', #733 ) ;
#1452 = LINE ( 'NONE', #1243, #2570 ) ;
#1453 = LINE ( 'NONE', #16, #780 ) ;
#1454 = LINE ( 'NONE', #835, #2370 ) ;
#1455 = CARTESIAN_POINT ( 'NONE',  ( -0.9999999999999988898, -1.310630101413334803, 0.2500000000000000000 ) ) ;
#1456 = VERTEX_POINT ( 'NONE', #161 ) ;
#1457 = LINE ( 'NONE', #1944, #821 ) ;
#1458 = DIRECTION ( 'NONE',  ( -0.000000000000000000, -0.000000000000000000, 1.000000000000000000 ) ) ;
#1459 = VERTEX_POINT ( 'NONE', #2519 ) ;
#1460 = DIRECTION ( 'NONE',  ( -0.000000000000000000, -0.000000000000000000, 1.000000000000000000 ) ) ;
#1461 = ORIENTED_EDGE ( 'NONE', *, *, #1125, .T. ) ;
#1462 = ADVANCED_FACE ( 'NONE', ( #2703 ), #2632, .F. ) ;
#1463 = CARTESIAN_POINT ( 'NONE',  ( -1.599999999999999867, -0.8658653493407467705, -0.05000000000000000278 ) ) ;
#1464 = VECTOR ( 'NONE', #2139, 1000.000000000000000 ) ;
#1465 = DIRECTION ( 'NONE',  ( -0.4371751945780210646, -0.8993763668485342810, 0.000000000000000000 ) ) ;
#1466 = CARTESIAN_POINT ( 'NONE',  ( -1.650000000000000133, -0.8699999999999998845, 0.2500000000000000000 ) ) ;
#1467 = FACE_OUTER_BOUND ( 'NONE', #2674, .T. ) ;
#1468 = DIRECTION ( 'NONE',  ( -1.000000000000000000, 0.000000000000000000, 0.000000000000000000 ) ) ;
#1469 = ADVANCED_FACE ( 'NONE', ( #1019 ), #1161, .F. ) ;
#1470 = CARTESIAN_POINT ( 'NONE',  ( 1.650000000000000133, -0.8699999999999998845, 0.2500000000000000000 ) ) ;
#1471 = STYLED_ITEM ( 'NONE', ( #2450 ), #1244 ) ;
#1472 = ORIENTED_EDGE ( 'NONE', *, *, #1647, .T. ) ;
#1473 = ADVANCED_FACE ( 'NONE', ( #2022 ), #2211, .F. ) ;
#1474 = CARTESIAN_POINT ( 'NONE',  ( 1.593204554547225094, 1.000000000000000000, 0.2500000000000000000 ) ) ;
#1475 = EDGE_LOOP ( 'NONE', ( #953, #2001, #1670, #711 ) ) ;
#1476 = VERTEX_POINT ( 'NONE', #1883 ) ;
#1477 = EDGE_CURVE ( 'NONE', #1871, #2705, #1151, .T. ) ;
#1478 = ORIENTED_EDGE ( 'NONE', *, *, #1784, .T. ) ;
#1479 = CARTESIAN_POINT ( 'NONE',  ( -1.600000000000000311, 0.9699999999999999734, -0.05000000000000000278 ) ) ;
#1480 = AXIS2_PLACEMENT_3D ( 'NONE', #2468, #781, #1001 ) ;
#1481 = EDGE_CURVE ( 'NONE', #1999, #787, #828, .T. ) ;
#1482 = DIRECTION ( 'NONE',  ( -0.000000000000000000, -0.000000000000000000, 1.000000000000000000 ) ) ;
#1483 = VECTOR ( 'NONE', #534, 1000.000000000000000 ) ;
#1484 = LINE ( 'NONE', #1892, #769 ) ;
#1485 = CARTESIAN_POINT ( 'NONE',  ( 1.390259633596963473, -0.9412249843391756743, -0.05000000000000000278 ) ) ;
#1486 = VECTOR ( 'NONE', #2158, 1000.000000000000000 ) ;
#1487 = DIRECTION ( 'NONE',  ( -0.000000000000000000, -0.000000000000000000, -1.000000000000000000 ) ) ;
#1488 = DIRECTION ( 'NONE',  ( -0.000000000000000000, -0.000000000000000000, 1.000000000000000000 ) ) ;
#1489 = ORIENTED_EDGE ( 'NONE', *, *, #2180, .F. ) ;
#1490 = ORIENTED_EDGE ( 'NONE', *, *, #2044, .T. ) ;
#1491 = DIRECTION ( 'NONE',  ( -0.000000000000000000, -1.000000000000000000, 1.770355362610966583E-15 ) ) ;
#1492 = EDGE_CURVE ( 'NONE', #1326, #1978, #956, .T. ) ;
#1493 = ORIENTED_EDGE ( 'NONE', *, *, #2087, .T. ) ;
#1494 = AXIS2_PLACEMENT_3D ( 'NONE', #2592, #2633, #1765 ) ;
#1495 = DIRECTION ( 'NONE',  ( -1.000000000000000000, -0.000000000000000000, 0.000000000000000000 ) ) ;
#1496 = EDGE_CURVE ( 'NONE', #2291, #1065, #1995, .T. ) ;
#1497 = VECTOR ( 'NONE', #157, 1000.000000000000000 ) ;
#1498 = LINE ( 'NONE', #1245, #870 ) ;
#1499 = AXIS2_PLACEMENT_3D ( 'NONE', #1321, #270, #1113 ) ;
#1500 = DIRECTION ( 'NONE',  ( -0.000000000000000000, -0.000000000000000000, 1.000000000000000000 ) ) ;
#1501 = DIRECTION ( 'NONE',  ( 1.000000000000000000, -4.613626265895764052E-16, 0.000000000000000000 ) ) ;
#1502 = ADVANCED_FACE ( 'NONE', ( #148 ), #1596, .T. ) ;
#1503 = LINE ( 'NONE', #441, #730 ) ;
#1504 = DIRECTION ( 'NONE',  ( -0.000000000000000000, 0.000000000000000000, 1.000000000000000000 ) ) ;
#1505 = EDGE_CURVE ( 'NONE', #1456, #1619, #2110, .T. ) ;
#1506 = ORIENTED_EDGE ( 'NONE', *, *, #397, .F. ) ;
#1507 = ORIENTED_EDGE ( 'NONE', *, *, #2087, .F. ) ;
#1508 = CARTESIAN_POINT ( 'NONE',  ( 1.600000000000000311, -1.399999999999999689, 0.2500000000000000000 ) ) ;
#1509 = EDGE_LOOP ( 'NONE', ( #1107, #1949, #2486, #1800 ) ) ;
#1510 = FACE_OUTER_BOUND ( 'NONE', #57, .T. ) ;
#1511 = VERTEX_POINT ( 'NONE', #2095 ) ;
#1512 = PLANE ( 'NONE',  #1355 ) ;
#1513 = LINE ( 'NONE', #1721, #1169 ) ;
#1514 = CARTESIAN_POINT ( 'NONE',  ( 0.000000000000000000, 0.000000000000000000, 0.2500000000000000000 ) ) ;
#1515 = DIRECTION ( 'NONE',  ( 1.000000000000000000, 0.000000000000000000, 0.000000000000000000 ) ) ;
#1516 = CARTESIAN_POINT ( 'NONE',  ( 1.600000000000000311, -0.9699999999999999734, -0.05000000000000000278 ) ) ;
#1517 = ORIENTED_EDGE ( 'NONE', *, *, #1324, .F. ) ;
#1518 = ORIENTED_EDGE ( 'NONE', *, *, #2392, .T. ) ;
#1519 = EDGE_CURVE ( 'NONE', #1459, #136, #2360, .T. ) ;
#1520 = LINE ( 'NONE', #2123, #235 ) ;
#1521 = ORIENTED_EDGE ( 'NONE', *, *, #256, .F. ) ;
#1522 = ORIENTED_EDGE ( 'NONE', *, *, #1766, .F. ) ;
#1523 = CARTESIAN_POINT ( 'NONE',  ( 1.600000000000000311, -0.9699999999999999734, 0.2500000000000000000 ) ) ;
#1524 = CARTESIAN_POINT ( 'NONE',  ( -1.149999999999999911, 1.150000000000000133, 0.6999999999999999556 ) ) ;
#1525 = VECTOR ( 'NONE', #2648, 1000.000000000000000 ) ;
#1526 = DIRECTION ( 'NONE',  ( 1.000000000000000000, 0.000000000000000000, 0.000000000000000000 ) ) ;
#1527 = VECTOR ( 'NONE', #2081, 1000.000000000000000 ) ;
#1528 = ADVANCED_FACE ( 'NONE', ( #1715 ), #2557, .F. ) ;
#1529 = VECTOR ( 'NONE', #1301, 1000.000000000000000 ) ;
#1530 = CARTESIAN_POINT ( 'NONE',  ( 1.000000000000000000, -1.370630101413334856, 0.5856994769723758987 ) ) ;
#1531 = LINE ( 'NONE', #1348, #2441 ) ;
#1532 = EDGE_CURVE ( 'NONE', #505, #1476, #1520, .T. ) ;
#1533 = AXIS2_PLACEMENT_3D ( 'NONE', #2552, #2526, #654 ) ;
#1534 = ORIENTED_EDGE ( 'NONE', *, *, #427, .F. ) ;
#1535 = ORIENTED_EDGE ( 'NONE', *, *, #2601, .T. ) ;
#1536 = AXIS2_PLACEMENT_3D ( 'NONE', #112, #2215, #1850 ) ;
#1537 = VECTOR ( 'NONE', #2697, 1000.000000000000000 ) ;
#1538 = CARTESIAN_POINT ( 'NONE',  ( 1.599999999999999867, 1.400000000000000133, 0.2500000000000000000 ) ) ;
#1539 = EDGE_LOOP ( 'NONE', ( #182, #2036, #307, #1351 ) ) ;
#1540 = ADVANCED_FACE ( 'NONE', ( #2572 ), #190, .F. ) ;
#1541 = VERTEX_POINT ( 'NONE', #1741 ) ;
#1542 = CARTESIAN_POINT ( 'NONE',  ( -0.07620747095596126786, 0.1393718417234494911, -0.05000000000000000278 ) ) ;
#1543 = CARTESIAN_POINT ( 'NONE',  ( 1.500000000000000000, 0.8000000000000001554, 0.6899999999999999467 ) ) ;
#1544 = FACE_OUTER_BOUND ( 'NONE', #2300, .T. ) ;
#1545 = CARTESIAN_POINT ( 'NONE',  ( 1.259999999999998899, -0.8700000000000002176, -0.05000000000000000278 ) ) ;
#1546 = CARTESIAN_POINT ( 'NONE',  ( -1.003697878580205094, -0.3535986662731738228, -0.05000000000000000278 ) ) ;
#1547 = ORIENTED_EDGE ( 'NONE', *, *, #1492, .F. ) ;
#1548 = ORIENTED_EDGE ( 'NONE', *, *, #1766, .T. ) ;
#1550 = CARTESIAN_POINT ( 'NONE',  ( 0.000000000000000000, 0.000000000000000000, 0.2500000000000000000 ) ) ;
#1549 = APPLICATION_CONTEXT ( 'automotive_design' ) ;
#1551 = VERTEX_POINT ( 'NONE', #2529 ) ;
#1552 = EDGE_CURVE ( 'NONE', #2574, #881, #1699, .T. ) ;
#1553 = ORIENTED_EDGE ( 'NONE', *, *, #463, .T. ) ;
#1554 = DIRECTION ( 'NONE',  ( 1.000000000000000000, 4.336808689942016158E-15, 0.000000000000000000 ) ) ;
#1555 = ADVANCED_FACE ( 'NONE', ( #2135 ), #462, .F. ) ;
#1556 = DIRECTION ( 'NONE',  ( -1.000000000000000000, -0.000000000000000000, -0.000000000000000000 ) ) ;
#1557 = DIRECTION ( 'NONE',  ( 4.613626265895764052E-16, -1.000000000000000000, 0.000000000000000000 ) ) ;
#1558 = LINE ( 'NONE', #474, #1486 ) ;
#1559 = CARTESIAN_POINT ( 'NONE',  ( 0.000000000000000000, 0.000000000000000000, 0.6999999999999999556 ) ) ;
#1560 = ORIENTED_EDGE ( 'NONE', *, *, #1405, .T. ) ;
#1561 = ORIENTED_EDGE ( 'NONE', *, *, #2273, .T. ) ;
#1562 = EDGE_CURVE ( 'NONE', #1771, #1432, #9, .T. ) ;
#1563 = CARTESIAN_POINT ( 'NONE',  ( -0.6299999999999998934, 0.8699999999999996625, -0.05000000000000000278 ) ) ;
#1564 = ORIENTED_EDGE ( 'NONE', *, *, #1010, .F. ) ;
#1565 = ADVANCED_FACE ( 'NONE', ( #1063 ), #1924, .T. ) ;
#1566 = ORIENTED_EDGE ( 'NONE', *, *, #2616, .F. ) ;
#1567 = LINE ( 'NONE', #732, #2228 ) ;
#1568 = DIRECTION ( 'NONE',  ( -1.548860246407863583E-16, 1.000000000000000000, -0.000000000000000000 ) ) ;
#1569 = DIRECTION ( 'NONE',  ( 0.000000000000000000, 0.000000000000000000, 1.000000000000000000 ) ) ;
#1570 = CARTESIAN_POINT ( 'NONE',  ( 1.000000000000000000, -1.370630101413334856, 0.2500000000000000000 ) ) ;
#1571 = DIRECTION ( 'NONE',  ( 1.000000000000000000, 0.000000000000000000, -0.000000000000000000 ) ) ;
#1572 = VECTOR ( 'NONE', #1568, 1000.000000000000000 ) ;
#1573 = ORIENTED_EDGE ( 'NONE', *, *, #1586, .F. ) ;
#1574 = ORIENTED_EDGE ( 'NONE', *, *, #2309, .F. ) ;
#1575 = AXIS2_PLACEMENT_3D ( 'NONE', #1089, #25, #882 ) ;
#1576 = DIRECTION ( 'NONE',  ( 0.000000000000000000, 0.000000000000000000, 1.000000000000000000 ) ) ;
#1577 = ORIENTED_EDGE ( 'NONE', *, *, #2020, .F. ) ;
#1578 = VECTOR ( 'NONE', #2154, 1000.000000000000000 ) ;
#1579 = EDGE_CURVE ( 'NONE', #79, #1580, #1937, .T. ) ;
#1580 = VERTEX_POINT ( 'NONE', #1508 ) ;
#1581 = CARTESIAN_POINT ( 'NONE',  ( 1.599999999999996092, 6.938893903907209445E-15, -0.05000000000000000278 ) ) ;
#1582 = EDGE_CURVE ( 'NONE', #1922, #249, #2150, .T. ) ;
#1583 = DIRECTION ( 'NONE',  ( -0.7071067811865476838, 0.7071067811865474617, 0.000000000000000000 ) ) ;
#1584 = FACE_OUTER_BOUND ( 'NONE', #2223, .T. ) ;
#1585 = DIRECTION ( 'NONE',  ( -1.000000000000000000, -0.000000000000000000, -0.000000000000000000 ) ) ;
#1586 = EDGE_CURVE ( 'NONE', #2420, #524, #407, .T. ) ;
#1587 = LINE ( 'NONE', #2428, #335 ) ;
#1588 = DIRECTION ( 'NONE',  ( -1.000000000000000000, 0.000000000000000000, 0.000000000000000000 ) ) ;
#1589 = CIRCLE ( 'NONE', #700, 0.1000000000000000472 ) ;
#1590 = DIRECTION ( 'NONE',  ( 5.421010862427518226E-16, 1.000000000000000000, -0.000000000000000000 ) ) ;
#1591 = EDGE_CURVE ( 'NONE', #2264, #2435, #658, .T. ) ;
#1592 = DIRECTION ( 'NONE',  ( -1.000000000000000000, -3.130922086286853038E-15, 0.000000000000000000 ) ) ;
#1593 = ORIENTED_EDGE ( 'NONE', *, *, #2305, .F. ) ;
#1594 = ORIENTED_EDGE ( 'NONE', *, *, #692, .F. ) ;
#1595 = ORIENTED_EDGE ( 'NONE', *, *, #2444, .F. ) ;
#1596 = PLANE ( 'NONE',  #1664 ) ;
#1597 = DIRECTION ( 'NONE',  ( -0.000000000000000000, -0.000000000000000000, 1.000000000000000000 ) ) ;
#1598 = DIRECTION ( 'NONE',  ( -0.000000000000000000, -0.000000000000000000, 1.000000000000000000 ) ) ;
#1599 = DIRECTION ( 'NONE',  ( 0.000000000000000000, -0.000000000000000000, 1.000000000000000000 ) ) ;
#1600 = DIRECTION ( 'NONE',  ( 0.000000000000000000, 0.000000000000000000, 1.000000000000000000 ) ) ;
#1601 = VECTOR ( 'NONE', #239, 1000.000000000000000 ) ;
#1602 = EDGE_LOOP ( 'NONE', ( #820, #2571, #2475, #2192 ) ) ;
#1603 = EDGE_LOOP ( 'NONE', ( #1141, #1106, #22, #1191, #228, #1573, #464, #1114, #2416, #788, #936, #1050, #905, #1548, #930, #2627, #526, #1193, #1299, #406 ) ) ;
#1604 = FACE_OUTER_BOUND ( 'NONE', #1509, .T. ) ;
#1605 = ORIENTED_EDGE ( 'NONE', *, *, #752, .F. ) ;
#1606 = ORIENTED_EDGE ( 'NONE', *, *, #195, .F. ) ;
#1607 = ORIENTED_EDGE ( 'NONE', *, *, #1696, .F. ) ;
#1608 = SURFACE_STYLE_FILL_AREA ( #355 ) ;
#1609 = CARTESIAN_POINT ( 'NONE',  ( 1.650000000000000133, -0.8699999999999998845, 0.2500000000000000000 ) ) ;
#1610 = DIRECTION ( 'NONE',  ( -0.7071067811865491270, -0.7071067811865459074, 0.000000000000000000 ) ) ;
#1611 = DIRECTION ( 'NONE',  ( 1.000000000000000000, -1.571307496355798026E-16, 0.000000000000000000 ) ) ;
#1612 = DIRECTION ( 'NONE',  ( 0.08715574274765836016, -0.000000000000000000, -0.9961946980917455452 ) ) ;
#1613 = CARTESIAN_POINT ( 'NONE',  ( -1.600000000000000311, 0.000000000000000000, -0.000000000000000000 ) ) ;
#1614 = AXIS2_PLACEMENT_3D ( 'NONE', #1631, #580, #1160 ) ;
#1615 = ORIENTED_EDGE ( 'NONE', *, *, #800, .F. ) ;
#1616 = AXIS2_PLACEMENT_3D ( 'NONE', #1538, #726, #507 ) ;
#1617 = ORIENTED_EDGE ( 'NONE', *, *, #326, .F. ) ;
#1618 = VERTEX_POINT ( 'NONE', #1104 ) ;
#1619 = VERTEX_POINT ( 'NONE', #447 ) ;
#1620 = VECTOR ( 'NONE', #2224, 1000.000000000000000 ) ;
#1621 = EDGE_CURVE ( 'NONE', #1972, #2380, #841, .T. ) ;
#1622 = VECTOR ( 'NONE', #2493, 1000.000000000000000 ) ;
#1623 = FACE_OUTER_BOUND ( 'NONE', #56, .T. ) ;
#1624 = CARTESIAN_POINT ( 'NONE',  ( 1.690000000000000613, -0.4400000000000002798, 0.2500000000000000000 ) ) ;
#1625 = ORIENTED_EDGE ( 'NONE', *, *, #808, .F. ) ;
#1626 = LINE ( 'NONE', #140, #2629 ) ;
#1627 = LINE ( 'NONE', #2467, #2516 ) ;
#1628 = DIRECTION ( 'NONE',  ( -0.000000000000000000, 1.000000000000000000, -0.000000000000000000 ) ) ;
#1629 = PLANE ( 'NONE',  #1172 ) ;
#1630 = ORIENTED_EDGE ( 'NONE', *, *, #124, .T. ) ;
#1631 = CARTESIAN_POINT ( 'NONE',  ( 1.650000000000000133, -0.8699999999999998845, -0.05000000000000000278 ) ) ;
#1632 = VECTOR ( 'NONE', #504, 1000.000000000000000 ) ;
#1633 = VECTOR ( 'NONE', #1985, 1000.000000000000114 ) ;
#1634 = ORIENTED_EDGE ( 'NONE', *, *, #1236, .T. ) ;
#1635 = ORIENTED_EDGE ( 'NONE', *, *, #50, .T. ) ;
#1636 = ADVANCED_FACE ( 'NONE', ( #218 ), #231, .F. ) ;
#1637 = EDGE_CURVE ( 'NONE', #1202, #2544, #1728, .T. ) ;
#1638 = DIRECTION ( 'NONE',  ( -1.000000000000000000, 5.421010862427528086E-16, 0.000000000000000000 ) ) ;
#1639 = DIRECTION ( 'NONE',  ( 3.614007241618351532E-15, -1.000000000000000000, 0.000000000000000000 ) ) ;
#1640 = DIRECTION ( 'NONE',  ( -1.000000000000000000, 0.000000000000000000, 0.000000000000000000 ) ) ;
#1641 = CARTESIAN_POINT ( 'NONE',  ( -1.560630101413334136, -1.000000000000000000, 0.6999999999999999556 ) ) ;
#1642 = ORIENTED_EDGE ( 'NONE', *, *, #1837, .F. ) ;
#1643 = CARTESIAN_POINT ( 'NONE',  ( 0.000000000000000000, 0.000000000000000000, 0.2500000000000000000 ) ) ;
#1644 = ORIENTED_EDGE ( 'NONE', *, *, #1324, .T. ) ;
#1645 = LINE ( 'NONE', #172, #1036 ) ;
#1646 = ORIENTED_EDGE ( 'NONE', *, *, #789, .T. ) ;
#1647 = EDGE_CURVE ( 'NONE', #1947, #2602, #1145, .T. ) ;
#1648 = EDGE_LOOP ( 'NONE', ( #229, #119, #1406, #1407, #1211, #1564, #147, #2393, #783, #617, #1642, #1418, #1700, #174, #1490, #459, #1270, #2160, #2208, #1281, #1789, #477, #565, #566, #1175, #1422, #891, #979 ) ) ;
#1649 = ORIENTED_EDGE ( 'NONE', *, *, #1238, .T. ) ;
#1650 = DIRECTION ( 'NONE',  ( -1.000000000000000000, -2.168404344971010594E-16, 0.000000000000000000 ) ) ;
#1651 = FACE_OUTER_BOUND ( 'NONE', #2588, .T. ) ;
#1652 = CARTESIAN_POINT ( 'NONE',  ( -1.533204554547225262, 1.000000000000000000, 0.2500000000000000000 ) ) ;
#1653 = LINE ( 'NONE', #2534, #598 ) ;
#1654 = CARTESIAN_POINT ( 'NONE',  ( 0.000000000000000000, 0.9699999999999999734, -0.05000000000000000278 ) ) ;
#1655 = ADVANCED_FACE ( 'NONE', ( #924 ), #699, .F. ) ;
#1656 = CARTESIAN_POINT ( 'NONE',  ( 1.499999999999999112, -0.8000000000000010436, 0.6899999999999999467 ) ) ;
#1657 = CARTESIAN_POINT ( 'NONE',  ( 1.390259633596963473, -0.9412249843391756743, -0.05000000000000000278 ) ) ;
#1658 = ORIENTED_EDGE ( 'NONE', *, *, #1790, .T. ) ;
#1659 = AXIS2_PLACEMENT_3D ( 'NONE', #2102, #1038, #2723 ) ;
#1660 = DIRECTION ( 'NONE',  ( -0.000000000000000000, -0.000000000000000000, 1.000000000000000000 ) ) ;
#1661 = ORIENTED_EDGE ( 'NONE', *, *, #2270, .T. ) ;
#1662 = VECTOR ( 'NONE', #1002, 1000.000000000000000 ) ;
#1663 = FACE_OUTER_BOUND ( 'NONE', #508, .T. ) ;
#1664 = AXIS2_PLACEMENT_3D ( 'NONE', #2436, #893, #672 ) ;
#1665 = CARTESIAN_POINT ( 'NONE',  ( -0.8080135153002266923, 0.3927648966481435688, -0.05000000000000000278 ) ) ;
#1666 = AXIS2_PLACEMENT_3D ( 'NONE', #561, #961, #749 ) ;
#1667 = VECTOR ( 'NONE', #774, 1000.000000000000000 ) ;
#1668 = CARTESIAN_POINT ( 'NONE',  ( 0.000000000000000000, -0.8658653493407467705, -0.05000000000000000278 ) ) ;
#1669 = LINE ( 'NONE', #2512, #478 ) ;
#1670 = ORIENTED_EDGE ( 'NONE', *, *, #1287, .T. ) ;
#1671 = CARTESIAN_POINT ( 'NONE',  ( 0.9900529414853735943, -1.391251133647407379, 0.3499999999999999778 ) ) ;
#1672 = EDGE_CURVE ( 'NONE', #2706, #1972, #2683, .T. ) ;
#1673 = PLANE ( 'NONE',  #295 ) ;
#1674 = VERTEX_POINT ( 'NONE', #274 ) ;
#1675 = EDGE_CURVE ( 'NONE', #1727, #1961, #1340, .T. ) ;
#1676 = AXIS2_PLACEMENT_3D ( 'NONE', #1514, #1233, #2080 ) ;
#1677 = DIRECTION ( 'NONE',  ( -1.807003620809175845E-14, -1.000000000000000000, -0.000000000000000000 ) ) ;
#1678 = ORIENTED_EDGE ( 'NONE', *, *, #358, .T. ) ;
#1679 = CIRCLE ( 'NONE', #525, 0.1000000000000000472 ) ;
#1680 = DIRECTION ( 'NONE',  ( -0.000000000000000000, -0.000000000000000000, 1.000000000000000000 ) ) ;
#1681 = CARTESIAN_POINT ( 'NONE',  ( -0.4099999999999997535, 0.000000000000000000, -0.000000000000000000 ) ) ;
#1682 = LINE ( 'NONE', #2494, #1310 ) ;
#1683 = CARTESIAN_POINT ( 'NONE',  ( -1.750000000000000222, 0.9699999999999999734, 0.2500000000000000000 ) ) ;
#1684 = CARTESIAN_POINT ( 'NONE',  ( -1.599999999999999867, -1.399999999999999689, 0.000000000000000000 ) ) ;
#1685 = DIRECTION ( 'NONE',  ( -0.000000000000000000, -0.000000000000000000, 1.000000000000000000 ) ) ;
#1686 = ORIENTED_EDGE ( 'NONE', *, *, #124, .F. ) ;
#1687 = CARTESIAN_POINT ( 'NONE',  ( 2.723902215069577475E-15, -0.8700000000000048805, -0.05000000000000000278 ) ) ;
#1688 = EDGE_CURVE ( 'NONE', #2168, #37, #66, .T. ) ;
#1689 = ORIENTED_EDGE ( 'NONE', *, *, #1927, .T. ) ;
#1690 = CARTESIAN_POINT ( 'NONE',  ( -1.650000000000000133, -0.8699999999999998845, 0.2500000000000000000 ) ) ;
#1691 = DIRECTION ( 'NONE',  ( 1.574907427193317165E-15, 0.08715574274765836016, 0.9961946980917455452 ) ) ;
#1692 = CARTESIAN_POINT ( 'NONE',  ( 1.533204554547225484, -0.8480995205855555996, 0.6999999999999999556 ) ) ;
#1693 = LINE ( 'NONE', #402, #928 ) ;
#1694 = CARTESIAN_POINT ( 'NONE',  ( 0.9999999999999993339, -1.310630101413334359, 0.6999999999999999556 ) ) ;
#1695 = DIRECTION ( 'NONE',  ( 0.000000000000000000, -1.000000000000000000, 0.000000000000000000 ) ) ;
#1696 = EDGE_CURVE ( 'NONE', #311, #2374, #938, .T. ) ;
#1697 = ORIENTED_EDGE ( 'NONE', *, *, #1837, .T. ) ;
#1698 = ORIENTED_EDGE ( 'NONE', *, *, #2273, .F. ) ;
#1699 = LINE ( 'NONE', #631, #2365 ) ;
#1700 = ORIENTED_EDGE ( 'NONE', *, *, #1447, .F. ) ;
#1701 = ADVANCED_FACE ( 'NONE', ( #1375 ), #2162, .F. ) ;
#1702 = PLANE ( 'NONE',  #843 ) ;
#1703 = VECTOR ( 'NONE', #1590, 1000.000000000000000 ) ;
#1704 = CARTESIAN_POINT ( 'NONE',  ( -1.593204554547225094, 1.000000000000000000, 0.2500000000000000000 ) ) ;
#1705 = EDGE_CURVE ( 'NONE', #2362, #2712, #1116, .T. ) ;
#1706 = VECTOR ( 'NONE', #94, 1000.000000000000000 ) ;
#1707 = CARTESIAN_POINT ( 'NONE',  ( 1.000000000000000000, -1.370630101413334856, 0.2500000000000000000 ) ) ;
#1708 = PLANE ( 'NONE',  #878 ) ;
#1709 = VECTOR ( 'NONE', #934, 1000.000000000000000 ) ;
#1710 = DIRECTION ( 'NONE',  ( -0.000000000000000000, -0.000000000000000000, 1.000000000000000000 ) ) ;
#1711 = CARTESIAN_POINT ( 'NONE',  ( -1.599999999999999867, 0.000000000000000000, -0.05000000000000000278 ) ) ;
#1712 = VECTOR ( 'NONE', #2465, 1000.000000000000000 ) ;
#1713 = EDGE_LOOP ( 'NONE', ( #338, #743, #2112, #2748 ) ) ;
#1714 = ORIENTED_EDGE ( 'NONE', *, *, #114, .T. ) ;
#1715 = FACE_OUTER_BOUND ( 'NONE', #2402, .T. ) ;
#1716 = VERTEX_POINT ( 'NONE', #1975 ) ;
#1717 = CARTESIAN_POINT ( 'NONE',  ( 1.000000000000000000, 1.360630101413334403, 0.6999999999999999556 ) ) ;
#1718 = CIRCLE ( 'NONE', #1146, 0.1000000000000000472 ) ;
#1719 = ORIENTED_EDGE ( 'NONE', *, *, #1394, .T. ) ;
#1720 = CARTESIAN_POINT ( 'NONE',  ( 1.593204554547225094, -1.000000000000000000, 0.2500000000000000000 ) ) ;
#1721 = CARTESIAN_POINT ( 'NONE',  ( -0.6249999999999972244, -0.6249999999999993339, -0.05000000000000000278 ) ) ;
#1722 = DIRECTION ( 'NONE',  ( -0.000000000000000000, -0.000000000000000000, 1.000000000000000000 ) ) ;
#1723 = EDGE_CURVE ( 'NONE', #1074, #1761, #2219, .T. ) ;
#1724 = DIRECTION ( 'NONE',  ( -0.000000000000000000, -0.000000000000000000, 1.000000000000000000 ) ) ;
#1725 = CARTESIAN_POINT ( 'NONE',  ( -1.593204554547225094, -1.000000000000000000, 0.2500000000000000000 ) ) ;
#1726 = VERTEX_POINT ( 'NONE', #1772 ) ;
#1727 = VERTEX_POINT ( 'NONE', #2000 ) ;
#1728 = LINE ( 'NONE', #523, #1437 ) ;
#1729 = ORIENTED_EDGE ( 'NONE', *, *, #213, .T. ) ;
#1730 = ORIENTED_EDGE ( 'NONE', *, *, #975, .T. ) ;
#1731 = CARTESIAN_POINT ( 'NONE',  ( 1.499999999999999112, -0.8000000000000010436, 0.6899999999999999467 ) ) ;
#1732 = ADVANCED_FACE ( 'NONE', ( #1801 ), #51, .T. ) ;
#1733 = CARTESIAN_POINT ( 'NONE',  ( -0.6300000000000001155, -0.8699999999999997735, -0.05000000000000000278 ) ) ;
#1734 = DIRECTION ( 'NONE',  ( 0.000000000000000000, -1.000000000000000000, 0.000000000000000000 ) ) ;
#1735 = CARTESIAN_POINT ( 'NONE',  ( -1.600000000000000311, -0.9699999999999999734, 0.2500000000000000000 ) ) ;
#1736 = ADVANCED_FACE ( 'NONE', ( #1989 ), #1168, .F. ) ;
#1737 = LINE ( 'NONE', #946, #2669 ) ;
#1738 = ORIENTED_EDGE ( 'NONE', *, *, #442, .F. ) ;
#1739 = ORIENTED_EDGE ( 'NONE', *, *, #1430, .T. ) ;
#1740 = EDGE_CURVE ( 'NONE', #2167, #993, #713, .T. ) ;
#1741 = CARTESIAN_POINT ( 'NONE',  ( 1.259999999999998899, 0.8699999999999999956, -0.000000000000000000 ) ) ;
#1742 = EDGE_LOOP ( 'NONE', ( #2581, #1312, #1935, #2744 ) ) ;
#1743 = VERTEX_POINT ( 'NONE', #321 ) ;
#1744 = CARTESIAN_POINT ( 'NONE',  ( -1.599999999999999867, 0.000000000000000000, -0.000000000000000000 ) ) ;
#1745 = LINE ( 'NONE', #2620, #1572 ) ;
#1746 = VECTOR ( 'NONE', #1332, 1000.000000000000000 ) ;
#1747 = LINE ( 'NONE', #473, #2510 ) ;
#1748 = VECTOR ( 'NONE', #2642, 1000.000000000000000 ) ;
#1749 = LINE ( 'NONE', #2610, #1887 ) ;
#1750 = VECTOR ( 'NONE', #2485, 1000.000000000000000 ) ;
#1751 = ORIENTED_EDGE ( 'NONE', *, *, #1822, .F. ) ;
#1752 = CARTESIAN_POINT ( 'NONE',  ( -1.000000000000000000, 1.370630101413334856, 0.2500000000000000000 ) ) ;
#1753 = VECTOR ( 'NONE', #1251, 1000.000000000000000 ) ;
#1754 = EDGE_LOOP ( 'NONE', ( #367, #1450, #914, #1030 ) ) ;
#1755 = EDGE_CURVE ( 'NONE', #2749, #2435, #2376, .T. ) ;
#1756 = EDGE_LOOP ( 'NONE', ( #1255, #2366, #262, #353 ) ) ;
#1757 = VECTOR ( 'NONE', #2734, 1000.000000000000000 ) ;
#1758 = CARTESIAN_POINT ( 'NONE',  ( 1.461484617936139596, -0.8700000000000003286, 0.000000000000000000 ) ) ;
#1759 = EDGE_CURVE ( 'NONE', #378, #1006, #480, .T. ) ;
#1760 = ORIENTED_EDGE ( 'NONE', *, *, #483, .T. ) ;
#1761 = VERTEX_POINT ( 'NONE', #1758 ) ;
#1762 = ORIENTED_EDGE ( 'NONE', *, *, #1212, .T. ) ;
#1763 = PLANE ( 'NONE',  #414 ) ;
#1764 = CARTESIAN_POINT ( 'NONE',  ( -1.593204554547225094, 1.000000000000000000, 0.3276722969457787071 ) ) ;
#1765 = DIRECTION ( 'NONE',  ( 0.000000000000000000, -0.000000000000000000, 1.000000000000000000 ) ) ;
#1766 = EDGE_CURVE ( 'NONE', #2569, #1849, #2206, .T. ) ;
#1767 = DIRECTION ( 'NONE',  ( 0.7071067811865470176, -0.7071067811865480168, 0.000000000000000000 ) ) ;
#1768 = EDGE_LOOP ( 'NONE', ( #2263, #552, #2489, #883, #2260 ) ) ;
#1769 = CARTESIAN_POINT ( 'NONE',  ( -0.07620747095596126786, 0.1393718417234494911, -0.000000000000000000 ) ) ;
#1770 = EDGE_LOOP ( 'NONE', ( #2209, #2490, #2391, #1148 ) ) ;
#1771 = VERTEX_POINT ( 'NONE', #305 ) ;
#1772 = CARTESIAN_POINT ( 'NONE',  ( 1.560630101413334359, 1.000000000000000000, 0.6999999999999999556 ) ) ;
#1773 = EDGE_LOOP ( 'NONE', ( #2675, #1738, #1094, #388 ) ) ;
#1774 = EDGE_CURVE ( 'NONE', #203, #1322, #1156, .T. ) ;
#1775 = VERTEX_POINT ( 'NONE', #1431 ) ;
#1776 = ORIENTED_EDGE ( 'NONE', *, *, #989, .T. ) ;
#1777 = DIRECTION ( 'NONE',  ( 0.000000000000000000, -0.000000000000000000, 1.000000000000000000 ) ) ;
#1778 = CARTESIAN_POINT ( 'NONE',  ( 1.600000000000000311, 0.9699999999999999734, 0.2500000000000000000 ) ) ;
#1779 = CARTESIAN_POINT ( 'NONE',  ( -1.320000000000002283, 0.8699999999999997735, 0.000000000000000000 ) ) ;
#1780 = FACE_OUTER_BOUND ( 'NONE', #1834, .T. ) ;
#1781 = DIRECTION ( 'NONE',  ( -0.8774016282616191598, -0.4797565869520286075, 0.000000000000000000 ) ) ;
#1782 = ORIENTED_EDGE ( 'NONE', *, *, #589, .F. ) ;
#1783 = CARTESIAN_POINT ( 'NONE',  ( 1.630586109861937416, -0.7507179652708434459, 0.3499999999999999778 ) ) ;
#1784 = EDGE_CURVE ( 'NONE', #1120, #2167, #2247, .T. ) ;
#1785 = DIRECTION ( 'NONE',  ( -0.000000000000000000, -0.000000000000000000, 1.000000000000000000 ) ) ;
#1786 = ORIENTED_EDGE ( 'NONE', *, *, #522, .T. ) ;
#1787 = ADVANCED_FACE ( 'NONE', ( #2686 ), #1017, .T. ) ;
#1788 = PRODUCT_DEFINITION_CONTEXT ( 'detailed design', #1799, 'design' ) ;
#1789 = ORIENTED_EDGE ( 'NONE', *, *, #2517, .F. ) ;
#1790 = EDGE_CURVE ( 'NONE', #362, #2083, #1446, .T. ) ;
#1791 = DIRECTION ( 'NONE',  ( -0.000000000000000000, -0.000000000000000000, 1.000000000000000000 ) ) ;
#1792 = DIRECTION ( 'NONE',  ( 0.000000000000000000, 0.000000000000000000, -1.000000000000000000 ) ) ;
#1793 = CARTESIAN_POINT ( 'NONE',  ( -1.750000000000000444, -0.5000000000000000000, 0.2500000000000000000 ) ) ;
#1794 = EDGE_CURVE ( 'NONE', #659, #2264, #976, .T. ) ;
#1795 = CARTESIAN_POINT ( 'NONE',  ( -1.000000000000000000, -1.370630101413334856, 0.2500000000000000000 ) ) ;
#1796 = CARTESIAN_POINT ( 'NONE',  ( -0.4099999999999997535, 0.8699999999999998845, -0.05000000000000000278 ) ) ;
#1797 = VECTOR ( 'NONE', #500, 1000.000000000000000 ) ;
#1798 = VECTOR ( 'NONE', #2082, 1000.000000000000114 ) ;
#1799 = APPLICATION_CONTEXT ( 'automotive_design' ) ;
#1800 = ORIENTED_EDGE ( 'NONE', *, *, #1696, .T. ) ;
#1801 = FACE_OUTER_BOUND ( 'NONE', #2335, .T. ) ;
#1802 = ORIENTED_EDGE ( 'NONE', *, *, #2024, .T. ) ;
#1803 = VECTOR ( 'NONE', #1054, 1000.000000000000000 ) ;
#1804 = ORIENTED_EDGE ( 'NONE', *, *, #463, .F. ) ;
#1805 = PLANE ( 'NONE',  #553 ) ;
#1806 = CARTESIAN_POINT ( 'NONE',  ( -1.600000000000000311, 1.400000000000000133, 0.000000000000000000 ) ) ;
#1807 = CARTESIAN_POINT ( 'NONE',  ( 1.690000000000000613, -0.4400000000000001688, -0.05000000000000000278 ) ) ;
#1808 = DIRECTION ( 'NONE',  ( 0.000000000000000000, -1.000000000000000000, 0.000000000000000000 ) ) ;
#1809 = CARTESIAN_POINT ( 'NONE',  ( -0.4099999999999997535, 0.8699999999999998845, -0.000000000000000000 ) ) ;
#1810 = DIRECTION ( 'NONE',  ( 2.596891431103006537E-16, 1.000000000000000000, 0.000000000000000000 ) ) ;
#1811 = ADVANCED_FACE ( 'NONE', ( #1604 ), #1629, .F. ) ;
#1812 = VECTOR ( 'NONE', #2174, 1000.000000000000000 ) ;
#1813 = ORIENTED_EDGE ( 'NONE', *, *, #2431, .F. ) ;
#1814 = CARTESIAN_POINT ( 'NONE',  ( 1.000000000000000000, 1.370630101413334856, 0.2500000000000000000 ) ) ;
#1815 = ORIENTED_EDGE ( 'NONE', *, *, #549, .T. ) ;
#1816 = ORIENTED_EDGE ( 'NONE', *, *, #1740, .F. ) ;
#1817 = ORIENTED_EDGE ( 'NONE', *, *, #2030, .T. ) ;
#1818 = CARTESIAN_POINT ( 'NONE',  ( 1.000000000000000000, 1.370630101413334856, 0.2500000000000000000 ) ) ;
#1819 = CARTESIAN_POINT ( 'NONE',  ( -1.600000000000000311, 0.9699999999999999734, 0.000000000000000000 ) ) ;
#1820 = CARTESIAN_POINT ( 'NONE',  ( -2.259295545059615465E-16, -0.8699999999999998845, -0.05000000000000000278 ) ) ;
#1821 = CARTESIAN_POINT ( 'NONE',  ( 1.600000000000000311, -0.9699999999999999734, 0.2500000000000000000 ) ) ;
#1822 = EDGE_CURVE ( 'NONE', #1619, #620, #2033, .T. ) ;
#1823 = DIRECTION ( 'NONE',  ( -1.246209393661499865E-16, -1.000000000000000000, 0.000000000000000000 ) ) ;
#1824 = ORIENTED_EDGE ( 'NONE', *, *, #1992, .T. ) ;
#1825 = ADVANCED_FACE ( 'NONE', ( #2261 ), #2287, .F. ) ;
#1826 = ORIENTED_EDGE ( 'NONE', *, *, #1192, .F. ) ;
#1827 = ORIENTED_EDGE ( 'NONE', *, *, #300, .T. ) ;
#1828 = CARTESIAN_POINT ( 'NONE',  ( -1.000000000000000000, -1.370630101413334856, 0.2500000000000000000 ) ) ;
#1829 = PRODUCT_CONTEXT ( 'NONE', #1549, 'mechanical' ) ;
#1830 = LINE ( 'NONE', #123, #1266 ) ;
#1831 = DIRECTION ( 'NONE',  ( -1.000000000000000000, -0.000000000000000000, -0.000000000000000000 ) ) ;
#1832 = LINE ( 'NONE', #1206, #2336 ) ;
#1833 = FACE_OUTER_BOUND ( 'NONE', #1773, .T. ) ;
#1834 = EDGE_LOOP ( 'NONE', ( #2003, #1577, #1842, #1004 ) ) ;
#1835 = DIRECTION ( 'NONE',  ( -0.08715574274765836016, -0.000000000000000000, -0.9961946980917455452 ) ) ;
#1836 = VECTOR ( 'NONE', #1248, 999.9999999999998863 ) ;
#1837 = EDGE_CURVE ( 'NONE', #1065, #2602, #131, .T. ) ;
#1838 = ORIENTED_EDGE ( 'NONE', *, *, #1426, .T. ) ;
#1839 = VECTOR ( 'NONE', #1785, 1000.000000000000000 ) ;
#1840 = VECTOR ( 'NONE', #2476, 1000.000000000000114 ) ;
#1841 = EDGE_CURVE ( 'NONE', #1541, #1007, #145, .T. ) ;
#1842 = ORIENTED_EDGE ( 'NONE', *, *, #483, .F. ) ;
#1843 = ORIENTED_EDGE ( 'NONE', *, *, #2104, .T. ) ;
#1844 = AXIS2_PLACEMENT_3D ( 'NONE', #901, #693, #503 ) ;
#1845 = ORIENTED_EDGE ( 'NONE', *, *, #1409, .T. ) ;
#1846 = VECTOR ( 'NONE', #1231, 1000.000000000000114 ) ;
#1847 = LINE ( 'NONE', #2425, #2285 ) ;
#1848 = FACE_OUTER_BOUND ( 'NONE', #1602, .T. ) ;
#1849 = VERTEX_POINT ( 'NONE', #1199 ) ;
#1850 = DIRECTION ( 'NONE',  ( -1.000000000000000000, 0.000000000000000000, -0.000000000000000000 ) ) ;
#1851 = DIRECTION ( 'NONE',  ( 1.000000000000000000, 0.000000000000000000, 0.000000000000000000 ) ) ;
#1852 = LINE ( 'NONE', #169, #2453 ) ;
#1853 = VECTOR ( 'NONE', #329, 1000.000000000000000 ) ;
#1854 = DIRECTION ( 'NONE',  ( -1.000000000000000000, 0.000000000000000000, 0.000000000000000000 ) ) ;
#1855 = EDGE_CURVE ( 'NONE', #1435, #2043, #796, .T. ) ;
#1856 = AXIS2_PLACEMENT_3D ( 'NONE', #2714, #2053, #1413 ) ;
#1857 = EDGE_LOOP ( 'NONE', ( #1282, #756, #1378, #964, #873, #1436 ) ) ;
#1858 = ORIENTED_EDGE ( 'NONE', *, *, #219, .T. ) ;
#1859 = CARTESIAN_POINT ( 'NONE',  ( 1.599999999999999867, 0.8699999999999998845, 0.000000000000000000 ) ) ;
#1860 = ORIENTED_EDGE ( 'NONE', *, *, #833, .T. ) ;
#1861 = ORIENTED_EDGE ( 'NONE', *, *, #682, .F. ) ;
#1862 = EDGE_CURVE ( 'NONE', #524, #1027, #988, .T. ) ;
#1863 = CARTESIAN_POINT ( 'NONE',  ( -1.599999999999999867, -1.360630101413333959, 0.6999999999999999556 ) ) ;
#1864 = FACE_OUTER_BOUND ( 'NONE', #805, .T. ) ;
#1865 = DIRECTION ( 'NONE',  ( -1.000000000000000000, -0.000000000000000000, -0.000000000000000000 ) ) ;
#1866 = DIRECTION ( 'NONE',  ( -0.000000000000000000, 0.000000000000000000, 1.000000000000000000 ) ) ;
#1867 = DIRECTION ( 'NONE',  ( -0.000000000000000000, 0.000000000000000000, -1.000000000000000000 ) ) ;
#1868 = ORIENTED_EDGE ( 'NONE', *, *, #1192, .T. ) ;
#1869 = CARTESIAN_POINT ( 'NONE',  ( -0.9999999999999997780, 1.310630101413334803, 0.2500000000000000000 ) ) ;
#1870 = VECTOR ( 'NONE', #2216, 1000.000000000000000 ) ;
#1871 = VERTEX_POINT ( 'NONE', #379 ) ;
#1872 = PLANE ( 'NONE',  #212 ) ;
#1873 = EDGE_CURVE ( 'NONE', #91, #787, #2055, .T. ) ;
#1874 = DIRECTION ( 'NONE',  ( 1.000000000000000000, 0.000000000000000000, 0.000000000000000000 ) ) ;
#1875 = CARTESIAN_POINT ( 'NONE',  ( 1.600000000000000311, -0.9699999999999999734, -0.05000000000000000278 ) ) ;
#1876 = LINE ( 'NONE', #2724, #484 ) ;
#1877 = EDGE_CURVE ( 'NONE', #1432, #2017, #1417, .T. ) ;
#1878 = ORIENTED_EDGE ( 'NONE', *, *, #1096, .F. ) ;
#1879 = DIRECTION ( 'NONE',  ( 0.7071067811865475727, 0.7071067811865475727, 0.000000000000000000 ) ) ;
#1880 = DIRECTION ( 'NONE',  ( 0.000000000000000000, 0.000000000000000000, 1.000000000000000000 ) ) ;
#1881 = EDGE_LOOP ( 'NONE', ( #294, #977, #728, #2702 ) ) ;
#1882 = VECTOR ( 'NONE', #1025, 1000.000000000000000 ) ;
#1883 = CARTESIAN_POINT ( 'NONE',  ( 1.020673973719447014, -1.360630101413333737, 0.6999999999999999556 ) ) ;
#1884 = EDGE_CURVE ( 'NONE', #1339, #296, #591, .T. ) ;
#1885 = ORIENTED_EDGE ( 'NONE', *, *, #1040, .F. ) ;
#1886 = DIRECTION ( 'NONE',  ( -1.000000000000000000, 0.000000000000000000, 0.000000000000000000 ) ) ;
#1887 = VECTOR ( 'NONE', #1808, 1000.000000000000000 ) ;
#1888 = DIRECTION ( 'NONE',  ( -0.000000000000000000, -0.000000000000000000, 1.000000000000000000 ) ) ;
#1889 = VECTOR ( 'NONE', #2169, 1000.000000000000000 ) ;
#1890 = VECTOR ( 'NONE', #165, 1000.000000000000114 ) ;
#1891 = ADVANCED_FACE ( 'NONE', ( #1223 ), #764, .F. ) ;
#1892 = CARTESIAN_POINT ( 'NONE',  ( -1.000000000000000000, -1.370630101413334856, 0.2500000000000000000 ) ) ;
#1893 = CARTESIAN_POINT ( 'NONE',  ( -1.600000000000000311, 0.9699999999999999734, 0.2500000000000000000 ) ) ;
#1894 = VERTEX_POINT ( 'NONE', #1657 ) ;
#1895 = CARTESIAN_POINT ( 'NONE',  ( 1.000000000000000000, -1.370630101413334856, 0.2500000000000000000 ) ) ;
#1896 = ORIENTED_EDGE ( 'NONE', *, *, #1447, .T. ) ;
#1897 = LINE ( 'NONE', #443, #2113 ) ;
#1898 = ORIENTED_EDGE ( 'NONE', *, *, #339, .F. ) ;
#1899 = DIRECTION ( 'NONE',  ( 1.000000000000000000, 0.000000000000000000, -0.000000000000000000 ) ) ;
#1900 = ORIENTED_EDGE ( 'NONE', *, *, #129, .F. ) ;
#1901 = VECTOR ( 'NONE', #2313, 1000.000000000000114 ) ;
#1902 = FACE_OUTER_BOUND ( 'NONE', #2091, .T. ) ;
#1903 = CARTESIAN_POINT ( 'NONE',  ( 1.390259633596963251, 0.9412249843391757853, -0.05000000000000000278 ) ) ;
#1904 = EDGE_CURVE ( 'NONE', #1224, #1476, #2499, .T. ) ;
#1905 = CARTESIAN_POINT ( 'NONE',  ( -1.000000000000000000, 1.370630101413334856, 0.2500000000000000000 ) ) ;
#1906 = DIRECTION ( 'NONE',  ( 0.000000000000000000, 0.000000000000000000, 1.000000000000000000 ) ) ;
#1907 = ADVANCED_FACE ( 'NONE', ( #753 ), #2443, .T. ) ;
#1908 = CARTESIAN_POINT ( 'NONE',  ( 0.000000000000000000, -0.9699999999999999734, -0.05000000000000000278 ) ) ;
#1909 = CARTESIAN_POINT ( 'NONE',  ( -0.6300000000000001155, -0.8699999999999997735, -0.05000000000000000278 ) ) ;
#1910 = VERTEX_POINT ( 'NONE', #2106 ) ;
#1911 = ADVANCED_FACE ( 'NONE', ( #2093 ), #2147, .T. ) ;
#1912 = ORIENTED_EDGE ( 'NONE', *, *, #1182, .T. ) ;
#1913 = DIRECTION ( 'NONE',  ( -0.7071067811865486830, 0.7071067811865464625, 0.000000000000000000 ) ) ;
#1914 = ADVANCED_FACE ( 'NONE', ( #416 ), #202, .F. ) ;
#1915 = EDGE_LOOP ( 'NONE', ( #907, #319, #1272, #204, #2630, #2239, #2377, #1416, #1625, #1293 ) ) ;
#1916 = DIRECTION ( 'NONE',  ( 0.000000000000000000, -0.000000000000000000, 1.000000000000000000 ) ) ;
#1917 = DIRECTION ( 'NONE',  ( -0.8993763668485343921, 0.4371751945780211202, 0.000000000000000000 ) ) ;
#1918 = LINE ( 'NONE', #1707, #2009 ) ;
#1919 = DIRECTION ( 'NONE',  ( -0.000000000000000000, -0.000000000000000000, 1.000000000000000000 ) ) ;
#1920 = LINE ( 'NONE', #1735, #2323 ) ;
#1921 = CARTESIAN_POINT ( 'NONE',  ( 1.000000000000000444, -1.399999999999999467, 0.2500000000000024425 ) ) ;
#1922 = VERTEX_POINT ( 'NONE', #2537 ) ;
#1923 = ORIENTED_EDGE ( 'NONE', *, *, #1481, .T. ) ;
#1924 = PLANE ( 'NONE',  #864 ) ;
#1925 = EDGE_LOOP ( 'NONE', ( #784, #104, #567, #1644 ) ) ;
#1926 = ORIENTED_EDGE ( 'NONE', *, *, #1621, .T. ) ;
#1927 = EDGE_CURVE ( 'NONE', #2153, #2120, #2554, .T. ) ;
#1928 = CARTESIAN_POINT ( 'NONE',  ( 0.000000000000000000, 0.8699999999999998845, -0.05000000000000000278 ) ) ;
#1929 = DIRECTION ( 'NONE',  ( 0.7071067811865470176, -0.7071067811865480168, 0.000000000000000000 ) ) ;
#1930 = VECTOR ( 'NONE', #105, 1000.000000000000000 ) ;
#1931 = DIRECTION ( 'NONE',  ( 1.000000000000000000, -5.421010862427519212E-16, 0.000000000000000000 ) ) ;
#1932 = CARTESIAN_POINT ( 'NONE',  ( -1.150000000000000799, -1.149999999999998801, 0.6899999999999999467 ) ) ;
#1933 = DIRECTION ( 'NONE',  ( -0.7071067811865475727, 0.7071067811865475727, -0.000000000000000000 ) ) ;
#1934 = DIRECTION ( 'NONE',  ( -1.807003620809175845E-14, -1.000000000000000000, 0.000000000000000000 ) ) ;
#1935 = ORIENTED_EDGE ( 'NONE', *, *, #1227, .F. ) ;
#1936 = EDGE_LOOP ( 'NONE', ( #160, #220, #1878, #2179 ) ) ;
#1937 = LINE ( 'NONE', #2316, #556 ) ;
#1938 = VERTEX_POINT ( 'NONE', #1292 ) ;
#1939 = ORIENTED_EDGE ( 'NONE', *, *, #358, .F. ) ;
#1940 = EDGE_CURVE ( 'NONE', #1363, #776, #850, .T. ) ;
#1941 = DIRECTION ( 'NONE',  ( 0.000000000000000000, -1.000000000000000000, 0.000000000000000000 ) ) ;
#1942 = LINE ( 'NONE', #1137, #861 ) ;
#1943 = CARTESIAN_POINT ( 'NONE',  ( 1.750000000000000444, -0.5000000000000000000, 0.2500000000000000000 ) ) ;
#1944 = CARTESIAN_POINT ( 'NONE',  ( -0.9999999999999997780, 1.310630101413334803, 0.6999999999999999556 ) ) ;
#1945 = DIRECTION ( 'NONE',  ( -0.7071067811865486830, 0.7071067811865464625, 0.000000000000000000 ) ) ;
#1946 = ORIENTED_EDGE ( 'NONE', *, *, #2498, .F. ) ;
#1947 = VERTEX_POINT ( 'NONE', #430 ) ;
#1948 = CARTESIAN_POINT ( 'NONE',  ( -1.000000000000000000, 1.370630101413334856, 0.2500000000000000000 ) ) ;
#1949 = ORIENTED_EDGE ( 'NONE', *, *, #1940, .F. ) ;
#1950 = ORIENTED_EDGE ( 'NONE', *, *, #289, .T. ) ;
#1951 = CARTESIAN_POINT ( 'NONE',  ( -1.599999999999999867, -1.370630101413334856, 0.5856994769723758987 ) ) ;
#1952 = DIRECTION ( 'NONE',  ( -0.000000000000000000, -0.000000000000000000, 1.000000000000000000 ) ) ;
#1953 = CARTESIAN_POINT ( 'NONE',  ( 1.599999999999996092, 6.938893903907209445E-15, -0.05000000000000000278 ) ) ;
#1954 = FACE_OUTER_BOUND ( 'NONE', #754, .T. ) ;
#1955 = CARTESIAN_POINT ( 'NONE',  ( 1.599999999999996092, 6.938893903907209445E-15, 0.000000000000000000 ) ) ;
#1956 = EDGE_CURVE ( 'NONE', #770, #1353, #655, .T. ) ;
#1957 = ORIENTED_EDGE ( 'NONE', *, *, #779, .F. ) ;
#1958 = CARTESIAN_POINT ( 'NONE',  ( 1.500000000000000000, 0.8000000000000001554, 0.6999999999999999556 ) ) ;
#1959 = DIRECTION ( 'NONE',  ( -3.614007241618325499E-15, 1.000000000000000000, -0.000000000000000000 ) ) ;
#1960 = COLOUR_RGB ( '',1.000000000000000000, 1.000000000000000000, 1.000000000000000000 ) ;
#1961 = VERTEX_POINT ( 'NONE', #456 ) ;
#1962 = ADVANCED_FACE ( 'NONE', ( #879 ), #2730, .F. ) ;
#1963 = ORIENTED_EDGE ( 'NONE', *, *, #1046, .F. ) ;
#1964 = ORIENTED_EDGE ( 'NONE', *, *, #1794, .F. ) ;
#1965 = DIRECTION ( 'NONE',  ( -5.421010862427527100E-16, -1.000000000000000000, 0.000000000000000000 ) ) ;
#1966 = LINE ( 'NONE', #2184, #1433 ) ;
#1967 = VECTOR ( 'NONE', #1639, 1000.000000000000000 ) ;
#1968 = LINE ( 'NONE', #734, #292 ) ;
#1969 = LINE ( 'NONE', #2173, #1219 ) ;
#1970 = AXIS2_PLACEMENT_3D ( 'NONE', #1222, #1016, #1866 ) ;
#1971 = LINE ( 'NONE', #1769, #2288 ) ;
#1972 = VERTEX_POINT ( 'NONE', #405 ) ;
#1973 = CARTESIAN_POINT ( 'NONE',  ( -1.600000000000000311, 1.400000000000000133, 0.2500000000000000000 ) ) ;
#1974 = ADVANCED_FACE ( 'NONE', ( #215 ), #2, .F. ) ;
#1975 = CARTESIAN_POINT ( 'NONE',  ( -1.500000000000000888, -0.7999999999999983791, 0.6899999999999999467 ) ) ;
#1976 = VECTOR ( 'NONE', #2199, 1000.000000000000000 ) ;
#1977 = VERTEX_POINT ( 'NONE', #2758 ) ;
#1978 = VERTEX_POINT ( 'NONE', #2567 ) ;
#1979 = LINE ( 'NONE', #297, #183 ) ;
#1980 = PRODUCT_DEFINITION_SHAPE ( 'NONE', 'NONE',  #798 ) ;
#1981 = PLANE ( 'NONE',  #1178 ) ;
#1982 = DIRECTION ( 'NONE',  ( -1.000000000000000000, 2.596891431103006537E-16, 0.000000000000000000 ) ) ;
#1983 = CARTESIAN_POINT ( 'NONE',  ( 1.750000000000000222, 0.8699999999999998845, 0.2500000000000000000 ) ) ;
#1984 = VECTOR ( 'NONE', #1865, 1000.000000000000000 ) ;
#1985 = DIRECTION ( 'NONE',  ( 0.3322788815718992761, -0.9431811834750137846, 0.000000000000000000 ) ) ;
#1986 = ADVANCED_FACE ( 'NONE', ( #2299 ), #1252, .T. ) ;
#1987 = VERTEX_POINT ( 'NONE', #1516 ) ;
#1988 = LINE ( 'NONE', #1783, #1748 ) ;
#1989 = FACE_OUTER_BOUND ( 'NONE', #2046, .T. ) ;
#1990 = ADVANCED_FACE ( 'NONE', ( #2330 ), #1673, .F. ) ;
#1991 = EDGE_LOOP ( 'NONE', ( #1478, #1521, #2736, #751 ) ) ;
#1992 = EDGE_CURVE ( 'NONE', #505, #450, #186, .T. ) ;
#1993 = ORIENTED_EDGE ( 'NONE', *, *, #423, .T. ) ;
#1994 = DIRECTION ( 'NONE',  ( -0.8774016282616201590, 0.4797565869520268311, 0.000000000000000000 ) ) ;
#1995 = LINE ( 'NONE', #1806, #1620 ) ;
#1996 = CARTESIAN_POINT ( 'NONE',  ( 1.000000000000000000, -1.370630101413334856, 0.2500000000000000000 ) ) ;
#1997 = FACE_OUTER_BOUND ( 'NONE', #2048, .T. ) ;
#1998 = CARTESIAN_POINT ( 'NONE',  ( -1.600000000000000311, 1.400000000000000133, 0.2500000000000000000 ) ) ;
#1999 = VERTEX_POINT ( 'NONE', #2344 ) ;
#2000 = CARTESIAN_POINT ( 'NONE',  ( -0.4099999999999997535, 0.8699999999999998845, -0.05000000000000000278 ) ) ;
#2001 = ORIENTED_EDGE ( 'NONE', *, *, #2270, .F. ) ;
#2002 = AXIS2_PLACEMENT_3D ( 'NONE', #1181, #97, #2025 ) ;
#2003 = ORIENTED_EDGE ( 'NONE', *, *, #664, .T. ) ;
#2004 = CARTESIAN_POINT ( 'NONE',  ( -1.599999999999999867, -1.399999999999999689, 0.2500000000000000000 ) ) ;
#2005 = EDGE_CURVE ( 'NONE', #871, #1309, #1897, .T. ) ;
#2006 = DIRECTION ( 'NONE',  ( 1.000000000000000000, -2.168404344971008868E-16, 0.000000000000000000 ) ) ;
#2007 = CARTESIAN_POINT ( 'NONE',  ( -0.6300000000000000044, 7.851119180067449939E-17, -0.05000000000000000278 ) ) ;
#2008 = DIRECTION ( 'NONE',  ( 0.000000000000000000, 0.000000000000000000, 1.000000000000000000 ) ) ;
#2009 = VECTOR ( 'NONE', #1500, 1000.000000000000000 ) ;
#2010 = AXIS2_PLACEMENT_3D ( 'NONE', #1973, #65, #1386 ) ;
#2011 = CARTESIAN_POINT ( 'NONE',  ( -1.750000000000000444, -0.5000000000000000000, 0.2500000000000000000 ) ) ;
#2012 = LINE ( 'NONE', #762, #2245 ) ;
#2013 = VECTOR ( 'NONE', #1029, 1000.000000000000000 ) ;
#2014 = ORIENTED_EDGE ( 'NONE', *, *, #2071, .T. ) ;
#2015 = MECHANICAL_DESIGN_GEOMETRIC_PRESENTATION_REPRESENTATION (  '', ( #1097 ), #2543 ) ;
#2016 = DIRECTION ( 'NONE',  ( 0.000000000000000000, 0.000000000000000000, -1.000000000000000000 ) ) ;
#2017 = VERTEX_POINT ( 'NONE', #226 ) ;
#2018 = VECTOR ( 'NONE', #2267, 1000.000000000000000 ) ;
#2019 = AXIS2_PLACEMENT_3D ( 'NONE', #1818, #139, #804 ) ;
#2020 = EDGE_CURVE ( 'NONE', #1421, #1922, #2743, .T. ) ;
#2021 = ORIENTED_EDGE ( 'NONE', *, *, #522, .F. ) ;
#2022 = FACE_OUTER_BOUND ( 'NONE', #1061, .T. ) ;
#2023 = VECTOR ( 'NONE', #677, 1000.000000000000000 ) ;
#2024 = EDGE_CURVE ( 'NONE', #993, #1674, #2527, .T. ) ;
#2025 = DIRECTION ( 'NONE',  ( 0.000000000000000000, 0.000000000000000000, -1.000000000000000000 ) ) ;
#2026 = DIRECTION ( 'NONE',  ( 0.4371751945780197324, 0.8993763668485349472, 0.000000000000000000 ) ) ;
#2027 = ORIENTED_EDGE ( 'NONE', *, *, #2068, .T. ) ;
#2028 = PLANE ( 'NONE',  #1536 ) ;
#2029 = PLANE ( 'NONE',  #155 ) ;
#2030 = EDGE_CURVE ( 'NONE', #2749, #1202, #679, .T. ) ;
#2031 = AXIS2_PLACEMENT_3D ( 'NONE', #440, #211, #224 ) ;
#2032 = DIRECTION ( 'NONE',  ( 0.08715574274765836016, -0.000000000000000000, 0.9961946980917455452 ) ) ;
#2033 = LINE ( 'NONE', #392, #1390 ) ;
#2034 = ORIENTED_EDGE ( 'NONE', *, *, #800, .T. ) ;
#2035 = VERTEX_POINT ( 'NONE', #491 ) ;
#2036 = ORIENTED_EDGE ( 'NONE', *, *, #303, .T. ) ;
#2037 = PLANE ( 'NONE',  #2019 ) ;
#2038 = EDGE_CURVE ( 'NONE', #249, #1091, #1531, .T. ) ;
#2039 = CARTESIAN_POINT ( 'NONE',  ( -0.6300000000000000044, 7.851119180067449939E-17, -0.000000000000000000 ) ) ;
#2040 = DIRECTION ( 'NONE',  ( 0.000000000000000000, -0.000000000000000000, 1.000000000000000000 ) ) ;
#2041 = DIRECTION ( 'NONE',  ( 0.7071067811865489050, -0.7071067811865462405, 0.000000000000000000 ) ) ;
#2042 =( GEOMETRIC_REPRESENTATION_CONTEXT ( 3 ) GLOBAL_UNCERTAINTY_ASSIGNED_CONTEXT ( ( #81 ) ) GLOBAL_UNIT_ASSIGNED_CONTEXT ( ( #315, #2696, #959 ) ) REPRESENTATION_CONTEXT ( 'NONE', 'WORKASPACE' ) );
#2043 = VERTEX_POINT ( 'NONE', #1154 ) ;
#2044 = EDGE_CURVE ( 'NONE', #296, #1432, #2580, .T. ) ;
#2045 = CARTESIAN_POINT ( 'NONE',  ( -0.6300000000000000044, 7.851119180067449939E-17, -0.05000000000000000278 ) ) ;
#2046 = EDGE_LOOP ( 'NONE', ( #1157, #1634, #538, #106, #394 ) ) ;
#2047 = ORIENTED_EDGE ( 'NONE', *, *, #2415, .T. ) ;
#2048 = EDGE_LOOP ( 'NONE', ( #884, #2197, #1522, #1250 ) ) ;
#2049 = LINE ( 'NONE', #1012, #134 ) ;
#2050 = DIRECTION ( 'NONE',  ( 0.000000000000000000, -1.000000000000000000, 0.000000000000000000 ) ) ;
#2051 = EDGE_CURVE ( 'NONE', #1938, #766, #62, .T. ) ;
#2052 = DIRECTION ( 'NONE',  ( 0.000000000000000000, 1.000000000000000000, 0.000000000000000000 ) ) ;
#2053 = DIRECTION ( 'NONE',  ( -0.000000000000000000, 0.000000000000000000, 1.000000000000000000 ) ) ;
#2054 = CARTESIAN_POINT ( 'NONE',  ( 1.341581210426922478E-16, -0.8699999999999996625, -0.05000000000000000278 ) ) ;
#2055 = LINE ( 'NONE', #2671, #817 ) ;
#2056 = ADVANCED_FACE ( 'NONE', ( #286 ), #2204, .F. ) ;
#2057 = ORIENTED_EDGE ( 'NONE', *, *, #2547, .T. ) ;
#2058 = PRESENTATION_LAYER_ASSIGNMENT (  '', '', ( #232 ) ) ;
#2059 = VECTOR ( 'NONE', #1913, 999.9999999999998863 ) ;
#2060 = ORIENTED_EDGE ( 'NONE', *, *, #765, .T. ) ;
#2061 = ORIENTED_EDGE ( 'NONE', *, *, #1904, .F. ) ;
#2062 = VECTOR ( 'NONE', #2333, 1000.000000000000000 ) ;
#2063 = AXIS2_PLACEMENT_3D ( 'NONE', #858, #1874, #2738 ) ;
#2064 = CARTESIAN_POINT ( 'NONE',  ( -1.599999999999999867, -1.399999999999999689, 0.2500000000000000000 ) ) ;
#2065 = DIRECTION ( 'NONE',  ( -5.421010862427528086E-16, -1.000000000000000000, 0.000000000000000000 ) ) ;
#2066 = CARTESIAN_POINT ( 'NONE',  ( 1.149999999999999023, -1.150000000000000577, 0.6999999999999999556 ) ) ;
#2067 = CARTESIAN_POINT ( 'NONE',  ( -1.599999999999999867, -1.399999999999999689, 0.2500000000000000000 ) ) ;
#2068 = EDGE_CURVE ( 'NONE', #2442, #1074, #2373, .T. ) ;
#2069 = CARTESIAN_POINT ( 'NONE',  ( 0.000000000000000000, 0.9699999999999999734, -0.05000000000000000278 ) ) ;
#2070 = CARTESIAN_POINT ( 'NONE',  ( -1.750000000000000444, 0.5000000000000000000, 0.2500000000000000000 ) ) ;
#2071 = EDGE_CURVE ( 'NONE', #1727, #1007, #519, .T. ) ;
#2072 = VECTOR ( 'NONE', #562, 1000.000000000000000 ) ;
#2073 = EDGE_LOOP ( 'NONE', ( #1698, #1489, #797, #697 ) ) ;
#2074 = DIRECTION ( 'NONE',  ( -5.421010862427527100E-16, -1.000000000000000000, 0.000000000000000000 ) ) ;
#2075 = ORIENTED_EDGE ( 'NONE', *, *, #163, .T. ) ;
#2076 = EDGE_CURVE ( 'NONE', #2017, #1316, #1737, .T. ) ;
#2077 = DIRECTION ( 'NONE',  ( 0.000000000000000000, 0.000000000000000000, -1.000000000000000000 ) ) ;
#2078 = CARTESIAN_POINT ( 'NONE',  ( -1.600000000000000311, 1.400000000000000133, 0.2500000000000000000 ) ) ;
#2079 = CARTESIAN_POINT ( 'NONE',  ( -1.750000000000000666, -8.073845965317590050E-16, -0.05000000000000000278 ) ) ;
#2080 = DIRECTION ( 'NONE',  ( 1.000000000000000000, 0.000000000000000000, 0.000000000000000000 ) ) ;
#2081 = DIRECTION ( 'NONE',  ( 1.000000000000000000, -0.000000000000000000, 0.000000000000000000 ) ) ;
#2082 = DIRECTION ( 'NONE',  ( 0.7071067811865470176, -0.7071067811865479058, 0.000000000000000000 ) ) ;
#2083 = VERTEX_POINT ( 'NONE', #737 ) ;
#2084 = CARTESIAN_POINT ( 'NONE',  ( -1.593204554547225094, 1.000000000000000000, 0.2500000000000000000 ) ) ;
#2085 = ORIENTED_EDGE ( 'NONE', *, *, #1258, .T. ) ;
#2086 = FACE_OUTER_BOUND ( 'NONE', #2474, .T. ) ;
#2087 = EDGE_CURVE ( 'NONE', #2582, #2291, #33, .T. ) ;
#2088 = CARTESIAN_POINT ( 'NONE',  ( -1.149999999999999911, 1.150000000000000133, 0.6899999999999999467 ) ) ;
#2089 = CARTESIAN_POINT ( 'NONE',  ( 1.593204554547225094, -1.000000000000000000, 0.2500000000000000000 ) ) ;
#2090 = LINE ( 'NONE', #1455, #1229 ) ;
#2091 = EDGE_LOOP ( 'NONE', ( #1167, #939, #366, #1171, #583 ) ) ;
#2092 = DIRECTION ( 'NONE',  ( 1.000000000000000000, 0.000000000000000000, 0.000000000000000000 ) ) ;
#2093 = FACE_OUTER_BOUND ( 'NONE', #1021, .T. ) ;
#2094 = VERTEX_POINT ( 'NONE', #302 ) ;
#2095 = CARTESIAN_POINT ( 'NONE',  ( 1.650000000000000133, -0.9699999999999999734, 0.2500000000000000000 ) ) ;
#2096 = VECTOR ( 'NONE', #1115, 1000.000000000000227 ) ;
#2097 = EDGE_CURVE ( 'NONE', #2380, #2760, #1589, .T. ) ;
#2098 = EDGE_LOOP ( 'NONE', ( #1102, #1900, #240, #2624, #2148, #35, #1816, #511 ) ) ;
#2099 = VECTOR ( 'NONE', #1210, 1000.000000000000000 ) ;
#2100 = CARTESIAN_POINT ( 'NONE',  ( 1.341581210426922478E-16, -0.8699999999999996625, -0.05000000000000000278 ) ) ;
#2101 = CARTESIAN_POINT ( 'NONE',  ( 0.000000000000000000, -1.000000000000000000, 0.3499999999999999778 ) ) ;
#2102 = CARTESIAN_POINT ( 'NONE',  ( -1.599999999999999867, -1.399999999999999689, 0.2500000000000000000 ) ) ;
#2103 = DIRECTION ( 'NONE',  ( -1.000000000000000000, 0.000000000000000000, 0.000000000000000000 ) ) ;
#2104 = EDGE_CURVE ( 'NONE', #2420, #2017, #476, .T. ) ;
#2105 = LINE ( 'NONE', #1908, #2321 ) ;
#2106 = CARTESIAN_POINT ( 'NONE',  ( 1.650000000000000133, 0.9699999999999999734, -0.05000000000000000278 ) ) ;
#2107 = ADVANCED_FACE ( 'NONE', ( #2429 ), #2401, .F. ) ;
#2108 = ORIENTED_EDGE ( 'NONE', *, *, #1675, .T. ) ;
#2109 = ORIENTED_EDGE ( 'NONE', *, *, #1349, .T. ) ;
#2110 = LINE ( 'NONE', #647, #467 ) ;
#2111 = ORIENTED_EDGE ( 'NONE', *, *, #2483, .F. ) ;
#2112 = ORIENTED_EDGE ( 'NONE', *, *, #1904, .T. ) ;
#2113 = VECTOR ( 'NONE', #2132, 1000.000000000000000 ) ;
#2114 = DIRECTION ( 'NONE',  ( -1.548860246407863583E-16, 1.000000000000000000, 0.000000000000000000 ) ) ;
#2115 = DIRECTION ( 'NONE',  ( 0.7071067811865480168, 0.7071067811865470176, 0.000000000000000000 ) ) ;
#2116 = DIRECTION ( 'NONE',  ( 0.000000000000000000, -0.08715574274765836016, 0.9961946980917455452 ) ) ;
#2117 = CARTESIAN_POINT ( 'NONE',  ( 1.000000000000000222, 1.310630101413334359, 0.2500000000000000000 ) ) ;
#2118 = LINE ( 'NONE', #455, #1263 ) ;
#2119 = DIRECTION ( 'NONE',  ( -1.000000000000000000, 0.000000000000000000, 0.000000000000000000 ) ) ;
#2120 = VERTEX_POINT ( 'NONE', #2596 ) ;
#2121 = EDGE_LOOP ( 'NONE', ( #1132, #1398, #813, #2615, #1661, #2575, #1253, #70, #4, #1376 ) ) ;
#2122 = EDGE_CURVE ( 'NONE', #2445, #770, #2159, .T. ) ;
#2123 = CARTESIAN_POINT ( 'NONE',  ( -1.599999999999999867, -1.360630101413333959, 0.6999999999999999556 ) ) ;
#2124 = ORIENTED_EDGE ( 'NONE', *, *, #833, .F. ) ;
#2125 = DIRECTION ( 'NONE',  ( -0.7071067811865492381, -0.7071067811865457964, 0.000000000000000000 ) ) ;
#2126 = CARTESIAN_POINT ( 'NONE',  ( -0.6300000000000001155, -0.8699999999999997735, 0.000000000000000000 ) ) ;
#2127 = DIRECTION ( 'NONE',  ( 0.000000000000000000, -0.000000000000000000, -1.000000000000000000 ) ) ;
#2128 = DIRECTION ( 'NONE',  ( 0.000000000000000000, -0.000000000000000000, 1.000000000000000000 ) ) ;
#2129 = EDGE_CURVE ( 'NONE', #1871, #968, #47, .T. ) ;
#2130 = DIRECTION ( 'NONE',  ( -0.000000000000000000, -0.000000000000000000, 1.000000000000000000 ) ) ;
#2131 = AXIS2_PLACEMENT_3D ( 'NONE', #558, #542, #2226 ) ;
#2132 = DIRECTION ( 'NONE',  ( 4.613626265895764052E-16, 1.000000000000000000, -0.000000000000000000 ) ) ;
#2133 = ORIENTED_EDGE ( 'NONE', *, *, #2343, .T. ) ;
#2134 = ORIENTED_EDGE ( 'NONE', *, *, #2005, .T. ) ;
#2135 = FACE_OUTER_BOUND ( 'NONE', #2521, .T. ) ;
#2136 = ORIENTED_EDGE ( 'NONE', *, *, #2309, .T. ) ;
#2137 = AXIS2_PLACEMENT_3D ( 'NONE', #1443, #425, #2116 ) ;
#2138 = AXIS2_PLACEMENT_3D ( 'NONE', #795, #1879, #987 ) ;
#2139 = DIRECTION ( 'NONE',  ( 4.613626265895764052E-16, -1.000000000000000000, 0.000000000000000000 ) ) ;
#2140 = VECTOR ( 'NONE', #117, 1000.000000000000000 ) ;
#2141 = ORIENTED_EDGE ( 'NONE', *, *, #494, .F. ) ;
#2142 = PLANE ( 'NONE',  #2063 ) ;
#2143 = CARTESIAN_POINT ( 'NONE',  ( 1.650000000000000133, 0.9699999999999999734, 0.2500000000000000000 ) ) ;
#2144 = CARTESIAN_POINT ( 'NONE',  ( -1.533204554547225262, 1.000000000000000000, 0.6999999999999999556 ) ) ;
#2145 = AXIS2_PLACEMENT_3D ( 'NONE', #387, #1638, #2065 ) ;
#2146 = CARTESIAN_POINT ( 'NONE',  ( -1.333092651217306912, -0.8699999999999998845, -0.05000000000000000278 ) ) ;
#2147 = CYLINDRICAL_SURFACE ( 'NONE', #465, 0.1000000000000000472 ) ;
#2148 = ORIENTED_EDGE ( 'NONE', *, *, #41, .F. ) ;
#2149 = ORIENTED_EDGE ( 'NONE', *, *, #219, .F. ) ;
#2150 = LINE ( 'NONE', #205, #2231 ) ;
#2151 = VERTEX_POINT ( 'NONE', #935 ) ;
#2152 = EDGE_CURVE ( 'NONE', #1316, #1541, #1971, .T. ) ;
#2153 = VERTEX_POINT ( 'NONE', #2611 ) ;
#2154 = DIRECTION ( 'NONE',  ( 1.000000000000000000, 0.000000000000000000, 0.000000000000000000 ) ) ;
#2155 = ADVANCED_FACE ( 'NONE', ( #75, #2623 ), #710, .T. ) ;
#2156 = LINE ( 'NONE', #916, #2363 ) ;
#2157 = DIRECTION ( 'NONE',  ( 1.000000000000000000, 1.084202172485497492E-14, 0.000000000000000000 ) ) ;
#2158 = DIRECTION ( 'NONE',  ( -0.000000000000000000, -0.000000000000000000, 1.000000000000000000 ) ) ;
#2159 = LINE ( 'NONE', #532, #925 ) ;
#2160 = ORIENTED_EDGE ( 'NONE', *, *, #2152, .T. ) ;
#2161 = ORIENTED_EDGE ( 'NONE', *, *, #1621, .F. ) ;
#2162 = PLANE ( 'NONE',  #1616 ) ;
#2163 = ORIENTED_EDGE ( 'NONE', *, *, #2165, .T. ) ;
#2164 = VERTEX_POINT ( 'NONE', #2414 ) ;
#2165 = EDGE_CURVE ( 'NONE', #2602, #2705, #1361, .T. ) ;
#2167 = VERTEX_POINT ( 'NONE', #2482 ) ;
#2166 = EDGE_CURVE ( 'NONE', #2574, #408, #2012, .T. ) ;
#2168 = VERTEX_POINT ( 'NONE', #2244 ) ;
#2169 = DIRECTION ( 'NONE',  ( -1.000000000000000000, 0.000000000000000000, 0.000000000000000000 ) ) ;
#2170 = DIRECTION ( 'NONE',  ( -0.7071067811865487940, 0.7071067811865463515, 0.000000000000000000 ) ) ;
#2171 = PLANE ( 'NONE',  #2378 ) ;
#2172 = EDGE_CURVE ( 'NONE', #1961, #188, #1196, .T. ) ;
#2173 = CARTESIAN_POINT ( 'NONE',  ( -1.149999999999999911, 1.150000000000000133, 0.6999999999999999556 ) ) ;
#2174 = DIRECTION ( 'NONE',  ( -0.000000000000000000, -0.000000000000000000, -1.000000000000000000 ) ) ;
#2175 = ORIENTED_EDGE ( 'NONE', *, *, #2044, .F. ) ;
#2176 = ORIENTED_EDGE ( 'NONE', *, *, #1118, .F. ) ;
#2177 = CARTESIAN_POINT ( 'NONE',  ( -1.500000000000000000, 0.8000000000000001554, 0.6899999999999999467 ) ) ;
#2178 = PRESENTATION_LAYER_ASSIGNMENT (  '', '', ( #1471 ) ) ;
#2179 = ORIENTED_EDGE ( 'NONE', *, *, #2691, .F. ) ;
#2180 = EDGE_CURVE ( 'NONE', #2120, #2448, #1221, .T. ) ;
#2181 = ORIENTED_EDGE ( 'NONE', *, *, #1430, .F. ) ;
#2182 = LINE ( 'NONE', #486, #1746 ) ;
#2183 = ADVANCED_FACE ( 'NONE', ( #1185 ), #2029, .F. ) ;
#2184 = CARTESIAN_POINT ( 'NONE',  ( 1.599999999999999867, 1.400000000000000133, 0.2500000000000000000 ) ) ;
#2185 = VECTOR ( 'NONE', #1121, 1000.000000000000000 ) ;
#2186 = CARTESIAN_POINT ( 'NONE',  ( 1.600000000000000311, -0.9699999999999999734, 0.000000000000000000 ) ) ;
#2187 = VECTOR ( 'NONE', #336, 1000.000000000000000 ) ;
#2188 = DIRECTION ( 'NONE',  ( -0.000000000000000000, 1.000000000000000000, -0.000000000000000000 ) ) ;
#2189 = EDGE_CURVE ( 'NONE', #1743, #2763, #2440, .T. ) ;
#2190 = CARTESIAN_POINT ( 'NONE',  ( 1.599999999999999867, 0.000000000000000000, 0.000000000000000000 ) ) ;
#2191 = VECTOR ( 'NONE', #74, 1000.000000000000000 ) ;
#2192 = ORIENTED_EDGE ( 'NONE', *, *, #1688, .T. ) ;
#2193 = CARTESIAN_POINT ( 'NONE',  ( 0.000000000000000000, 0.8699999999999998845, -0.05000000000000000278 ) ) ;
#2194 = ADVANCED_FACE ( 'NONE', ( #102 ), #113, .F. ) ;
#2195 = CARTESIAN_POINT ( 'NONE',  ( 2.723902215069577475E-15, -0.8700000000000048805, 0.000000000000000000 ) ) ;
#2196 = ORIENTED_EDGE ( 'NONE', *, *, #1672, .T. ) ;
#2197 = ORIENTED_EDGE ( 'NONE', *, *, #2431, .T. ) ;
#2198 = ORIENTED_EDGE ( 'NONE', *, *, #895, .F. ) ;
#2199 = DIRECTION ( 'NONE',  ( 4.613626265895764052E-16, 1.000000000000000000, 0.000000000000000000 ) ) ;
#2200 = DIRECTION ( 'NONE',  ( 1.000000000000000000, -1.571307496355798026E-16, 0.000000000000000000 ) ) ;
#2201 = FACE_OUTER_BOUND ( 'NONE', #2470, .T. ) ;
#2202 = VECTOR ( 'NONE', #1126, 1000.000000000000000 ) ;
#2203 = CARTESIAN_POINT ( 'NONE',  ( 1.593204554547225094, -1.000000000000000000, 0.2500000000000000000 ) ) ;
#2204 = PLANE ( 'NONE',  #38 ) ;
#2205 = CARTESIAN_POINT ( 'NONE',  ( -0.07620747095596258625, -0.1393718417234525719, -0.05000000000000000278 ) ) ;
#2206 = LINE ( 'NONE', #2419, #1438 ) ;
#2207 = EDGE_CURVE ( 'NONE', #2556, #2083, #546, .T. ) ;
#2208 = ORIENTED_EDGE ( 'NONE', *, *, #1841, .T. ) ;
#2209 = ORIENTED_EDGE ( 'NONE', *, *, #181, .F. ) ;
#2210 = FACE_OUTER_BOUND ( 'NONE', #444, .T. ) ;
#2211 = PLANE ( 'NONE',  #515 ) ;
#2212 =( NAMED_UNIT ( * ) PLANE_ANGLE_UNIT ( ) SI_UNIT ( $, .RADIAN. ) );
#2213 = CARTESIAN_POINT ( 'NONE',  ( 1.533204554547225262, -1.000000000000000000, 0.3499999999999999778 ) ) ;
#2214 = PLANE ( 'NONE',  #2688 ) ;
#2215 = DIRECTION ( 'NONE',  ( 0.000000000000000000, 0.000000000000000000, -1.000000000000000000 ) ) ;
#2216 = DIRECTION ( 'NONE',  ( 1.548860246407863583E-16, -1.000000000000000000, 0.000000000000000000 ) ) ;
#2217 = EDGE_CURVE ( 'NONE', #393, #1267, #1055, .T. ) ;
#2218 = ORIENTED_EDGE ( 'NONE', *, *, #1071, .T. ) ;
#2219 = LINE ( 'NONE', #2195, #642 ) ;
#2220 = ADVANCED_FACE ( 'NONE', ( #334 ), #588, .T. ) ;
#2221 = ORIENTED_EDGE ( 'NONE', *, *, #2583, .T. ) ;
#2222 = EDGE_CURVE ( 'NONE', #927, #1910, #2230, .T. ) ;
#2223 = EDGE_LOOP ( 'NONE', ( #1845, #1518, #951, #2506, #1868, #1313, #1020, #900 ) ) ;
#2224 = DIRECTION ( 'NONE',  ( 1.548860246407863583E-16, -1.000000000000000000, 0.000000000000000000 ) ) ;
#2225 = PRESENTATION_STYLE_ASSIGNMENT (( #1011 ) ) ;
#2226 = DIRECTION ( 'NONE',  ( 0.000000000000000000, -0.000000000000000000, -1.000000000000000000 ) ) ;
#2227 = CARTESIAN_POINT ( 'NONE',  ( -0.5968545178684590002, -1.227875813804596206, -0.05000000000000000278 ) ) ;
#2228 = VECTOR ( 'NONE', #40, 999.9999999999998863 ) ;
#2229 = CARTESIAN_POINT ( 'NONE',  ( 1.593204554547225094, 1.000000000000000000, 0.2500000000000000000 ) ) ;
#2230 = LINE ( 'NONE', #1654, #742 ) ;
#2231 = VECTOR ( 'NONE', #1295, 1000.000000000000114 ) ;
#2232 = PLANE ( 'NONE',  #1480 ) ;
#2233 = CARTESIAN_POINT ( 'NONE',  ( -1.000000000000000000, 1.400000000000000133, 0.2500000000000008327 ) ) ;
#2234 = VECTOR ( 'NONE', #2741, 1000.000000000000000 ) ;
#2235 = ORIENTED_EDGE ( 'NONE', *, *, #1873, .F. ) ;
#2236 = VECTOR ( 'NONE', #1122, 1000.000000000000000 ) ;
#2237 = VECTOR ( 'NONE', #1136, 1000.000000000000000 ) ;
#2238 = ORIENTED_EDGE ( 'NONE', *, *, #306, .T. ) ;
#2239 = ORIENTED_EDGE ( 'NONE', *, *, #176, .F. ) ;
#2240 = PRESENTATION_STYLE_ASSIGNMENT (( #1370 ) ) ;
#2241 = EDGE_CURVE ( 'NONE', #811, #311, #1428, .T. ) ;
#2242 = CARTESIAN_POINT ( 'NONE',  ( 1.599999999999999867, 1.400000000000000133, 0.000000000000000000 ) ) ;
#2243 = CARTESIAN_POINT ( 'NONE',  ( -1.599999999999999867, -0.8658653493407467705, 0.000000000000000000 ) ) ;
#2244 = CARTESIAN_POINT ( 'NONE',  ( -1.500000000000000000, 0.8000000000000001554, 0.6899999999999999467 ) ) ;
#2245 = VECTOR ( 'NONE', #1851, 1000.000000000000000 ) ;
#2246 = CARTESIAN_POINT ( 'NONE',  ( 1.600000000000000311, -0.9699999999999999734, 0.2500000000000000000 ) ) ;
#2247 = LINE ( 'NONE', #2701, #1798 ) ;
#2248 = ORIENTED_EDGE ( 'NONE', *, *, #696, .F. ) ;
#2249 = ORIENTED_EDGE ( 'NONE', *, *, #2721, .F. ) ;
#2250 = EDGE_CURVE ( 'NONE', #1849, #352, #1444, .T. ) ;
#2251 = ORIENTED_EDGE ( 'NONE', *, *, #1884, .T. ) ;
#2252 = LINE ( 'NONE', #1033, #823 ) ;
#2253 = VECTOR ( 'NONE', #1022, 1000.000000000000000 ) ;
#2254 = SURFACE_STYLE_USAGE ( .BOTH. , #1381 ) ;
#2255 = LINE ( 'NONE', #1218, #1712 ) ;
#2256 = ORIENTED_EDGE ( 'NONE', *, *, #2207, .F. ) ;
#2257 = CARTESIAN_POINT ( 'NONE',  ( -1.593204554547225094, 1.399999999999999911, 0.3276722969457812051 ) ) ;
#2258 = DIRECTION ( 'NONE',  ( -0.7071067811865486830, 0.7071067811865464625, 0.000000000000000000 ) ) ;
#2259 = CARTESIAN_POINT ( 'NONE',  ( 0.000000000000000000, -0.9699999999999999734, -0.05000000000000000278 ) ) ;
#2260 = ORIENTED_EDGE ( 'NONE', *, *, #606, .F. ) ;
#2261 = FACE_OUTER_BOUND ( 'NONE', #1857, .T. ) ;
#2262 = VERTEX_POINT ( 'NONE', #1400 ) ;
#2263 = ORIENTED_EDGE ( 'NONE', *, *, #1755, .F. ) ;
#2264 = VERTEX_POINT ( 'NONE', #985 ) ;
#2265 =( LENGTH_UNIT ( ) NAMED_UNIT ( * ) SI_UNIT ( .MILLI., .METRE. ) );
#2266 = LINE ( 'NONE', #2282, #284 ) ;
#2267 = DIRECTION ( 'NONE',  ( -0.000000000000000000, -0.000000000000000000, -1.000000000000000000 ) ) ;
#2268 = CARTESIAN_POINT ( 'NONE',  ( 1.750000000000000666, -8.073845965317590050E-16, -0.05000000000000000278 ) ) ;
#2269 = DIRECTION ( 'NONE',  ( -0.7071067811865475727, -0.7071067811865475727, -0.000000000000000000 ) ) ;
#2270 = EDGE_CURVE ( 'NONE', #1580, #90, #1832, .T. ) ;
#2271 = DIRECTION ( 'NONE',  ( 1.000000000000000000, 0.000000000000000000, -0.000000000000000000 ) ) ;
#2272 = ORIENTED_EDGE ( 'NONE', *, *, #1130, .T. ) ;
#2273 = EDGE_CURVE ( 'NONE', #2448, #2413, #1627, .T. ) ;
#2274 = VECTOR ( 'NONE', #2050, 1000.000000000000000 ) ;
#2275 = LINE ( 'NONE', #1434, #646 ) ;
#2276 = ORIENTED_EDGE ( 'NONE', *, *, #2301, .F. ) ;
#2277 = VECTOR ( 'NONE', #1598, 1000.000000000000000 ) ;
#2278 = ORIENTED_EDGE ( 'NONE', *, *, #343, .F. ) ;
#2279 = VECTOR ( 'NONE', #2103, 1000.000000000000000 ) ;
#2280 = VECTOR ( 'NONE', #2562, 1000.000000000000000 ) ;
#2281 = DIRECTION ( 'NONE',  ( 0.000000000000000000, -0.000000000000000000, -1.000000000000000000 ) ) ;
#2282 = CARTESIAN_POINT ( 'NONE',  ( 0.000000000000000000, 0.8699999999999998845, -0.05000000000000000278 ) ) ;
#2283 = FACE_OUTER_BOUND ( 'NONE', #688, .T. ) ;
#2284 = DIRECTION ( 'NONE',  ( -4.613626265895764052E-16, -1.000000000000000000, 0.000000000000000000 ) ) ;
#2285 = VECTOR ( 'NONE', #2676, 999.9999999999998863 ) ;
#2286 = DIRECTION ( 'NONE',  ( -0.000000000000000000, -0.000000000000000000, 1.000000000000000000 ) ) ;
#2287 = PLANE ( 'NONE',  #461 ) ;
#2288 = VECTOR ( 'NONE', #1781, 1000.000000000000000 ) ;
#2289 = ORIENTED_EDGE ( 'NONE', *, *, #1505, .F. ) ;
#2290 = CARTESIAN_POINT ( 'NONE',  ( -1.404868033168688468, -0.8351109171564529143, -0.05000000000000000278 ) ) ;
#2291 = VERTEX_POINT ( 'NONE', #360 ) ;
#2292 = CARTESIAN_POINT ( 'NONE',  ( -0.9999999999999988898, -1.310630101413334803, 0.2500000000000000000 ) ) ;
#2293 = DIRECTION ( 'NONE',  ( 0.7071067811865489050, -0.7071067811865462405, 0.000000000000000000 ) ) ;
#2294 = PLANE ( 'NONE',  #1257 ) ;
#2295 = FACE_OUTER_BOUND ( 'NONE', #1603, .T. ) ;
#2296 = ORIENTED_EDGE ( 'NONE', *, *, #2301, .T. ) ;
#2297 = LINE ( 'NONE', #2579, #2545 ) ;
#2298 = AXIS2_PLACEMENT_3D ( 'NONE', #2507, #1285, #1916 ) ;
#2299 = FACE_OUTER_BOUND ( 'NONE', #2073, .T. ) ;
#2300 = EDGE_LOOP ( 'NONE', ( #1086, #2599, #2278, #1912, #2319 ) ) ;
#2301 = EDGE_CURVE ( 'NONE', #250, #912, #141, .T. ) ;
#2302 = CARTESIAN_POINT ( 'NONE',  ( 1.165742308968067409, 1.165742308968070962, -0.05000000000000000278 ) ) ;
#2303 = VECTOR ( 'NONE', #2640, 1000.000000000000000 ) ;
#2304 = ORIENTED_EDGE ( 'NONE', *, *, #2547, .F. ) ;
#2305 = EDGE_CURVE ( 'NONE', #1910, #2151, #1718, .T. ) ;
#2306 = ORIENTED_EDGE ( 'NONE', *, *, #1552, .F. ) ;
#2307 = DIRECTION ( 'NONE',  ( 0.000000000000000000, 0.000000000000000000, -1.000000000000000000 ) ) ;
#2308 = CARTESIAN_POINT ( 'NONE',  ( -1.599999999999999867, -1.399999999999999689, 0.2500000000000000000 ) ) ;
#2309 = EDGE_CURVE ( 'NONE', #1240, #2262, #1679, .T. ) ;
#2310 = DIRECTION ( 'NONE',  ( 0.000000000000000000, 0.000000000000000000, -1.000000000000000000 ) ) ;
#2311 = FACE_OUTER_BOUND ( 'NONE', #173, .T. ) ;
#2312 = LINE ( 'NONE', #1264, #2634 ) ;
#2313 = DIRECTION ( 'NONE',  ( 0.7071067811865479058, 0.7071067811865470176, 0.000000000000000000 ) ) ;
#2314 = ORIENTED_EDGE ( 'NONE', *, *, #1236, .F. ) ;
#2315 = VECTOR ( 'NONE', #400, 1000.000000000000000 ) ;
#2316 = CARTESIAN_POINT ( 'NONE',  ( 1.600000000000000311, -1.399999999999999689, 0.2500000000000000000 ) ) ;
#2317 = VECTOR ( 'NONE', #1628, 1000.000000000000000 ) ;
#2318 = ORIENTED_EDGE ( 'NONE', *, *, #1118, .T. ) ;
#2319 = ORIENTED_EDGE ( 'NONE', *, *, #1992, .F. ) ;
#2320 = AXIS2_PLACEMENT_3D ( 'NONE', #1550, #2016, #2643 ) ;
#2321 = VECTOR ( 'NONE', #1468, 1000.000000000000000 ) ;
#2322 = CARTESIAN_POINT ( 'NONE',  ( -1.434766694885623695, 0.8699999999999998845, 0.000000000000000000 ) ) ;
#2323 = VECTOR ( 'NONE', #2329, 1000.000000000000000 ) ;
#2324 = ADVANCED_FACE ( 'NONE', ( #1289 ), #1026, .T. ) ;
#2325 = PLANE ( 'NONE',  #2549 ) ;
#2326 = DIRECTION ( 'NONE',  ( 5.421010862427518226E-16, 1.000000000000000000, -0.000000000000000000 ) ) ;
#2327 = CARTESIAN_POINT ( 'NONE',  ( -1.500000000000000888, -0.7999999999999983791, 0.6899999999999999467 ) ) ;
#2328 = ADVANCED_FACE ( 'NONE', ( #2295 ), #1708, .T. ) ;
#2329 = DIRECTION ( 'NONE',  ( -0.000000000000000000, -0.000000000000000000, -1.000000000000000000 ) ) ;
#2330 = FACE_OUTER_BOUND ( 'NONE', #291, .T. ) ;
#2331 = ORIENTED_EDGE ( 'NONE', *, *, #589, .T. ) ;
#2332 = ORIENTED_EDGE ( 'NONE', *, *, #1532, .F. ) ;
#2333 = DIRECTION ( 'NONE',  ( 1.548860246407863583E-16, -1.000000000000000000, 0.000000000000000000 ) ) ;
#2334 = ADVANCED_FACE ( 'NONE', ( #19 ), #426, .F. ) ;
#2335 = EDGE_LOOP ( 'NONE', ( #1342, #937, #2296, #1461 ) ) ;
#2336 = VECTOR ( 'NONE', #2681, 1000.000000000000000 ) ;
#2337 = LINE ( 'NONE', #1053, #2253 ) ;
#2338 = LINE ( 'NONE', #1286, #1047 ) ;
#2339 = ADVANCED_FACE ( 'NONE', ( #390 ), #2535, .F. ) ;
#2340 = LINE ( 'NONE', #818, #639 ) ;
#2341 = DIRECTION ( 'NONE',  ( 4.613626265895764052E-16, 1.000000000000000000, 0.000000000000000000 ) ) ;
#2342 = LINE ( 'NONE', #184, #1173 ) ;
#2343 = EDGE_CURVE ( 'NONE', #912, #1326, #2090, .T. ) ;
#2344 = CARTESIAN_POINT ( 'NONE',  ( -1.593204554547225094, -1.000000000000000000, 0.2500000000000000000 ) ) ;
#2345 = VERTEX_POINT ( 'NONE', #1932 ) ;
#2346 = VERTEX_POINT ( 'NONE', #2117 ) ;
#2347 = DIRECTION ( 'NONE',  ( 3.614007241618351532E-15, -1.000000000000000000, 0.000000000000000000 ) ) ;
#2348 = ORIENTED_EDGE ( 'NONE', *, *, #2097, .F. ) ;
#2349 = DIRECTION ( 'NONE',  ( 1.000000000000000000, 1.548860246407863583E-16, -0.000000000000000000 ) ) ;
#2350 = ORIENTED_EDGE ( 'NONE', *, *, #1672, .F. ) ;
#2351 = CARTESIAN_POINT ( 'NONE',  ( 1.149999999999999023, -1.150000000000000577, 0.6899999999999999467 ) ) ;
#2352 = ADVANCED_FACE ( 'NONE', ( #1467 ), #2767, .F. ) ;
#2353 = LINE ( 'NONE', #690, #1529 ) ;
#2354 = DIRECTION ( 'NONE',  ( 0.9961946980917455452, 1.542966365556588521E-16, 0.08715574274765836016 ) ) ;
#2355 = CARTESIAN_POINT ( 'NONE',  ( -1.690000000000000613, 0.4400000000000002798, 0.2500000000000000000 ) ) ;
#2356 =( GEOMETRIC_REPRESENTATION_CONTEXT ( 3 ) GLOBAL_UNCERTAINTY_ASSIGNED_CONTEXT ( ( #2645 ) ) GLOBAL_UNIT_ASSIGNED_CONTEXT ( ( #2265, #2492, #790 ) ) REPRESENTATION_CONTEXT ( 'NONE', 'WORKASPACE' ) );
#2357 = DIRECTION ( 'NONE',  ( 0.000000000000000000, 0.000000000000000000, -1.000000000000000000 ) ) ;
#2358 = VERTEX_POINT ( 'NONE', #180 ) ;
#2359 = ORIENTED_EDGE ( 'NONE', *, *, #1046, .T. ) ;
#2360 = LINE ( 'NONE', #1311, #2062 ) ;
#2361 = EDGE_CURVE ( 'NONE', #520, #1511, #1693, .T. ) ;
#2362 = VERTEX_POINT ( 'NONE', #1070 ) ;
#2363 = VECTOR ( 'NONE', #1333, 1000.000000000000000 ) ;
#2364 = VECTOR ( 'NONE', #1612, 1000.000000000000000 ) ;
#2365 = VECTOR ( 'NONE', #1049, 1000.000000000000000 ) ;
#2366 = ORIENTED_EDGE ( 'NONE', *, *, #952, .F. ) ;
#2367 = DIRECTION ( 'NONE',  ( -4.336808689942016158E-15, 1.000000000000000000, 0.000000000000000000 ) ) ;
#2368 = CARTESIAN_POINT ( 'NONE',  ( 1.461484617936139596, -0.8700000000000003286, -0.05000000000000000278 ) ) ;
#2369 = CARTESIAN_POINT ( 'NONE',  ( 1.149999999999999911, 1.150000000000000133, 0.6899999999999999467 ) ) ;
#2370 = VECTOR ( 'NONE', #198, 1000.000000000000114 ) ;
#2371 = PLANE ( 'NONE',  #2459 ) ;
#2372 = ORIENTED_EDGE ( 'NONE', *, *, #176, .T. ) ;
#2373 = LINE ( 'NONE', #1955, #758 ) ;
#2374 = VERTEX_POINT ( 'NONE', #1057 ) ;
#2375 = VERTEX_POINT ( 'NONE', #2740 ) ;
#2376 = LINE ( 'NONE', #1814, #729 ) ;
#2377 = ORIENTED_EDGE ( 'NONE', *, *, #2051, .T. ) ;
#2378 = AXIS2_PLACEMENT_3D ( 'NONE', #267, #2354, #1303 ) ;
#2379 = AXIS2_PLACEMENT_3D ( 'NONE', #413, #836, #1277 ) ;
#2380 = VERTEX_POINT ( 'NONE', #2525 ) ;
#2381 = CARTESIAN_POINT ( 'NONE',  ( 1.599999999999999867, 0.9699999999999999734, -0.05000000000000000278 ) ) ;
#2382 = CARTESIAN_POINT ( 'NONE',  ( -1.500000000000000000, 0.8000000000000001554, 0.6899999999999999467 ) ) ;
#2383 = PLANE ( 'NONE',  #963 ) ;
#2384 = CARTESIAN_POINT ( 'NONE',  ( -1.560630101413334359, 1.360630101413334403, 0.6999999999999999556 ) ) ;
#2385 = DIRECTION ( 'NONE',  ( 0.000000000000000000, -1.000000000000000000, 0.000000000000000000 ) ) ;
#2386 = VERTEX_POINT ( 'NONE', #2564 ) ;
#2387 = ORIENTED_EDGE ( 'NONE', *, *, #67, .F. ) ;
#2388 = ADVANCED_FACE ( 'NONE', ( #2311 ), #666, .T. ) ;
#2389 = CARTESIAN_POINT ( 'NONE',  ( -1.600000000000000311, 0.8699999999999998845, -0.05000000000000000278 ) ) ;
#2390 = VECTOR ( 'NONE', #2114, 1000.000000000000000 ) ;
#2391 = ORIENTED_EDGE ( 'NONE', *, *, #1755, .T. ) ;
#2392 = EDGE_CURVE ( 'NONE', #1716, #2345, #1039, .T. ) ;
#2393 = ORIENTED_EDGE ( 'NONE', *, *, #1147, .F. ) ;
#2394 = PRODUCT_DEFINITION_FORMATION_WITH_SPECIFIED_SOURCE ( 'ANY', '', #108, .NOT_KNOWN. ) ;
#2395 = EDGE_CURVE ( 'NONE', #1103, #368, #1876, .T. ) ;
#2396 = PLANE ( 'NONE',  #384 ) ;
#2397 = LINE ( 'NONE', #2368, #1797 ) ;
#2398 = LINE ( 'NONE', #453, #340 ) ;
#2399 = EDGE_CURVE ( 'NONE', #1775, #1618, #1669, .T. ) ;
#2400 = DIRECTION ( 'NONE',  ( -0.8993763668485349472, 0.4371751945780197324, 0.000000000000000000 ) ) ;
#2401 = PLANE ( 'NONE',  #1499 ) ;
#2402 = EDGE_LOOP ( 'NONE', ( #1776, #2149, #714, #1323, #1964 ) ) ;
#2403 = VERTEX_POINT ( 'NONE', #625 ) ;
#2404 = CARTESIAN_POINT ( 'NONE',  ( 1.000000000000000000, 1.370630101413334856, 0.6999999999999999556 ) ) ;
#2405 = EDGE_LOOP ( 'NONE', ( #1635, #2717, #2387, #135, #1117 ) ) ;
#2406 = EDGE_LOOP ( 'NONE', ( #2238, #1213, #27, #1827 ) ) ;
#2407 = CARTESIAN_POINT ( 'NONE',  ( 1.165742308968066299, -1.165742308968071850, -0.05000000000000000278 ) ) ;
#2408 = CARTESIAN_POINT ( 'NONE',  ( 1.533204554547225262, 0.000000000000000000, 0.3499999999999999778 ) ) ;
#2409 = CARTESIAN_POINT ( 'NONE',  ( 1.750000000000000222, 0.9699999999999999734, 0.2500000000000000000 ) ) ;
#2410 = MECHANICAL_DESIGN_GEOMETRIC_PRESENTATION_REPRESENTATION (  '', ( #232 ), #466 ) ;
#2411 = CARTESIAN_POINT ( 'NONE',  ( -1.599999999999999867, 0.000000000000000000, -0.05000000000000000278 ) ) ;
#2412 = VECTOR ( 'NONE', #965, 1000.000000000000000 ) ;
#2413 = VERTEX_POINT ( 'NONE', #199 ) ;
#2414 = CARTESIAN_POINT ( 'NONE',  ( -1.750000000000000222, -0.8699999999999998845, 0.2500000000000000000 ) ) ;
#2415 = EDGE_CURVE ( 'NONE', #643, #2380, #613, .T. ) ;
#2416 = ORIENTED_EDGE ( 'NONE', *, *, #2222, .T. ) ;
#2417 = VERTEX_POINT ( 'NONE', #2754 ) ;
#2418 = VECTOR ( 'NONE', #845, 1000.000000000000000 ) ;
#2419 = CARTESIAN_POINT ( 'NONE',  ( 0.6249999999999972244, 0.6249999999999993339, -0.05000000000000000278 ) ) ;
#2420 = VERTEX_POINT ( 'NONE', #848 ) ;
#2421 = ORIENTED_EDGE ( 'NONE', *, *, #1182, .F. ) ;
#2422 = CARTESIAN_POINT ( 'NONE',  ( 1.750000000000000222, -0.8699999999999998845, 0.2500000000000000000 ) ) ;
#2423 = EDGE_CURVE ( 'NONE', #1894, #2417, #638, .T. ) ;
#2424 = DIRECTION ( 'NONE',  ( 1.000000000000000000, -2.168404344971008868E-16, 0.000000000000000000 ) ) ;
#2425 = CARTESIAN_POINT ( 'NONE',  ( 1.750000000000000444, 0.5000000000000000000, 0.2500000000000000000 ) ) ;
#2426 = AXIS2_PLACEMENT_3D ( 'NONE', #1082, #819, #2128 ) ;
#2427 = CARTESIAN_POINT ( 'NONE',  ( 1.593204554547225094, 1.000000000000000000, 0.2500000000000000000 ) ) ;
#2428 = CARTESIAN_POINT ( 'NONE',  ( -1.600000000000000311, 0.9699999999999999734, -0.05000000000000000278 ) ) ;
#2429 = FACE_OUTER_BOUND ( 'NONE', #2461, .T. ) ;
#2430 = FACE_OUTER_BOUND ( 'NONE', #2644, .T. ) ;
#2431 = EDGE_CURVE ( 'NONE', #1309, #1849, #860, .T. ) ;
#2432 = DIRECTION ( 'NONE',  ( 0.000000000000000000, -0.000000000000000000, 1.000000000000000000 ) ) ;
#2433 = ORIENTED_EDGE ( 'NONE', *, *, #1862, .T. ) ;
#2434 = ORIENTED_EDGE ( 'NONE', *, *, #570, .F. ) ;
#2435 = VERTEX_POINT ( 'NONE', #255 ) ;
#2436 = CARTESIAN_POINT ( 'NONE',  ( -1.600000000000000311, 1.400000000000000133, 0.2500000000000000000 ) ) ;
#2437 = PLANE ( 'NONE',  #2685 ) ;
#2438 = CARTESIAN_POINT ( 'NONE',  ( -0.5968545178684590002, -1.227875813804596206, -0.000000000000000000 ) ) ;
#2439 = CARTESIAN_POINT ( 'NONE',  ( -1.690000000000000613, 0.4400000000000002798, 0.2500000000000000000 ) ) ;
#2440 = LINE ( 'NONE', #348, #2072 ) ;
#2441 = VECTOR ( 'NONE', #258, 1000.000000000000000 ) ;
#2442 = VERTEX_POINT ( 'NONE', #2186 ) ;
#2443 = CYLINDRICAL_SURFACE ( 'NONE', #13, 0.1000000000000000472 ) ;
#2444 = EDGE_CURVE ( 'NONE', #1987, #536, #720, .T. ) ;
#2445 = VERTEX_POINT ( 'NONE', #2369 ) ;
#2446 = ADVANCED_FACE ( 'NONE', ( #1544 ), #2383, .F. ) ;
#2447 = EDGE_LOOP ( 'NONE', ( #2659, #1560, #272, #1817 ) ) ;
#2448 = VERTEX_POINT ( 'NONE', #917 ) ;
#2449 =( NAMED_UNIT ( * ) SI_UNIT ( $, .STERADIAN. ) SOLID_ANGLE_UNIT ( ) );
#2450 = PRESENTATION_STYLE_ASSIGNMENT (( #2254 ) ) ;
#2451 = DIRECTION ( 'NONE',  ( -1.000000000000000000, 0.000000000000000000, 0.000000000000000000 ) ) ;
#2452 = VECTOR ( 'NONE', #984, 1000.000000000000000 ) ;
#2453 = VECTOR ( 'NONE', #158, 1000.000000000000227 ) ;
#2454 = CARTESIAN_POINT ( 'NONE',  ( 1.599999999999999867, -0.8699999999999998845, 0.000000000000000000 ) ) ;
#2455 = CARTESIAN_POINT ( 'NONE',  ( -1.690000000000000613, -0.4399999999999998357, 0.2500000000000000000 ) ) ;
#2456 = EDGE_CURVE ( 'NONE', #203, #1999, #2398, .T. ) ;
#2457 = LINE ( 'NONE', #391, #2317 ) ;
#2458 = CARTESIAN_POINT ( 'NONE',  ( 0.000000000000000000, 0.8699999999999998845, 0.000000000000000000 ) ) ;
#2459 = AXIS2_PLACEMENT_3D ( 'NONE', #86, #316, #2008 ) ;
#2460 = VECTOR ( 'NONE', #1677, 1000.000000000000000 ) ;
#2461 = EDGE_LOOP ( 'NONE', ( #1896, #1507, #572, #1128 ) ) ;
#2462 = ORIENTED_EDGE ( 'NONE', *, *, #1394, .F. ) ;
#2463 = EDGE_LOOP ( 'NONE', ( #1762, #701, #595, #1923, #2235 ) ) ;
#2464 = EDGE_CURVE ( 'NONE', #644, #1224, #1747, .T. ) ;
#2465 = DIRECTION ( 'NONE',  ( 3.149814854386611651E-16, -0.08715574274765836016, 0.9961946980917455452 ) ) ;
#2466 = CARTESIAN_POINT ( 'NONE',  ( -0.9999999999999950040, -3.614007241618333388E-15, 0.6999999999999999556 ) ) ;
#2467 = CARTESIAN_POINT ( 'NONE',  ( -0.6250000000000033307, 0.6250000000000011102, 0.2500000000000000000 ) ) ;
#2468 = CARTESIAN_POINT ( 'NONE',  ( 1.690000000000000613, 0.5000000000000000000, 0.2500000000000000000 ) ) ;
#2469 = CARTESIAN_POINT ( 'NONE',  ( 1.533204554547225262, 1.000000000000000000, 0.2500000000000000000 ) ) ;
#2470 = EDGE_LOOP ( 'NONE', ( #1534, #1119, #550, #2289 ) ) ;
#2471 = VERTEX_POINT ( 'NONE', #501 ) ;
#2472 = CARTESIAN_POINT ( 'NONE',  ( -1.404868033168688468, 0.7851319668313132549, -0.05000000000000000278 ) ) ;
#2474 = EDGE_LOOP ( 'NONE', ( #1354, #840, #2276, #1166 ) ) ;
#2473 = EDGE_CURVE ( 'NONE', #1339, #90, #1359, .T. ) ;
#2475 = ORIENTED_EDGE ( 'NONE', *, *, #1409, .F. ) ;
#2476 = DIRECTION ( 'NONE',  ( 0.3322788815718992761, -0.9431811834750137846, 0.000000000000000000 ) ) ;
#2477 = EDGE_CURVE ( 'NONE', #1999, #2679, #489, .T. ) ;
#2478 = VECTOR ( 'NONE', #2307, 1000.000000000000000 ) ;
#2479 = CARTESIAN_POINT ( 'NONE',  ( -1.003697878580205094, -0.3535986662731738228, -0.05000000000000000278 ) ) ;
#2480 = DIRECTION ( 'NONE',  ( -0.8993763668485349472, 0.4371751945780197324, 0.000000000000000000 ) ) ;
#2481 = LINE ( 'NONE', #2039, #1302 ) ;
#2482 = CARTESIAN_POINT ( 'NONE',  ( -1.150000000000000799, -1.149999999999998801, 0.6999999999999999556 ) ) ;
#2483 = EDGE_CURVE ( 'NONE', #1451, #393, #1334, .T. ) ;
#2484 = CARTESIAN_POINT ( 'NONE',  ( 1.599999999999999867, 1.000000000000000000, 0.2499999999999999445 ) ) ;
#2485 = DIRECTION ( 'NONE',  ( -0.000000000000000000, -0.000000000000000000, -1.000000000000000000 ) ) ;
#2486 = ORIENTED_EDGE ( 'NONE', *, *, #2583, .F. ) ;
#2487 = LINE ( 'NONE', #327, #1706 ) ;
#2488 = ORIENTED_EDGE ( 'NONE', *, *, #1271, .T. ) ;
#2489 = ORIENTED_EDGE ( 'NONE', *, *, #619, .T. ) ;
#2490 = ORIENTED_EDGE ( 'NONE', *, *, #2030, .F. ) ;
#2491 = DIRECTION ( 'NONE',  ( -1.000000000000000000, 0.000000000000000000, 0.000000000000000000 ) ) ;
#2492 =( NAMED_UNIT ( * ) PLANE_ANGLE_UNIT ( ) SI_UNIT ( $, .RADIAN. ) );
#2493 = DIRECTION ( 'NONE',  ( -0.000000000000000000, 1.000000000000000000, -0.000000000000000000 ) ) ;
#2494 = CARTESIAN_POINT ( 'NONE',  ( -1.650000000000000133, -0.9699999999999999734, 0.2500000000000000000 ) ) ;
#2495 = CARTESIAN_POINT ( 'NONE',  ( 1.367037521829543592E-16, 0.8699999999999995515, -0.05000000000000000278 ) ) ;
#2496 = AXIS2_PLACEMENT_3D ( 'NONE', #1581, #1554, #2367 ) ;
#2497 = CARTESIAN_POINT ( 'NONE',  ( -1.500000000000000000, 0.8000000000000001554, 0.6999999999999999556 ) ) ;
#2498 = EDGE_CURVE ( 'NONE', #2413, #2164, #1110, .T. ) ;
#2499 = LINE ( 'NONE', #604, #328 ) ;
#2500 = VECTOR ( 'NONE', #513, 1000.000000000000000 ) ;
#2501 = VECTOR ( 'NONE', #782, 1000.000000000000000 ) ;
#2502 = EDGE_LOOP ( 'NONE', ( #279, #2462, #1593, #802 ) ) ;
#2503 = CARTESIAN_POINT ( 'NONE',  ( -1.000000000000000000, -1.370630101413334856, 0.6999999999999999556 ) ) ;
#2504 = AXIS2_PLACEMENT_3D ( 'NONE', #618, #1369, #745 ) ;
#2505 = VECTOR ( 'NONE', #1831, 1000.000000000000000 ) ;
#2506 = ORIENTED_EDGE ( 'NONE', *, *, #1204, .T. ) ;
#2507 = CARTESIAN_POINT ( 'NONE',  ( 0.000000000000000000, 0.8699999999999998845, -0.05000000000000000278 ) ) ;
#2508 = LINE ( 'NONE', #1681, #192 ) ;
#2509 = ADVANCED_FACE ( 'NONE', ( #2201 ), #283, .F. ) ;
#2510 = VECTOR ( 'NONE', #1569, 1000.000000000000000 ) ;
#2511 = DIRECTION ( 'NONE',  ( 0.7071067811865479058, 0.7071067811865470176, 0.000000000000000000 ) ) ;
#2512 = CARTESIAN_POINT ( 'NONE',  ( 1.690000000000000613, 0.4399999999999998357, 0.2500000000000000000 ) ) ;
#2513 = ORIENTED_EDGE ( 'NONE', *, *, #1579, .F. ) ;
#2514 = LINE ( 'NONE', #1821, #815 ) ;
#2515 = DIRECTION ( 'NONE',  ( -1.000000000000000000, 0.000000000000000000, -0.000000000000000000 ) ) ;
#2516 = VECTOR ( 'NONE', #575, 999.9999999999998863 ) ;
#2517 = EDGE_CURVE ( 'NONE', #1087, #188, #899, .T. ) ;
#2518 = ORIENTED_EDGE ( 'NONE', *, *, #289, .F. ) ;
#2519 = CARTESIAN_POINT ( 'NONE',  ( -1.599999999999999867, -0.9699999999999999734, 0.000000000000000000 ) ) ;
#2520 = EDGE_CURVE ( 'NONE', #2605, #1743, #73, .T. ) ;
#2521 = EDGE_LOOP ( 'NONE', ( #865, #913, #1566, #162, #954 ) ) ;
#2522 = DIRECTION ( 'NONE',  ( -1.000000000000000000, -4.613626265895764052E-16, 0.000000000000000000 ) ) ;
#2523 = DIRECTION ( 'NONE',  ( 0.7071067811865462405, 0.7071067811865489050, 0.000000000000000000 ) ) ;
#2524 = DIRECTION ( 'NONE',  ( -4.613626265895764052E-16, 1.000000000000000000, 0.000000000000000000 ) ) ;
#2525 = CARTESIAN_POINT ( 'NONE',  ( -1.650000000000000133, 0.9699999999999999734, 0.2500000000000000000 ) ) ;
#2526 = DIRECTION ( 'NONE',  ( 0.000000000000000000, 0.000000000000000000, -1.000000000000000000 ) ) ;
#2527 = LINE ( 'NONE', #628, #1901 ) ;
#2528 = EDGE_LOOP ( 'NONE', ( #492, #2559, #1144, #2181 ) ) ;
#2529 = CARTESIAN_POINT ( 'NONE',  ( -1.650000000000000133, -0.9699999999999999734, 0.2500000000000000000 ) ) ;
#2530 = ADVANCED_FACE ( 'NONE', ( #944 ), #1319, .F. ) ;
#2531 = ORIENTED_EDGE ( 'NONE', *, *, #1335, .F. ) ;
#2532 = DIRECTION ( 'NONE',  ( -1.542047368306808390E-16, 1.000000000000000000, 0.000000000000000000 ) ) ;
#2533 = FACE_OUTER_BOUND ( 'NONE', #269, .T. ) ;
#2534 = CARTESIAN_POINT ( 'NONE',  ( 1.500000000000000000, 0.8000000000000001554, 0.6899999999999999467 ) ) ;
#2535 = PLANE ( 'NONE',  #2426 ) ;
#2536 = LINE ( 'NONE', #837, #995 ) ;
#2537 = CARTESIAN_POINT ( 'NONE',  ( -1.404868033168688024, -0.8351109171564526923, 0.000000000000000000 ) ) ;
#2538 = ORIENTED_EDGE ( 'NONE', *, *, #133, .F. ) ;
#2539 = ORIENTED_EDGE ( 'NONE', *, *, #2597, .T. ) ;
#2540 = ADVANCED_FACE ( 'NONE', ( #30 ), #2171, .T. ) ;
#2541 = DIRECTION ( 'NONE',  ( -0.000000000000000000, -0.000000000000000000, 1.000000000000000000 ) ) ;
#2542 = EDGE_LOOP ( 'NONE', ( #1678, #354, #1686, #1926, #178 ) ) ;
#2543 =( GEOMETRIC_REPRESENTATION_CONTEXT ( 3 ) GLOBAL_UNCERTAINTY_ASSIGNED_CONTEXT ( ( #54 ) ) GLOBAL_UNIT_ASSIGNED_CONTEXT ( ( #2663, #2212, #2449 ) ) REPRESENTATION_CONTEXT ( 'NONE', 'WORKASPACE' ) );
#2544 = VERTEX_POINT ( 'NONE', #1123 ) ;
#2545 = VECTOR ( 'NONE', #1724, 1000.000000000000000 ) ;
#2546 = FACE_OUTER_BOUND ( 'NONE', #1078, .T. ) ;
#2547 = EDGE_CURVE ( 'NONE', #1103, #2712, #1968, .T. ) ;
#2548 = DIRECTION ( 'NONE',  ( -1.000000000000000000, -1.542047368306808143E-16, 0.000000000000000000 ) ) ;
#2549 = AXIS2_PLACEMENT_3D ( 'NONE', #2351, #1929, #2115 ) ;
#2550 = DIRECTION ( 'NONE',  ( 1.000000000000000000, 0.000000000000000000, 0.000000000000000000 ) ) ;
#2551 = DIRECTION ( 'NONE',  ( 0.000000000000000000, 0.000000000000000000, -1.000000000000000000 ) ) ;
#2552 = CARTESIAN_POINT ( 'NONE',  ( -1.650000000000000133, 0.8699999999999998845, 0.2500000000000000000 ) ) ;
#2553 = ORIENTED_EDGE ( 'NONE', *, *, #2207, .T. ) ;
#2554 = LINE ( 'NONE', #1084, #2604 ) ;
#2555 = EDGE_LOOP ( 'NONE', ( #304, #554, #1658, #2256, #1898, #6, #151, #2331, #1547, #445, #2617, #125, #2061, #1338, #216, #120, #2057, #322, #1391 ) ) ;
#2556 = VERTEX_POINT ( 'NONE', #2144 ) ;
#2557 = PLANE ( 'NONE',  #55 ) ;
#2558 = EDGE_CURVE ( 'NONE', #811, #2561, #60, .T. ) ;
#2559 = ORIENTED_EDGE ( 'NONE', *, *, #1855, .T. ) ;
#2560 = PLANE ( 'NONE',  #401 ) ;
#2561 = VERTEX_POINT ( 'NONE', #1779 ) ;
#2562 = DIRECTION ( 'NONE',  ( -0.000000000000000000, -0.000000000000000000, 1.000000000000000000 ) ) ;
#2563 = DIRECTION ( 'NONE',  ( -4.613626265895764052E-16, -1.000000000000000000, 0.000000000000000000 ) ) ;
#2564 = CARTESIAN_POINT ( 'NONE',  ( -1.533204554547225262, -1.000000000000000000, 0.6999999999999999556 ) ) ;
#2565 = EDGE_CURVE ( 'NONE', #927, #1771, #2621, .T. ) ;
#2566 = CARTESIAN_POINT ( 'NONE',  ( 1.599999999999999867, 0.9699999999999999734, 0.000000000000000000 ) ) ;
#2567 = CARTESIAN_POINT ( 'NONE',  ( -0.9999999999999997780, -1.360630101413333959, 0.6999999999999999556 ) ) ;
#2568 = EDGE_CURVE ( 'NONE', #1618, #1451, #1847, .T. ) ;
#2569 = VERTEX_POINT ( 'NONE', #1807 ) ;
#2570 = VECTOR ( 'NONE', #814, 1000.000000000000000 ) ;
#2571 = ORIENTED_EDGE ( 'NONE', *, *, #271, .F. ) ;
#2572 = FACE_OUTER_BOUND ( 'NONE', #77, .T. ) ;
#2573 = AXIS2_PLACEMENT_3D ( 'NONE', #1928, #597, #2281 ) ;
#2574 = VERTEX_POINT ( 'NONE', #1828 ) ;
#2575 = ORIENTED_EDGE ( 'NONE', *, *, #2473, .F. ) ;
#2576 = CARTESIAN_POINT ( 'NONE',  ( 1.593204554547225094, 1.000000000000000000, 0.6999999999999999556 ) ) ;
#2577 = FACE_OUTER_BOUND ( 'NONE', #1327, .T. ) ;
#2578 = CARTESIAN_POINT ( 'NONE',  ( 1.600000000000000311, 0.9699999999999999734, 0.2500000000000000000 ) ) ;
#2579 = CARTESIAN_POINT ( 'NONE',  ( -0.9999999999999997780, 1.310630101413334803, 0.2500000000000000000 ) ) ;
#2580 = LINE ( 'NONE', #2190, #1246 ) ;
#2581 = ORIENTED_EDGE ( 'NONE', *, *, #1582, .T. ) ;
#2582 = VERTEX_POINT ( 'NONE', #772 ) ;
#2583 = EDGE_CURVE ( 'NONE', #311, #1363, #121, .T. ) ;
#2584 = CARTESIAN_POINT ( 'NONE',  ( 1.599999999999999867, 0.8699999999999998845, -0.05000000000000000278 ) ) ;
#2585 = ORIENTED_EDGE ( 'NONE', *, *, #281, .T. ) ;
#2586 = CIRCLE ( 'NONE', #1614, 0.1000000000000000472 ) ;
#2587 = VECTOR ( 'NONE', #1131, 1000.000000000000000 ) ;
#2588 = EDGE_LOOP ( 'NONE', ( #2539, #1885, #2689, #23 ) ) ;
#2589 = FACE_OUTER_BOUND ( 'NONE', #614, .T. ) ;
#2590 = VECTOR ( 'NONE', #1933, 999.9999999999998863 ) ;
#2591 = FACE_OUTER_BOUND ( 'NONE', #768, .T. ) ;
#2592 = CARTESIAN_POINT ( 'NONE',  ( -1.149999999999999911, 1.150000000000000133, 0.6899999999999999467 ) ) ;
#2593 = VECTOR ( 'NONE', #527, 1000.000000000000000 ) ;
#2594 = ADVANCED_FACE ( 'NONE', ( #1584 ), #2437, .T. ) ;
#2595 = CARTESIAN_POINT ( 'NONE',  ( -1.690000000000000613, 0.5000000000000000000, 0.2500000000000000000 ) ) ;
#2596 = CARTESIAN_POINT ( 'NONE',  ( -1.690000000000000613, -0.4399999999999998357, -0.05000000000000000278 ) ) ;
#2597 = EDGE_CURVE ( 'NONE', #2705, #1008, #314, .T. ) ;
#2598 = ORIENTED_EDGE ( 'NONE', *, *, #1405, .F. ) ;
#2599 = ORIENTED_EDGE ( 'NONE', *, *, #980, .F. ) ;
#2600 = CARTESIAN_POINT ( 'NONE',  ( -1.150000000000000799, -1.149999999999998801, 0.6999999999999999556 ) ) ;
#2601 = EDGE_CURVE ( 'NONE', #2760, #2706, #584, .T. ) ;
#2602 = VERTEX_POINT ( 'NONE', #1217 ) ;
#2603 = EDGE_CURVE ( 'NONE', #766, #1580, #95, .T. ) ;
#2604 = VECTOR ( 'NONE', #641, 1000.000000000000000 ) ;
#2605 = VERTEX_POINT ( 'NONE', #541 ) ;
#2606 = LINE ( 'NONE', #1951, #2593 ) ;
#2607 = MANIFOLD_SOLID_BREP ( 'Cut-Extrude3', #5 ) ;
#2608 = CARTESIAN_POINT ( 'NONE',  ( -0.9999999999999988898, -1.310630101413334803, 0.6999999999999999556 ) ) ;
#2609 = CARTESIAN_POINT ( 'NONE',  ( -1.320000000000002283, 0.8699999999999994404, -0.05000000000000000278 ) ) ;
#2610 = CARTESIAN_POINT ( 'NONE',  ( 1.690000000000000613, 0.000000000000000000, -0.05000000000000000278 ) ) ;
#2611 = CARTESIAN_POINT ( 'NONE',  ( -1.750000000000000222, -0.4999999999999994449, -0.05000000000000000278 ) ) ;
#2612 = ORIENTED_EDGE ( 'NONE', *, *, #431, .T. ) ;
#2613 = CARTESIAN_POINT ( 'NONE',  ( 1.000000000000000000, 1.370630101413334856, 0.2500000000000000000 ) ) ;
#2614 = CARTESIAN_POINT ( 'NONE',  ( -1.600000000000000311, -0.9699999999999999734, 0.2500000000000000000 ) ) ;
#2615 = ORIENTED_EDGE ( 'NONE', *, *, #1579, .T. ) ;
#2616 = EDGE_CURVE ( 'NONE', #1006, #2605, #2252, .T. ) ;
#2617 = ORIENTED_EDGE ( 'NONE', *, *, #767, .F. ) ;
#2618 = CARTESIAN_POINT ( 'NONE',  ( -1.000000000000000000, -1.370630101413334856, 0.5856994769723751215 ) ) ;
#2619 = EDGE_CURVE ( 'NONE', #1420, #2442, #1452, .T. ) ;
#2620 = CARTESIAN_POINT ( 'NONE',  ( 1.591251133647408000, -1.399999999999999689, 0.3499999999999999778 ) ) ;
#2621 = LINE ( 'NONE', #957, #1188 ) ;
#2622 = DIRECTION ( 'NONE',  ( -0.000000000000000000, -0.000000000000000000, -1.000000000000000000 ) ) ;
#2623 = FACE_BOUND ( 'NONE', #2098, .T. ) ;
#2624 = ORIENTED_EDGE ( 'NONE', *, *, #64, .F. ) ;
#2625 = LINE ( 'NONE', #2205, #2096 ) ;
#2626 = DIRECTION ( 'NONE',  ( -0.000000000000000000, 1.000000000000000000, -0.000000000000000000 ) ) ;
#2627 = ORIENTED_EDGE ( 'NONE', *, *, #983, .T. ) ;
#2628 = ADVANCED_FACE ( 'NONE', ( #1663 ), #1702, .F. ) ;
#2629 = VECTOR ( 'NONE', #652, 1000.000000000000000 ) ;
#2630 = ORIENTED_EDGE ( 'NONE', *, *, #570, .T. ) ;
#2631 = PLANE ( 'NONE',  #2496 ) ;
#2632 = PLANE ( 'NONE',  #1177 ) ;
#2633 = DIRECTION ( 'NONE',  ( -0.000000000000000000, 1.000000000000000000, 0.000000000000000000 ) ) ;
#2634 = VECTOR ( 'NONE', #2092, 1000.000000000000000 ) ;
#2635 = ADVANCED_FACE ( 'NONE', ( #175 ), #2720, .T. ) ;
#2636 = VECTOR ( 'NONE', #1792, 1000.000000000000000 ) ;
#2637 = CARTESIAN_POINT ( 'NONE',  ( -1.750000000000000222, 0.9699999999999999734, 0.2500000000000000000 ) ) ;
#2638 = VECTOR ( 'NONE', #2626, 1000.000000000000000 ) ;
#2639 = DIRECTION ( 'NONE',  ( -0.7071067811865462405, -0.7071067811865489050, 0.000000000000000000 ) ) ;
#2640 = DIRECTION ( 'NONE',  ( -0.000000000000000000, -0.000000000000000000, 1.000000000000000000 ) ) ;
#2641 = AXIS2_PLACEMENT_3D ( 'NONE', #1665, #1917, #1465 ) ;
#2642 = DIRECTION ( 'NONE',  ( -0.7071067811865474617, -0.7071067811865475727, 0.000000000000000000 ) ) ;
#2643 = DIRECTION ( 'NONE',  ( -1.000000000000000000, 0.000000000000000000, -0.000000000000000000 ) ) ;
#2644 = EDGE_LOOP ( 'NONE', ( #2693, #1517, #1617, #1786 ) ) ;
#2645 = UNCERTAINTY_MEASURE_WITH_UNIT (LENGTH_MEASURE( 1.000000000000000082E-05 ), #2265, 'distance_accuracy_value', 'NONE');
#2646 = PRESENTATION_LAYER_ASSIGNMENT (  '', '', ( #1097 ) ) ;
#2647 = ORIENTED_EDGE ( 'NONE', *, *, #31, .F. ) ;
#2648 = DIRECTION ( 'NONE',  ( -0.000000000000000000, -0.000000000000000000, 1.000000000000000000 ) ) ;
#2649 = CARTESIAN_POINT ( 'NONE',  ( -1.750000000000000444, 0.5000000000000000000, 0.2500000000000000000 ) ) ;
#2650 = DIRECTION ( 'NONE',  ( 1.000000000000000000, 0.000000000000000000, 0.000000000000000000 ) ) ;
#2651 = DIRECTION ( 'NONE',  ( 0.000000000000000000, 0.000000000000000000, 1.000000000000000000 ) ) ;
#2652 = DIRECTION ( 'NONE',  ( -0.000000000000000000, -0.000000000000000000, 1.000000000000000000 ) ) ;
#2653 = EDGE_CURVE ( 'NONE', #1726, #1103, #609, .T. ) ;
#2654 = DIRECTION ( 'NONE',  ( 0.000000000000000000, -0.000000000000000000, 1.000000000000000000 ) ) ;
#2655 = DIRECTION ( 'NONE',  ( -1.000000000000000000, 0.000000000000000000, 0.000000000000000000 ) ) ;
#2656 = VERTEX_POINT ( 'NONE', #1463 ) ;
#2657 = EDGE_CURVE ( 'NONE', #659, #362, #650, .T. ) ;
#2658 = CARTESIAN_POINT ( 'NONE',  ( 1.593204554547225094, 1.000000000000000000, 0.2500000000000000000 ) ) ;
#2659 = ORIENTED_EDGE ( 'NONE', *, *, #1637, .T. ) ;
#2660 = ORIENTED_EDGE ( 'NONE', *, *, #2558, .F. ) ;
#2661 = VERTEX_POINT ( 'NONE', #164 ) ;
#2662 = ADVANCED_FACE ( 'NONE', ( #2086 ), #1872, .F. ) ;
#2663 =( LENGTH_UNIT ( ) NAMED_UNIT ( * ) SI_UNIT ( .MILLI., .METRE. ) );
#2664 = PLANE ( 'NONE',  #44 ) ;
#2665 = CARTESIAN_POINT ( 'NONE',  ( 1.650000000000000133, -0.9699999999999999734, -0.05000000000000000278 ) ) ;
#2666 = EDGE_CURVE ( 'NONE', #1267, #1910, #2737, .T. ) ;
#2667 = DIRECTION ( 'NONE',  ( -0.000000000000000000, -0.000000000000000000, 1.000000000000000000 ) ) ;
#2668 = DIRECTION ( 'NONE',  ( -1.000000000000000000, 2.596891431103006537E-16, 0.000000000000000000 ) ) ;
#2669 = VECTOR ( 'NONE', #1945, 999.9999999999998863 ) ;
#2670 = CARTESIAN_POINT ( 'NONE',  ( 1.690000000000000613, -0.4400000000000002798, 0.2500000000000000000 ) ) ;
#2671 = CARTESIAN_POINT ( 'NONE',  ( -1.599999999999999867, -1.000000000000000000, 0.2499999999999999445 ) ) ;
#2672 = ADVANCED_FACE ( 'NONE', ( #208 ), #221, .F. ) ;
#2673 = ORIENTED_EDGE ( 'NONE', *, *, #2423, .T. ) ;
#2674 = EDGE_LOOP ( 'NONE', ( #2719, #869, #1838, #2553, #2538 ) ) ;
#2675 = ORIENTED_EDGE ( 'NONE', *, *, #2710, .T. ) ;
#2676 = DIRECTION ( 'NONE',  ( 0.7071067811865462405, 0.7071067811865489050, -0.000000000000000000 ) ) ;
#2677 = LINE ( 'NONE', #1863, #1667 ) ;
#2678 = AXIS2_PLACEMENT_3D ( 'NONE', #2439, #2639, #1599 ) ;
#2679 = VERTEX_POINT ( 'NONE', #422 ) ;
#2680 = CARTESIAN_POINT ( 'NONE',  ( 1.165742308968066299, -1.165742308968071850, 0.000000000000000000 ) ) ;
#2681 = DIRECTION ( 'NONE',  ( -1.548860246407863583E-16, 1.000000000000000000, -0.000000000000000000 ) ) ;
#2682 = EDGE_CURVE ( 'NONE', #2164, #1551, #974, .T. ) ;
#2683 = CIRCLE ( 'NONE', #278, 0.1000000000000000472 ) ;
#2684 = FACE_OUTER_BOUND ( 'NONE', #1936, .T. ) ;
#2685 = AXIS2_PLACEMENT_3D ( 'NONE', #1408, #557, #759 ) ;
#2686 = FACE_OUTER_BOUND ( 'NONE', #2447, .T. ) ;
#2687 = ADVANCED_FACE ( 'NONE', ( #2546 ), #857, .F. ) ;
#2688 = AXIS2_PLACEMENT_3D ( 'NONE', #2595, #1153, #708 ) ;
#2689 = ORIENTED_EDGE ( 'NONE', *, *, #2129, .F. ) ;
#2690 = AXIS2_PLACEMENT_3D ( 'NONE', #1609, #982, #1397 ) ;
#2691 = EDGE_CURVE ( 'NONE', #1451, #1393, #2337, .T. ) ;
#2692 = ORIENTED_EDGE ( 'NONE', *, *, #2682, .F. ) ;
#2693 = ORIENTED_EDGE ( 'NONE', *, *, #64, .T. ) ;
#2694 = ADVANCED_FACE ( 'NONE', ( #1902 ), #844, .F. ) ;
#2695 = FILL_AREA_STYLE_COLOUR ( '', #1225 ) ;
#2696 =( NAMED_UNIT ( * ) PLANE_ANGLE_UNIT ( ) SI_UNIT ( $, .RADIAN. ) );
#2697 = DIRECTION ( 'NONE',  ( -1.548860246407863583E-16, 1.000000000000000000, -0.000000000000000000 ) ) ;
#2698 = CARTESIAN_POINT ( 'NONE',  ( 1.560630101413334136, 1.360630101413334403, 0.6999999999999999556 ) ) ;
#2699 = DIRECTION ( 'NONE',  ( -1.000000000000000000, -2.168404344971010594E-16, -0.000000000000000000 ) ) ;
#2700 = PLANE ( 'NONE',  #1970 ) ;
#2701 = CARTESIAN_POINT ( 'NONE',  ( -1.500000000000000888, -0.7999999999999983791, 0.6999999999999999556 ) ) ;
#2702 = ORIENTED_EDGE ( 'NONE', *, *, #1331, .T. ) ;
#2703 = FACE_OUTER_BOUND ( 'NONE', #1713, .T. ) ;
#2704 = VERTEX_POINT ( 'NONE', #1479 ) ;
#2705 = VERTEX_POINT ( 'NONE', #2322 ) ;
#2706 = VERTEX_POINT ( 'NONE', #1066 ) ;
#2707 = ADVANCED_FACE ( 'NONE', ( #1273 ), #1079, .F. ) ;
#2708 = SURFACE_SIDE_STYLE ('',( #529 ) ) ;
#2709 = FILL_AREA_STYLE ('',( #1410 ) ) ;
#2710 = EDGE_CURVE ( 'NONE', #592, #2569, #386, .T. ) ;
#2711 = LINE ( 'NONE', #2438, #1846 ) ;
#2712 = VERTEX_POINT ( 'NONE', #1717 ) ;
#2713 = DIRECTION ( 'NONE',  ( -1.000000000000000000, -1.548860246407863583E-16, 0.000000000000000000 ) ) ;
#2714 = CARTESIAN_POINT ( 'NONE',  ( 1.650000000000000133, 0.8699999999999998845, 0.2500000000000000000 ) ) ;
#2715 = CARTESIAN_POINT ( 'NONE',  ( 1.149999999999999023, -1.150000000000000577, 0.6899999999999999467 ) ) ;
#2716 = DIRECTION ( 'NONE',  ( -1.000000000000000000, 1.246209393661499865E-16, 0.000000000000000000 ) ) ;
#2717 = ORIENTED_EDGE ( 'NONE', *, *, #1176, .F. ) ;
#2718 = DIRECTION ( 'NONE',  ( -1.000000000000000000, 0.000000000000000000, -0.000000000000000000 ) ) ;
#2719 = ORIENTED_EDGE ( 'NONE', *, *, #1774, .F. ) ;
#2720 = PLANE ( 'NONE',  #2298 ) ;
#2721 = EDGE_CURVE ( 'NONE', #2262, #2164, #1092, .T. ) ;
#2722 = FACE_OUTER_BOUND ( 'NONE', #1742, .T. ) ;
#2723 = DIRECTION ( 'NONE',  ( 0.000000000000000000, -0.08715574274765836016, -0.9961946980917455452 ) ) ;
#2724 = CARTESIAN_POINT ( 'NONE',  ( 1.599999999999999867, 1.400000000000000133, 0.2500000000000000000 ) ) ;
#2725 = ADVANCED_FACE ( 'NONE', ( #1510 ), #2560, .F. ) ;
#2726 = ORIENTED_EDGE ( 'NONE', *, *, #668, .F. ) ;
#2727 = VECTOR ( 'NONE', #1791, 1000.000000000000000 ) ;
#2728 = LINE ( 'NONE', #2069, #1527 ) ;
#2729 = VECTOR ( 'NONE', #1187, 1000.000000000000000 ) ;
#2730 = PLANE ( 'NONE',  #1142 ) ;
#2731 = VECTOR ( 'NONE', #1854, 1000.000000000000000 ) ;
#2732 = ORIENTED_EDGE ( 'NONE', *, *, #2520, .T. ) ;
#2733 = VECTOR ( 'NONE', #428, 1000.000000000000000 ) ;
#2734 = DIRECTION ( 'NONE',  ( -0.000000000000000000, -0.000000000000000000, 1.000000000000000000 ) ) ;
#2735 = VECTOR ( 'NONE', #1965, 1000.000000000000000 ) ;
#2736 = ORIENTED_EDGE ( 'NONE', *, *, #2392, .F. ) ;
#2737 = LINE ( 'NONE', #831, #2478 ) ;
#2738 = DIRECTION ( 'NONE',  ( 0.000000000000000000, 0.000000000000000000, -1.000000000000000000 ) ) ;
#2739 = LINE ( 'NONE', #210, #2315 ) ;
#2740 = CARTESIAN_POINT ( 'NONE',  ( -1.690000000000000613, 0.4400000000000001688, -0.05000000000000000278 ) ) ;
#2741 = DIRECTION ( 'NONE',  ( -1.084202172485497650E-14, 1.000000000000000000, 0.000000000000000000 ) ) ;
#2742 = EDGE_CURVE ( 'NONE', #2151, #1393, #872, .T. ) ;
#2743 = LINE ( 'NONE', #838, #346 ) ;
#2744 = ORIENTED_EDGE ( 'NONE', *, *, #2020, .T. ) ;
#2745 = ADVANCED_FACE ( 'NONE', ( #1651 ), #2664, .F. ) ;
#2746 = VECTOR ( 'NONE', #1045, 1000.000000000000000 ) ;
#2747 = DIRECTION ( 'NONE',  ( 0.000000000000000000, 1.000000000000000000, 0.000000000000000000 ) ) ;
#2748 = ORIENTED_EDGE ( 'NONE', *, *, #213, .F. ) ;
#2749 = VERTEX_POINT ( 'NONE', #138 ) ;
#2750 = CARTESIAN_POINT ( 'NONE',  ( 1.600000000000000311, 0.9699999999999999734, 0.2500000000000000000 ) ) ;
#2751 = CARTESIAN_POINT ( 'NONE',  ( -1.095000000000003304, 1.094999999999999307, -0.05000000000000000278 ) ) ;
#2752 = EDGE_CURVE ( 'NONE', #922, #1459, #2049, .T. ) ;
#2753 = CARTESIAN_POINT ( 'NONE',  ( 1.149999999999999023, -1.150000000000000577, 0.6899999999999999467 ) ) ;
#2754 = CARTESIAN_POINT ( 'NONE',  ( 1.390259633596963473, -0.9412249843391756743, 0.000000000000000000 ) ) ;
#2755 = AXIS2_PLACEMENT_3D ( 'NONE', #1690, #1680, #2491 ) ;
#2756 = ADVANCED_FACE ( 'NONE', ( #344 ), #773, .F. ) ;
#2757 = CARTESIAN_POINT ( 'NONE',  ( -1.593204554547225094, 1.000000000000000000, 0.2500000000000000000 ) ) ;
#2758 = CARTESIAN_POINT ( 'NONE',  ( -1.333092651217306912, -0.8699999999999998845, -0.05000000000000000278 ) ) ;
#2759 = ORIENTED_EDGE ( 'NONE', *, *, #2180, .T. ) ;
#2760 = VERTEX_POINT ( 'NONE', #1396 ) ;
#2761 = CARTESIAN_POINT ( 'NONE',  ( 1.599999999999999867, 1.370630101413334856, 0.5856994769723808947 ) ) ;
#2762 = ADVANCED_FACE ( 'NONE', ( #1623 ), #330, .F. ) ;
#2763 = VERTEX_POINT ( 'NONE', #2213 ) ;
#2764 = CARTESIAN_POINT ( 'NONE',  ( 1.560630101413334359, -1.399999999999999689, 0.6999999999999999556 ) ) ;
#2765 = CARTESIAN_POINT ( 'NONE',  ( 1.341581210426922478E-16, -0.8699999999999996625, 0.000000000000000000 ) ) ;
#2766 = CARTESIAN_POINT ( 'NONE',  ( -1.500000000000000666, -0.7999999999999983791, 0.6999999999999999556 ) ) ;
#2767 = PLANE ( 'NONE',  #2031 ) ;
ENDSEC;
END-ISO-10303-21;
