ISO-10303-21;
HEADER;
FILE_DESCRIPTION (( 'STEP AP214' ),
    '1' );
FILE_NAME ('Schaffner RN112-0.8-02-10M.STEP',
    '2025-10-01T10:47:03',
    ( '' ),
    ( '' ),
    'SwSTEP 2.0',
    'SolidWorks 2023',
    '' );
FILE_SCHEMA (( 'AUTOMOTIVE_DESIGN' ));
ENDSEC;

DATA;
#1 = SURFACE_STYLE_FILL_AREA ( #1612 ) ;
#2 = ORIENTED_EDGE ( 'NONE', *, *, #1834, .F. ) ;
#3 = EDGE_CURVE ( 'NONE', #1802, #1987, #1799, .T. ) ;
#4 = AXIS2_PLACEMENT_3D ( 'NONE', #510, #23, #1977 ) ;
#5 = EDGE_LOOP ( 'NONE', ( #1037, #2089 ) ) ;
#6 = PLANE ( 'NONE',  #1334 ) ;
#7 = ORIENTED_EDGE ( 'NONE', *, *, #863, .T. ) ;
#8 = SURFACE_STYLE_USAGE ( .BOTH. , #24 ) ;
#9 =( GEOMETRIC_REPRESENTATION_CONTEXT ( 3 ) GLOBAL_UNCERTAINTY_ASSIGNED_CONTEXT ( ( #1532 ) ) GLOBAL_UNIT_ASSIGNED_CONTEXT ( ( #1386, #67, #1367 ) ) REPRESENTATION_CONTEXT ( 'NONE', 'WORKASPACE' ) );
#10 = COLOUR_RGB ( '',0.2980392156862745057, 0.2980392156862745057, 0.2980392156862745057 ) ;
#11 = MECHANICAL_DESIGN_GEOMETRIC_PRESENTATION_REPRESENTATION (  '', ( #186 ), #1918 ) ;
#12 = ORIENTED_EDGE ( 'NONE', *, *, #1349, .F. ) ;
#13 = DIRECTION ( 'NONE',  ( -0.000000000000000000, 1.000000000000000000, -0.000000000000000000 ) ) ;
#14 = ORIENTED_EDGE ( 'NONE', *, *, #937, .F. ) ;
#15 = EDGE_CURVE ( 'NONE', #1348, #792, #21, .T. ) ;
#16 = FILL_AREA_STYLE_COLOUR ( '', #889 ) ;
#17 = DIRECTION ( 'NONE',  ( -0.000000000000000000, -1.000000000000000000, -0.000000000000000000 ) ) ;
#18 = CYLINDRICAL_SURFACE ( 'NONE', #1622, 0.3999999999999993006 ) ;
#19 =( GEOMETRIC_REPRESENTATION_CONTEXT ( 3 ) GLOBAL_UNCERTAINTY_ASSIGNED_CONTEXT ( ( #263 ) ) GLOBAL_UNIT_ASSIGNED_CONTEXT ( ( #1290, #822, #949 ) ) REPRESENTATION_CONTEXT ( 'NONE', 'WORKASPACE' ) );
#20 = FILL_AREA_STYLE_COLOUR ( '', #174 ) ;
#21 = LINE ( 'NONE', #330, #1590 ) ;
#22 = SURFACE_STYLE_FILL_AREA ( #1790 ) ;
#23 = DIRECTION ( 'NONE',  ( -1.000000000000000000, 0.000000000000000000, 0.000000000000000000 ) ) ;
#24 = SURFACE_SIDE_STYLE ('',( #973 ) ) ;
#25 = CARTESIAN_POINT ( 'NONE',  ( 7.849999999999999645, 12.59999999999999964, -6.000000000000000000 ) ) ;
#26 = DIRECTION ( 'NONE',  ( 0.3420201433256659929, 0.000000000000000000, -0.9396926207859094271 ) ) ;
#27 = CIRCLE ( 'NONE', #1219, 9.957461319770334995 ) ;
#28 = AXIS2_PLACEMENT_3D ( 'NONE', #497, #333, #816 ) ;
#29 = PRESENTATION_STYLE_ASSIGNMENT (( #1491 ) ) ;
#30 = CYLINDRICAL_SURFACE ( 'NONE', #1976, 0.3999999999999993006 ) ;
#31 = PRESENTATION_LAYER_ASSIGNMENT (  '', '', ( #679 ) ) ;
#32 = EDGE_CURVE ( 'NONE', #279, #594, #814, .T. ) ;
#33 = AXIS2_PLACEMENT_3D ( 'NONE', #592, #1576, #1561 ) ;
#34 = VERTEX_POINT ( 'NONE', #1637 ) ;
#35 =( NAMED_UNIT ( * ) SI_UNIT ( $, .STERADIAN. ) SOLID_ANGLE_UNIT ( ) );
#36 = ORIENTED_EDGE ( 'NONE', *, *, #1390, .F. ) ;
#37 =( NAMED_UNIT ( * ) PLANE_ANGLE_UNIT ( ) SI_UNIT ( $, .RADIAN. ) );
#38 = DIRECTION ( 'NONE',  ( 0.9396926207859095381, 2.966551859419920714E-16, 0.3420201433256657708 ) ) ;
#39 = AXIS2_PLACEMENT_3D ( 'NONE', #429, #1721, #1053 ) ;
#40 = COLOUR_RGB ( '',0.2980392156862745057, 0.2980392156862745057, 0.2980392156862745057 ) ;
#41 = SURFACE_SIDE_STYLE ('',( #48 ) ) ;
#42 = ADVANCED_FACE ( 'NONE', ( #1763 ), #1924, .T. ) ;
#43 =( NAMED_UNIT ( * ) PLANE_ANGLE_UNIT ( ) SI_UNIT ( $, .RADIAN. ) );
#44 =( NAMED_UNIT ( * ) SI_UNIT ( $, .STERADIAN. ) SOLID_ANGLE_UNIT ( ) );
#45 = VERTEX_POINT ( 'NONE', #1166 ) ;
#46 = SURFACE_STYLE_USAGE ( .BOTH. , #1806 ) ;
#47 = PLANE ( 'NONE',  #444 ) ;
#48 = SURFACE_STYLE_FILL_AREA ( #1680 ) ;
#49 = AXIS2_PLACEMENT_3D ( 'NONE', #1383, #1242, #913 ) ;
#50 = EDGE_CURVE ( 'NONE', #45, #1595, #535, .T. ) ;
#51 =( NAMED_UNIT ( * ) PLANE_ANGLE_UNIT ( ) SI_UNIT ( $, .RADIAN. ) );
#52 = CARTESIAN_POINT ( 'NONE',  ( 8.849999999999999645, 1.500000000000000000, -5.299792461790288733 ) ) ;
#53 = EDGE_CURVE ( 'NONE', #727, #971, #1113, .T. ) ;
#54 = DIRECTION ( 'NONE',  ( -0.000000000000000000, -1.000000000000000000, -0.000000000000000000 ) ) ;
#55 =( GEOMETRIC_REPRESENTATION_CONTEXT ( 3 ) GLOBAL_UNCERTAINTY_ASSIGNED_CONTEXT ( ( #931 ) ) GLOBAL_UNIT_ASSIGNED_CONTEXT ( ( #1503, #883, #862 ) ) REPRESENTATION_CONTEXT ( 'NONE', 'WORKASPACE' ) );
#56 = SURFACE_STYLE_USAGE ( .BOTH. , #384 ) ;
#57 = FILL_AREA_STYLE_COLOUR ( '', #1489 ) ;
#58 =( NAMED_UNIT ( * ) SI_UNIT ( $, .STERADIAN. ) SOLID_ANGLE_UNIT ( ) );
#59 = COLOUR_RGB ( '',0.2980392156862745057, 0.2980392156862745057, 0.2980392156862745057 ) ;
#60 = VECTOR ( 'NONE', #319, 1000.000000000000000 ) ;
#61 = ORIENTED_EDGE ( 'NONE', *, *, #1007, .T. ) ;
#62 =( NAMED_UNIT ( * ) PLANE_ANGLE_UNIT ( ) SI_UNIT ( $, .RADIAN. ) );
#63 = ADVANCED_FACE ( 'NONE', ( #1014 ), #30, .T. ) ;
#64 = PRODUCT_CONTEXT ( 'NONE', #1862, 'mechanical' ) ;
#65 =( NAMED_UNIT ( * ) SI_UNIT ( $, .STERADIAN. ) SOLID_ANGLE_UNIT ( ) );
#66 = ORIENTED_EDGE ( 'NONE', *, *, #1171, .T. ) ;
#67 =( NAMED_UNIT ( * ) PLANE_ANGLE_UNIT ( ) SI_UNIT ( $, .RADIAN. ) );
#68 = PRESENTATION_LAYER_ASSIGNMENT (  '', '', ( #214 ) ) ;
#69 = SURFACE_STYLE_USAGE ( .BOTH. , #1694 ) ;
#70 = DIRECTION ( 'NONE',  ( 0.000000000000000000, 0.000000000000000000, 1.000000000000000000 ) ) ;
#71 = MECHANICAL_DESIGN_GEOMETRIC_PRESENTATION_REPRESENTATION (  '', ( #1995 ), #1308 ) ;
#72 = ORIENTED_EDGE ( 'NONE', *, *, #1703, .F. ) ;
#73 = EDGE_LOOP ( 'NONE', ( #1816, #1863, #897, #7 ) ) ;
#74 = ORIENTED_EDGE ( 'NONE', *, *, #1475, .T. ) ;
#75 = CARTESIAN_POINT ( 'NONE',  ( -7.500000000000000000, -4.000000000000000000, -5.000000000000000000 ) ) ;
#76 = ORIENTED_EDGE ( 'NONE', *, *, #1994, .T. ) ;
#77 = CYLINDRICAL_SURFACE ( 'NONE', #1505, 1.000000000000000000 ) ;
#78 = SURFACE_STYLE_FILL_AREA ( #267 ) ;
#79 = SURFACE_STYLE_USAGE ( .BOTH. , #1387 ) ;
#80 = ORIENTED_EDGE ( 'NONE', *, *, #500, .T. ) ;
#81 = DIRECTION ( 'NONE',  ( -0.000000000000000000, 1.000000000000000000, -0.000000000000000000 ) ) ;
#82 = COLOUR_RGB ( '',0.8941176470588234615, 0.9137254901960784048, 0.9294117647058823817 ) ;
#83 = UNCERTAINTY_MEASURE_WITH_UNIT (LENGTH_MEASURE( 1.000000000000000082E-05 ), #1317, 'distance_accuracy_value', 'NONE');
#84 =( NAMED_UNIT ( * ) SI_UNIT ( $, .STERADIAN. ) SOLID_ANGLE_UNIT ( ) );
#85 = DIRECTION ( 'NONE',  ( 0.000000000000000000, 0.000000000000000000, -1.000000000000000000 ) ) ;
#86 = AXIS2_PLACEMENT_3D ( 'NONE', #646, #972, #1780 ) ;
#87 = CYLINDRICAL_SURFACE ( 'NONE', #457, 9.957461319770333219 ) ;
#88 = ADVANCED_FACE ( 'NONE', ( #1187 ), #1860, .T. ) ;
#89 = DIRECTION ( 'NONE',  ( 0.000000000000000000, 1.000000000000000000, 0.000000000000000000 ) ) ;
#90 =( GEOMETRIC_REPRESENTATION_CONTEXT ( 3 ) GLOBAL_UNCERTAINTY_ASSIGNED_CONTEXT ( ( #982 ) ) GLOBAL_UNIT_ASSIGNED_CONTEXT ( ( #1688, #885, #414 ) ) REPRESENTATION_CONTEXT ( 'NONE', 'WORKASPACE' ) );
#91 = EDGE_LOOP ( 'NONE', ( #713, #1206 ) ) ;
#92 = VECTOR ( 'NONE', #1723, 1000.000000000000000 ) ;
#93 = ADVANCED_FACE ( 'NONE', ( #1529 ), #703, .T. ) ;
#94 = FACE_OUTER_BOUND ( 'NONE', #740, .T. ) ;
#95 = DIRECTION ( 'NONE',  ( 0.000000000000000000, 0.000000000000000000, 1.000000000000000000 ) ) ;
#96 = STYLED_ITEM ( 'NONE', ( #29 ), #856 ) ;
#97 = MECHANICAL_DESIGN_GEOMETRIC_PRESENTATION_REPRESENTATION (  '', ( #272 ), #2081 ) ;
#98 = VERTEX_POINT ( 'NONE', #218 ) ;
#99 = CARTESIAN_POINT ( 'NONE',  ( 7.500000000000000000, -4.000000000000000000, -5.399999999999999467 ) ) ;
#100 = SURFACE_STYLE_USAGE ( .BOTH. , #589 ) ;
#101 = FILL_AREA_STYLE_COLOUR ( '', #659 ) ;
#102 = COLOUR_RGB ( '',0.2980392156862745057, 0.2980392156862745057, 0.2980392156862745057 ) ;
#103 = DIRECTION ( 'NONE',  ( -0.3420201433256661594, 0.000000000000000000, -0.9396926207859094271 ) ) ;
#104 = ORIENTED_EDGE ( 'NONE', *, *, #1779, .T. ) ;
#105 = CARTESIAN_POINT ( 'NONE',  ( 3.234642276084789270, 11.59999999999999964, -6.979645293786019167 ) ) ;
#106 = ADVANCED_FACE ( 'NONE', ( #403 ), #737, .T. ) ;
#107 = UNCERTAINTY_MEASURE_WITH_UNIT (LENGTH_MEASURE( 1.000000000000000082E-05 ), #784, 'distance_accuracy_value', 'NONE');
#108 = DIRECTION ( 'NONE',  ( -0.000000000000000000, -1.000000000000000000, -0.000000000000000000 ) ) ;
#109 = VECTOR ( 'NONE', #1208, 1000.000000000000000 ) ;
#110 = UNCERTAINTY_MEASURE_WITH_UNIT (LENGTH_MEASURE( 1.000000000000000082E-05 ), #293, 'distance_accuracy_value', 'NONE');
#111 = AXIS2_PLACEMENT_3D ( 'NONE', #1517, #1685, #549 ) ;
#112 = FILL_AREA_STYLE_COLOUR ( '', #59 ) ;
#113 = DIRECTION ( 'NONE',  ( -0.000000000000000000, 1.000000000000000000, -0.000000000000000000 ) ) ;
#114 = PRESENTATION_STYLE_ASSIGNMENT (( #440 ) ) ;
#115 = DIRECTION ( 'NONE',  ( -1.000000000000000000, 0.000000000000000000, 0.000000000000000000 ) ) ;
#116 = ORIENTED_EDGE ( 'NONE', *, *, #2000, .T. ) ;
#117 = CARTESIAN_POINT ( 'NONE',  ( 3.576662419410452376, 0.000000000000000000, -7.919337914571930703 ) ) ;
#118 = SURFACE_STYLE_FILL_AREA ( #609 ) ;
#119 = EDGE_CURVE ( 'NONE', #1077, #1059, #1027, .T. ) ;
#120 = PRESENTATION_STYLE_ASSIGNMENT (( #1108 ) ) ;
#121 = PLANE ( 'NONE',  #1385 ) ;
#122 = SURFACE_STYLE_FILL_AREA ( #661 ) ;
#123 = PLANE ( 'NONE',  #1997 ) ;
#124 = PRESENTATION_STYLE_ASSIGNMENT (( #137 ) ) ;
#125 = ORIENTED_EDGE ( 'NONE', *, *, #1095, .T. ) ;
#126 = SURFACE_STYLE_FILL_AREA ( #1131 ) ;
#127 = PRESENTATION_LAYER_ASSIGNMENT (  '', '', ( #1973 ) ) ;
#128 = STYLED_ITEM ( 'NONE', ( #1660 ), #63 ) ;
#129 =( NAMED_UNIT ( * ) PLANE_ANGLE_UNIT ( ) SI_UNIT ( $, .RADIAN. ) );
#130 = UNCERTAINTY_MEASURE_WITH_UNIT (LENGTH_MEASURE( 1.000000000000000082E-05 ), #1204, 'distance_accuracy_value', 'NONE');
#131 = SURFACE_STYLE_USAGE ( .BOTH. , #599 ) ;
#132 = SURFACE_SIDE_STYLE ('',( #169 ) ) ;
#133 = PRESENTATION_LAYER_ASSIGNMENT (  '', '', ( #1296 ) ) ;
#134 = ADVANCED_FACE ( 'NONE', ( #725 ), #262, .T. ) ;
#135 = CARTESIAN_POINT ( 'NONE',  ( 8.849999999999999645, 12.59999999999999964, -5.299792461790289622 ) ) ;
#136 = CIRCLE ( 'NONE', #1874, 0.9999999999999998890 ) ;
#137 = SURFACE_STYLE_USAGE ( .BOTH. , #1805 ) ;
#138 = VERTEX_POINT ( 'NONE', #1188 ) ;
#139 = SURFACE_SIDE_STYLE ('',( #1 ) ) ;
#140 = SURFACE_SIDE_STYLE ('',( #805 ) ) ;
#141 = ORIENTED_EDGE ( 'NONE', *, *, #50, .F. ) ;
#142 = CIRCLE ( 'NONE', #1708, 10.45746131977033322 ) ;
#143 =( GEOMETRIC_REPRESENTATION_CONTEXT ( 3 ) GLOBAL_UNCERTAINTY_ASSIGNED_CONTEXT ( ( #2056 ) ) GLOBAL_UNIT_ASSIGNED_CONTEXT ( ( #184, #846, #1641 ) ) REPRESENTATION_CONTEXT ( 'NONE', 'WORKASPACE' ) );
#144 = PLANE ( 'NONE',  #1255 ) ;
#145 = CARTESIAN_POINT ( 'NONE',  ( -3.576662419410453708, 12.59999999999999964, -7.919337914571928927 ) ) ;
#146 = PRESENTATION_STYLE_ASSIGNMENT (( #961 ) ) ;
#147 = DIRECTION ( 'NONE',  ( -0.000000000000000000, -1.000000000000000000, -0.000000000000000000 ) ) ;
#148 = EDGE_CURVE ( 'NONE', #877, #1281, #601, .T. ) ;
#149 = CARTESIAN_POINT ( 'NONE',  ( -7.500000000000000000, -4.000000000000000000, 5.000000000000000000 ) ) ;
#150 = VERTEX_POINT ( 'NONE', #117 ) ;
#151 = DIRECTION ( 'NONE',  ( -0.000000000000000000, -1.000000000000000000, -0.000000000000000000 ) ) ;
#152 = CARTESIAN_POINT ( 'NONE',  ( -2.008549773780095027, 11.59999999999999964, 7.425906469081889227 ) ) ;
#153 = CARTESIAN_POINT ( 'NONE',  ( 2.085118435939925140E-15, 0.000000000000000000, 1.907461319770331398 ) ) ;
#154 = ORIENTED_EDGE ( 'NONE', *, *, #1241, .T. ) ;
#155 = UNCERTAINTY_MEASURE_WITH_UNIT (LENGTH_MEASURE( 1.000000000000000082E-05 ), #2088, 'distance_accuracy_value', 'NONE');
#156 = ORIENTED_EDGE ( 'NONE', *, *, #50, .T. ) ;
#157 = FACE_OUTER_BOUND ( 'NONE', #2116, .T. ) ;
#158 = PRESENTATION_LAYER_ASSIGNMENT (  '', '', ( #670 ) ) ;
#159 = FILL_AREA_STYLE ('',( #623 ) ) ;
#160 =( NAMED_UNIT ( * ) SI_UNIT ( $, .STERADIAN. ) SOLID_ANGLE_UNIT ( ) );
#161 = FACE_BOUND ( 'NONE', #1920, .T. ) ;
#162 = CARTESIAN_POINT ( 'NONE',  ( -8.507979856674333874, 12.59999999999999964, -5.060307379214091128 ) ) ;
#163 = LINE ( 'NONE', #1957, #60 ) ;
#164 = ORIENTED_EDGE ( 'NONE', *, *, #1021, .F. ) ;
#165 = ORIENTED_EDGE ( 'NONE', *, *, #1870, .T. ) ;
#166 = EDGE_CURVE ( 'NONE', #567, #138, #1725, .T. ) ;
#167 =( NAMED_UNIT ( * ) SI_UNIT ( $, .STERADIAN. ) SOLID_ANGLE_UNIT ( ) );
#168 = VECTOR ( 'NONE', #1024, 1000.000000000000000 ) ;
#169 = SURFACE_STYLE_FILL_AREA ( #1592 ) ;
#170 = VERTEX_POINT ( 'NONE', #2054 ) ;
#171 = CARTESIAN_POINT ( 'NONE',  ( 7.500000000000000000, -4.000000000000000000, 5.399999999999999467 ) ) ;
#172 = LINE ( 'NONE', #1448, #1822 ) ;
#173 = FACE_OUTER_BOUND ( 'NONE', #560, .T. ) ;
#174 = COLOUR_RGB ( '',0.2980392156862745057, 0.2980392156862745057, 0.2980392156862745057 ) ;
#175 = CIRCLE ( 'NONE', #708, 0.3999999999999993006 ) ;
#176 = DIRECTION ( 'NONE',  ( 0.000000000000000000, 0.000000000000000000, -1.000000000000000000 ) ) ;
#177 = LINE ( 'NONE', #162, #1330 ) ;
#178 = FILL_AREA_STYLE ('',( #637 ) ) ;
#179 = VERTEX_POINT ( 'NONE', #903 ) ;
#180 = ORIENTED_EDGE ( 'NONE', *, *, #1703, .T. ) ;
#181 = UNCERTAINTY_MEASURE_WITH_UNIT (LENGTH_MEASURE( 1.000000000000000082E-05 ), #1248, 'distance_accuracy_value', 'NONE');
#182 = ORIENTED_EDGE ( 'NONE', *, *, #1560, .T. ) ;
#183 = FILL_AREA_STYLE_COLOUR ( '', #2055 ) ;
#184 =( LENGTH_UNIT ( ) NAMED_UNIT ( * ) SI_UNIT ( .MILLI., .METRE. ) );
#185 = PRESENTATION_LAYER_ASSIGNMENT (  '', '', ( #1854 ) ) ;
#186 = STYLED_ITEM ( 'NONE', ( #1967 ), #1751 ) ;
#187 =( NAMED_UNIT ( * ) PLANE_ANGLE_UNIT ( ) SI_UNIT ( $, .RADIAN. ) );
#188 = ORIENTED_EDGE ( 'NONE', *, *, #980, .F. ) ;
#189 = ORIENTED_EDGE ( 'NONE', *, *, #148, .T. ) ;
#190 = CARTESIAN_POINT ( 'NONE',  ( 7.500000000000000000, -4.000000000000000000, -5.000000000000000000 ) ) ;
#191 = ORIENTED_EDGE ( 'NONE', *, *, #524, .T. ) ;
#192 = SURFACE_SIDE_STYLE ('',( #361 ) ) ;
#193 =( LENGTH_UNIT ( ) NAMED_UNIT ( * ) SI_UNIT ( .MILLI., .METRE. ) );
#194 = CARTESIAN_POINT ( 'NONE',  ( -8.849999999999999645, 12.59999999999999964, 6.000000000000000000 ) ) ;
#195 = CARTESIAN_POINT ( 'NONE',  ( -8.192020143325665416, 1.500000000000000000, 6.239485082576198494 ) ) ;
#196 =( NAMED_UNIT ( * ) PLANE_ANGLE_UNIT ( ) SI_UNIT ( $, .RADIAN. ) );
#197 = CARTESIAN_POINT ( 'NONE',  ( -3.234642276084787493, 11.59999999999999964, -6.979645293786019167 ) ) ;
#198 = COLOUR_RGB ( '',0.2980392156862745057, 0.2980392156862745057, 0.2980392156862745057 ) ;
#199 = ORIENTED_EDGE ( 'NONE', *, *, #1099, .T. ) ;
#200 = CARTESIAN_POINT ( 'NONE',  ( 2.085118435939925140E-15, 12.59999999999999964, -1.907461319770331398 ) ) ;
#201 = ORIENTED_EDGE ( 'NONE', *, *, #1212, .T. ) ;
#202 = CARTESIAN_POINT ( 'NONE',  ( 7.849999999999999645, 11.59999999999999964, 5.299792461790288733 ) ) ;
#203 = EDGE_CURVE ( 'NONE', #1987, #1145, #1499, .T. ) ;
#204 = SURFACE_STYLE_FILL_AREA ( #823 ) ;
#205 = DIRECTION ( 'NONE',  ( 0.000000000000000000, 0.000000000000000000, 1.000000000000000000 ) ) ;
#206 = CARTESIAN_POINT ( 'NONE',  ( 2.085118435939925140E-15, 1.500000000000000000, -8.050000000000002487 ) ) ;
#207 = AXIS2_PLACEMENT_3D ( 'NONE', #1773, #1597, #318 ) ;
#208 = SURFACE_SIDE_STYLE ('',( #1035 ) ) ;
#209 = AXIS2_PLACEMENT_3D ( 'NONE', #1249, #1892, #95 ) ;
#210 =( GEOMETRIC_REPRESENTATION_CONTEXT ( 3 ) GLOBAL_UNCERTAINTY_ASSIGNED_CONTEXT ( ( #584 ) ) GLOBAL_UNIT_ASSIGNED_CONTEXT ( ( #1852, #227, #58 ) ) REPRESENTATION_CONTEXT ( 'NONE', 'WORKASPACE' ) );
#211 = FILL_AREA_STYLE ('',( #183 ) ) ;
#212 = ORIENTED_EDGE ( 'NONE', *, *, #1966, .F. ) ;
#213 = DIRECTION ( 'NONE',  ( 0.000000000000000000, 0.000000000000000000, 1.000000000000000000 ) ) ;
#214 = STYLED_ITEM ( 'NONE', ( #546 ), #631 ) ;
#215 = DIRECTION ( 'NONE',  ( 0.000000000000000000, 0.000000000000000000, -1.000000000000000000 ) ) ;
#216 = MECHANICAL_DESIGN_GEOMETRIC_PRESENTATION_REPRESENTATION (  '', ( #756 ), #531 ) ;
#217 = AXIS2_PLACEMENT_3D ( 'NONE', #788, #151, #2075 ) ;
#218 = CARTESIAN_POINT ( 'NONE',  ( -3.576662419410453708, 1.500000000000000000, -7.385467275258218223 ) ) ;
#219 = UNCERTAINTY_MEASURE_WITH_UNIT (LENGTH_MEASURE( 1.000000000000000082E-05 ), #1693, 'distance_accuracy_value', 'NONE');
#220 = CARTESIAN_POINT ( 'NONE',  ( -7.500000000000000000, -4.000000000000000000, -5.000000000000000000 ) ) ;
#221 = ORIENTED_EDGE ( 'NONE', *, *, #1621, .F. ) ;
#222 = CARTESIAN_POINT ( 'NONE',  ( -8.192020143325665416, 12.59999999999999964, -6.239485082576197605 ) ) ;
#223 = FILL_AREA_STYLE ('',( #101 ) ) ;
#224 = MECHANICAL_DESIGN_GEOMETRIC_PRESENTATION_REPRESENTATION (  '', ( #866 ), #508 ) ;
#225 = FILL_AREA_STYLE ('',( #1686 ) ) ;
#226 =( LENGTH_UNIT ( ) NAMED_UNIT ( * ) SI_UNIT ( .MILLI., .METRE. ) );
#227 =( NAMED_UNIT ( * ) PLANE_ANGLE_UNIT ( ) SI_UNIT ( $, .RADIAN. ) );
#228 = PRESENTATION_LAYER_ASSIGNMENT (  '', '', ( #734 ) ) ;
#229 = SURFACE_STYLE_FILL_AREA ( #1853 ) ;
#230 = ORIENTED_EDGE ( 'NONE', *, *, #518, .F. ) ;
#231 = EDGE_LOOP ( 'NONE', ( #80, #156, #74, #1542 ) ) ;
#232 = DIRECTION ( 'NONE',  ( 0.000000000000000000, -0.000000000000000000, 1.000000000000000000 ) ) ;
#233 = AXIS2_PLACEMENT_3D ( 'NONE', #197, #1336, #1482 ) ;
#234 =( NAMED_UNIT ( * ) PLANE_ANGLE_UNIT ( ) SI_UNIT ( $, .RADIAN. ) );
#235 = DIRECTION ( 'NONE',  ( 0.000000000000000000, 0.000000000000000000, 1.000000000000000000 ) ) ;
#236 = VECTOR ( 'NONE', #340, 1000.000000000000000 ) ;
#237 = SURFACE_SIDE_STYLE ('',( #1866 ) ) ;
#238 = COLOUR_RGB ( '',0.2980392156862745057, 0.2980392156862745057, 0.2980392156862745057 ) ;
#239 = CARTESIAN_POINT ( 'NONE',  ( 7.849999999999999645, 12.59999999999999964, 5.299792461790288733 ) ) ;
#240 = DIRECTION ( 'NONE',  ( 1.000000000000000000, 0.000000000000000000, 0.000000000000000000 ) ) ;
#241 = FILL_AREA_STYLE_COLOUR ( '', #1146 ) ;
#242 = VECTOR ( 'NONE', #1457, 1000.000000000000000 ) ;
#243 = ORIENTED_EDGE ( 'NONE', *, *, #1007, .F. ) ;
#244 = MECHANICAL_DESIGN_GEOMETRIC_PRESENTATION_REPRESENTATION (  '', ( #679 ), #1055 ) ;
#245 = EDGE_LOOP ( 'NONE', ( #212, #479, #1923, #404 ) ) ;
#246 = SURFACE_SIDE_STYLE ('',( #78 ) ) ;
#247 = VECTOR ( 'NONE', #1111, 1000.000000000000000 ) ;
#248 = STYLED_ITEM ( 'NONE', ( #120 ), #664 ) ;
#249 = SURFACE_STYLE_FILL_AREA ( #1851 ) ;
#250 = EDGE_LOOP ( 'NONE', ( #819, #1417, #644, #230 ) ) ;
#251 = PRESENTATION_STYLE_ASSIGNMENT (( #1881 ) ) ;
#252 = VERTEX_POINT ( 'NONE', #1717 ) ;
#253 = PRESENTATION_LAYER_ASSIGNMENT (  '', '', ( #1570 ) ) ;
#254 = ORIENTED_EDGE ( 'NONE', *, *, #741, .T. ) ;
#255 = ADVANCED_FACE ( 'NONE', ( #94 ), #742, .F. ) ;
#256 =( LENGTH_UNIT ( ) NAMED_UNIT ( * ) SI_UNIT ( .MILLI., .METRE. ) );
#257 = ORIENTED_EDGE ( 'NONE', *, *, #1284, .F. ) ;
#258 = EDGE_CURVE ( 'NONE', #600, #1030, #1877, .T. ) ;
#259 = CARTESIAN_POINT ( 'NONE',  ( -7.500000000000000000, 1.500000000000000000, 5.000000000000000000 ) ) ;
#260 = CARTESIAN_POINT ( 'NONE',  ( -8.849999999999999645, 1.500000000000000000, -5.299792461790289622 ) ) ;
#261 = EDGE_LOOP ( 'NONE', ( #321, #1299, #294, #2031 ) ) ;
#262 = SPHERICAL_SURFACE ( 'NONE', #1513, 1.000000000000000000 ) ;
#263 = UNCERTAINTY_MEASURE_WITH_UNIT (LENGTH_MEASURE( 1.000000000000000082E-05 ), #1290, 'distance_accuracy_value', 'NONE');
#264 = DIRECTION ( 'NONE',  ( -0.000000000000000000, -1.000000000000000000, -0.000000000000000000 ) ) ;
#265 = SURFACE_STYLE_FILL_AREA ( #1071 ) ;
#266 = CARTESIAN_POINT ( 'NONE',  ( -8.192020143325665416, 12.59999999999999964, 6.239485082576197605 ) ) ;
#267 = FILL_AREA_STYLE ('',( #1233 ) ) ;
#268 =( NAMED_UNIT ( * ) SI_UNIT ( $, .STERADIAN. ) SOLID_ANGLE_UNIT ( ) );
#269 = ORIENTED_EDGE ( 'NONE', *, *, #1036, .T. ) ;
#270 = AXIS2_PLACEMENT_3D ( 'NONE', #1066, #1748, #115 ) ;
#271 = CYLINDRICAL_SURFACE ( 'NONE', #1153, 0.3999999999999993006 ) ;
#272 = STYLED_ITEM ( 'NONE', ( #2070 ), #1230 ) ;
#273 = ORIENTED_EDGE ( 'NONE', *, *, #1812, .F. ) ;
#274 = FACE_OUTER_BOUND ( 'NONE', #1879, .T. ) ;
#275 = CYLINDRICAL_SURFACE ( 'NONE', #983, 0.3999999999999993006 ) ;
#276 = DIRECTION ( 'NONE',  ( 0.000000000000000000, 0.000000000000000000, 1.000000000000000000 ) ) ;
#277 = DIRECTION ( 'NONE',  ( 0.000000000000000000, 1.000000000000000000, 0.000000000000000000 ) ) ;
#278 = CARTESIAN_POINT ( 'NONE',  ( -3.234642276084787493, 12.59999999999999964, -6.979645293786018279 ) ) ;
#279 = VERTEX_POINT ( 'NONE', #921 ) ;
#280 = EDGE_CURVE ( 'NONE', #279, #971, #1026, .T. ) ;
#281 = DIRECTION ( 'NONE',  ( 0.9396926207859095381, -0.000000000000000000, 0.3420201433256657708 ) ) ;
#282 = FACE_OUTER_BOUND ( 'NONE', #2027, .T. ) ;
#283 =( GEOMETRIC_REPRESENTATION_CONTEXT ( 3 ) GLOBAL_UNCERTAINTY_ASSIGNED_CONTEXT ( ( #1240 ) ) GLOBAL_UNIT_ASSIGNED_CONTEXT ( ( #1859, #1074, #1064 ) ) REPRESENTATION_CONTEXT ( 'NONE', 'WORKASPACE' ) );
#284 = CIRCLE ( 'NONE', #39, 1.000000000000000000 ) ;
#285 = UNCERTAINTY_MEASURE_WITH_UNIT (LENGTH_MEASURE( 1.000000000000000082E-05 ), #639, 'distance_accuracy_value', 'NONE');
#286 = ORIENTED_EDGE ( 'NONE', *, *, #1095, .F. ) ;
#287 = LINE ( 'NONE', #1101, #1531 ) ;
#288 =( GEOMETRIC_REPRESENTATION_CONTEXT ( 3 ) GLOBAL_UNCERTAINTY_ASSIGNED_CONTEXT ( ( #873 ) ) GLOBAL_UNIT_ASSIGNED_CONTEXT ( ( #256, #234, #1873 ) ) REPRESENTATION_CONTEXT ( 'NONE', 'WORKASPACE' ) );
#289 = DIRECTION ( 'NONE',  ( 1.000000000000000000, -0.000000000000000000, 0.000000000000000000 ) ) ;
#290 =( NAMED_UNIT ( * ) PLANE_ANGLE_UNIT ( ) SI_UNIT ( $, .RADIAN. ) );
#291 =( NAMED_UNIT ( * ) PLANE_ANGLE_UNIT ( ) SI_UNIT ( $, .RADIAN. ) );
#292 = SURFACE_SIDE_STYLE ('',( #1736 ) ) ;
#293 =( LENGTH_UNIT ( ) NAMED_UNIT ( * ) SI_UNIT ( .MILLI., .METRE. ) );
#294 = ORIENTED_EDGE ( 'NONE', *, *, #770, .T. ) ;
#295 = DIRECTION ( 'NONE',  ( 0.000000000000000000, -1.000000000000000000, 0.000000000000000000 ) ) ;
#296 = FILL_AREA_STYLE_COLOUR ( '', #102 ) ;
#297 = EDGE_CURVE ( 'NONE', #865, #1963, #1587, .T. ) ;
#298 =( LENGTH_UNIT ( ) NAMED_UNIT ( * ) SI_UNIT ( .MILLI., .METRE. ) );
#299 = DIRECTION ( 'NONE',  ( -0.3420201433256659929, 0.000000000000000000, -0.9396926207859094271 ) ) ;
#300 =( NAMED_UNIT ( * ) SI_UNIT ( $, .STERADIAN. ) SOLID_ANGLE_UNIT ( ) );
#301 = AXIS2_PLACEMENT_3D ( 'NONE', #1469, #13, #70 ) ;
#302 = CARTESIAN_POINT ( 'NONE',  ( -8.849999999999999645, 11.59999999999999964, -5.299792461790289622 ) ) ;
#303 = ORIENTED_EDGE ( 'NONE', *, *, #1514, .T. ) ;
#304 = SURFACE_SIDE_STYLE ('',( #1117 ) ) ;
#305 = PRESENTATION_STYLE_ASSIGNMENT (( #650 ) ) ;
#306 = COLOUR_RGB ( '',0.2980392156862745057, 0.2980392156862745057, 0.2980392156862745057 ) ;
#307 = SURFACE_STYLE_FILL_AREA ( #1928 ) ;
#308 = UNCERTAINTY_MEASURE_WITH_UNIT (LENGTH_MEASURE( 1.000000000000000082E-05 ), #1088, 'distance_accuracy_value', 'NONE');
#309 = ADVANCED_FACE ( 'NONE', ( #2057 ), #480, .T. ) ;
#310 = COLOUR_RGB ( '',0.2980392156862745057, 0.2980392156862745057, 0.2980392156862745057 ) ;
#311 = CARTESIAN_POINT ( 'NONE',  ( 2.085118435939925140E-15, 1.500000000000000000, -8.050000000000002487 ) ) ;
#312 = CIRCLE ( 'NONE', #207, 10.45746131977033322 ) ;
#313 = DIRECTION ( 'NONE',  ( -1.000000000000000000, 0.000000000000000000, 0.000000000000000000 ) ) ;
#314 =( NAMED_UNIT ( * ) SI_UNIT ( $, .STERADIAN. ) SOLID_ANGLE_UNIT ( ) );
#315 = CARTESIAN_POINT ( 'NONE',  ( 2.085118435939925140E-15, 12.59999999999999964, 1.907461319770331398 ) ) ;
#316 = VERTEX_POINT ( 'NONE', #1727 ) ;
#317 = VECTOR ( 'NONE', #2066, 1000.000000000000000 ) ;
#318 = DIRECTION ( 'NONE',  ( 0.000000000000000000, 0.000000000000000000, 1.000000000000000000 ) ) ;
#319 = DIRECTION ( 'NONE',  ( 0.000000000000000000, 0.000000000000000000, -1.000000000000000000 ) ) ;
#320 = COLOUR_RGB ( '',0.2980392156862745057, 0.2980392156862745057, 0.2980392156862745057 ) ;
#321 = ORIENTED_EDGE ( 'NONE', *, *, #1124, .F. ) ;
#322 = DIRECTION ( 'NONE',  ( -1.000000000000000000, 0.000000000000000000, -8.673617379884035472E-16 ) ) ;
#323 = CIRCLE ( 'NONE', #859, 1.000000000000000888 ) ;
#324 = DIRECTION ( 'NONE',  ( 0.000000000000000000, 0.000000000000000000, 1.000000000000000000 ) ) ;
#325 = AXIS2_PLACEMENT_3D ( 'NONE', #987, #17, #588 ) ;
#326 = CARTESIAN_POINT ( 'NONE',  ( -7.500000000000000000, -4.000000000000000000, -4.600000000000000533 ) ) ;
#327 = DIRECTION ( 'NONE',  ( 0.000000000000000000, 0.000000000000000000, 1.000000000000000000 ) ) ;
#328 = DIRECTION ( 'NONE',  ( 0.000000000000000000, 0.000000000000000000, 1.000000000000000000 ) ) ;
#329 = FACE_OUTER_BOUND ( 'NONE', #603, .T. ) ;
#330 = CARTESIAN_POINT ( 'NONE',  ( -2.963616168258111028, 1.500000000000000000, 8.142468502219863069 ) ) ;
#331 = DIRECTION ( 'NONE',  ( -0.000000000000000000, -0.000000000000000000, 1.000000000000000000 ) ) ;
#332 = UNCERTAINTY_MEASURE_WITH_UNIT (LENGTH_MEASURE( 1.000000000000000082E-05 ), #1565, 'distance_accuracy_value', 'NONE');
#333 = DIRECTION ( 'NONE',  ( 0.000000000000000000, 1.000000000000000000, 0.000000000000000000 ) ) ;
#334 = EDGE_LOOP ( 'NONE', ( #1639, #1716, #1321 ) ) ;
#335 = SURFACE_STYLE_USAGE ( .BOTH. , #1793 ) ;
#336 = CARTESIAN_POINT ( 'NONE',  ( 7.849999999999999645, 1.499999999999999556, -5.299792461790288733 ) ) ;
#337 = CARTESIAN_POINT ( 'NONE',  ( 3.576662419410452376, 1.500000000000000000, -7.919337914571930703 ) ) ;
#338 =( LENGTH_UNIT ( ) NAMED_UNIT ( * ) SI_UNIT ( .MILLI., .METRE. ) );
#339 = CYLINDRICAL_SURFACE ( 'NONE', #1594, 1.000000000000000000 ) ;
#340 = DIRECTION ( 'NONE',  ( 0.9396926207859094271, -0.000000000000000000, -0.3420201433256659929 ) ) ;
#341 = LINE ( 'NONE', #1311, #744 ) ;
#342 = VERTEX_POINT ( 'NONE', #781 ) ;
#343 = DIRECTION ( 'NONE',  ( 0.000000000000000000, 1.000000000000000000, 0.000000000000000000 ) ) ;
#344 = DIRECTION ( 'NONE',  ( 0.000000000000000000, 0.000000000000000000, -1.000000000000000000 ) ) ;
#345 = STYLED_ITEM ( 'NONE', ( #305 ), #1357 ) ;
#346 = PRESENTATION_STYLE_ASSIGNMENT (( #131 ) ) ;
#347 = AXIS2_PLACEMENT_3D ( 'NONE', #315, #800, #1608 ) ;
#348 = CIRCLE ( 'NONE', #1161, 0.9999999999999998890 ) ;
#349 = DIRECTION ( 'NONE',  ( -0.000000000000000000, 1.000000000000000000, -0.000000000000000000 ) ) ;
#350 = DIRECTION ( 'NONE',  ( -0.000000000000000000, 1.000000000000000000, -0.000000000000000000 ) ) ;
#351 = ADVANCED_FACE ( 'NONE', ( #282 ), #271, .T. ) ;
#352 = VERTEX_POINT ( 'NONE', #1959 ) ;
#353 = CARTESIAN_POINT ( 'NONE',  ( -3.576662419410452376, 1.500000000000000000, 7.385467275258219111 ) ) ;
#354 = EDGE_CURVE ( 'NONE', #1718, #352, #667, .T. ) ;
#355 = UNCERTAINTY_MEASURE_WITH_UNIT (LENGTH_MEASURE( 1.000000000000000082E-05 ), #491, 'distance_accuracy_value', 'NONE');
#356 = COLOUR_RGB ( '',0.2980392156862745057, 0.2980392156862745057, 0.2980392156862745057 ) ;
#357 = AXIS2_PLACEMENT_3D ( 'NONE', #1261, #448, #1913 ) ;
#358 = EDGE_CURVE ( 'NONE', #877, #564, #686, .T. ) ;
#359 = LINE ( 'NONE', #1355, #717 ) ;
#360 = DIRECTION ( 'NONE',  ( 1.000000000000000000, 0.000000000000000000, 0.000000000000000000 ) ) ;
#361 = SURFACE_STYLE_FILL_AREA ( #836 ) ;
#362 = STYLED_ITEM ( 'NONE', ( #1950 ), #2042 ) ;
#363 = CIRCLE ( 'NONE', #1470, 9.457461319770331443 ) ;
#364 = CARTESIAN_POINT ( 'NONE',  ( 7.500000000000000000, 1.500000000000000000, 5.000000000000000000 ) ) ;
#365 =( NAMED_UNIT ( * ) PLANE_ANGLE_UNIT ( ) SI_UNIT ( $, .RADIAN. ) );
#366 = DIRECTION ( 'NONE',  ( 0.000000000000000000, 0.000000000000000000, 1.000000000000000000 ) ) ;
#367 = DIRECTION ( 'NONE',  ( -0.000000000000000000, 1.000000000000000000, -0.000000000000000000 ) ) ;
#368 = EDGE_CURVE ( 'NONE', #594, #954, #1588, .T. ) ;
#369 = EDGE_LOOP ( 'NONE', ( #14, #940, #730, #570 ) ) ;
#370 = SURFACE_STYLE_FILL_AREA ( #1671 ) ;
#371 = CYLINDRICAL_SURFACE ( 'NONE', #1609, 9.957461319770334995 ) ;
#372 =( LENGTH_UNIT ( ) NAMED_UNIT ( * ) SI_UNIT ( .MILLI., .METRE. ) );
#373 = DIRECTION ( 'NONE',  ( 0.000000000000000000, 0.000000000000000000, 1.000000000000000000 ) ) ;
#374 = DIRECTION ( 'NONE',  ( 0.000000000000000000, -1.000000000000000000, 0.000000000000000000 ) ) ;
#375 = SURFACE_STYLE_FILL_AREA ( #1832 ) ;
#376 = DIRECTION ( 'NONE',  ( -0.9396926207859094271, -0.000000000000000000, 0.3420201433256659929 ) ) ;
#377 =( LENGTH_UNIT ( ) NAMED_UNIT ( * ) SI_UNIT ( .MILLI., .METRE. ) );
#378 =( GEOMETRIC_REPRESENTATION_CONTEXT ( 3 ) GLOBAL_UNCERTAINTY_ASSIGNED_CONTEXT ( ( #1753 ) ) GLOBAL_UNIT_ASSIGNED_CONTEXT ( ( #1504, #43, #896 ) ) REPRESENTATION_CONTEXT ( 'NONE', 'WORKASPACE' ) );
#379 = ADVANCED_FACE ( 'NONE', ( #1319 ), #1328, .T. ) ;
#380 = ORIENTED_EDGE ( 'NONE', *, *, #1534, .F. ) ;
#381 = DIRECTION ( 'NONE',  ( -0.000000000000000000, -1.000000000000000000, -0.000000000000000000 ) ) ;
#382 = SURFACE_STYLE_USAGE ( .BOTH. , #192 ) ;
#383 = DIRECTION ( 'NONE',  ( 0.9396926207859094271, 0.000000000000000000, -0.3420201433256659929 ) ) ;
#384 = SURFACE_SIDE_STYLE ('',( #1185 ) ) ;
#385 = PRESENTATION_LAYER_ASSIGNMENT (  '', '', ( #96 ) ) ;
#386 = COLOUR_RGB ( '',0.2980392156862745057, 0.2980392156862745057, 0.2980392156862745057 ) ;
#387 = CARTESIAN_POINT ( 'NONE',  ( 8.192020143325665416, 1.500000000000000000, 6.239485082576198494 ) ) ;
#388 = FILL_AREA_STYLE ('',( #1512 ) ) ;
#389 =( LENGTH_UNIT ( ) NAMED_UNIT ( * ) SI_UNIT ( .MILLI., .METRE. ) );
#390 = DIRECTION ( 'NONE',  ( 0.000000000000000000, -1.000000000000000000, 0.000000000000000000 ) ) ;
#391 = DIRECTION ( 'NONE',  ( 0.000000000000000000, 0.000000000000000000, 1.000000000000000000 ) ) ;
#392 = SURFACE_STYLE_FILL_AREA ( #223 ) ;
#393 = AXIS2_PLACEMENT_3D ( 'NONE', #1665, #1830, #522 ) ;
#394 = VECTOR ( 'NONE', #1991, 1000.000000000000000 ) ;
#395 = FILL_AREA_STYLE ('',( #1003 ) ) ;
#396 = CARTESIAN_POINT ( 'NONE',  ( 3.234642276084793266, 11.59999999999999964, -6.979645293786017390 ) ) ;
#397 = DIRECTION ( 'NONE',  ( -0.000000000000000000, 1.000000000000000000, -0.000000000000000000 ) ) ;
#398 =( NAMED_UNIT ( * ) SI_UNIT ( $, .STERADIAN. ) SOLID_ANGLE_UNIT ( ) );
#399 = DIRECTION ( 'NONE',  ( 0.000000000000000000, 0.000000000000000000, 1.000000000000000000 ) ) ;
#400 = DIRECTION ( 'NONE',  ( -0.9396926207859094271, 0.000000000000000000, 0.3420201433256659929 ) ) ;
#401 = EDGE_CURVE ( 'NONE', #600, #170, #1823, .T. ) ;
#402 =( GEOMETRIC_REPRESENTATION_CONTEXT ( 3 ) GLOBAL_UNCERTAINTY_ASSIGNED_CONTEXT ( ( #746 ) ) GLOBAL_UNIT_ASSIGNED_CONTEXT ( ( #1757, #1930, #314 ) ) REPRESENTATION_CONTEXT ( 'NONE', 'WORKASPACE' ) );
#403 = FACE_OUTER_BOUND ( 'NONE', #1624, .T. ) ;
#404 = ORIENTED_EDGE ( 'NONE', *, *, #731, .F. ) ;
#405 = VECTOR ( 'NONE', #1297, 1000.000000000000000 ) ;
#406 = DIRECTION ( 'NONE',  ( 0.000000000000000000, 0.000000000000000000, -1.000000000000000000 ) ) ;
#407 = SURFACE_STYLE_USAGE ( .BOTH. , #1402 ) ;
#408 = VERTEX_POINT ( 'NONE', #494 ) ;
#409 = VECTOR ( 'NONE', #1318, 1000.000000000000000 ) ;
#410 = CARTESIAN_POINT ( 'NONE',  ( 2.085118435939925140E-15, 11.59999999999999964, -1.907461319770331398 ) ) ;
#411 = FILL_AREA_STYLE_COLOUR ( '', #1611 ) ;
#412 =( NAMED_UNIT ( * ) PLANE_ANGLE_UNIT ( ) SI_UNIT ( $, .RADIAN. ) );
#413 = ORIENTED_EDGE ( 'NONE', *, *, #2000, .F. ) ;
#414 =( NAMED_UNIT ( * ) SI_UNIT ( $, .STERADIAN. ) SOLID_ANGLE_UNIT ( ) );
#415 = VECTOR ( 'NONE', #1742, 1000.000000000000000 ) ;
#416 = AXIS2_PLACEMENT_3D ( 'NONE', #1819, #1842, #205 ) ;
#417 = UNCERTAINTY_MEASURE_WITH_UNIT (LENGTH_MEASURE( 1.000000000000000082E-05 ), #806, 'distance_accuracy_value', 'NONE');
#418 = ORIENTED_EDGE ( 'NONE', *, *, #2102, .F. ) ;
#419 = STYLED_ITEM ( 'NONE', ( #2067 ), #309 ) ;
#420 = CARTESIAN_POINT ( 'NONE',  ( 3.576662419410455040, 0.000000000000000000, 7.919337914571928927 ) ) ;
#421 = ORIENTED_EDGE ( 'NONE', *, *, #605, .F. ) ;
#422 = AXIS2_PLACEMENT_3D ( 'NONE', #200, #343, #1515 ) ;
#423 = ORIENTED_EDGE ( 'NONE', *, *, #748, .F. ) ;
#424 = DIRECTION ( 'NONE',  ( 0.3420201433256658263, 0.000000000000000000, -0.9396926207859095381 ) ) ;
#425 = VECTOR ( 'NONE', #1889, 1000.000000000000000 ) ;
#426 = ORIENTED_EDGE ( 'NONE', *, *, #1999, .T. ) ;
#427 = ADVANCED_FACE ( 'NONE', ( #1004 ), #654, .T. ) ;
#428 = CARTESIAN_POINT ( 'NONE',  ( -7.500000000000000000, -4.000000000000000000, 5.000000000000000000 ) ) ;
#429 = CARTESIAN_POINT ( 'NONE',  ( -7.849999999999999645, 1.499999999999999556, 5.299792461790288733 ) ) ;
#430 = DIRECTION ( 'NONE',  ( 0.000000000000000000, 0.000000000000000000, -1.000000000000000000 ) ) ;
#431 = LINE ( 'NONE', #764, #520 ) ;
#432 = EDGE_LOOP ( 'NONE', ( #959, #104, #1312, #827, #1191, #2065, #1871, #180, #2100 ) ) ;
#433 = FILL_AREA_STYLE_COLOUR ( '', #1562 ) ;
#434 = CIRCLE ( 'NONE', #49, 9.957461319770333219 ) ;
#435 = UNCERTAINTY_MEASURE_WITH_UNIT (LENGTH_MEASURE( 1.000000000000000082E-05 ), #2039, 'distance_accuracy_value', 'NONE');
#436 = VERTEX_POINT ( 'NONE', #1313 ) ;
#437 = DIRECTION ( 'NONE',  ( 0.9396926207859094271, -0.000000000000000000, 0.3420201433256659929 ) ) ;
#438 = CARTESIAN_POINT ( 'NONE',  ( 8.192020143325665416, 1.500000000000000000, -6.239485082576198494 ) ) ;
#439 = EDGE_CURVE ( 'NONE', #594, #1247, #797, .T. ) ;
#440 = SURFACE_STYLE_USAGE ( .BOTH. , #246 ) ;
#441 = MECHANICAL_DESIGN_GEOMETRIC_PRESENTATION_REPRESENTATION (  '', ( #128 ), #775 ) ;
#442 = LINE ( 'NONE', #1541, #1631 ) ;
#443 = ORIENTED_EDGE ( 'NONE', *, *, #2013, .F. ) ;
#444 = AXIS2_PLACEMENT_3D ( 'NONE', #701, #1528, #2018 ) ;
#445 = ADVANCED_FACE ( 'NONE', ( #772 ), #783, .F. ) ;
#446 = DIRECTION ( 'NONE',  ( 0.3420201433256658263, 0.000000000000000000, 0.9396926207859095381 ) ) ;
#447 = AXIS2_PLACEMENT_3D ( 'NONE', #472, #964, #2099 ) ;
#448 = DIRECTION ( 'NONE',  ( 0.000000000000000000, 1.000000000000000000, 0.000000000000000000 ) ) ;
#449 = CARTESIAN_POINT ( 'NONE',  ( 2.085118435939925140E-15, 0.000000000000000000, -8.050000000000002487 ) ) ;
#450 = FACE_OUTER_BOUND ( 'NONE', #552, .T. ) ;
#451 = FILL_AREA_STYLE_COLOUR ( '', #1551 ) ;
#452 = ORIENTED_EDGE ( 'NONE', *, *, #1994, .F. ) ;
#453 = FACE_OUTER_BOUND ( 'NONE', #1045, .T. ) ;
#454 = MECHANICAL_DESIGN_GEOMETRIC_PRESENTATION_REPRESENTATION (  '', ( #1463 ), #1392 ) ;
#455 = MECHANICAL_DESIGN_GEOMETRIC_PRESENTATION_REPRESENTATION (  '', ( #1854 ), #143 ) ;
#456 = UNCERTAINTY_MEASURE_WITH_UNIT (LENGTH_MEASURE( 1.000000000000000082E-05 ), #1442, 'distance_accuracy_value', 'NONE');
#457 = AXIS2_PLACEMENT_3D ( 'NONE', #868, #1857, #1366 ) ;
#458 = FACE_OUTER_BOUND ( 'NONE', #1672, .T. ) ;
#459 = CARTESIAN_POINT ( 'NONE',  ( 7.849999999999999645, 11.59999999999999964, -5.299792461790288733 ) ) ;
#460 = PRESENTATION_STYLE_ASSIGNMENT (( #1768 ) ) ;
#461 = FACE_OUTER_BOUND ( 'NONE', #369, .T. ) ;
#462 = VERTEX_POINT ( 'NONE', #171 ) ;
#463 = PRESENTATION_STYLE_ASSIGNMENT (( #2090 ) ) ;
#464 = EDGE_CURVE ( 'NONE', #45, #170, #1109, .T. ) ;
#465 = CARTESIAN_POINT ( 'NONE',  ( -3.576662419410453708, 11.59999999999999964, -7.919337914571928927 ) ) ;
#466 = ORIENTED_EDGE ( 'NONE', *, *, #464, .F. ) ;
#467 = FILL_AREA_STYLE ('',( #749 ) ) ;
#468 = CARTESIAN_POINT ( 'NONE',  ( -8.849999999999999645, 12.59999999999999964, 6.000000000000000000 ) ) ;
#469 = LINE ( 'NONE', #1264, #247 ) ;
#470 = PLANE ( 'NONE',  #496 ) ;
#471 = STYLED_ITEM ( 'NONE', ( #460 ), #445 ) ;
#472 = CARTESIAN_POINT ( 'NONE',  ( -7.500000000000000000, -4.000000000000000000, -5.000000000000000000 ) ) ;
#473 = EDGE_LOOP ( 'NONE', ( #61, #141, #1361, #489 ) ) ;
#474 = FACE_OUTER_BOUND ( 'NONE', #714, .T. ) ;
#475 = DIRECTION ( 'NONE',  ( 0.9396926207859095381, -2.966551859419920714E-16, 0.3420201433256657708 ) ) ;
#476 = PRESENTATION_LAYER_ASSIGNMENT (  '', '', ( #1935 ) ) ;
#477 = CARTESIAN_POINT ( 'NONE',  ( 2.085118435939925140E-15, 1.500000000000000000, 1.907461319770331398 ) ) ;
#478 =( GEOMETRIC_REPRESENTATION_CONTEXT ( 3 ) GLOBAL_UNCERTAINTY_ASSIGNED_CONTEXT ( ( #1927 ) ) GLOBAL_UNIT_ASSIGNED_CONTEXT ( ( #226, #412, #694 ) ) REPRESENTATION_CONTEXT ( 'NONE', 'WORKASPACE' ) );
#479 = ORIENTED_EDGE ( 'NONE', *, *, #119, .T. ) ;
#480 = CYLINDRICAL_SURFACE ( 'NONE', #2038, 10.45746131977033322 ) ;
#481 = EDGE_CURVE ( 'NONE', #1348, #1718, #1593, .T. ) ;
#482 = EDGE_CURVE ( 'NONE', #252, #669, #1642, .T. ) ;
#483 = CARTESIAN_POINT ( 'NONE',  ( 2.085118435939925140E-15, 0.000000000000000000, 1.907461319770331398 ) ) ;
#484 = STYLED_ITEM ( 'NONE', ( #1480 ), #786 ) ;
#485 = DIRECTION ( 'NONE',  ( -0.000000000000000000, -1.000000000000000000, -0.000000000000000000 ) ) ;
#486 = CIRCLE ( 'NONE', #583, 0.3999999999999993006 ) ;
#487 = CARTESIAN_POINT ( 'NONE',  ( 3.576662419410455040, 1.500000000000000000, 7.919337914571928927 ) ) ;
#488 = CARTESIAN_POINT ( 'NONE',  ( 3.576662419410455040, 0.000000000000000000, -7.385467275258219999 ) ) ;
#489 = ORIENTED_EDGE ( 'NONE', *, *, #1800, .F. ) ;
#490 = FILL_AREA_STYLE_COLOUR ( '', #1362 ) ;
#491 =( LENGTH_UNIT ( ) NAMED_UNIT ( * ) SI_UNIT ( .MILLI., .METRE. ) );
#492 =( NAMED_UNIT ( * ) PLANE_ANGLE_UNIT ( ) SI_UNIT ( $, .RADIAN. ) );
#493 =( GEOMETRIC_REPRESENTATION_CONTEXT ( 3 ) GLOBAL_UNCERTAINTY_ASSIGNED_CONTEXT ( ( #332 ) ) GLOBAL_UNIT_ASSIGNED_CONTEXT ( ( #1565, #1699, #1229 ) ) REPRESENTATION_CONTEXT ( 'NONE', 'WORKASPACE' ) );
#494 = CARTESIAN_POINT ( 'NONE',  ( 3.576662419410455040, 1.500000000000000000, -7.385467275258219999 ) ) ;
#495 =( GEOMETRIC_REPRESENTATION_CONTEXT ( 3 ) GLOBAL_UNCERTAINTY_ASSIGNED_CONTEXT ( ( #435 ) ) GLOBAL_UNIT_ASSIGNED_CONTEXT ( ( #2039, #1404, #2072 ) ) REPRESENTATION_CONTEXT ( 'NONE', 'WORKASPACE' ) );
#496 = AXIS2_PLACEMENT_3D ( 'NONE', #2098, #2086, #614 ) ;
#497 = CARTESIAN_POINT ( 'NONE',  ( -7.849999999999999645, 11.59999999999999964, 5.299792461790288733 ) ) ;
#498 = ORIENTED_EDGE ( 'NONE', *, *, #1882, .F. ) ;
#499 = STYLED_ITEM ( 'NONE', ( #710 ), #1546 ) ;
#500 = EDGE_CURVE ( 'NONE', #865, #45, #1744, .T. ) ;
#501 = FILL_AREA_STYLE_COLOUR ( '', #356 ) ;
#502 = SURFACE_SIDE_STYLE ('',( #1673 ) ) ;
#503 = FILL_AREA_STYLE ('',( #1304 ) ) ;
#504 = DIRECTION ( 'NONE',  ( 0.000000000000000000, 0.000000000000000000, -1.000000000000000000 ) ) ;
#505 = CARTESIAN_POINT ( 'NONE',  ( -7.500000000000000000, -4.000000000000000000, 4.600000000000000533 ) ) ;
#506 = VERTEX_POINT ( 'NONE', #2097 ) ;
#507 =( NAMED_UNIT ( * ) PLANE_ANGLE_UNIT ( ) SI_UNIT ( $, .RADIAN. ) );
#508 =( GEOMETRIC_REPRESENTATION_CONTEXT ( 3 ) GLOBAL_UNCERTAINTY_ASSIGNED_CONTEXT ( ( #130 ) ) GLOBAL_UNIT_ASSIGNED_CONTEXT ( ( #1204, #1015, #757 ) ) REPRESENTATION_CONTEXT ( 'NONE', 'WORKASPACE' ) );
#509 = CARTESIAN_POINT ( 'NONE',  ( 7.500000000000000000, -4.000000000000000000, 5.000000000000000000 ) ) ;
#510 = CARTESIAN_POINT ( 'NONE',  ( 3.576662419410453708, 1.500000000000000000, 0.000000000000000000 ) ) ;
#511 = SPHERICAL_SURFACE ( 'NONE', #2022, 1.000000000000000000 ) ;
#512 = FILL_AREA_STYLE ('',( #1965 ) ) ;
#513 = EDGE_CURVE ( 'NONE', #1247, #436, #1436, .T. ) ;
#514 =( NAMED_UNIT ( * ) SI_UNIT ( $, .STERADIAN. ) SOLID_ANGLE_UNIT ( ) );
#515 = ORIENTED_EDGE ( 'NONE', *, *, #401, .T. ) ;
#516 =( GEOMETRIC_REPRESENTATION_CONTEXT ( 3 ) GLOBAL_UNCERTAINTY_ASSIGNED_CONTEXT ( ( #1579 ) ) GLOBAL_UNIT_ASSIGNED_CONTEXT ( ( #1911, #129, #1739 ) ) REPRESENTATION_CONTEXT ( 'NONE', 'WORKASPACE' ) );
#517 = PRESENTATION_STYLE_ASSIGNMENT (( #1493 ) ) ;
#518 = EDGE_CURVE ( 'NONE', #1105, #600, #2083, .T. ) ;
#519 = COLOUR_RGB ( '',0.2980392156862745057, 0.2980392156862745057, 0.2980392156862745057 ) ;
#520 = VECTOR ( 'NONE', #1254, 1000.000000000000000 ) ;
#521 = VERTEX_POINT ( 'NONE', #311 ) ;
#522 = DIRECTION ( 'NONE',  ( 0.9396926207859094271, 0.000000000000000000, 0.3420201433256659929 ) ) ;
#523 = FACE_OUTER_BOUND ( 'NONE', #261, .T. ) ;
#524 = EDGE_CURVE ( 'NONE', #594, #567, #142, .T. ) ;
#525 = CIRCLE ( 'NONE', #1989, 0.3999999999999993006 ) ;
#526 = PRESENTATION_LAYER_ASSIGNMENT (  '', '', ( #248 ) ) ;
#527 = EDGE_LOOP ( 'NONE', ( #1275, #573, #652, #273 ) ) ;
#528 = DIRECTION ( 'NONE',  ( -1.000000000000000000, 0.000000000000000000, 0.000000000000000000 ) ) ;
#529 = DIRECTION ( 'NONE',  ( 0.000000000000000000, 1.000000000000000000, -0.000000000000000000 ) ) ;
#530 = VECTOR ( 'NONE', #1196, 1000.000000000000000 ) ;
#531 =( GEOMETRIC_REPRESENTATION_CONTEXT ( 3 ) GLOBAL_UNCERTAINTY_ASSIGNED_CONTEXT ( ( #857 ) ) GLOBAL_UNIT_ASSIGNED_CONTEXT ( ( #1092, #291, #300 ) ) REPRESENTATION_CONTEXT ( 'NONE', 'WORKASPACE' ) );
#532 = LINE ( 'NONE', #2002, #1746 ) ;
#533 = DIRECTION ( 'NONE',  ( 0.000000000000000000, 0.000000000000000000, -1.000000000000000000 ) ) ;
#534 = CARTESIAN_POINT ( 'NONE',  ( -7.849999999999999645, 12.59999999999999964, 5.299792461790288733 ) ) ;
#535 = LINE ( 'NONE', #1833, #2041 ) ;
#536 = CARTESIAN_POINT ( 'NONE',  ( 3.576662419410455040, 12.59999999999999964, -7.919337914571928927 ) ) ;
#537 = EDGE_CURVE ( 'NONE', #902, #436, #469, .T. ) ;
#538 = ORIENTED_EDGE ( 'NONE', *, *, #1190, .T. ) ;
#539 = CARTESIAN_POINT ( 'NONE',  ( 2.085118435939925140E-15, 0.000000000000000000, -1.907461319770331398 ) ) ;
#540 = SPHERICAL_SURFACE ( 'NONE', #1483, 1.000000000000000000 ) ;
#541 =( NAMED_UNIT ( * ) PLANE_ANGLE_UNIT ( ) SI_UNIT ( $, .RADIAN. ) );
#542 = DIRECTION ( 'NONE',  ( 0.000000000000000000, 0.000000000000000000, -1.000000000000000000 ) ) ;
#543 = DIRECTION ( 'NONE',  ( 0.000000000000000000, -1.000000000000000000, 0.000000000000000000 ) ) ;
#544 = CARTESIAN_POINT ( 'NONE',  ( 7.500000000000000000, -4.000000000000000000, 4.600000000000000533 ) ) ;
#545 = UNCERTAINTY_MEASURE_WITH_UNIT (LENGTH_MEASURE( 1.000000000000000082E-05 ), #1772, 'distance_accuracy_value', 'NONE');
#546 = PRESENTATION_STYLE_ASSIGNMENT (( #676 ) ) ;
#547 = ORIENTED_EDGE ( 'NONE', *, *, #1413, .T. ) ;
#548 = CARTESIAN_POINT ( 'NONE',  ( 2.963616168258111028, 1.500000000000000000, -8.142468502219863069 ) ) ;
#549 = DIRECTION ( 'NONE',  ( 1.000000000000000000, 0.000000000000000000, 8.673617379884035472E-16 ) ) ;
#550 = LINE ( 'NONE', #1203, #1670 ) ;
#551 = PRODUCT_DEFINITION_SHAPE ( 'NONE', 'NONE',  #1663 ) ;
#552 = EDGE_LOOP ( 'NONE', ( #1737, #1369 ) ) ;
#553 = AXIS2_PLACEMENT_3D ( 'NONE', #1363, #264, #904 ) ;
#554 = CARTESIAN_POINT ( 'NONE',  ( 7.500000000000000000, -4.000000000000000000, -5.399999999999999467 ) ) ;
#555 = MECHANICAL_DESIGN_GEOMETRIC_PRESENTATION_REPRESENTATION (  '', ( #499 ), #283 ) ;
#556 = AXIS2_PLACEMENT_3D ( 'NONE', #1253, #773, #1745 ) ;
#557 = FILL_AREA_STYLE ('',( #1197 ) ) ;
#558 = COLOUR_RGB ( '',0.2980392156862745057, 0.2980392156862745057, 0.2980392156862745057 ) ;
#559 = ORIENTED_EDGE ( 'NONE', *, *, #1403, .F. ) ;
#560 = EDGE_LOOP ( 'NONE', ( #1623, #616, #2045 ) ) ;
#561 = FILL_AREA_STYLE ('',( #1393 ) ) ;
#562 = DIRECTION ( 'NONE',  ( 0.000000000000000000, 0.000000000000000000, 1.000000000000000000 ) ) ;
#563 =( LENGTH_UNIT ( ) NAMED_UNIT ( * ) SI_UNIT ( .MILLI., .METRE. ) );
#564 = VERTEX_POINT ( 'NONE', #1618 ) ;
#565 = LINE ( 'NONE', #905, #109 ) ;
#566 = LINE ( 'NONE', #206, #2078 ) ;
#567 = VERTEX_POINT ( 'NONE', #1937 ) ;
#568 = MECHANICAL_DESIGN_GEOMETRIC_PRESENTATION_REPRESENTATION (  '', ( #2033 ), #1040 ) ;
#569 = DIRECTION ( 'NONE',  ( 0.000000000000000000, 0.000000000000000000, 1.000000000000000000 ) ) ;
#570 = ORIENTED_EDGE ( 'NONE', *, *, #3, .F. ) ;
#571 = ADVANCED_FACE ( 'NONE', ( #157 ), #6, .T. ) ;
#572 = VECTOR ( 'NONE', #485, 1000.000000000000000 ) ;
#573 = ORIENTED_EDGE ( 'NONE', *, *, #872, .T. ) ;
#574 = ORIENTED_EDGE ( 'NONE', *, *, #1400, .T. ) ;
#575 = DIRECTION ( 'NONE',  ( 0.3420201433256661594, 0.000000000000000000, -0.9396926207859094271 ) ) ;
#576 = SHAPE_DEFINITION_REPRESENTATION ( #551, #1891 ) ;
#577 = DIRECTION ( 'NONE',  ( -0.000000000000000000, 1.000000000000000000, -0.000000000000000000 ) ) ;
#578 = MECHANICAL_DESIGN_GEOMETRIC_PRESENTATION_REPRESENTATION (  '', ( #938 ), #1766 ) ;
#579 = MECHANICAL_DESIGN_GEOMETRIC_PRESENTATION_REPRESENTATION (  '', ( #1728 ), #1450 ) ;
#580 = EDGE_LOOP ( 'NONE', ( #426, #658, #1181, #1381 ) ) ;
#581 = AXIS2_PLACEMENT_3D ( 'NONE', #483, #1627, #958 ) ;
#582 = ORIENTED_EDGE ( 'NONE', *, *, #1212, .F. ) ;
#583 = AXIS2_PLACEMENT_3D ( 'NONE', #1441, #349, #504 ) ;
#584 = UNCERTAINTY_MEASURE_WITH_UNIT (LENGTH_MEASURE( 1.000000000000000082E-05 ), #1852, 'distance_accuracy_value', 'NONE');
#585 = ORIENTED_EDGE ( 'NONE', *, *, #1538, .F. ) ;
#586 = FACE_OUTER_BOUND ( 'NONE', #1798, .T. ) ;
#587 = AXIS2_PLACEMENT_3D ( 'NONE', #1900, #1563, #446 ) ;
#588 = DIRECTION ( 'NONE',  ( -7.105427357601001859E-15, 0.000000000000000000, 1.000000000000000000 ) ) ;
#589 = SURFACE_SIDE_STYLE ('',( #265 ) ) ;
#590 = PRESENTATION_LAYER_ASSIGNMENT (  '', '', ( #1501 ) ) ;
#591 = VERTEX_POINT ( 'NONE', #1655 ) ;
#592 = CARTESIAN_POINT ( 'NONE',  ( -7.500000000000000000, 1.500000000000000000, 5.000000000000000000 ) ) ;
#593 = STYLED_ITEM ( 'NONE', ( #926 ), #1607 ) ;
#594 = VERTEX_POINT ( 'NONE', #986 ) ;
#595 = AXIS2_PLACEMENT_3D ( 'NONE', #1720, #562, #1714 ) ;
#596 = CARTESIAN_POINT ( 'NONE',  ( -7.849999999999999645, 11.59999999999999964, -5.299792461790288733 ) ) ;
#597 = PRESENTATION_STYLE_ASSIGNMENT (( #798 ) ) ;
#598 = EDGE_CURVE ( 'NONE', #1522, #993, #2092, .T. ) ;
#599 = SURFACE_SIDE_STYLE ('',( #1396 ) ) ;
#600 = VERTEX_POINT ( 'NONE', #841 ) ;
#601 = CIRCLE ( 'NONE', #945, 0.9999999999999998890 ) ;
#602 = FILL_AREA_STYLE ('',( #433 ) ) ;
#603 = EDGE_LOOP ( 'NONE', ( #574, #164, #36, #12 ) ) ;
#604 = FACE_OUTER_BOUND ( 'NONE', #1484, .T. ) ;
#605 = EDGE_CURVE ( 'NONE', #724, #928, #359, .T. ) ;
#606 = ORIENTED_EDGE ( 'NONE', *, *, #354, .F. ) ;
#607 = PRESENTATION_STYLE_ASSIGNMENT (( #2111 ) ) ;
#608 =( GEOMETRIC_REPRESENTATION_CONTEXT ( 3 ) GLOBAL_UNCERTAINTY_ASSIGNED_CONTEXT ( ( #668 ) ) GLOBAL_UNIT_ASSIGNED_CONTEXT ( ( #1887, #761, #65 ) ) REPRESENTATION_CONTEXT ( 'NONE', 'WORKASPACE' ) );
#609 = FILL_AREA_STYLE ('',( #620 ) ) ;
#610 = AXIS2_PLACEMENT_3D ( 'NONE', #149, #1940, #328 ) ;
#611 = CIRCLE ( 'NONE', #985, 0.3999999999999993006 ) ;
#612 = CARTESIAN_POINT ( 'NONE',  ( -7.849999999999999645, 1.499999999999999556, -5.299792461790289622 ) ) ;
#613 = FACE_OUTER_BOUND ( 'NONE', #1213, .T. ) ;
#614 = DIRECTION ( 'NONE',  ( 0.000000000000000000, 0.000000000000000000, 1.000000000000000000 ) ) ;
#615 = EDGE_CURVE ( 'NONE', #1970, #1948, #525, .T. ) ;
#616 = ORIENTED_EDGE ( 'NONE', *, *, #464, .T. ) ;
#617 = MECHANICAL_DESIGN_GEOMETRIC_PRESENTATION_REPRESENTATION (  '', ( #1678 ), #995 ) ;
#618 = EDGE_LOOP ( 'NONE', ( #777, #1792, #899, #1205 ) ) ;
#619 = ORIENTED_EDGE ( 'NONE', *, *, #354, .T. ) ;
#620 = FILL_AREA_STYLE_COLOUR ( '', #1110 ) ;
#621 = MECHANICAL_DESIGN_GEOMETRIC_PRESENTATION_REPRESENTATION (  '', ( #362 ), #955 ) ;
#622 = VECTOR ( 'NONE', #54, 1000.000000000000000 ) ;
#623 = FILL_AREA_STYLE_COLOUR ( '', #1148 ) ;
#624 = LINE ( 'NONE', #1292, #2120 ) ;
#625 = ORIENTED_EDGE ( 'NONE', *, *, #15, .T. ) ;
#626 = EDGE_CURVE ( 'NONE', #669, #252, #1530, .T. ) ;
#627 = FILL_AREA_STYLE_COLOUR ( '', #1359 ) ;
#628 = SURFACE_STYLE_USAGE ( .BOTH. , #1820 ) ;
#629 = DIRECTION ( 'NONE',  ( -0.9396926207859094271, 0.000000000000000000, -0.3420201433256660484 ) ) ;
#630 = ADVANCED_FACE ( 'NONE', ( #1347 ), #706, .F. ) ;
#631 = ADVANCED_FACE ( 'NONE', ( #858 ), #1018, .T. ) ;
#632 = FILL_AREA_STYLE_COLOUR ( '', #386 ) ;
#633 = COLOUR_RGB ( '',0.8941176470588234615, 0.9137254901960784048, 0.9294117647058823817 ) ;
#634 = PRESENTATION_STYLE_ASSIGNMENT (( #1303 ) ) ;
#635 = EDGE_LOOP ( 'NONE', ( #199, #677, #1985, #188 ) ) ;
#636 = DIRECTION ( 'NONE',  ( -0.9396926207859094271, 0.000000000000000000, -0.3420201433256659929 ) ) ;
#637 = FILL_AREA_STYLE_COLOUR ( '', #642 ) ;
#638 = STYLED_ITEM ( 'NONE', ( #346 ), #1010 ) ;
#639 =( LENGTH_UNIT ( ) NAMED_UNIT ( * ) SI_UNIT ( .MILLI., .METRE. ) );
#640 =( LENGTH_UNIT ( ) NAMED_UNIT ( * ) SI_UNIT ( .MILLI., .METRE. ) );
#641 = EDGE_CURVE ( 'NONE', #971, #2040, #1217, .T. ) ;
#642 = COLOUR_RGB ( '',0.8941176470588234615, 0.9137254901960784048, 0.9294117647058823817 ) ;
#643 =( GEOMETRIC_REPRESENTATION_CONTEXT ( 3 ) GLOBAL_UNCERTAINTY_ASSIGNED_CONTEXT ( ( #355 ) ) GLOBAL_UNIT_ASSIGNED_CONTEXT ( ( #491, #1807, #803 ) ) REPRESENTATION_CONTEXT ( 'NONE', 'WORKASPACE' ) );
#644 = ORIENTED_EDGE ( 'NONE', *, *, #1697, .F. ) ;
#645 = ADVANCED_FACE ( 'NONE', ( #586 ), #1373, .T. ) ;
#646 = CARTESIAN_POINT ( 'NONE',  ( 7.849999999999999645, 11.59999999999999964, 5.299792461790288733 ) ) ;
#647 =( LENGTH_UNIT ( ) NAMED_UNIT ( * ) SI_UNIT ( .MILLI., .METRE. ) );
#648 = CARTESIAN_POINT ( 'NONE',  ( -8.849999999999999645, 1.500000000000000000, 5.299792461790288733 ) ) ;
#649 = PLANE ( 'NONE',  #393 ) ;
#650 = SURFACE_STYLE_USAGE ( .BOTH. , #2112 ) ;
#651 =( NAMED_UNIT ( * ) SI_UNIT ( $, .STERADIAN. ) SOLID_ANGLE_UNIT ( ) );
#652 = ORIENTED_EDGE ( 'NONE', *, *, #1284, .T. ) ;
#653 = ORIENTED_EDGE ( 'NONE', *, *, #812, .T. ) ;
#654 = CYLINDRICAL_SURFACE ( 'NONE', #301, 0.3999999999999993006 ) ;
#655 = ADVANCED_FACE ( 'NONE', ( #274 ), #2061, .T. ) ;
#656 = COLOUR_RGB ( '',0.2980392156862745057, 0.2980392156862745057, 0.2980392156862745057 ) ;
#657 = CARTESIAN_POINT ( 'NONE',  ( -3.576662419410452376, 12.59999999999999964, 7.919337914571928927 ) ) ;
#658 = ORIENTED_EDGE ( 'NONE', *, *, #401, .F. ) ;
#659 = COLOUR_RGB ( '',0.2980392156862745057, 0.2980392156862745057, 0.2980392156862745057 ) ;
#660 = CIRCLE ( 'NONE', #1337, 0.3999999999999993006 ) ;
#661 = FILL_AREA_STYLE ('',( #501 ) ) ;
#662 = ORIENTED_EDGE ( 'NONE', *, *, #1834, .T. ) ;
#663 = CARTESIAN_POINT ( 'NONE',  ( 7.849999999999999645, 12.59999999999999964, -5.299792461790289622 ) ) ;
#664 = ADVANCED_FACE ( 'NONE', ( #1552 ), #1265, .T. ) ;
#665 =( LENGTH_UNIT ( ) NAMED_UNIT ( * ) SI_UNIT ( .MILLI., .METRE. ) );
#666 = ORIENTED_EDGE ( 'NONE', *, *, #598, .F. ) ;
#667 = LINE ( 'NONE', #353, #405 ) ;
#668 = UNCERTAINTY_MEASURE_WITH_UNIT (LENGTH_MEASURE( 1.000000000000000082E-05 ), #1887, 'distance_accuracy_value', 'NONE');
#669 = VERTEX_POINT ( 'NONE', #99 ) ;
#670 = STYLED_ITEM ( 'NONE', ( #988 ), #1058 ) ;
#671 = EDGE_CURVE ( 'NONE', #1105, #1057, #287, .T. ) ;
#672 = CARTESIAN_POINT ( 'NONE',  ( -7.500000000000000000, 1.500000000000000000, -4.600000000000000533 ) ) ;
#673 = EDGE_LOOP ( 'NONE', ( #1410, #906, #662, #2006 ) ) ;
#674 = VECTOR ( 'NONE', #1616, 1000.000000000000000 ) ;
#675 = CARTESIAN_POINT ( 'NONE',  ( -7.500000000000000000, -4.000000000000000000, -5.000000000000000000 ) ) ;
#676 = SURFACE_STYLE_USAGE ( .BOTH. , #697 ) ;
#677 = ORIENTED_EDGE ( 'NONE', *, *, #32, .T. ) ;
#678 = DIRECTION ( 'NONE',  ( 1.000000000000000000, 0.000000000000000000, 0.000000000000000000 ) ) ;
#679 = STYLED_ITEM ( 'NONE', ( #824 ), #1472 ) ;
#680 = DIRECTION ( 'NONE',  ( 0.000000000000000000, 0.000000000000000000, -1.000000000000000000 ) ) ;
#681 = EDGE_CURVE ( 'NONE', #1662, #1059, #1494, .T. ) ;
#682 = LINE ( 'NONE', #1490, #1984 ) ;
#683 = LINE ( 'NONE', #1705, #168 ) ;
#684 = SURFACE_STYLE_USAGE ( .BOTH. , #1667 ) ;
#685 = MECHANICAL_DESIGN_GEOMETRIC_PRESENTATION_REPRESENTATION (  '', ( #1602 ), #1227 ) ;
#686 = LINE ( 'NONE', #536, #674 ) ;
#687 = EDGE_LOOP ( 'NONE', ( #1170, #66, #1749, #286 ) ) ;
#688 = DIRECTION ( 'NONE',  ( 0.000000000000000000, 0.000000000000000000, 1.000000000000000000 ) ) ;
#689 = CIRCLE ( 'NONE', #556, 0.9999999999999998890 ) ;
#690 =( NAMED_UNIT ( * ) PLANE_ANGLE_UNIT ( ) SI_UNIT ( $, .RADIAN. ) );
#691 =( NAMED_UNIT ( * ) SI_UNIT ( $, .STERADIAN. ) SOLID_ANGLE_UNIT ( ) );
#692 = MECHANICAL_DESIGN_GEOMETRIC_PRESENTATION_REPRESENTATION (  '', ( #1567 ), #495 ) ;
#693 = PRESENTATION_STYLE_ASSIGNMENT (( #1042 ) ) ;
#694 =( NAMED_UNIT ( * ) SI_UNIT ( $, .STERADIAN. ) SOLID_ANGLE_UNIT ( ) );
#695 = CARTESIAN_POINT ( 'NONE',  ( -7.849999999999999645, 11.59999999999999964, -5.299792461790289622 ) ) ;
#696 = SURFACE_STYLE_FILL_AREA ( #388 ) ;
#697 = SURFACE_SIDE_STYLE ('',( #370 ) ) ;
#698 = DIRECTION ( 'NONE',  ( 0.000000000000000000, 0.000000000000000000, 1.000000000000000000 ) ) ;
#699 =( GEOMETRIC_REPRESENTATION_CONTEXT ( 3 ) GLOBAL_UNCERTAINTY_ASSIGNED_CONTEXT ( ( #1729 ) ) GLOBAL_UNIT_ASSIGNED_CONTEXT ( ( #647, #1951, #1267 ) ) REPRESENTATION_CONTEXT ( 'NONE', 'WORKASPACE' ) );
#700 = DIRECTION ( 'NONE',  ( 0.000000000000000000, 0.000000000000000000, 1.000000000000000000 ) ) ;
#701 = CARTESIAN_POINT ( 'NONE',  ( -8.849999999999999645, 12.59999999999999964, -6.000000000000000000 ) ) ;
#702 = DIRECTION ( 'NONE',  ( 0.3420201433256661594, 0.000000000000000000, 0.9396926207859094271 ) ) ;
#703 = CYLINDRICAL_SURFACE ( 'NONE', #1664, 1.000000000000000000 ) ;
#704 = STYLED_ITEM ( 'NONE', ( #1996 ), #88 ) ;
#705 = AXIS2_PLACEMENT_3D ( 'NONE', #1573, #901, #1223 ) ;
#706 = PLANE ( 'NONE',  #4 ) ;
#707 = LINE ( 'NONE', #554, #1661 ) ;
#708 = AXIS2_PLACEMENT_3D ( 'NONE', #718, #577, #1218 ) ;
#709 = FACE_OUTER_BOUND ( 'NONE', #250, .T. ) ;
#710 = PRESENTATION_STYLE_ASSIGNMENT (( #56 ) ) ;
#711 = PRESENTATION_LAYER_ASSIGNMENT (  '', '', ( #1903 ) ) ;
#712 = MECHANICAL_DESIGN_GEOMETRIC_PRESENTATION_REPRESENTATION (  '', ( #345 ), #643 ) ;
#713 = ORIENTED_EDGE ( 'NONE', *, *, #681, .T. ) ;
#714 = EDGE_LOOP ( 'NONE', ( #1835, #2010, #967, #538 ) ) ;
#715 = EDGE_CURVE ( 'NONE', #928, #1885, #1192, .T. ) ;
#716 = DIRECTION ( 'NONE',  ( 0.000000000000000000, 1.000000000000000000, 0.000000000000000000 ) ) ;
#717 = VECTOR ( 'NONE', #1683, 1000.000000000000000 ) ;
#718 = CARTESIAN_POINT ( 'NONE',  ( 7.500000000000000000, 1.500000000000000000, -5.000000000000000000 ) ) ;
#719 = ORIENTED_EDGE ( 'NONE', *, *, #537, .F. ) ;
#720 = ADVANCED_FACE ( 'NONE', ( #458 ), #1280, .T. ) ;
#721 = PRESENTATION_LAYER_ASSIGNMENT (  '', '', ( #593 ) ) ;
#722 = MECHANICAL_DESIGN_GEOMETRIC_PRESENTATION_REPRESENTATION (  '', ( #1200 ), #1364 ) ;
#723 = PRESENTATION_LAYER_ASSIGNMENT (  '', '', ( #186 ) ) ;
#724 = VERTEX_POINT ( 'NONE', #648 ) ;
#725 = FACE_OUTER_BOUND ( 'NONE', #334, .T. ) ;
#726 = UNCERTAINTY_MEASURE_WITH_UNIT (LENGTH_MEASURE( 1.000000000000000082E-05 ), #1849, 'distance_accuracy_value', 'NONE');
#727 = VERTEX_POINT ( 'NONE', #302 ) ;
#728 = ORIENTED_EDGE ( 'NONE', *, *, #368, .F. ) ;
#729 =( NAMED_UNIT ( * ) SI_UNIT ( $, .STERADIAN. ) SOLID_ANGLE_UNIT ( ) );
#730 = ORIENTED_EDGE ( 'NONE', *, *, #203, .F. ) ;
#731 = EDGE_CURVE ( 'NONE', #462, #1662, #624, .T. ) ;
#732 = LINE ( 'NONE', #776, #92 ) ;
#733 = ORIENTED_EDGE ( 'NONE', *, *, #1591, .T. ) ;
#734 = STYLED_ITEM ( 'NONE', ( #124 ), #1047 ) ;
#735 =( GEOMETRIC_REPRESENTATION_CONTEXT ( 3 ) GLOBAL_UNCERTAINTY_ASSIGNED_CONTEXT ( ( #1215 ) ) GLOBAL_UNIT_ASSIGNED_CONTEXT ( ( #1581, #290, #1629 ) ) REPRESENTATION_CONTEXT ( 'NONE', 'WORKASPACE' ) );
#736 = CARTESIAN_POINT ( 'NONE',  ( 2.085118435939925140E-15, 12.59999999999999964, 1.907461319770331398 ) ) ;
#737 = TOROIDAL_SURFACE ( 'NONE', #1689, 9.457461319770331443, 1.000000000000000000 ) ;
#738 =( GEOMETRIC_REPRESENTATION_CONTEXT ( 3 ) GLOBAL_UNCERTAINTY_ASSIGNED_CONTEXT ( ( #155 ) ) GLOBAL_UNIT_ASSIGNED_CONTEXT ( ( #2088, #1584, #268 ) ) REPRESENTATION_CONTEXT ( 'NONE', 'WORKASPACE' ) );
#739 = DIRECTION ( 'NONE',  ( 0.000000000000000000, -0.000000000000000000, 1.000000000000000000 ) ) ;
#740 = EDGE_LOOP ( 'NONE', ( #793, #1139, #515, #1210 ) ) ;
#741 = EDGE_CURVE ( 'NONE', #462, #1077, #847, .T. ) ;
#742 = PLANE ( 'NONE',  #209 ) ;
#743 = COLOUR_RGB ( '',0.8941176470588234615, 0.9137254901960784048, 0.9294117647058823817 ) ;
#744 = VECTOR ( 'NONE', #1922, 1000.000000000000000 ) ;
#745 = CARTESIAN_POINT ( 'NONE',  ( 2.963616168258111028, 1.500000000000000000, 8.142468502219863069 ) ) ;
#746 = UNCERTAINTY_MEASURE_WITH_UNIT (LENGTH_MEASURE( 1.000000000000000082E-05 ), #1757, 'distance_accuracy_value', 'NONE');
#747 = ORIENTED_EDGE ( 'NONE', *, *, #280, .T. ) ;
#748 = EDGE_CURVE ( 'NONE', #1281, #954, #1258, .T. ) ;
#749 = FILL_AREA_STYLE_COLOUR ( '', #828 ) ;
#750 = DIRECTION ( 'NONE',  ( 0.9396926207859094271, -0.000000000000000000, 0.3420201433256659929 ) ) ;
#751 = COLOUR_RGB ( '',0.2980392156862745057, 0.2980392156862745057, 0.2980392156862745057 ) ;
#752 = PRESENTATION_STYLE_ASSIGNMENT (( #1539 ) ) ;
#753 = DIRECTION ( 'NONE',  ( 0.000000000000000000, 0.000000000000000000, -1.000000000000000000 ) ) ;
#754 = FILL_AREA_STYLE ('',( #451 ) ) ;
#755 = ORIENTED_EDGE ( 'NONE', *, *, #1446, .T. ) ;
#756 = STYLED_ITEM ( 'NONE', ( #146 ), #1945 ) ;
#757 =( NAMED_UNIT ( * ) SI_UNIT ( $, .STERADIAN. ) SOLID_ANGLE_UNIT ( ) );
#758 = SURFACE_STYLE_USAGE ( .BOTH. , #1087 ) ;
#759 = EDGE_CURVE ( 'NONE', #1802, #34, #1384, .T. ) ;
#760 = VERTEX_POINT ( 'NONE', #488 ) ;
#761 =( NAMED_UNIT ( * ) PLANE_ANGLE_UNIT ( ) SI_UNIT ( $, .RADIAN. ) );
#762 = CARTESIAN_POINT ( 'NONE',  ( 7.849999999999999645, 11.59999999999999964, 5.299792461790288733 ) ) ;
#763 = CARTESIAN_POINT ( 'NONE',  ( 3.576662419410453708, 1.500000000000000000, 7.385467275258219111 ) ) ;
#764 = CARTESIAN_POINT ( 'NONE',  ( 3.576662419410453708, 0.000000000000000000, 0.000000000000000000 ) ) ;
#765 = ORIENTED_EDGE ( 'NONE', *, *, #1141, .T. ) ;
#766 = SURFACE_SIDE_STYLE ('',( #1898 ) ) ;
#767 = UNCERTAINTY_MEASURE_WITH_UNIT (LENGTH_MEASURE( 1.000000000000000082E-05 ), #193, 'distance_accuracy_value', 'NONE');
#768 = PRESENTATION_STYLE_ASSIGNMENT (( #2106 ) ) ;
#769 = ORIENTED_EDGE ( 'NONE', *, *, #863, .F. ) ;
#770 = EDGE_CURVE ( 'NONE', #252, #342, #1165, .T. ) ;
#771 = MECHANICAL_DESIGN_GEOMETRIC_PRESENTATION_REPRESENTATION (  '', ( #934 ), #1764 ) ;
#772 = FACE_OUTER_BOUND ( 'NONE', #231, .T. ) ;
#773 = DIRECTION ( 'NONE',  ( 0.9396926207859095381, 0.000000000000000000, -0.3420201433256657708 ) ) ;
#774 = AXIS2_PLACEMENT_3D ( 'NONE', #2019, #400, #702 ) ;
#775 =( GEOMETRIC_REPRESENTATION_CONTEXT ( 3 ) GLOBAL_UNCERTAINTY_ASSIGNED_CONTEXT ( ( #1287 ) ) GLOBAL_UNIT_ASSIGNED_CONTEXT ( ( #1352, #196, #884 ) ) REPRESENTATION_CONTEXT ( 'NONE', 'WORKASPACE' ) );
#776 = CARTESIAN_POINT ( 'NONE',  ( -2.963616168258111028, 1.500000000000000000, -8.142468502219863069 ) ) ;
#777 = ORIENTED_EDGE ( 'NONE', *, *, #53, .F. ) ;
#778 = CARTESIAN_POINT ( 'NONE',  ( 8.849999999999999645, 12.59999999999999964, 5.299792461790288733 ) ) ;
#779 = ORIENTED_EDGE ( 'NONE', *, *, #671, .T. ) ;
#780 = PRESENTATION_LAYER_ASSIGNMENT (  '', '', ( #345 ) ) ;
#781 = CARTESIAN_POINT ( 'NONE',  ( 7.500000000000000000, 1.500000000000000000, -4.600000000000000533 ) ) ;
#782 = CIRCLE ( 'NONE', #1123, 9.957461319770333219 ) ;
#783 = PLANE ( 'NONE',  #1549 ) ;
#784 =( LENGTH_UNIT ( ) NAMED_UNIT ( * ) SI_UNIT ( .MILLI., .METRE. ) );
#785 = FACE_OUTER_BOUND ( 'NONE', #1455, .T. ) ;
#786 = ADVANCED_FACE ( 'NONE', ( #1645 ), #1634, .F. ) ;
#787 = ORIENTED_EDGE ( 'NONE', *, *, #963, .F. ) ;
#788 = CARTESIAN_POINT ( 'NONE',  ( 2.085118435939925140E-15, 1.500000000000000000, 1.907461319770331398 ) ) ;
#789 = PRESENTATION_LAYER_ASSIGNMENT (  '', '', ( #1817 ) ) ;
#790 = COLOUR_RGB ( '',0.2980392156862745057, 0.2980392156862745057, 0.2980392156862745057 ) ;
#791 = ADVANCED_FACE ( 'NONE', ( #844 ), #804, .F. ) ;
#792 = VERTEX_POINT ( 'NONE', #195 ) ;
#793 = ORIENTED_EDGE ( 'NONE', *, *, #671, .F. ) ;
#794 =( NAMED_UNIT ( * ) SI_UNIT ( $, .STERADIAN. ) SOLID_ANGLE_UNIT ( ) );
#795 = AXIS2_PLACEMENT_3D ( 'NONE', #410, #1905, #1619 ) ;
#796 = SURFACE_STYLE_FILL_AREA ( #1767 ) ;
#797 = LINE ( 'NONE', #145, #572 ) ;
#798 = SURFACE_STYLE_USAGE ( .BOTH. , #1917 ) ;
#799 = DIRECTION ( 'NONE',  ( -0.000000000000000000, 1.000000000000000000, -0.000000000000000000 ) ) ;
#800 = DIRECTION ( 'NONE',  ( 0.000000000000000000, 1.000000000000000000, 0.000000000000000000 ) ) ;
#801 = ORIENTED_EDGE ( 'NONE', *, *, #878, .F. ) ;
#802 = FILL_AREA_STYLE_COLOUR ( '', #892 ) ;
#803 =( NAMED_UNIT ( * ) SI_UNIT ( $, .STERADIAN. ) SOLID_ANGLE_UNIT ( ) );
#804 = PLANE ( 'NONE',  #1358 ) ;
#805 = SURFACE_STYLE_FILL_AREA ( #1599 ) ;
#806 =( LENGTH_UNIT ( ) NAMED_UNIT ( * ) SI_UNIT ( .MILLI., .METRE. ) );
#807 = VERTEX_POINT ( 'NONE', #2113 ) ;
#808 = CARTESIAN_POINT ( 'NONE',  ( 7.500000000000000000, -4.000000000000000000, 5.000000000000000000 ) ) ;
#809 = PLANE ( 'NONE',  #1886 ) ;
#810 = DIRECTION ( 'NONE',  ( -0.000000000000000000, 1.000000000000000000, -0.000000000000000000 ) ) ;
#811 = ORIENTED_EDGE ( 'NONE', *, *, #1225, .F. ) ;
#812 = EDGE_CURVE ( 'NONE', #521, #408, #27, .T. ) ;
#813 = CIRCLE ( 'NONE', #1291, 1.000000000000000000 ) ;
#814 = LINE ( 'NONE', #465, #236 ) ;
#815 = CARTESIAN_POINT ( 'NONE',  ( 8.849999999999999645, 11.59999999999999964, 6.000000000000000000 ) ) ;
#816 = DIRECTION ( 'NONE',  ( 0.000000000000000000, 0.000000000000000000, 1.000000000000000000 ) ) ;
#817 = AXIS2_PLACEMENT_3D ( 'NONE', #2109, #939, #1769 ) ;
#818 = CIRCLE ( 'NONE', #581, 9.957461319770334995 ) ;
#819 = ORIENTED_EDGE ( 'NONE', *, *, #2087, .F. ) ;
#820 = FILL_AREA_STYLE ('',( #1755 ) ) ;
#821 = CARTESIAN_POINT ( 'NONE',  ( 2.085118435939925140E-15, 11.59999999999999964, 1.907461319770331398 ) ) ;
#822 =( NAMED_UNIT ( * ) PLANE_ANGLE_UNIT ( ) SI_UNIT ( $, .RADIAN. ) );
#823 = FILL_AREA_STYLE ('',( #1342 ) ) ;
#824 = PRESENTATION_STYLE_ASSIGNMENT (( #1305 ) ) ;
#825 = SURFACE_STYLE_USAGE ( .BOTH. , #1306 ) ;
#826 = ORIENTED_EDGE ( 'NONE', *, *, #1888, .T. ) ;
#827 = ORIENTED_EDGE ( 'NONE', *, *, #748, .T. ) ;
#828 = COLOUR_RGB ( '',0.2980392156862745057, 0.2980392156862745057, 0.2980392156862745057 ) ;
#829 = COLOUR_RGB ( '',0.2980392156862745057, 0.2980392156862745057, 0.2980392156862745057 ) ;
#830 = EDGE_CURVE ( 'NONE', #1379, #352, #1156, .T. ) ;
#831 = PRESENTATION_LAYER_ASSIGNMENT (  '', '', ( #1200 ) ) ;
#832 = ORIENTED_EDGE ( 'NONE', *, *, #481, .T. ) ;
#833 = CIRCLE ( 'NONE', #1954, 0.3999999999999993006 ) ;
#834 = DIRECTION ( 'NONE',  ( 0.000000000000000000, 0.000000000000000000, -1.000000000000000000 ) ) ;
#835 = FACE_OUTER_BOUND ( 'NONE', #1307, .T. ) ;
#836 = FILL_AREA_STYLE ('',( #1031 ) ) ;
#837 = CARTESIAN_POINT ( 'NONE',  ( 2.085118435939925140E-15, 12.59999999999999964, -1.907461319770331398 ) ) ;
#838 =( NAMED_UNIT ( * ) PLANE_ANGLE_UNIT ( ) SI_UNIT ( $, .RADIAN. ) );
#839 = ORIENTED_EDGE ( 'NONE', *, *, #1502, .F. ) ;
#840 = ORIENTED_EDGE ( 'NONE', *, *, #715, .F. ) ;
#841 = CARTESIAN_POINT ( 'NONE',  ( 8.849999999999999645, 11.59999999999999964, -5.299792461790288733 ) ) ;
#842 = PRESENTATION_STYLE_ASSIGNMENT (( #8 ) ) ;
#843 = CARTESIAN_POINT ( 'NONE',  ( 7.849999999999999645, 11.59999999999999964, -5.299792461790288733 ) ) ;
#844 = FACE_OUTER_BOUND ( 'NONE', #1293, .T. ) ;
#845 = EDGE_LOOP ( 'NONE', ( #719, #585, #951, #1173 ) ) ;
#846 =( NAMED_UNIT ( * ) PLANE_ANGLE_UNIT ( ) SI_UNIT ( $, .RADIAN. ) );
#847 = CIRCLE ( 'NONE', #817, 0.3999999999999993006 ) ;
#848 = COLOUR_RGB ( '',0.8941176470588234615, 0.9137254901960784048, 0.9294117647058823817 ) ;
#849 = CARTESIAN_POINT ( 'NONE',  ( 7.500000000000000000, 1.500000000000000000, 4.600000000000000533 ) ) ;
#850 = EDGE_CURVE ( 'NONE', #408, #564, #163, .T. ) ;
#851 = LINE ( 'NONE', #1343, #530 ) ;
#852 = EDGE_CURVE ( 'NONE', #34, #1145, #953, .T. ) ;
#853 = DIRECTION ( 'NONE',  ( -0.000000000000000000, -1.000000000000000000, -0.000000000000000000 ) ) ;
#854 = PRESENTATION_LAYER_ASSIGNMENT (  '', '', ( #419 ) ) ;
#855 = PRESENTATION_STYLE_ASSIGNMENT (( #1868 ) ) ;
#856 = ADVANCED_FACE ( 'NONE', ( #991 ), #1186, .T. ) ;
#857 = UNCERTAINTY_MEASURE_WITH_UNIT (LENGTH_MEASURE( 1.000000000000000082E-05 ), #1092, 'distance_accuracy_value', 'NONE');
#858 = FACE_OUTER_BOUND ( 'NONE', #432, .T. ) ;
#859 = AXIS2_PLACEMENT_3D ( 'NONE', #762, #1174, #360 ) ;
#860 =( NAMED_UNIT ( * ) SI_UNIT ( $, .STERADIAN. ) SOLID_ANGLE_UNIT ( ) );
#861 = AXIS2_PLACEMENT_3D ( 'NONE', #1557, #89, #1906 ) ;
#862 =( NAMED_UNIT ( * ) SI_UNIT ( $, .STERADIAN. ) SOLID_ANGLE_UNIT ( ) );
#863 = EDGE_CURVE ( 'NONE', #1963, #1216, #683, .T. ) ;
#864 = SURFACE_STYLE_USAGE ( .BOTH. , #1707 ) ;
#865 = VERTEX_POINT ( 'NONE', #387 ) ;
#866 = STYLED_ITEM ( 'NONE', ( #251 ), #134 ) ;
#867 = PRESENTATION_LAYER_ASSIGNMENT (  '', '', ( #1207 ) ) ;
#868 = CARTESIAN_POINT ( 'NONE',  ( 2.085118435939925140E-15, 1.500000000000000000, -1.907461319770331398 ) ) ;
#869 = DIRECTION ( 'NONE',  ( 0.3420201433256658263, 0.000000000000000000, -0.9396926207859095381 ) ) ;
#870 = FILL_AREA_STYLE_COLOUR ( '', #310 ) ;
#871 = SURFACE_SIDE_STYLE ('',( #229 ) ) ;
#872 = EDGE_CURVE ( 'NONE', #521, #1897, #566, .T. ) ;
#873 = UNCERTAINTY_MEASURE_WITH_UNIT (LENGTH_MEASURE( 1.000000000000000082E-05 ), #256, 'distance_accuracy_value', 'NONE');
#874 = ORIENTED_EDGE ( 'NONE', *, *, #830, .F. ) ;
#875 = PRESENTATION_LAYER_ASSIGNMENT (  '', '', ( #1017 ) ) ;
#876 = SURFACE_STYLE_USAGE ( .BOTH. , #1864 ) ;
#877 = VERTEX_POINT ( 'NONE', #1519 ) ;
#878 = EDGE_CURVE ( 'NONE', #1236, #1522, #1354, .T. ) ;
#879 = AXIS2_PLACEMENT_3D ( 'NONE', #1701, #1394, #1081 ) ;
#880 = FILL_AREA_STYLE_COLOUR ( '', #1202 ) ;
#881 =( GEOMETRIC_REPRESENTATION_CONTEXT ( 3 ) GLOBAL_UNCERTAINTY_ASSIGNED_CONTEXT ( ( #83 ) ) GLOBAL_UNIT_ASSIGNED_CONTEXT ( ( #1317, #838, #651 ) ) REPRESENTATION_CONTEXT ( 'NONE', 'WORKASPACE' ) );
#882 = COLOUR_RGB ( '',0.2980392156862745057, 0.2980392156862745057, 0.2980392156862745057 ) ;
#883 =( NAMED_UNIT ( * ) PLANE_ANGLE_UNIT ( ) SI_UNIT ( $, .RADIAN. ) );
#884 =( NAMED_UNIT ( * ) SI_UNIT ( $, .STERADIAN. ) SOLID_ANGLE_UNIT ( ) );
#885 =( NAMED_UNIT ( * ) PLANE_ANGLE_UNIT ( ) SI_UNIT ( $, .RADIAN. ) );
#886 = ORIENTED_EDGE ( 'NONE', *, *, #2102, .T. ) ;
#887 =( GEOMETRIC_REPRESENTATION_CONTEXT ( 3 ) GLOBAL_UNCERTAINTY_ASSIGNED_CONTEXT ( ( #1137 ) ) GLOBAL_UNIT_ASSIGNED_CONTEXT ( ( #1803, #51, #35 ) ) REPRESENTATION_CONTEXT ( 'NONE', 'WORKASPACE' ) );
#888 = ADVANCED_FACE ( 'NONE', ( #1176 ), #47, .F. ) ;
#889 = COLOUR_RGB ( '',0.2980392156862745057, 0.2980392156862745057, 0.2980392156862745057 ) ;
#890 = DIRECTION ( 'NONE',  ( 0.000000000000000000, -1.000000000000000000, 0.000000000000000000 ) ) ;
#891 = ORIENTED_EDGE ( 'NONE', *, *, #937, .T. ) ;
#892 = COLOUR_RGB ( '',0.2980392156862745057, 0.2980392156862745057, 0.2980392156862745057 ) ;
#893 = DIRECTION ( 'NONE',  ( 0.000000000000000000, -0.000000000000000000, -1.000000000000000000 ) ) ;
#894 = VECTOR ( 'NONE', #1073, 1000.000000000000000 ) ;
#895 = ORIENTED_EDGE ( 'NONE', *, *, #1390, .T. ) ;
#896 =( NAMED_UNIT ( * ) SI_UNIT ( $, .STERADIAN. ) SOLID_ANGLE_UNIT ( ) );
#897 = ORIENTED_EDGE ( 'NONE', *, *, #1444, .F. ) ;
#898 = UNCERTAINTY_MEASURE_WITH_UNIT (LENGTH_MEASURE( 1.000000000000000082E-05 ), #1438, 'distance_accuracy_value', 'NONE');
#899 = ORIENTED_EDGE ( 'NONE', *, *, #1848, .F. ) ;
#900 = ADVANCED_FACE ( 'NONE', ( #1351 ), #2009, .T. ) ;
#901 = DIRECTION ( 'NONE',  ( 0.000000000000000000, -1.000000000000000000, 0.000000000000000000 ) ) ;
#902 = VERTEX_POINT ( 'NONE', #1758 ) ;
#903 = CARTESIAN_POINT ( 'NONE',  ( 3.576662419410453708, 1.500000000000000000, 7.385467275258219111 ) ) ;
#904 = DIRECTION ( 'NONE',  ( 0.000000000000000000, 0.000000000000000000, -1.000000000000000000 ) ) ;
#905 = CARTESIAN_POINT ( 'NONE',  ( 3.234642276084788826, 12.59999999999999964, -6.979645293786019167 ) ) ;
#906 = ORIENTED_EDGE ( 'NONE', *, *, #1021, .T. ) ;
#907 = EDGE_CURVE ( 'NONE', #727, #928, #442, .T. ) ;
#908 = CARTESIAN_POINT ( 'NONE',  ( -7.849999999999999645, 11.59999999999999964, 5.299792461790288733 ) ) ;
#909 = MECHANICAL_DESIGN_GEOMETRIC_PRESENTATION_REPRESENTATION (  '', ( #96 ), #478 ) ;
#910 = VECTOR ( 'NONE', #1432, 1000.000000000000000 ) ;
#911 = CARTESIAN_POINT ( 'NONE',  ( 2.085118435939925140E-15, 12.59999999999999964, 1.907461319770331398 ) ) ;
#912 = SURFACE_STYLE_FILL_AREA ( #561 ) ;
#913 = DIRECTION ( 'NONE',  ( 0.000000000000000000, 0.000000000000000000, -1.000000000000000000 ) ) ;
#914 = SURFACE_SIDE_STYLE ('',( #1127 ) ) ;
#915 = SURFACE_STYLE_USAGE ( .BOTH. , #292 ) ;
#916 =( NAMED_UNIT ( * ) SI_UNIT ( $, .STERADIAN. ) SOLID_ANGLE_UNIT ( ) );
#917 = ORIENTED_EDGE ( 'NONE', *, *, #1251, .F. ) ;
#918 = MECHANICAL_DESIGN_GEOMETRIC_PRESENTATION_REPRESENTATION (  '', ( #593 ), #9 ) ;
#919 = DIRECTION ( 'NONE',  ( 1.000000000000000000, 0.000000000000000000, 0.000000000000000000 ) ) ;
#920 =( GEOMETRIC_REPRESENTATION_CONTEXT ( 3 ) GLOBAL_UNCERTAINTY_ASSIGNED_CONTEXT ( ( #726 ) ) GLOBAL_UNIT_ASSIGNED_CONTEXT ( ( #1849, #1704, #1876 ) ) REPRESENTATION_CONTEXT ( 'NONE', 'WORKASPACE' ) );
#921 = CARTESIAN_POINT ( 'NONE',  ( -8.192020143325665416, 11.59999999999999964, -6.239485082576197605 ) ) ;
#922 =( NAMED_UNIT ( * ) PLANE_ANGLE_UNIT ( ) SI_UNIT ( $, .RADIAN. ) );
#923 = CARTESIAN_POINT ( 'NONE',  ( 3.234642276084789270, 12.59999999999999964, -6.979645293786019167 ) ) ;
#924 = DIRECTION ( 'NONE',  ( -0.000000000000000000, -1.000000000000000000, -0.000000000000000000 ) ) ;
#925 = CARTESIAN_POINT ( 'NONE',  ( -7.500000000000000000, -4.000000000000000000, -4.600000000000000533 ) ) ;
#926 = PRESENTATION_STYLE_ASSIGNMENT (( #915 ) ) ;
#927 = SURFACE_STYLE_FILL_AREA ( #2073 ) ;
#928 = VERTEX_POINT ( 'NONE', #260 ) ;
#929 = SURFACE_STYLE_FILL_AREA ( #503 ) ;
#930 = VECTOR ( 'NONE', #974, 1000.000000000000000 ) ;
#931 = UNCERTAINTY_MEASURE_WITH_UNIT (LENGTH_MEASURE( 1.000000000000000082E-05 ), #1503, 'distance_accuracy_value', 'NONE');
#932 =( NAMED_UNIT ( * ) SI_UNIT ( $, .STERADIAN. ) SOLID_ANGLE_UNIT ( ) );
#933 =( NAMED_UNIT ( * ) SI_UNIT ( $, .STERADIAN. ) SOLID_ANGLE_UNIT ( ) );
#934 = STYLED_ITEM ( 'NONE', ( #968 ), #379 ) ;
#935 = DIRECTION ( 'NONE',  ( -0.9396926207859094271, 0.000000000000000000, 0.3420201433256659929 ) ) ;
#936 = DIRECTION ( 'NONE',  ( 0.000000000000000000, 0.000000000000000000, -1.000000000000000000 ) ) ;
#937 = EDGE_CURVE ( 'NONE', #34, #1802, #978, .T. ) ;
#938 = STYLED_ITEM ( 'NONE', ( #1443 ), #42 ) ;
#939 = DIRECTION ( 'NONE',  ( 0.000000000000000000, -1.000000000000000000, 0.000000000000000000 ) ) ;
#940 = ORIENTED_EDGE ( 'NONE', *, *, #852, .T. ) ;
#941 = EDGE_LOOP ( 'NONE', ( #1574, #1628, #72, #895 ) ) ;
#942 = MECHANICAL_DESIGN_GEOMETRIC_PRESENTATION_REPRESENTATION (  '', ( #1086 ), #1554 ) ;
#943 = MECHANICAL_DESIGN_GEOMETRIC_PRESENTATION_REPRESENTATION (  '', ( #1846 ), #1220 ) ;
#944 = AXIS2_PLACEMENT_3D ( 'NONE', #976, #1273, #1787 ) ;
#945 = AXIS2_PLACEMENT_3D ( 'NONE', #105, #281, #424 ) ;
#946 = ADVANCED_FACE ( 'NONE', ( #1896 ), #1235, .T. ) ;
#947 = DIRECTION ( 'NONE',  ( 0.000000000000000000, 0.000000000000000000, 1.000000000000000000 ) ) ;
#948 = CARTESIAN_POINT ( 'NONE',  ( -7.500000000000000000, 1.500000000000000000, 5.399999999999999467 ) ) ;
#949 =( NAMED_UNIT ( * ) SI_UNIT ( $, .STERADIAN. ) SOLID_ANGLE_UNIT ( ) );
#950 = DIRECTION ( 'NONE',  ( -0.000000000000000000, 1.000000000000000000, -0.000000000000000000 ) ) ;
#951 = ORIENTED_EDGE ( 'NONE', *, *, #2082, .T. ) ;
#952 = FACE_OUTER_BOUND ( 'NONE', #673, .T. ) ;
#953 = LINE ( 'NONE', #505, #1770 ) ;
#954 = VERTEX_POINT ( 'NONE', #278 ) ;
#955 =( GEOMETRIC_REPRESENTATION_CONTEXT ( 3 ) GLOBAL_UNCERTAINTY_ASSIGNED_CONTEXT ( ( #1239 ) ) GLOBAL_UNIT_ASSIGNED_CONTEXT ( ( #1151, #690, #1340 ) ) REPRESENTATION_CONTEXT ( 'NONE', 'WORKASPACE' ) );
#956 = PRODUCT_DEFINITION_FORMATION_WITH_SPECIFIED_SOURCE ( 'ANY', '', #1910, .NOT_KNOWN. ) ;
#957 = UNCERTAINTY_MEASURE_WITH_UNIT (LENGTH_MEASURE( 1.000000000000000082E-05 ), #389, 'distance_accuracy_value', 'NONE');
#958 = DIRECTION ( 'NONE',  ( 0.000000000000000000, 0.000000000000000000, -1.000000000000000000 ) ) ;
#959 = ORIENTED_EDGE ( 'NONE', *, *, #1800, .T. ) ;
#960 = DIRECTION ( 'NONE',  ( 0.000000000000000000, 0.000000000000000000, -1.000000000000000000 ) ) ;
#961 = SURFACE_STYLE_USAGE ( .BOTH. , #914 ) ;
#962 = CARTESIAN_POINT ( 'NONE',  ( 7.849999999999999645, 12.59999999999999964, 5.299792461790288733 ) ) ;
#963 = EDGE_CURVE ( 'NONE', #1216, #1051, #431, .T. ) ;
#964 = DIRECTION ( 'NONE',  ( -0.000000000000000000, 1.000000000000000000, -0.000000000000000000 ) ) ;
#965 = FILL_AREA_STYLE ('',( #627 ) ) ;
#966 = CARTESIAN_POINT ( 'NONE',  ( -7.500000000000000000, -4.000000000000000000, 5.000000000000000000 ) ) ;
#967 = ORIENTED_EDGE ( 'NONE', *, *, #1538, .T. ) ;
#968 = PRESENTATION_STYLE_ASSIGNMENT (( #1650 ) ) ;
#969 = CIRCLE ( 'NONE', #1106, 10.45746131977033322 ) ;
#970 = FACE_OUTER_BOUND ( 'NONE', #1931, .T. ) ;
#971 = VERTEX_POINT ( 'NONE', #1076 ) ;
#972 = DIRECTION ( 'NONE',  ( 0.000000000000000000, 1.000000000000000000, 0.000000000000000000 ) ) ;
#973 = SURFACE_STYLE_FILL_AREA ( #1461 ) ;
#974 = DIRECTION ( 'NONE',  ( -0.9396926207859094271, -0.000000000000000000, -0.3420201433256659929 ) ) ;
#975 = MECHANICAL_DESIGN_GEOMETRIC_PRESENTATION_REPRESENTATION (  '', ( #704 ), #210 ) ;
#976 = CARTESIAN_POINT ( 'NONE',  ( -3.234642276084787049, 11.59999999999999964, 6.979645293786020055 ) ) ;
#977 = ORIENTED_EDGE ( 'NONE', *, *, #759, .T. ) ;
#978 = CIRCLE ( 'NONE', #705, 0.3999999999999993006 ) ;
#979 = ORIENTED_EDGE ( 'NONE', *, *, #852, .F. ) ;
#980 = EDGE_CURVE ( 'NONE', #1885, #1247, #732, .T. ) ;
#981 =( NAMED_UNIT ( * ) SI_UNIT ( $, .STERADIAN. ) SOLID_ANGLE_UNIT ( ) );
#982 = UNCERTAINTY_MEASURE_WITH_UNIT (LENGTH_MEASURE( 1.000000000000000082E-05 ), #1688, 'distance_accuracy_value', 'NONE');
#983 = AXIS2_PLACEMENT_3D ( 'NONE', #428, #1544, #2062 ) ;
#984 = VECTOR ( 'NONE', #1809, 1000.000000000000000 ) ;
#985 = AXIS2_PLACEMENT_3D ( 'NONE', #1464, #810, #1933 ) ;
#986 = CARTESIAN_POINT ( 'NONE',  ( -3.576662419410453708, 11.59999999999999964, -7.919337914571928927 ) ) ;
#987 = CARTESIAN_POINT ( 'NONE',  ( 2.085118435939925140E-15, 11.59999999999999964, -1.907461319770331398 ) ) ;
#988 = PRESENTATION_STYLE_ASSIGNMENT (( #382 ) ) ;
#989 = DIRECTION ( 'NONE',  ( -0.000000000000000000, 1.000000000000000000, 0.000000000000000000 ) ) ;
#990 = LINE ( 'NONE', #1282, #1259 ) ;
#991 = FACE_OUTER_BOUND ( 'NONE', #1005, .T. ) ;
#992 = ORIENTED_EDGE ( 'NONE', *, *, #1870, .F. ) ;
#993 = VERTEX_POINT ( 'NONE', #1558 ) ;
#994 = VECTOR ( 'NONE', #1929, 1000.000000000000000 ) ;
#995 =( GEOMETRIC_REPRESENTATION_CONTEXT ( 3 ) GLOBAL_UNCERTAINTY_ASSIGNED_CONTEXT ( ( #1626 ) ) GLOBAL_UNIT_ASSIGNED_CONTEXT ( ( #1050, #2036, #84 ) ) REPRESENTATION_CONTEXT ( 'NONE', 'WORKASPACE' ) );
#996 = SURFACE_SIDE_STYLE ('',( #22 ) ) ;
#997 = PRESENTATION_LAYER_ASSIGNMENT (  '', '', ( #1995 ) ) ;
#998 = AXIS2_PLACEMENT_3D ( 'NONE', #821, #381, #1828 ) ;
#999 = FACE_OUTER_BOUND ( 'NONE', #527, .T. ) ;
#1000 = CARTESIAN_POINT ( 'NONE',  ( 2.085118435939925140E-15, 0.000000000000000000, 1.907461319770331398 ) ) ;
#1001 = CYLINDRICAL_SURFACE ( 'NONE', #1537, 10.45746131977033322 ) ;
#1002 = LINE ( 'NONE', #1518, #2021 ) ;
#1003 = FILL_AREA_STYLE_COLOUR ( '', #1975 ) ;
#1004 = FACE_OUTER_BOUND ( 'NONE', #1147, .T. ) ;
#1005 = EDGE_LOOP ( 'NONE', ( #992, #2, #917, #1600 ) ) ;
#1006 = MECHANICAL_DESIGN_GEOMETRIC_PRESENTATION_REPRESENTATION (  '', ( #734 ), #402 ) ;
#1007 = EDGE_CURVE ( 'NONE', #993, #1595, #813, .T. ) ;
#1008 = SURFACE_STYLE_USAGE ( .BOTH. , #502 ) ;
#1009 = PRESENTATION_STYLE_ASSIGNMENT (( #1331 ) ) ;
#1010 = ADVANCED_FACE ( 'NONE', ( #461 ), #1128, .T. ) ;
#1011 = DIRECTION ( 'NONE',  ( -0.000000000000000000, -1.000000000000000000, -0.000000000000000000 ) ) ;
#1012 = DIRECTION ( 'NONE',  ( -0.000000000000000000, 1.000000000000000000, -0.000000000000000000 ) ) ;
#1013 = PRESENTATION_STYLE_ASSIGNMENT (( #2030 ) ) ;
#1014 = FACE_OUTER_BOUND ( 'NONE', #1467, .T. ) ;
#1015 =( NAMED_UNIT ( * ) PLANE_ANGLE_UNIT ( ) SI_UNIT ( $, .RADIAN. ) );
#1016 = MECHANICAL_DESIGN_GEOMETRIC_PRESENTATION_REPRESENTATION (  '', ( #1935 ), #90 ) ;
#1017 = STYLED_ITEM ( 'NONE', ( #1405 ), #946 ) ;
#1018 = PLANE ( 'NONE',  #2093 ) ;
#1019 = DIRECTION ( 'NONE',  ( 0.000000000000000000, 0.000000000000000000, -1.000000000000000000 ) ) ;
#1020 =( NAMED_UNIT ( * ) PLANE_ANGLE_UNIT ( ) SI_UNIT ( $, .RADIAN. ) );
#1021 = EDGE_CURVE ( 'NONE', #316, #591, #1437, .T. ) ;
#1022 = CARTESIAN_POINT ( 'NONE',  ( -7.500000000000000000, -4.000000000000000000, 5.399999999999999467 ) ) ;
#1023 = CARTESIAN_POINT ( 'NONE',  ( 2.085118435939925140E-15, 12.59999999999999964, 7.550000000000000711 ) ) ;
#1024 = DIRECTION ( 'NONE',  ( -0.000000000000000000, -1.000000000000000000, -0.000000000000000000 ) ) ;
#1025 = DIRECTION ( 'NONE',  ( -0.000000000000000000, 1.000000000000000000, -0.000000000000000000 ) ) ;
#1026 = CIRCLE ( 'NONE', #587, 0.9999999999999998890 ) ;
#1027 = LINE ( 'NONE', #544, #1243 ) ;
#1028 = PRESENTATION_LAYER_ASSIGNMENT (  '', '', ( #1678 ) ) ;
#1029 = CIRCLE ( 'NONE', #1466, 9.957461319770334995 ) ;
#1030 = VERTEX_POINT ( 'NONE', #663 ) ;
#1031 = FILL_AREA_STYLE_COLOUR ( '', #82 ) ;
#1032 = ADVANCED_FACE ( 'NONE', ( #785 ), #1462, .T. ) ;
#1033 = SURFACE_SIDE_STYLE ('',( #2008 ) ) ;
#1034 = CARTESIAN_POINT ( 'NONE',  ( 2.085118435939925140E-15, 11.59999999999999964, 7.550000000000000711 ) ) ;
#1035 = SURFACE_STYLE_FILL_AREA ( #1668 ) ;
#1036 = EDGE_CURVE ( 'NONE', #564, #150, #1794, .T. ) ;
#1037 = ORIENTED_EDGE ( 'NONE', *, *, #203, .T. ) ;
#1038 = SURFACE_SIDE_STYLE ('',( #1080 ) ) ;
#1039 = FACE_OUTER_BOUND ( 'NONE', #1069, .T. ) ;
#1040 =( GEOMETRIC_REPRESENTATION_CONTEXT ( 3 ) GLOBAL_UNCERTAINTY_ASSIGNED_CONTEXT ( ( #1471 ) ) GLOBAL_UNIT_ASSIGNED_CONTEXT ( ( #372, #37, #691 ) ) REPRESENTATION_CONTEXT ( 'NONE', 'WORKASPACE' ) );
#1041 = FILL_AREA_STYLE ('',( #880 ) ) ;
#1042 = SURFACE_STYLE_USAGE ( .BOTH. , #1033 ) ;
#1043 = SURFACE_STYLE_FILL_AREA ( #557 ) ;
#1044 = CARTESIAN_POINT ( 'NONE',  ( 7.849999999999999645, 11.59999999999999964, 1.907461319770331398 ) ) ;
#1045 = EDGE_LOOP ( 'NONE', ( #125, #1179, #779, #733, #1690, #1079, #765, #1724, #625, #165, #1635, #1648, #1458, #1496, #182, #653, #1559 ) ) ;
#1046 = MECHANICAL_DESIGN_GEOMETRIC_PRESENTATION_REPRESENTATION (  '', ( #1973 ), #2076 ) ;
#1047 = ADVANCED_FACE ( 'NONE', ( #173 ), #540, .T. ) ;
#1048 = PRODUCT_DEFINITION_CONTEXT ( 'detailed design', #1978, 'design' ) ;
#1049 = ORIENTED_EDGE ( 'NONE', *, *, #1966, .T. ) ;
#1050 =( LENGTH_UNIT ( ) NAMED_UNIT ( * ) SI_UNIT ( .MILLI., .METRE. ) );
#1051 = VERTEX_POINT ( 'NONE', #1314 ) ;
#1052 = MECHANICAL_DESIGN_GEOMETRIC_PRESENTATION_REPRESENTATION (  '', ( #1296 ), #608 ) ;
#1053 = DIRECTION ( 'NONE',  ( 0.000000000000000000, 0.000000000000000000, -1.000000000000000000 ) ) ;
#1054 = PLANE ( 'NONE',  #1199 ) ;
#1055 =( GEOMETRIC_REPRESENTATION_CONTEXT ( 3 ) GLOBAL_UNCERTAINTY_ASSIGNED_CONTEXT ( ( #1652 ) ) GLOBAL_UNIT_ASSIGNED_CONTEXT ( ( #665, #187, #398 ) ) REPRESENTATION_CONTEXT ( 'NONE', 'WORKASPACE' ) );
#1056 = ORIENTED_EDGE ( 'NONE', *, *, #731, .T. ) ;
#1057 = VERTEX_POINT ( 'NONE', #1162 ) ;
#1058 = ADVANCED_FACE ( 'NONE', ( #1829 ), #18, .T. ) ;
#1059 = VERTEX_POINT ( 'NONE', #849 ) ;
#1060 = VECTOR ( 'NONE', #1949, 1000.000000000000000 ) ;
#1061 = FILL_AREA_STYLE ('',( #112 ) ) ;
#1062 = ORIENTED_EDGE ( 'NONE', *, *, #615, .F. ) ;
#1063 = STYLED_ITEM ( 'NONE', ( #607 ), #1636 ) ;
#1064 =( NAMED_UNIT ( * ) SI_UNIT ( $, .STERADIAN. ) SOLID_ANGLE_UNIT ( ) );
#1065 = MECHANICAL_DESIGN_GEOMETRIC_PRESENTATION_REPRESENTATION (  '', ( #1649 ), #1097 ) ;
#1066 = CARTESIAN_POINT ( 'NONE',  ( -7.849999999999999645, 11.59999999999999964, 1.907461319770331398 ) ) ;
#1067 = ORIENTED_EDGE ( 'NONE', *, *, #2091, .F. ) ;
#1068 = ORIENTED_EDGE ( 'NONE', *, *, #907, .T. ) ;
#1069 = EDGE_LOOP ( 'NONE', ( #1646, #1085, #1269 ) ) ;
#1070 = MANIFOLD_SOLID_BREP ( 'Fillet1', #1155 ) ;
#1071 = FILL_AREA_STYLE ('',( #1536 ) ) ;
#1072 = EDGE_CURVE ( 'NONE', #150, #138, #969, .T. ) ;
#1073 = DIRECTION ( 'NONE',  ( 0.000000000000000000, -1.000000000000000000, 0.000000000000000000 ) ) ;
#1074 =( NAMED_UNIT ( * ) PLANE_ANGLE_UNIT ( ) SI_UNIT ( $, .RADIAN. ) );
#1075 = AXIS2_PLACEMENT_3D ( 'NONE', #962, #1939, #1140 ) ;
#1076 = CARTESIAN_POINT ( 'NONE',  ( -7.849999999999999645, 12.59999999999999964, -5.299792461790289622 ) ) ;
#1077 = VERTEX_POINT ( 'NONE', #1839 ) ;
#1078 = PRESENTATION_STYLE_ASSIGNMENT (( #1237 ) ) ;
#1079 = ORIENTED_EDGE ( 'NONE', *, *, #1444, .T. ) ;
#1080 = SURFACE_STYLE_FILL_AREA ( #1523 ) ;
#1081 = DIRECTION ( 'NONE',  ( 0.000000000000000000, 0.000000000000000000, -1.000000000000000000 ) ) ;
#1082 = AXIS2_PLACEMENT_3D ( 'NONE', #534, #543, #1843 ) ;
#1083 = CARTESIAN_POINT ( 'NONE',  ( -7.500000000000000000, -4.000000000000000000, -5.399999999999999467 ) ) ;
#1084 = DIRECTION ( 'NONE',  ( -0.000000000000000000, -1.000000000000000000, 0.000000000000000000 ) ) ;
#1085 = ORIENTED_EDGE ( 'NONE', *, *, #1502, .T. ) ;
#1086 = STYLED_ITEM ( 'NONE', ( #1465 ), #791 ) ;
#1087 = SURFACE_SIDE_STYLE ('',( #1420 ) ) ;
#1088 =( LENGTH_UNIT ( ) NAMED_UNIT ( * ) SI_UNIT ( .MILLI., .METRE. ) );
#1089 =( NAMED_UNIT ( * ) PLANE_ANGLE_UNIT ( ) SI_UNIT ( $, .RADIAN. ) );
#1090 = PRESENTATION_STYLE_ASSIGNMENT (( #335 ) ) ;
#1091 = MECHANICAL_DESIGN_GEOMETRIC_PRESENTATION_REPRESENTATION (  '', ( #1990 ), #493 ) ;
#1092 =( LENGTH_UNIT ( ) NAMED_UNIT ( * ) SI_UNIT ( .MILLI., .METRE. ) );
#1093 = DIRECTION ( 'NONE',  ( 0.000000000000000000, -1.000000000000000000, 0.000000000000000000 ) ) ;
#1094 = EDGE_LOOP ( 'NONE', ( #747, #559, #728, #2053 ) ) ;
#1095 = EDGE_CURVE ( 'NONE', #564, #1226, #1856, .T. ) ;
#1096 = PRESENTATION_LAYER_ASSIGNMENT (  '', '', ( #1567 ) ) ;
#1097 =( GEOMETRIC_REPRESENTATION_CONTEXT ( 3 ) GLOBAL_UNCERTAINTY_ASSIGNED_CONTEXT ( ( #107 ) ) GLOBAL_UNIT_ASSIGNED_CONTEXT ( ( #784, #1756, #1426 ) ) REPRESENTATION_CONTEXT ( 'NONE', 'WORKASPACE' ) );
#1098 = CIRCLE ( 'NONE', #1172, 1.000000000000000000 ) ;
#1099 = EDGE_CURVE ( 'NONE', #1885, #279, #1684, .T. ) ;
#1100 = DIRECTION ( 'NONE',  ( 0.000000000000000000, 0.000000000000000000, -1.000000000000000000 ) ) ;
#1101 = CARTESIAN_POINT ( 'NONE',  ( 8.849999999999999645, 1.500000000000000000, 0.000000000000000000 ) ) ;
#1102 = FILL_AREA_STYLE ('',( #1606 ) ) ;
#1103 = ORIENTED_EDGE ( 'NONE', *, *, #1738, .F. ) ;
#1104 = LINE ( 'NONE', #778, #1821 ) ;
#1105 = VERTEX_POINT ( 'NONE', #52 ) ;
#1106 = AXIS2_PLACEMENT_3D ( 'NONE', #1000, #1341, #2001 ) ;
#1107 =( NAMED_UNIT ( * ) PLANE_ANGLE_UNIT ( ) SI_UNIT ( $, .RADIAN. ) );
#1108 = SURFACE_STYLE_USAGE ( .BOTH. , #1401 ) ;
#1109 = CIRCLE ( 'NONE', #86, 1.000000000000000000 ) ;
#1110 = COLOUR_RGB ( '',0.8941176470588234615, 0.9137254901960784048, 0.9294117647058823817 ) ;
#1111 = DIRECTION ( 'NONE',  ( 0.000000000000000000, 0.000000000000000000, -1.000000000000000000 ) ) ;
#1112 = FACE_OUTER_BOUND ( 'NONE', #845, .T. ) ;
#1113 = CIRCLE ( 'NONE', #1696, 1.000000000000000888 ) ;
#1114 = MECHANICAL_DESIGN_GEOMETRIC_PRESENTATION_REPRESENTATION (  '', ( #1936 ), #55 ) ;
#1115 = PRESENTATION_STYLE_ASSIGNMENT (( #1428 ) ) ;
#1116 = ORIENTED_EDGE ( 'NONE', *, *, #280, .F. ) ;
#1117 = SURFACE_STYLE_FILL_AREA ( #1596 ) ;
#1118 = CARTESIAN_POINT ( 'NONE',  ( -3.576662419410452820, 0.000000000000000000, 7.919337914571930703 ) ) ;
#1119 = DIRECTION ( 'NONE',  ( 0.000000000000000000, -1.000000000000000000, 0.000000000000000000 ) ) ;
#1120 = ORIENTED_EDGE ( 'NONE', *, *, #1228, .T. ) ;
#1121 = AXIS2_PLACEMENT_3D ( 'NONE', #596, #1894, #235 ) ;
#1122 = CARTESIAN_POINT ( 'NONE',  ( 7.849999999999999645, 11.59999999999999964, -5.299792461790289622 ) ) ;
#1123 = AXIS2_PLACEMENT_3D ( 'NONE', #1850, #374, #542 ) ;
#1124 = EDGE_CURVE ( 'NONE', #669, #807, #707, .T. ) ;
#1125 = SURFACE_STYLE_USAGE ( .BOTH. , #132 ) ;
#1126 = MECHANICAL_DESIGN_GEOMETRIC_PRESENTATION_REPRESENTATION (  '', ( #419 ), #516 ) ;
#1127 = SURFACE_STYLE_FILL_AREA ( #1102 ) ;
#1128 = CYLINDRICAL_SURFACE ( 'NONE', #1245, 0.3999999999999993006 ) ;
#1129 = AXIS2_PLACEMENT_3D ( 'NONE', #1044, #1695, #240 ) ;
#1130 =( GEOMETRIC_REPRESENTATION_CONTEXT ( 3 ) GLOBAL_UNCERTAINTY_ASSIGNED_CONTEXT ( ( #957 ) ) GLOBAL_UNIT_ASSIGNED_CONTEXT ( ( #389, #62, #1712 ) ) REPRESENTATION_CONTEXT ( 'NONE', 'WORKASPACE' ) );
#1131 = FILL_AREA_STYLE ('',( #802 ) ) ;
#1132 = DIRECTION ( 'NONE',  ( -0.3420201433256661594, 0.000000000000000000, 0.9396926207859094271 ) ) ;
#1133 = DIRECTION ( 'NONE',  ( -0.000000000000000000, 1.000000000000000000, -0.000000000000000000 ) ) ;
#1134 = PRESENTATION_LAYER_ASSIGNMENT (  '', '', ( #756 ) ) ;
#1135 = SURFACE_SIDE_STYLE ('',( #1178 ) ) ;
#1136 = AXIS2_PLACEMENT_3D ( 'NONE', #1747, #1093, #430 ) ;
#1137 = UNCERTAINTY_MEASURE_WITH_UNIT (LENGTH_MEASURE( 1.000000000000000082E-05 ), #1803, 'distance_accuracy_value', 'NONE');
#1138 = LINE ( 'NONE', #1778, #242 ) ;
#1139 = ORIENTED_EDGE ( 'NONE', *, *, #518, .T. ) ;
#1140 = DIRECTION ( 'NONE',  ( 0.000000000000000000, 0.000000000000000000, -1.000000000000000000 ) ) ;
#1141 = EDGE_CURVE ( 'NONE', #179, #1718, #434, .T. ) ;
#1142 = LINE ( 'NONE', #25, #1274 ) ;
#1143 = SURFACE_STYLE_FILL_AREA ( #965 ) ;
#1144 = FILL_AREA_STYLE ('',( #20 ) ) ;
#1145 = VERTEX_POINT ( 'NONE', #2049 ) ;
#1146 = COLOUR_RGB ( '',0.2980392156862745057, 0.2980392156862745057, 0.2980392156862745057 ) ;
#1147 = EDGE_LOOP ( 'NONE', ( #2059, #2024, #1056, #1867 ) ) ;
#1148 = COLOUR_RGB ( '',0.2980392156862745057, 0.2980392156862745057, 0.2980392156862745057 ) ;
#1149 = CARTESIAN_POINT ( 'NONE',  ( -3.576662419410452820, 1.500000000000000000, 7.919337914571930703 ) ) ;
#1150 = ORIENTED_EDGE ( 'NONE', *, *, #615, .T. ) ;
#1151 =( LENGTH_UNIT ( ) NAMED_UNIT ( * ) SI_UNIT ( .MILLI., .METRE. ) );
#1152 = SURFACE_STYLE_FILL_AREA ( #512 ) ;
#1153 = AXIS2_PLACEMENT_3D ( 'NONE', #675, #367, #1445 ) ;
#1154 = DIRECTION ( 'NONE',  ( 0.000000000000000000, 1.000000000000000000, 0.000000000000000000 ) ) ;
#1155 = CLOSED_SHELL ( 'NONE', ( #1603, #1010, #1058, #63, #720, #2042, #655, #1653, #888, #1271, #1472, #445, #255, #1546, #786, #309, #1751, #631, #1945, #571, #1837, #630, #1980, #1613, #1636, #946, #351, #1607, #1506, #1346, #427, #791, #1169, #856, #900, #379, #134, #2029, #1357, #93, #664, #106, #1032, #42, #645, #1858, #1047, #1230, #88 ) ) ;
#1156 = LINE ( 'NONE', #1454, #984 ) ;
#1157 = AXIS2_PLACEMENT_3D ( 'NONE', #1246, #1268, #893 ) ;
#1158 = EDGE_LOOP ( 'NONE', ( #801, #1067, #243, #666 ) ) ;
#1159 = DIRECTION ( 'NONE',  ( 0.000000000000000000, -1.000000000000000000, 0.000000000000000000 ) ) ;
#1160 = UNCERTAINTY_MEASURE_WITH_UNIT (LENGTH_MEASURE( 1.000000000000000082E-05 ), #298, 'distance_accuracy_value', 'NONE');
#1161 = AXIS2_PLACEMENT_3D ( 'NONE', #1633, #475, #1956 ) ;
#1162 = CARTESIAN_POINT ( 'NONE',  ( 8.849999999999999645, 1.500000000000000000, 5.299792461790288733 ) ) ;
#1163 = DIRECTION ( 'NONE',  ( -0.000000000000000000, 1.000000000000000000, -0.000000000000000000 ) ) ;
#1164 = DIRECTION ( 'NONE',  ( -0.000000000000000000, -1.000000000000000000, -0.000000000000000000 ) ) ;
#1165 = LINE ( 'NONE', #1788, #1525 ) ;
#1166 = CARTESIAN_POINT ( 'NONE',  ( 8.192020143325665416, 11.59999999999999964, 6.239485082576197605 ) ) ;
#1167 = VECTOR ( 'NONE', #924, 1000.000000000000000 ) ;
#1168 = DIRECTION ( 'NONE',  ( 0.000000000000000000, 0.000000000000000000, -1.000000000000000000 ) ) ;
#1169 = ADVANCED_FACE ( 'NONE', ( #604 ), #275, .T. ) ;
#1170 = ORIENTED_EDGE ( 'NONE', *, *, #358, .F. ) ;
#1171 = EDGE_CURVE ( 'NONE', #877, #506, #1553, .T. ) ;
#1172 = AXIS2_PLACEMENT_3D ( 'NONE', #1315, #989, #700 ) ;
#1173 = ORIENTED_EDGE ( 'NONE', *, *, #513, .T. ) ;
#1174 = DIRECTION ( 'NONE',  ( -0.000000000000000000, -0.000000000000000000, -1.000000000000000000 ) ) ;
#1175 =( NAMED_UNIT ( * ) PLANE_ANGLE_UNIT ( ) SI_UNIT ( $, .RADIAN. ) );
#1176 = FACE_OUTER_BOUND ( 'NONE', #635, .T. ) ;
#1177 = SURFACE_STYLE_FILL_AREA ( #395 ) ;
#1178 = SURFACE_STYLE_FILL_AREA ( #1625 ) ;
#1179 = ORIENTED_EDGE ( 'NONE', *, *, #2087, .T. ) ;
#1180 = SURFACE_STYLE_USAGE ( .BOTH. , #1322 ) ;
#1181 = ORIENTED_EDGE ( 'NONE', *, *, #258, .T. ) ;
#1182 =( LENGTH_UNIT ( ) NAMED_UNIT ( * ) SI_UNIT ( .MILLI., .METRE. ) );
#1183 = CARTESIAN_POINT ( 'NONE',  ( 7.500000000000000000, 1.500000000000000000, 5.399999999999999467 ) ) ;
#1184 = MECHANICAL_DESIGN_GEOMETRIC_PRESENTATION_REPRESENTATION (  '', ( #1485 ), #1211 ) ;
#1185 = SURFACE_STYLE_FILL_AREA ( #225 ) ;
#1186 = CYLINDRICAL_SURFACE ( 'NONE', #1082, 1.000000000000000000 ) ;
#1187 = FACE_OUTER_BOUND ( 'NONE', #580, .T. ) ;
#1188 = CARTESIAN_POINT ( 'NONE',  ( 2.085118435939925140E-15, 0.000000000000000000, -8.550000000000002487 ) ) ;
#1189 = AXIS2_PLACEMENT_3D ( 'NONE', #1034, #1687, #399 ) ;
#1190 = EDGE_CURVE ( 'NONE', #902, #1897, #2121, .T. ) ;
#1191 = ORIENTED_EDGE ( 'NONE', *, *, #1403, .T. ) ;
#1192 = CIRCLE ( 'NONE', #1456, 1.000000000000000000 ) ;
#1193 = CIRCLE ( 'NONE', #879, 0.3999999999999993006 ) ;
#1194 = SURFACE_SIDE_STYLE ('',( #1516 ) ) ;
#1195 = DIRECTION ( 'NONE',  ( 0.000000000000000000, 0.000000000000000000, -1.000000000000000000 ) ) ;
#1196 = DIRECTION ( 'NONE',  ( -0.000000000000000000, -1.000000000000000000, -0.000000000000000000 ) ) ;
#1197 = FILL_AREA_STYLE_COLOUR ( '', #238 ) ;
#1198 = AXIS2_PLACEMENT_3D ( 'NONE', #396, #437, #575 ) ;
#1199 = AXIS2_PLACEMENT_3D ( 'NONE', #1540, #2064, #1440 ) ;
#1200 = STYLED_ITEM ( 'NONE', ( #2016 ), #1858 ) ;
#1201 = DIRECTION ( 'NONE',  ( -0.000000000000000000, 1.000000000000000000, -0.000000000000000000 ) ) ;
#1202 = COLOUR_RGB ( '',0.2980392156862745057, 0.2980392156862745057, 0.2980392156862745057 ) ;
#1203 = CARTESIAN_POINT ( 'NONE',  ( 3.576662419410453708, 12.59999999999999964, 7.919337914571928927 ) ) ;
#1204 =( LENGTH_UNIT ( ) NAMED_UNIT ( * ) SI_UNIT ( .MILLI., .METRE. ) );
#1205 = ORIENTED_EDGE ( 'NONE', *, *, #641, .F. ) ;
#1206 = ORIENTED_EDGE ( 'NONE', *, *, #1726, .T. ) ;
#1207 = STYLED_ITEM ( 'NONE', ( #634 ), #1032 ) ;
#1208 = DIRECTION ( 'NONE',  ( -0.9396926207859094271, 0.000000000000000000, -0.3420201433256659929 ) ) ;
#1209 = SURFACE_SIDE_STYLE ('',( #249 ) ) ;
#1210 = ORIENTED_EDGE ( 'NONE', *, *, #1621, .T. ) ;
#1211 =( GEOMETRIC_REPRESENTATION_CONTEXT ( 3 ) GLOBAL_UNCERTAINTY_ASSIGNED_CONTEXT ( ( #1260 ) ) GLOBAL_UNIT_ASSIGNED_CONTEXT ( ( #377, #507, #981 ) ) REPRESENTATION_CONTEXT ( 'NONE', 'WORKASPACE' ) );
#1212 = EDGE_CURVE ( 'NONE', #1309, #1706, #1193, .T. ) ;
#1213 = EDGE_LOOP ( 'NONE', ( #254, #1049 ) ) ;
#1214 = PRESENTATION_LAYER_ASSIGNMENT (  '', '', ( #934 ) ) ;
#1215 = UNCERTAINTY_MEASURE_WITH_UNIT (LENGTH_MEASURE( 1.000000000000000082E-05 ), #1581, 'distance_accuracy_value', 'NONE');
#1216 = VERTEX_POINT ( 'NONE', #420 ) ;
#1217 = LINE ( 'NONE', #2014, #1946 ) ;
#1218 = DIRECTION ( 'NONE',  ( 0.000000000000000000, 0.000000000000000000, -1.000000000000000000 ) ) ;
#1219 = AXIS2_PLACEMENT_3D ( 'NONE', #477, #1119, #1775 ) ;
#1220 =( GEOMETRIC_REPRESENTATION_CONTEXT ( 3 ) GLOBAL_UNCERTAINTY_ASSIGNED_CONTEXT ( ( #1160 ) ) GLOBAL_UNIT_ASSIGNED_CONTEXT ( ( #298, #2107, #933 ) ) REPRESENTATION_CONTEXT ( 'NONE', 'WORKASPACE' ) );
#1221 = SURFACE_SIDE_STYLE ('',( #392 ) ) ;
#1222 = MECHANICAL_DESIGN_GEOMETRIC_PRESENTATION_REPRESENTATION (  '', ( #2048 ), #1700 ) ;
#1223 = DIRECTION ( 'NONE',  ( 0.000000000000000000, 0.000000000000000000, 1.000000000000000000 ) ) ;
#1224 = ORIENTED_EDGE ( 'NONE', *, *, #1225, .T. ) ;
#1225 = EDGE_CURVE ( 'NONE', #279, #727, #1495, .T. ) ;
#1226 = VERTEX_POINT ( 'NONE', #438 ) ;
#1227 =( GEOMETRIC_REPRESENTATION_CONTEXT ( 3 ) GLOBAL_UNCERTAINTY_ASSIGNED_CONTEXT ( ( #181 ) ) GLOBAL_UNIT_ASSIGNED_CONTEXT ( ( #1248, #1577, #1752 ) ) REPRESENTATION_CONTEXT ( 'NONE', 'WORKASPACE' ) );
#1228 = EDGE_CURVE ( 'NONE', #807, #342, #175, .T. ) ;
#1229 =( NAMED_UNIT ( * ) SI_UNIT ( $, .STERADIAN. ) SOLID_ANGLE_UNIT ( ) );
#1230 = ADVANCED_FACE ( 'NONE', ( #1039 ), #1947, .T. ) ;
#1231 =( NAMED_UNIT ( * ) PLANE_ANGLE_UNIT ( ) SI_UNIT ( $, .RADIAN. ) );
#1232 = PRESENTATION_LAYER_ASSIGNMENT (  '', '', ( #1395 ) ) ;
#1233 = FILL_AREA_STYLE_COLOUR ( '', #829 ) ;
#1234 = AXIS2_PLACEMENT_3D ( 'NONE', #336, #1804, #344 ) ;
#1235 = PLANE ( 'NONE',  #1157 ) ;
#1236 = VERTEX_POINT ( 'NONE', #1566 ) ;
#1237 = SURFACE_STYLE_USAGE ( .BOTH. , #766 ) ;
#1238 = EDGE_LOOP ( 'NONE', ( #303, #606, #1371, #1473 ) ) ;
#1239 = UNCERTAINTY_MEASURE_WITH_UNIT (LENGTH_MEASURE( 1.000000000000000082E-05 ), #1151, 'distance_accuracy_value', 'NONE');
#1240 = UNCERTAINTY_MEASURE_WITH_UNIT (LENGTH_MEASURE( 1.000000000000000082E-05 ), #1859, 'distance_accuracy_value', 'NONE');
#1241 = EDGE_CURVE ( 'NONE', #316, #1348, #1754, .T. ) ;
#1242 = DIRECTION ( 'NONE',  ( 0.000000000000000000, -1.000000000000000000, 0.000000000000000000 ) ) ;
#1243 = VECTOR ( 'NONE', #81, 1000.000000000000000 ) ;
#1244 = CARTESIAN_POINT ( 'NONE',  ( 2.085118435939925140E-15, 0.000000000000000000, 1.907461319770331398 ) ) ;
#1245 = AXIS2_PLACEMENT_3D ( 'NONE', #1782, #799, #327 ) ;
#1246 = CARTESIAN_POINT ( 'NONE',  ( -7.500000000000000000, -4.000000000000000000, -5.000000000000000000 ) ) ;
#1247 = VERTEX_POINT ( 'NONE', #1262 ) ;
#1248 =( LENGTH_UNIT ( ) NAMED_UNIT ( * ) SI_UNIT ( .MILLI., .METRE. ) );
#1249 = CARTESIAN_POINT ( 'NONE',  ( 8.849999999999999645, 12.59999999999999964, 6.000000000000000000 ) ) ;
#1250 = PRESENTATION_LAYER_ASSIGNMENT (  '', '', ( #128 ) ) ;
#1251 = EDGE_CURVE ( 'NONE', #1908, #591, #2012, .T. ) ;
#1252 = MECHANICAL_DESIGN_GEOMETRIC_PRESENTATION_REPRESENTATION (  '', ( #1017 ), #738 ) ;
#1253 = CARTESIAN_POINT ( 'NONE',  ( 7.849999999999999645, 11.59999999999999964, 5.299792461790288733 ) ) ;
#1254 = DIRECTION ( 'NONE',  ( 0.000000000000000000, 0.000000000000000000, -1.000000000000000000 ) ) ;
#1255 = AXIS2_PLACEMENT_3D ( 'NONE', #468, #289, #1791 ) ;
#1256 = ORIENTED_EDGE ( 'NONE', *, *, #1072, .T. ) ;
#1257 = DIRECTION ( 'NONE',  ( 0.000000000000000000, -1.000000000000000000, 0.000000000000000000 ) ) ;
#1258 = CIRCLE ( 'NONE', #347, 9.457461319770331443 ) ;
#1259 = VECTOR ( 'NONE', #1316, 1000.000000000000000 ) ;
#1260 = UNCERTAINTY_MEASURE_WITH_UNIT (LENGTH_MEASURE( 1.000000000000000082E-05 ), #377, 'distance_accuracy_value', 'NONE');
#1261 = CARTESIAN_POINT ( 'NONE',  ( 2.085118435939925140E-15, 11.59999999999999964, -1.907461319770331398 ) ) ;
#1262 = CARTESIAN_POINT ( 'NONE',  ( -3.576662419410454596, 1.500000000000000000, -7.919337914571928927 ) ) ;
#1263 = AXIS2_PLACEMENT_3D ( 'NONE', #190, #2005, #1486 ) ;
#1264 = CARTESIAN_POINT ( 'NONE',  ( -3.576662419410453708, -0.000000000000000000, 0.000000000000000000 ) ) ;
#1265 = TOROIDAL_SURFACE ( 'NONE', #357, 9.457461319770331443, 1.000000000000000000 ) ;
#1266 = FILL_AREA_STYLE ('',( #1569 ) ) ;
#1267 =( NAMED_UNIT ( * ) SI_UNIT ( $, .STERADIAN. ) SOLID_ANGLE_UNIT ( ) );
#1268 = DIRECTION ( 'NONE',  ( 0.000000000000000000, -1.000000000000000000, 0.000000000000000000 ) ) ;
#1269 = ORIENTED_EDGE ( 'NONE', *, *, #258, .F. ) ;
#1270 = FACE_BOUND ( 'NONE', #91, .T. ) ;
#1271 = ADVANCED_FACE ( 'NONE', ( #970 ), #144, .F. ) ;
#1272 = COLOUR_RGB ( '',0.2980392156862745057, 0.2980392156862745057, 0.2980392156862745057 ) ;
#1273 = DIRECTION ( 'NONE',  ( 0.9396926207859096492, -0.000000000000000000, 0.3420201433256656598 ) ) ;
#1274 = VECTOR ( 'NONE', #680, 1000.000000000000000 ) ;
#1275 = ORIENTED_EDGE ( 'NONE', *, *, #812, .F. ) ;
#1276 = SURFACE_SIDE_STYLE ('',( #118 ) ) ;
#1277 = FILL_AREA_STYLE_COLOUR ( '', #743 ) ;
#1278 = PRESENTATION_STYLE_ASSIGNMENT (( #1435 ) ) ;
#1279 = CARTESIAN_POINT ( 'NONE',  ( 7.500000000000000000, -4.000000000000000000, -5.000000000000000000 ) ) ;
#1280 = CYLINDRICAL_SURFACE ( 'NONE', #447, 0.3999999999999993006 ) ;
#1281 = VERTEX_POINT ( 'NONE', #923 ) ;
#1282 = CARTESIAN_POINT ( 'NONE',  ( 3.576662419410453708, 1.500000000000000000, 0.000000000000000000 ) ) ;
#1283 = SURFACE_STYLE_FILL_AREA ( #178 ) ;
#1284 = EDGE_CURVE ( 'NONE', #1897, #760, #818, .T. ) ;
#1285 = SURFACE_STYLE_USAGE ( .BOTH. , #140 ) ;
#1286 = VECTOR ( 'NONE', #1979, 1000.000000000000000 ) ;
#1287 = UNCERTAINTY_MEASURE_WITH_UNIT (LENGTH_MEASURE( 1.000000000000000082E-05 ), #1352, 'distance_accuracy_value', 'NONE');
#1288 = PRESENTATION_LAYER_ASSIGNMENT (  '', '', ( #471 ) ) ;
#1289 = CARTESIAN_POINT ( 'NONE',  ( 2.085118435939925140E-15, 11.59999999999999964, 1.907461319770331398 ) ) ;
#1290 =( LENGTH_UNIT ( ) NAMED_UNIT ( * ) SI_UNIT ( .MILLI., .METRE. ) );
#1291 = AXIS2_PLACEMENT_3D ( 'NONE', #1907, #1919, #103 ) ;
#1292 = CARTESIAN_POINT ( 'NONE',  ( 7.500000000000000000, -4.000000000000000000, 5.399999999999999467 ) ) ;
#1293 = EDGE_LOOP ( 'NONE', ( #977, #891 ) ) ;
#1294 =( NAMED_UNIT ( * ) SI_UNIT ( $, .STERADIAN. ) SOLID_ANGLE_UNIT ( ) );
#1295 = AXIS2_PLACEMENT_3D ( 'NONE', #153, #1326, #1969 ) ;
#1296 = STYLED_ITEM ( 'NONE', ( #1715 ), #1169 ) ;
#1297 = DIRECTION ( 'NONE',  ( -0.000000000000000000, -1.000000000000000000, -0.000000000000000000 ) ) ;
#1298 = EDGE_CURVE ( 'NONE', #1908, #727, #1138, .T. ) ;
#1299 = ORIENTED_EDGE ( 'NONE', *, *, #482, .F. ) ;
#1300 = AXIS2_PLACEMENT_3D ( 'NONE', #1122, #1408, #322 ) ;
#1301 = DIRECTION ( 'NONE',  ( 0.000000000000000000, -1.000000000000000000, 0.000000000000000000 ) ) ;
#1302 = FILL_AREA_STYLE_COLOUR ( '', #1272 ) ;
#1303 = SURFACE_STYLE_USAGE ( .BOTH. , #1620 ) ;
#1304 = FILL_AREA_STYLE_COLOUR ( '', #40 ) ;
#1305 = SURFACE_STYLE_USAGE ( .BOTH. , #139 ) ;
#1306 = SURFACE_SIDE_STYLE ('',( #1283 ) ) ;
#1307 = EDGE_LOOP ( 'NONE', ( #1224, #1543, #1116 ) ) ;
#1308 =( GEOMETRIC_REPRESENTATION_CONTEXT ( 3 ) GLOBAL_UNCERTAINTY_ASSIGNED_CONTEXT ( ( #545 ) ) GLOBAL_UNIT_ASSIGNED_CONTEXT ( ( #1772, #2122, #1407 ) ) REPRESENTATION_CONTEXT ( 'NONE', 'WORKASPACE' ) );
#1309 = VERTEX_POINT ( 'NONE', #1580 ) ;
#1310 = AXIS2_PLACEMENT_3D ( 'NONE', #364, #1163, #215 ) ;
#1311 = CARTESIAN_POINT ( 'NONE',  ( -3.234642276084787049, 12.59999999999999964, 6.979645293786020055 ) ) ;
#1312 = ORIENTED_EDGE ( 'NONE', *, *, #1882, .T. ) ;
#1313 = CARTESIAN_POINT ( 'NONE',  ( -3.576662419410454596, 0.000000000000000000, -7.919337914571928927 ) ) ;
#1314 = CARTESIAN_POINT ( 'NONE',  ( 3.576662419410453708, 0.000000000000000000, 7.385467275258219111 ) ) ;
#1315 = CARTESIAN_POINT ( 'NONE',  ( 7.849999999999999645, 11.59999999999999964, -5.299792461790288733 ) ) ;
#1316 = DIRECTION ( 'NONE',  ( 0.000000000000000000, 0.000000000000000000, -1.000000000000000000 ) ) ;
#1317 =( LENGTH_UNIT ( ) NAMED_UNIT ( * ) SI_UNIT ( .MILLI., .METRE. ) );
#1318 = DIRECTION ( 'NONE',  ( -0.000000000000000000, 1.000000000000000000, -0.000000000000000000 ) ) ;
#1319 = FACE_OUTER_BOUND ( 'NONE', #2015, .T. ) ;
#1320 = VECTOR ( 'NONE', #147, 1000.000000000000000 ) ;
#1321 = ORIENTED_EDGE ( 'NONE', *, *, #1400, .F. ) ;
#1322 = SURFACE_SIDE_STYLE ('',( #1847 ) ) ;
#1323 = FILL_AREA_STYLE ('',( #1508 ) ) ;
#1324 = PRODUCT_RELATED_PRODUCT_CATEGORY ( 'part', '', ( #1910 ) ) ;
#1325 = CARTESIAN_POINT ( 'NONE',  ( -3.576662419410452376, 1.500000000000000000, 7.385467275258219111 ) ) ;
#1326 = DIRECTION ( 'NONE',  ( 0.000000000000000000, 1.000000000000000000, 0.000000000000000000 ) ) ;
#1327 =( NAMED_UNIT ( * ) SI_UNIT ( $, .STERADIAN. ) SOLID_ANGLE_UNIT ( ) );
#1328 = CYLINDRICAL_SURFACE ( 'NONE', #1934, 1.000000000000000000 ) ;
#1329 = AXIS2_PLACEMENT_3D ( 'NONE', #459, #1914, #324 ) ;
#1330 = VECTOR ( 'NONE', #1761, 1000.000000000000000 ) ;
#1331 = SURFACE_STYLE_USAGE ( .BOTH. , #1194 ) ;
#1332 = LINE ( 'NONE', #1840, #394 ) ;
#1333 = FILL_AREA_STYLE_COLOUR ( '', #519 ) ;
#1334 = AXIS2_PLACEMENT_3D ( 'NONE', #1986, #528, #688 ) ;
#1335 = MECHANICAL_DESIGN_GEOMETRIC_PRESENTATION_REPRESENTATION (  '', ( #214 ), #1130 ) ;
#1336 = DIRECTION ( 'NONE',  ( 0.9396926207859095381, 1.108715264278793323E-16, -0.3420201433256661594 ) ) ;
#1337 = AXIS2_PLACEMENT_3D ( 'NONE', #75, #390, #406 ) ;
#1338 = ORIENTED_EDGE ( 'NONE', *, *, #1124, .T. ) ;
#1339 =( NAMED_UNIT ( * ) PLANE_ANGLE_UNIT ( ) SI_UNIT ( $, .RADIAN. ) );
#1340 =( NAMED_UNIT ( * ) SI_UNIT ( $, .STERADIAN. ) SOLID_ANGLE_UNIT ( ) );
#1341 = DIRECTION ( 'NONE',  ( 0.000000000000000000, 1.000000000000000000, 0.000000000000000000 ) ) ;
#1342 = FILL_AREA_STYLE_COLOUR ( '', #558 ) ;
#1343 = CARTESIAN_POINT ( 'NONE',  ( -3.576662419410453708, 1.500000000000000000, -7.385467275258218223 ) ) ;
#1344 = DIRECTION ( 'NONE',  ( 0.000000000000000000, 0.000000000000000000, -1.000000000000000000 ) ) ;
#1345 = PRESENTATION_STYLE_ASSIGNMENT (( #864 ) ) ;
#1346 = ADVANCED_FACE ( 'NONE', ( #613 ), #121, .T. ) ;
#1347 = FACE_OUTER_BOUND ( 'NONE', #73, .T. ) ;
#1348 = VERTEX_POINT ( 'NONE', #1149 ) ;
#1349 = EDGE_CURVE ( 'NONE', #2040, #1615, #341, .T. ) ;
#1350 = FACE_OUTER_BOUND ( 'NONE', #1730, .T. ) ;
#1351 = FACE_OUTER_BOUND ( 'NONE', #618, .T. ) ;
#1352 =( LENGTH_UNIT ( ) NAMED_UNIT ( * ) SI_UNIT ( .MILLI., .METRE. ) );
#1353 = DIRECTION ( 'NONE',  ( -0.3420201433256661594, 0.000000000000000000, -0.9396926207859094271 ) ) ;
#1354 = CIRCLE ( 'NONE', #1189, 1.000000000000000888 ) ;
#1355 = CARTESIAN_POINT ( 'NONE',  ( -8.849999999999999645, 1.500000000000000000, 0.000000000000000000 ) ) ;
#1356 = ORIENTED_EDGE ( 'NONE', *, *, #1446, .F. ) ;
#1357 = ADVANCED_FACE ( 'NONE', ( #329 ), #339, .T. ) ;
#1358 = AXIS2_PLACEMENT_3D ( 'NONE', #966, #1659, #2104 ) ;
#1359 = COLOUR_RGB ( '',0.2980392156862745057, 0.2980392156862745057, 0.2980392156862745057 ) ;
#1360 = CARTESIAN_POINT ( 'NONE',  ( 7.849999999999999645, 12.59999999999999964, -5.299792461790288733 ) ) ;
#1361 = ORIENTED_EDGE ( 'NONE', *, *, #1926, .F. ) ;
#1362 = COLOUR_RGB ( '',0.2980392156862745057, 0.2980392156862745057, 0.2980392156862745057 ) ;
#1363 = CARTESIAN_POINT ( 'NONE',  ( 2.085118435939925140E-15, 12.59999999999999964, 1.907461319770331398 ) ) ;
#1364 =( GEOMETRIC_REPRESENTATION_CONTEXT ( 3 ) GLOBAL_UNCERTAINTY_ASSIGNED_CONTEXT ( ( #219 ) ) GLOBAL_UNIT_ASSIGNED_CONTEXT ( ( #1693, #1231, #1527 ) ) REPRESENTATION_CONTEXT ( 'NONE', 'WORKASPACE' ) );
#1365 = SURFACE_STYLE_FILL_AREA ( #1061 ) ;
#1366 = DIRECTION ( 'NONE',  ( 0.000000000000000000, 0.000000000000000000, -1.000000000000000000 ) ) ;
#1367 =( NAMED_UNIT ( * ) SI_UNIT ( $, .STERADIAN. ) SOLID_ANGLE_UNIT ( ) );
#1368 = PRESENTATION_STYLE_ASSIGNMENT (( #69 ) ) ;
#1369 = ORIENTED_EDGE ( 'NONE', *, *, #626, .T. ) ;
#1370 = CARTESIAN_POINT ( 'NONE',  ( -3.234642276084789714, 11.59999999999999964, -6.979645293786019167 ) ) ;
#1371 = ORIENTED_EDGE ( 'NONE', *, *, #1141, .F. ) ;
#1372 = ORIENTED_EDGE ( 'NONE', *, *, #166, .F. ) ;
#1373 = CYLINDRICAL_SURFACE ( 'NONE', #1198, 1.000000000000000000 ) ;
#1374 = EDGE_LOOP ( 'NONE', ( #547, #1120 ) ) ;
#1375 = VECTOR ( 'NONE', #1674, 1000.000000000000000 ) ;
#1376 = DIRECTION ( 'NONE',  ( 0.000000000000000000, 0.000000000000000000, -1.000000000000000000 ) ) ;
#1377 = EDGE_CURVE ( 'NONE', #506, #1226, #1644, .T. ) ;
#1378 = DIRECTION ( 'NONE',  ( 0.000000000000000000, -1.000000000000000000, 0.000000000000000000 ) ) ;
#1379 = VERTEX_POINT ( 'NONE', #1118 ) ;
#1380 = PRESENTATION_LAYER_ASSIGNMENT (  '', '', ( #1485 ) ) ;
#1381 = ORIENTED_EDGE ( 'NONE', *, *, #1779, .F. ) ;
#1382 = COLOUR_RGB ( '',0.2980392156862745057, 0.2980392156862745057, 0.2980392156862745057 ) ;
#1383 = CARTESIAN_POINT ( 'NONE',  ( 2.085118435939925140E-15, 1.500000000000000000, -1.907461319770331398 ) ) ;
#1384 = CIRCLE ( 'NONE', #610, 0.3999999999999993006 ) ;
#1385 = AXIS2_PLACEMENT_3D ( 'NONE', #509, #1801, #1960 ) ;
#1386 =( LENGTH_UNIT ( ) NAMED_UNIT ( * ) SI_UNIT ( .MILLI., .METRE. ) );
#1387 = SURFACE_SIDE_STYLE ('',( #927 ) ) ;
#1388 = ORIENTED_EDGE ( 'NONE', *, *, #1812, .T. ) ;
#1389 = DIRECTION ( 'NONE',  ( 0.000000000000000000, 0.000000000000000000, 1.000000000000000000 ) ) ;
#1390 = EDGE_CURVE ( 'NONE', #1615, #316, #1774, .T. ) ;
#1391 = FILL_AREA_STYLE ('',( #296 ) ) ;
#1392 =( GEOMETRIC_REPRESENTATION_CONTEXT ( 3 ) GLOBAL_UNCERTAINTY_ASSIGNED_CONTEXT ( ( #1777 ) ) GLOBAL_UNIT_ASSIGNED_CONTEXT ( ( #1474, #1339, #44 ) ) REPRESENTATION_CONTEXT ( 'NONE', 'WORKASPACE' ) );
#1393 = FILL_AREA_STYLE_COLOUR ( '', #790 ) ;
#1394 = DIRECTION ( 'NONE',  ( -0.000000000000000000, 1.000000000000000000, -0.000000000000000000 ) ) ;
#1395 = STYLED_ITEM ( 'NONE', ( #463 ), #1653 ) ;
#1396 = SURFACE_STYLE_FILL_AREA ( #754 ) ;
#1397 = EDGE_LOOP ( 'NONE', ( #886, #1150 ) ) ;
#1398 = CARTESIAN_POINT ( 'NONE',  ( 2.085118435939925140E-15, 12.59999999999999964, -8.550000000000002487 ) ) ;
#1399 =( LENGTH_UNIT ( ) NAMED_UNIT ( * ) SI_UNIT ( .MILLI., .METRE. ) );
#1400 = EDGE_CURVE ( 'NONE', #2040, #591, #348, .T. ) ;
#1401 = SURFACE_SIDE_STYLE ('',( #1765 ) ) ;
#1402 = SURFACE_SIDE_STYLE ('',( #1365 ) ) ;
#1403 = EDGE_CURVE ( 'NONE', #954, #971, #177, .T. ) ;
#1404 =( NAMED_UNIT ( * ) PLANE_ANGLE_UNIT ( ) SI_UNIT ( $, .RADIAN. ) );
#1405 = PRESENTATION_STYLE_ASSIGNMENT (( #79 ) ) ;
#1406 = EDGE_LOOP ( 'NONE', ( #1826, #1702, #1585, #1388 ) ) ;
#1407 =( NAMED_UNIT ( * ) SI_UNIT ( $, .STERADIAN. ) SOLID_ANGLE_UNIT ( ) );
#1408 = DIRECTION ( 'NONE',  ( -8.673617379884026597E-16, -0.000000000000000000, 1.000000000000000000 ) ) ;
#1409 = COLOUR_RGB ( '',0.2980392156862745057, 0.2980392156862745057, 0.2980392156862745057 ) ;
#1410 = ORIENTED_EDGE ( 'NONE', *, *, #1241, .F. ) ;
#1411 = CARTESIAN_POINT ( 'NONE',  ( 7.500000000000000000, 1.500000000000000000, 5.000000000000000000 ) ) ;
#1412 = SURFACE_SIDE_STYLE ('',( #796 ) ) ;
#1413 = EDGE_CURVE ( 'NONE', #342, #807, #486, .T. ) ;
#1414 = CARTESIAN_POINT ( 'NONE',  ( -3.576662419410452376, 1.500000000000000000, 0.000000000000000000 ) ) ;
#1415 =( NAMED_UNIT ( * ) PLANE_ANGLE_UNIT ( ) SI_UNIT ( $, .RADIAN. ) );
#1416 = PRESENTATION_LAYER_ASSIGNMENT (  '', '', ( #2046 ) ) ;
#1417 = ORIENTED_EDGE ( 'NONE', *, *, #1377, .F. ) ;
#1418 = CARTESIAN_POINT ( 'NONE',  ( 0.000000000000000000, 1.500000000000000000, 0.000000000000000000 ) ) ;
#1419 = ORIENTED_EDGE ( 'NONE', *, *, #513, .F. ) ;
#1420 = SURFACE_STYLE_FILL_AREA ( #1391 ) ;
#1421 = UNCERTAINTY_MEASURE_WITH_UNIT (LENGTH_MEASURE( 1.000000000000000082E-05 ), #1182, 'distance_accuracy_value', 'NONE');
#1422 = DIRECTION ( 'NONE',  ( 0.000000000000000000, 0.000000000000000000, -1.000000000000000000 ) ) ;
#1423 = FILL_AREA_STYLE_COLOUR ( '', #1638 ) ;
#1424 = AXIS2_PLACEMENT_3D ( 'NONE', #1279, #1301, #947 ) ;
#1425 = CARTESIAN_POINT ( 'NONE',  ( 8.192020143325665416, 12.59999999999999964, 6.239485082576197605 ) ) ;
#1426 =( NAMED_UNIT ( * ) SI_UNIT ( $, .STERADIAN. ) SOLID_ANGLE_UNIT ( ) );
#1427 = EDGE_CURVE ( 'NONE', #138, #436, #312, .T. ) ;
#1428 = SURFACE_STYLE_USAGE ( .BOTH. , #1783 ) ;
#1429 = ORIENTED_EDGE ( 'NONE', *, *, #166, .T. ) ;
#1430 = PRESENTATION_LAYER_ASSIGNMENT (  '', '', ( #1063 ) ) ;
#1431 = CYLINDRICAL_SURFACE ( 'NONE', #217, 9.957461319770334995 ) ;
#1432 = DIRECTION ( 'NONE',  ( 0.000000000000000000, -1.000000000000000000, 0.000000000000000000 ) ) ;
#1433 = ORIENTED_EDGE ( 'NONE', *, *, #2091, .T. ) ;
#1434 = FILL_AREA_STYLE_COLOUR ( '', #306 ) ;
#1435 = SURFACE_STYLE_USAGE ( .BOTH. , #1412 ) ;
#1436 = LINE ( 'NONE', #2108, #1167 ) ;
#1437 = LINE ( 'NONE', #2119, #930 ) ;
#1438 =( LENGTH_UNIT ( ) NAMED_UNIT ( * ) SI_UNIT ( .MILLI., .METRE. ) );
#1439 = ORIENTED_EDGE ( 'NONE', *, *, #2013, .T. ) ;
#1440 = DIRECTION ( 'NONE',  ( 0.000000000000000000, 0.000000000000000000, 1.000000000000000000 ) ) ;
#1441 = CARTESIAN_POINT ( 'NONE',  ( 7.500000000000000000, 1.500000000000000000, -5.000000000000000000 ) ) ;
#1442 =( LENGTH_UNIT ( ) NAMED_UNIT ( * ) SI_UNIT ( .MILLI., .METRE. ) );
#1443 = PRESENTATION_STYLE_ASSIGNMENT (( #1285 ) ) ;
#1444 = EDGE_CURVE ( 'NONE', #1963, #179, #990, .T. ) ;
#1445 = DIRECTION ( 'NONE',  ( 0.000000000000000000, 0.000000000000000000, 1.000000000000000000 ) ) ;
#1446 = EDGE_CURVE ( 'NONE', #1706, #1309, #611, .T. ) ;
#1447 = ORIENTED_EDGE ( 'NONE', *, *, #1190, .F. ) ;
#1448 = CARTESIAN_POINT ( 'NONE',  ( -3.576662419410453708, 1.500000000000000000, 0.000000000000000000 ) ) ;
#1449 = SURFACE_STYLE_FILL_AREA ( #159 ) ;
#1450 =( GEOMETRIC_REPRESENTATION_CONTEXT ( 3 ) GLOBAL_UNCERTAINTY_ASSIGNED_CONTEXT ( ( #110 ) ) GLOBAL_UNIT_ASSIGNED_CONTEXT ( ( #293, #1415, #916 ) ) REPRESENTATION_CONTEXT ( 'NONE', 'WORKASPACE' ) );
#1451 =( NAMED_UNIT ( * ) PLANE_ANGLE_UNIT ( ) SI_UNIT ( $, .RADIAN. ) );
#1452 = SURFACE_STYLE_USAGE ( .BOTH. , #304 ) ;
#1453 = FILL_AREA_STYLE_COLOUR ( '', #882 ) ;
#1454 = CARTESIAN_POINT ( 'NONE',  ( -3.576662419410452376, -0.000000000000000000, 0.000000000000000000 ) ) ;
#1455 = EDGE_LOOP ( 'NONE', ( #1776, #221, #466, #1789 ) ) ;
#1456 = AXIS2_PLACEMENT_3D ( 'NONE', #612, #1589, #1422 ) ;
#1457 = DIRECTION ( 'NONE',  ( 0.000000000000000000, -0.000000000000000000, -1.000000000000000000 ) ) ;
#1458 = ORIENTED_EDGE ( 'NONE', *, *, #980, .T. ) ;
#1459 = SURFACE_STYLE_FILL_AREA ( #820 ) ;
#1460 = ORIENTED_EDGE ( 'NONE', *, *, #439, .F. ) ;
#1461 = FILL_AREA_STYLE ('',( #1477 ) ) ;
#1462 = CYLINDRICAL_SURFACE ( 'NONE', #1075, 1.000000000000000000 ) ;
#1463 = STYLED_ITEM ( 'NONE', ( #1640 ), #630 ) ;
#1464 = CARTESIAN_POINT ( 'NONE',  ( -7.500000000000000000, 1.500000000000000000, -5.000000000000000000 ) ) ;
#1465 = PRESENTATION_STYLE_ASSIGNMENT (( #825 ) ) ;
#1466 = AXIS2_PLACEMENT_3D ( 'NONE', #1895, #1378, #753 ) ;
#1467 = EDGE_LOOP ( 'NONE', ( #1533, #1338, #1971, #2035 ) ) ;
#1468 = CIRCLE ( 'NONE', #795, 10.45746131977033322 ) ;
#1469 = CARTESIAN_POINT ( 'NONE',  ( 7.500000000000000000, -4.000000000000000000, 5.000000000000000000 ) ) ;
#1470 = AXIS2_PLACEMENT_3D ( 'NONE', #837, #1154, #373 ) ;
#1471 = UNCERTAINTY_MEASURE_WITH_UNIT (LENGTH_MEASURE( 1.000000000000000082E-05 ), #372, 'distance_accuracy_value', 'NONE');
#1472 = ADVANCED_FACE ( 'NONE', ( #952 ), #1943, .F. ) ;
#1473 = ORIENTED_EDGE ( 'NONE', *, *, #1578, .T. ) ;
#1474 =( LENGTH_UNIT ( ) NAMED_UNIT ( * ) SI_UNIT ( .MILLI., .METRE. ) );
#1475 = EDGE_CURVE ( 'NONE', #1595, #1963, #550, .T. ) ;
#1476 = VERTEX_POINT ( 'NONE', #239 ) ;
#1477 = FILL_AREA_STYLE_COLOUR ( '', #656 ) ;
#1478 = EDGE_CURVE ( 'NONE', #760, #150, #682, .T. ) ;
#1479 =( NAMED_UNIT ( * ) SI_UNIT ( $, .STERADIAN. ) SOLID_ANGLE_UNIT ( ) );
#1480 = PRESENTATION_STYLE_ASSIGNMENT (( #628 ) ) ;
#1481 = CARTESIAN_POINT ( 'NONE',  ( -7.500000000000000000, -4.000000000000000000, 5.399999999999999467 ) ) ;
#1482 = DIRECTION ( 'NONE',  ( -0.3420201433256661594, 0.000000000000000000, -0.9396926207859094271 ) ) ;
#1483 = AXIS2_PLACEMENT_3D ( 'NONE', #202, #678, #391 ) ;
#1484 = EDGE_LOOP ( 'NONE', ( #979, #1958, #1759, #1548 ) ) ;
#1485 = STYLED_ITEM ( 'NONE', ( #517 ), #427 ) ;
#1486 = DIRECTION ( 'NONE',  ( 0.000000000000000000, 0.000000000000000000, 1.000000000000000000 ) ) ;
#1487 = CARTESIAN_POINT ( 'NONE',  ( -7.849999999999999645, 12.59999999999999964, 5.299792461790289622 ) ) ;
#1488 = CARTESIAN_POINT ( 'NONE',  ( 2.085118435939925140E-15, 12.59999999999999964, -1.907461319770331398 ) ) ;
#1489 = COLOUR_RGB ( '',0.2980392156862745057, 0.2980392156862745057, 0.2980392156862745057 ) ;
#1490 = CARTESIAN_POINT ( 'NONE',  ( 3.576662419410455040, 0.000000000000000000, 0.000000000000000000 ) ) ;
#1491 = SURFACE_STYLE_USAGE ( .BOTH. , #1209 ) ;
#1492 = CARTESIAN_POINT ( 'NONE',  ( 7.500000000000000000, -4.000000000000000000, -5.000000000000000000 ) ) ;
#1493 = SURFACE_STYLE_USAGE ( .BOTH. , #1135 ) ;
#1494 = CIRCLE ( 'NONE', #1669, 0.3999999999999993006 ) ;
#1495 = CIRCLE ( 'NONE', #1121, 1.000000000000000000 ) ;
#1496 = ORIENTED_EDGE ( 'NONE', *, *, #2082, .F. ) ;
#1497 = ORIENTED_EDGE ( 'NONE', *, *, #1171, .F. ) ;
#1498 = CARTESIAN_POINT ( 'NONE',  ( -7.849999999999999645, 11.59999999999999964, -5.299792461790288733 ) ) ;
#1499 = CIRCLE ( 'NONE', #33, 0.3999999999999993006 ) ;
#1500 =( NAMED_UNIT ( * ) PLANE_ANGLE_UNIT ( ) SI_UNIT ( $, .RADIAN. ) );
#1501 = STYLED_ITEM ( 'NONE', ( #855 ), #93 ) ;
#1502 = EDGE_CURVE ( 'NONE', #506, #1030, #136, .T. ) ;
#1503 =( LENGTH_UNIT ( ) NAMED_UNIT ( * ) SI_UNIT ( .MILLI., .METRE. ) );
#1504 =( LENGTH_UNIT ( ) NAMED_UNIT ( * ) SI_UNIT ( .MILLI., .METRE. ) );
#1505 = AXIS2_PLACEMENT_3D ( 'NONE', #1360, #2028, #1376 ) ;
#1506 = ADVANCED_FACE ( 'NONE', ( #523 ), #1992, .T. ) ;
#1507 = APPLICATION_PROTOCOL_DEFINITION ( 'draft international standard', 'automotive_design', 1998, #1862 ) ;
#1508 = FILL_AREA_STYLE_COLOUR ( '', #1968 ) ;
#1509 = CARTESIAN_POINT ( 'NONE',  ( 3.576662419410455040, 1.500000000000000000, -7.385467275258219999 ) ) ;
#1510 = FILL_AREA_STYLE ('',( #1677 ) ) ;
#1511 = DIRECTION ( 'NONE',  ( -1.000000000000000000, 0.000000000000000000, 0.000000000000000000 ) ) ;
#1512 = FILL_AREA_STYLE_COLOUR ( '', #1382 ) ;
#1513 = AXIS2_PLACEMENT_3D ( 'NONE', #908, #919, #1389 ) ;
#1514 = EDGE_CURVE ( 'NONE', #1051, #352, #782, .T. ) ;
#1515 = DIRECTION ( 'NONE',  ( 0.000000000000000000, 0.000000000000000000, 1.000000000000000000 ) ) ;
#1516 = SURFACE_STYLE_FILL_AREA ( #1323 ) ;
#1517 = CARTESIAN_POINT ( 'NONE',  ( -7.849999999999999645, 11.59999999999999964, 5.299792461790289622 ) ) ;
#1518 = CARTESIAN_POINT ( 'NONE',  ( -7.500000000000000000, -4.000000000000000000, -5.399999999999999467 ) ) ;
#1519 = CARTESIAN_POINT ( 'NONE',  ( 3.576662419410455040, 11.59999999999999964, -7.919337914571928927 ) ) ;
#1520 = DIRECTION ( 'NONE',  ( 0.000000000000000000, 1.000000000000000000, 0.000000000000000000 ) ) ;
#1521 = PRESENTATION_LAYER_ASSIGNMENT (  '', '', ( #638 ) ) ;
#1522 = VERTEX_POINT ( 'NONE', #1023 ) ;
#1523 = FILL_AREA_STYLE ('',( #2025 ) ) ;
#1524 = APPLICATION_PROTOCOL_DEFINITION ( 'draft international standard', 'automotive_design', 1998, #1978 ) ;
#1525 = VECTOR ( 'NONE', #1133, 1000.000000000000000 ) ;
#1526 = ORIENTED_EDGE ( 'NONE', *, *, #148, .F. ) ;
#1527 =( NAMED_UNIT ( * ) SI_UNIT ( $, .STERADIAN. ) SOLID_ANGLE_UNIT ( ) );
#1528 = DIRECTION ( 'NONE',  ( 0.3420201433256659929, -0.000000000000000000, 0.9396926207859094271 ) ) ;
#1529 = FACE_OUTER_BOUND ( 'NONE', #1094, .T. ) ;
#1530 = CIRCLE ( 'NONE', #1263, 0.3999999999999993006 ) ;
#1531 = VECTOR ( 'NONE', #1741, 1000.000000000000000 ) ;
#1532 = UNCERTAINTY_MEASURE_WITH_UNIT (LENGTH_MEASURE( 1.000000000000000082E-05 ), #1386, 'distance_accuracy_value', 'NONE');
#1533 = ORIENTED_EDGE ( 'NONE', *, *, #626, .F. ) ;
#1534 = EDGE_CURVE ( 'NONE', #1970, #1309, #1002, .T. ) ;
#1535 = PRESENTATION_LAYER_ASSIGNMENT (  '', '', ( #362 ) ) ;
#1536 = FILL_AREA_STYLE_COLOUR ( '', #848 ) ;
#1537 = AXIS2_PLACEMENT_3D ( 'NONE', #1488, #1658, #176 ) ;
#1538 = EDGE_CURVE ( 'NONE', #98, #902, #851, .T. ) ;
#1539 = SURFACE_STYLE_USAGE ( .BOTH. , #1221 ) ;
#1540 = CARTESIAN_POINT ( 'NONE',  ( 7.500000000000000000, -4.000000000000000000, -5.000000000000000000 ) ) ;
#1541 = CARTESIAN_POINT ( 'NONE',  ( -8.849999999999999645, 12.59999999999999964, -5.299792461790289622 ) ) ;
#1542 = ORIENTED_EDGE ( 'NONE', *, *, #297, .F. ) ;
#1543 = ORIENTED_EDGE ( 'NONE', *, *, #53, .T. ) ;
#1544 = DIRECTION ( 'NONE',  ( -0.000000000000000000, 1.000000000000000000, -0.000000000000000000 ) ) ;
#1545 = LINE ( 'NONE', #266, #894 ) ;
#1546 = ADVANCED_FACE ( 'NONE', ( #1350 ), #1981, .F. ) ;
#1547 = FILL_AREA_STYLE_COLOUR ( '', #2043 ) ;
#1548 = ORIENTED_EDGE ( 'NONE', *, *, #1825, .F. ) ;
#1549 = AXIS2_PLACEMENT_3D ( 'NONE', #2117, #299, #935 ) ;
#1550 = UNCERTAINTY_MEASURE_WITH_UNIT (LENGTH_MEASURE( 1.000000000000000082E-05 ), #338, 'distance_accuracy_value', 'NONE');
#1551 = COLOUR_RGB ( '',0.8941176470588234615, 0.9137254901960784048, 0.9294117647058823817 ) ;
#1552 = FACE_OUTER_BOUND ( 'NONE', #1158, .T. ) ;
#1553 = LINE ( 'NONE', #1875, #1808 ) ;
#1554 =( GEOMETRIC_REPRESENTATION_CONTEXT ( 3 ) GLOBAL_UNCERTAINTY_ASSIGNED_CONTEXT ( ( #456 ) ) GLOBAL_UNIT_ASSIGNED_CONTEXT ( ( #1442, #365, #514 ) ) REPRESENTATION_CONTEXT ( 'NONE', 'WORKASPACE' ) );
#1555 =( GEOMETRIC_REPRESENTATION_CONTEXT ( 3 ) GLOBAL_UNCERTAINTY_ASSIGNED_CONTEXT ( ( #417 ) ) GLOBAL_UNIT_ASSIGNED_CONTEXT ( ( #806, #1089, #1902 ) ) REPRESENTATION_CONTEXT ( 'NONE', 'WORKASPACE' ) );
#1556 = CARTESIAN_POINT ( 'NONE',  ( -8.192020143325665416, 1.500000000000000000, -6.239485082576198494 ) ) ;
#1557 = CARTESIAN_POINT ( 'NONE',  ( 2.085118435939925140E-15, 11.59999999999999964, -1.907461319770331398 ) ) ;
#1558 = CARTESIAN_POINT ( 'NONE',  ( 3.234642276084787493, 12.59999999999999964, 6.979645293786019167 ) ) ;
#1559 = ORIENTED_EDGE ( 'NONE', *, *, #850, .T. ) ;
#1560 = EDGE_CURVE ( 'NONE', #98, #521, #1029, .T. ) ;
#1561 = DIRECTION ( 'NONE',  ( 0.000000000000000000, 0.000000000000000000, -1.000000000000000000 ) ) ;
#1562 = COLOUR_RGB ( '',0.2980392156862745057, 0.2980392156862745057, 0.2980392156862745057 ) ;
#1563 = DIRECTION ( 'NONE',  ( 0.9396926207859095381, -0.000000000000000000, -0.3420201433256660484 ) ) ;
#1564 = PRESENTATION_LAYER_ASSIGNMENT (  '', '', ( #1990 ) ) ;
#1565 =( LENGTH_UNIT ( ) NAMED_UNIT ( * ) SI_UNIT ( .MILLI., .METRE. ) );
#1566 = CARTESIAN_POINT ( 'NONE',  ( 2.085118435939925140E-15, 11.59999999999999964, 8.550000000000002487 ) ) ;
#1567 = STYLED_ITEM ( 'NONE', ( #114 ), #1603 ) ;
#1568 = CIRCLE ( 'NONE', #1993, 10.45746131977033322 ) ;
#1569 = FILL_AREA_STYLE_COLOUR ( '', #10 ) ;
#1570 = STYLED_ITEM ( 'NONE', ( #752 ), #1837 ) ;
#1571 = FACE_OUTER_BOUND ( 'NONE', #941, .T. ) ;
#1572 = CIRCLE ( 'NONE', #325, 10.45746131977033322 ) ;
#1573 = CARTESIAN_POINT ( 'NONE',  ( -7.500000000000000000, -4.000000000000000000, 5.000000000000000000 ) ) ;
#1574 = ORIENTED_EDGE ( 'NONE', *, *, #1888, .F. ) ;
#1575 = DIRECTION ( 'NONE',  ( 0.000000000000000000, -0.000000000000000000, -1.000000000000000000 ) ) ;
#1576 = DIRECTION ( 'NONE',  ( -0.000000000000000000, 1.000000000000000000, -0.000000000000000000 ) ) ;
#1577 =( NAMED_UNIT ( * ) PLANE_ANGLE_UNIT ( ) SI_UNIT ( $, .RADIAN. ) );
#1578 = EDGE_CURVE ( 'NONE', #179, #1051, #1878, .T. ) ;
#1579 = UNCERTAINTY_MEASURE_WITH_UNIT (LENGTH_MEASURE( 1.000000000000000082E-05 ), #1911, 'distance_accuracy_value', 'NONE');
#1580 = CARTESIAN_POINT ( 'NONE',  ( -7.500000000000000000, 1.500000000000000000, -5.399999999999999467 ) ) ;
#1581 =( LENGTH_UNIT ( ) NAMED_UNIT ( * ) SI_UNIT ( .MILLI., .METRE. ) );
#1582 = FACE_OUTER_BOUND ( 'NONE', #1406, .T. ) ;
#1583 = MECHANICAL_DESIGN_GEOMETRIC_PRESENTATION_REPRESENTATION (  '', ( #670 ), #2004 ) ;
#1584 =( NAMED_UNIT ( * ) PLANE_ANGLE_UNIT ( ) SI_UNIT ( $, .RADIAN. ) );
#1585 = ORIENTED_EDGE ( 'NONE', *, *, #850, .F. ) ;
#1586 = FACE_OUTER_BOUND ( 'NONE', #687, .T. ) ;
#1587 = LINE ( 'NONE', #745, #2051 ) ;
#1588 = CIRCLE ( 'NONE', #233, 1.000000000000000000 ) ;
#1589 = DIRECTION ( 'NONE',  ( 0.000000000000000000, -1.000000000000000000, 0.000000000000000000 ) ) ;
#1590 = VECTOR ( 'NONE', #629, 1000.000000000000000 ) ;
#1591 = EDGE_CURVE ( 'NONE', #1057, #865, #1743, .T. ) ;
#1592 = FILL_AREA_STYLE ('',( #1423 ) ) ;
#1593 = LINE ( 'NONE', #1414, #1912 ) ;
#1594 = AXIS2_PLACEMENT_3D ( 'NONE', #152, #636, #1132 ) ;
#1595 = VERTEX_POINT ( 'NONE', #1722 ) ;
#1596 = FILL_AREA_STYLE ('',( #490 ) ) ;
#1597 = DIRECTION ( 'NONE',  ( 0.000000000000000000, 1.000000000000000000, 0.000000000000000000 ) ) ;
#1598 = COLOUR_RGB ( '',0.8941176470588234615, 0.9137254901960784048, 0.9294117647058823817 ) ;
#1599 = FILL_AREA_STYLE ('',( #1434 ) ) ;
#1600 = ORIENTED_EDGE ( 'NONE', *, *, #1795, .F. ) ;
#1601 = DIRECTION ( 'NONE',  ( -0.9396926207859094271, 0.000000000000000000, 0.3420201433256660484 ) ) ;
#1602 = STYLED_ITEM ( 'NONE', ( #1078 ), #255 ) ;
#1603 = ADVANCED_FACE ( 'NONE', ( #1571 ), #1915, .T. ) ;
#1604 = MECHANICAL_DESIGN_GEOMETRIC_PRESENTATION_REPRESENTATION (  '', ( #1817 ), #887 ) ;
#1605 = DIRECTION ( 'NONE',  ( -0.000000000000000000, -1.000000000000000000, -0.000000000000000000 ) ) ;
#1606 = FILL_AREA_STYLE_COLOUR ( '', #2058 ) ;
#1607 = ADVANCED_FACE ( 'NONE', ( #450 ), #1054, .F. ) ;
#1608 = DIRECTION ( 'NONE',  ( 0.000000000000000000, 0.000000000000000000, 1.000000000000000000 ) ) ;
#1609 = AXIS2_PLACEMENT_3D ( 'NONE', #1838, #1630, #1019 ) ;
#1610 = EDGE_LOOP ( 'NONE', ( #1961, #1433, #826, #154, #1925, #116, #769 ) ) ;
#1611 = COLOUR_RGB ( '',0.8941176470588234615, 0.9137254901960784048, 0.9294117647058823817 ) ;
#1612 = FILL_AREA_STYLE ('',( #1453 ) ) ;
#1613 = ADVANCED_FACE ( 'NONE', ( #474 ), #1431, .F. ) ;
#1614 = SURFACE_STYLE_FILL_AREA ( #1144 ) ;
#1615 = VERTEX_POINT ( 'NONE', #2101 ) ;
#1616 = DIRECTION ( 'NONE',  ( -0.000000000000000000, -1.000000000000000000, -0.000000000000000000 ) ) ;
#1617 = PRESENTATION_STYLE_ASSIGNMENT (( #1125 ) ) ;
#1618 = CARTESIAN_POINT ( 'NONE',  ( 3.576662419410452376, 1.500000000000000000, -7.919337914571930703 ) ) ;
#1619 = DIRECTION ( 'NONE',  ( 0.000000000000000000, 0.000000000000000000, 1.000000000000000000 ) ) ;
#1620 = SURFACE_SIDE_STYLE ('',( #1449 ) ) ;
#1621 = EDGE_CURVE ( 'NONE', #170, #1057, #1104, .T. ) ;
#1622 = AXIS2_PLACEMENT_3D ( 'NONE', #1657, #1201, #698 ) ;
#1623 = ORIENTED_EDGE ( 'NONE', *, *, #1926, .T. ) ;
#1624 = EDGE_LOOP ( 'NONE', ( #1698, #423, #1526, #443, #1974 ) ) ;
#1625 = FILL_AREA_STYLE ('',( #1998 ) ) ;
#1626 = UNCERTAINTY_MEASURE_WITH_UNIT (LENGTH_MEASURE( 1.000000000000000082E-05 ), #1050, 'distance_accuracy_value', 'NONE');
#1627 = DIRECTION ( 'NONE',  ( 0.000000000000000000, -1.000000000000000000, 0.000000000000000000 ) ) ;
#1628 = ORIENTED_EDGE ( 'NONE', *, *, #878, .T. ) ;
#1629 =( NAMED_UNIT ( * ) SI_UNIT ( $, .STERADIAN. ) SOLID_ANGLE_UNIT ( ) );
#1630 = DIRECTION ( 'NONE',  ( -0.000000000000000000, -1.000000000000000000, -0.000000000000000000 ) ) ;
#1631 = VECTOR ( 'NONE', #1084, 1000.000000000000000 ) ;
#1632 =( NAMED_UNIT ( * ) SI_UNIT ( $, .STERADIAN. ) SOLID_ANGLE_UNIT ( ) );
#1633 = CARTESIAN_POINT ( 'NONE',  ( -7.849999999999999645, 11.59999999999999964, 5.299792461790288733 ) ) ;
#1634 = PLANE ( 'NONE',  #1295 ) ;
#1635 = ORIENTED_EDGE ( 'NONE', *, *, #605, .T. ) ;
#1636 = ADVANCED_FACE ( 'NONE', ( #161, #1270, #1750, #1909, #453 ), #809, .T. ) ;
#1637 = CARTESIAN_POINT ( 'NONE',  ( -7.500000000000000000, -4.000000000000000000, 4.600000000000000533 ) ) ;
#1638 = COLOUR_RGB ( '',0.8941176470588234615, 0.9137254901960784048, 0.9294117647058823817 ) ;
#1639 = ORIENTED_EDGE ( 'NONE', *, *, #1848, .T. ) ;
#1640 = PRESENTATION_STYLE_ASSIGNMENT (( #1180 ) ) ;
#1641 =( NAMED_UNIT ( * ) SI_UNIT ( $, .STERADIAN. ) SOLID_ANGLE_UNIT ( ) );
#1642 = CIRCLE ( 'NONE', #1424, 0.3999999999999993006 ) ;
#1643 = CARTESIAN_POINT ( 'NONE',  ( -3.576662419410452820, 1.500000000000000000, 7.919337914571930703 ) ) ;
#1644 = LINE ( 'NONE', #2103, #910 ) ;
#1645 = FACE_OUTER_BOUND ( 'NONE', #2032, .T. ) ;
#1646 = ORIENTED_EDGE ( 'NONE', *, *, #1697, .T. ) ;
#1647 = AXIS2_PLACEMENT_3D ( 'NONE', #1244, #277, #739 ) ;
#1648 = ORIENTED_EDGE ( 'NONE', *, *, #715, .T. ) ;
#1649 = STYLED_ITEM ( 'NONE', ( #597 ), #1980 ) ;
#1650 = SURFACE_STYLE_USAGE ( .BOTH. , #996 ) ;
#1651 = CIRCLE ( 'NONE', #1310, 0.3999999999999993006 ) ;
#1652 = UNCERTAINTY_MEASURE_WITH_UNIT (LENGTH_MEASURE( 1.000000000000000082E-05 ), #665, 'distance_accuracy_value', 'NONE');
#1653 = ADVANCED_FACE ( 'NONE', ( #1586 ), #649, .F. ) ;
#1654 = ORIENTED_EDGE ( 'NONE', *, *, #1534, .T. ) ;
#1655 = CARTESIAN_POINT ( 'NONE',  ( -8.192020143325665416, 11.59999999999999964, 6.239485082576197605 ) ) ;
#1656 = FILL_AREA_STYLE ('',( #1302 ) ) ;
#1657 = CARTESIAN_POINT ( 'NONE',  ( 7.500000000000000000, -4.000000000000000000, 5.000000000000000000 ) ) ;
#1658 = DIRECTION ( 'NONE',  ( -0.000000000000000000, -1.000000000000000000, -0.000000000000000000 ) ) ;
#1659 = DIRECTION ( 'NONE',  ( -0.000000000000000000, 1.000000000000000000, 0.000000000000000000 ) ) ;
#1660 = PRESENTATION_STYLE_ASSIGNMENT (( #684 ) ) ;
#1661 = VECTOR ( 'NONE', #1865, 1000.000000000000000 ) ;
#1662 = VERTEX_POINT ( 'NONE', #1183 ) ;
#1663 = PRODUCT_DEFINITION ( 'UNKNOWN', '', #956, #1048 ) ;
#1664 = AXIS2_PLACEMENT_3D ( 'NONE', #1370, #2020, #1353 ) ;
#1665 = CARTESIAN_POINT ( 'NONE',  ( 8.849999999999999645, 12.59999999999999964, -6.000000000000000000 ) ) ;
#1666 =( LENGTH_UNIT ( ) NAMED_UNIT ( * ) SI_UNIT ( .MILLI., .METRE. ) );
#1667 = SURFACE_SIDE_STYLE ('',( #1177 ) ) ;
#1668 = FILL_AREA_STYLE ('',( #1983 ) ) ;
#1669 = AXIS2_PLACEMENT_3D ( 'NONE', #1411, #2094, #2080 ) ;
#1670 = VECTOR ( 'NONE', #1164, 1000.000000000000000 ) ;
#1671 = FILL_AREA_STYLE ('',( #16 ) ) ;
#1672 = EDGE_LOOP ( 'NONE', ( #1062, #1654, #1356, #452 ) ) ;
#1673 = SURFACE_STYLE_FILL_AREA ( #1656 ) ;
#1674 = DIRECTION ( 'NONE',  ( 0.9396926207859094271, 0.000000000000000000, 0.3420201433256660484 ) ) ;
#1675 = PRESENTATION_LAYER_ASSIGNMENT (  '', '', ( #1602 ) ) ;
#1676 = LINE ( 'NONE', #1509, #622 ) ;
#1677 = FILL_AREA_STYLE_COLOUR ( '', #1598 ) ;
#1678 = STYLED_ITEM ( 'NONE', ( #1872 ), #655 ) ;
#1679 = SURFACE_SIDE_STYLE ('',( #375 ) ) ;
#1680 = FILL_AREA_STYLE ('',( #1333 ) ) ;
#1681 = MECHANICAL_DESIGN_GEOMETRIC_PRESENTATION_REPRESENTATION (  '', ( #1395 ), #1952 ) ;
#1682 = CIRCLE ( 'NONE', #1713, 0.3999999999999993006 ) ;
#1683 = DIRECTION ( 'NONE',  ( 0.000000000000000000, 0.000000000000000000, -1.000000000000000000 ) ) ;
#1684 = LINE ( 'NONE', #222, #1286 ) ;
#1685 = DIRECTION ( 'NONE',  ( -8.673617379884026597E-16, 0.000000000000000000, 1.000000000000000000 ) ) ;
#1686 = FILL_AREA_STYLE_COLOUR ( '', #2095 ) ;
#1687 = DIRECTION ( 'NONE',  ( -1.000000000000000000, 0.000000000000000000, 0.000000000000000000 ) ) ;
#1688 =( LENGTH_UNIT ( ) NAMED_UNIT ( * ) SI_UNIT ( .MILLI., .METRE. ) );
#1689 = AXIS2_PLACEMENT_3D ( 'NONE', #2044, #1520, #569 ) ;
#1690 = ORIENTED_EDGE ( 'NONE', *, *, #297, .T. ) ;
#1691 = UNCERTAINTY_MEASURE_WITH_UNIT (LENGTH_MEASURE( 1.000000000000000082E-05 ), #1786, 'distance_accuracy_value', 'NONE');
#1692 = ORIENTED_EDGE ( 'NONE', *, *, #1514, .F. ) ;
#1693 =( LENGTH_UNIT ( ) NAMED_UNIT ( * ) SI_UNIT ( .MILLI., .METRE. ) );
#1694 = SURFACE_SIDE_STYLE ('',( #1043 ) ) ;
#1695 = DIRECTION ( 'NONE',  ( 0.000000000000000000, -0.000000000000000000, 1.000000000000000000 ) ) ;
#1696 = AXIS2_PLACEMENT_3D ( 'NONE', #695, #1344, #1511 ) ;
#1697 = EDGE_CURVE ( 'NONE', #600, #506, #1098, .T. ) ;
#1698 = ORIENTED_EDGE ( 'NONE', *, *, #368, .T. ) ;
#1699 =( NAMED_UNIT ( * ) PLANE_ANGLE_UNIT ( ) SI_UNIT ( $, .RADIAN. ) );
#1700 =( GEOMETRIC_REPRESENTATION_CONTEXT ( 3 ) GLOBAL_UNCERTAINTY_ASSIGNED_CONTEXT ( ( #1884 ) ) GLOBAL_UNIT_ASSIGNED_CONTEXT ( ( #1666, #1175, #1831 ) ) REPRESENTATION_CONTEXT ( 'NONE', 'WORKASPACE' ) );
#1701 = CARTESIAN_POINT ( 'NONE',  ( -7.500000000000000000, 1.500000000000000000, -5.000000000000000000 ) ) ;
#1702 = ORIENTED_EDGE ( 'NONE', *, *, #1036, .F. ) ;
#1703 = EDGE_CURVE ( 'NONE', #1615, #1522, #363, .T. ) ;
#1704 =( NAMED_UNIT ( * ) PLANE_ANGLE_UNIT ( ) SI_UNIT ( $, .RADIAN. ) );
#1705 = CARTESIAN_POINT ( 'NONE',  ( 3.576662419410455040, 1.500000000000000000, 7.919337914571928927 ) ) ;
#1706 = VERTEX_POINT ( 'NONE', #672 ) ;
#1707 = SURFACE_SIDE_STYLE ('',( #696 ) ) ;
#1708 = AXIS2_PLACEMENT_3D ( 'NONE', #1289, #1605, #1962 ) ;
#1709 =( GEOMETRIC_REPRESENTATION_CONTEXT ( 3 ) GLOBAL_UNCERTAINTY_ASSIGNED_CONTEXT ( ( #308 ) ) GLOBAL_UNIT_ASSIGNED_CONTEXT ( ( #1088, #922, #932 ) ) REPRESENTATION_CONTEXT ( 'NONE', 'WORKASPACE' ) );
#1710 = ORIENTED_EDGE ( 'NONE', *, *, #1072, .F. ) ;
#1711 = MECHANICAL_DESIGN_GEOMETRIC_PRESENTATION_REPRESENTATION (  '', ( #1063 ), #2060 ) ;
#1712 =( NAMED_UNIT ( * ) SI_UNIT ( $, .STERADIAN. ) SOLID_ANGLE_UNIT ( ) );
#1713 = AXIS2_PLACEMENT_3D ( 'NONE', #808, #2063, #936 ) ;
#1714 = DIRECTION ( 'NONE',  ( 1.000000000000000000, 0.000000000000000000, 0.000000000000000000 ) ) ;
#1715 = PRESENTATION_STYLE_ASSIGNMENT (( #100 ) ) ;
#1716 = ORIENTED_EDGE ( 'NONE', *, *, #1251, .T. ) ;
#1717 = CARTESIAN_POINT ( 'NONE',  ( 7.500000000000000000, -4.000000000000000000, -4.600000000000000533 ) ) ;
#1718 = VERTEX_POINT ( 'NONE', #1325 ) ;
#1719 = PRESENTATION_STYLE_ASSIGNMENT (( #876 ) ) ;
#1720 = CARTESIAN_POINT ( 'NONE',  ( 0.000000000000000000, 0.000000000000000000, 0.000000000000000000 ) ) ;
#1721 = DIRECTION ( 'NONE',  ( 0.000000000000000000, -1.000000000000000000, 0.000000000000000000 ) ) ;
#1722 = CARTESIAN_POINT ( 'NONE',  ( 3.576662419410453708, 11.59999999999999964, 7.919337914571928927 ) ) ;
#1723 = DIRECTION ( 'NONE',  ( 0.9396926207859094271, 0.000000000000000000, -0.3420201433256660484 ) ) ;
#1724 = ORIENTED_EDGE ( 'NONE', *, *, #481, .F. ) ;
#1725 = LINE ( 'NONE', #1398, #317 ) ;
#1726 = EDGE_CURVE ( 'NONE', #1059, #1662, #1651, .T. ) ;
#1727 = CARTESIAN_POINT ( 'NONE',  ( -3.576662419410452376, 11.59999999999999964, 7.919337914571928927 ) ) ;
#1728 = STYLED_ITEM ( 'NONE', ( #1368 ), #900 ) ;
#1729 = UNCERTAINTY_MEASURE_WITH_UNIT (LENGTH_MEASURE( 1.000000000000000082E-05 ), #647, 'distance_accuracy_value', 'NONE');
#1730 = EDGE_LOOP ( 'NONE', ( #2069, #1692, #787, #413 ) ) ;
#1731 = SURFACE_STYLE_USAGE ( .BOTH. , #1038 ) ;
#1732 = CARTESIAN_POINT ( 'NONE',  ( 2.085118435939925140E-15, 0.000000000000000000, 1.907461319770331398 ) ) ;
#1733 = MECHANICAL_DESIGN_GEOMETRIC_PRESENTATION_REPRESENTATION (  '', ( #1903 ), #1845 ) ;
#1734 = PRESENTATION_LAYER_ASSIGNMENT (  '', '', ( #1846 ) ) ;
#1735 = CARTESIAN_POINT ( 'NONE',  ( 3.576662419410455040, 1.500000000000000000, 0.000000000000000000 ) ) ;
#1736 = SURFACE_STYLE_FILL_AREA ( #2052 ) ;
#1737 = ORIENTED_EDGE ( 'NONE', *, *, #482, .T. ) ;
#1738 = EDGE_CURVE ( 'NONE', #1348, #1379, #1818, .T. ) ;
#1739 =( NAMED_UNIT ( * ) SI_UNIT ( $, .STERADIAN. ) SOLID_ANGLE_UNIT ( ) );
#1740 = PRESENTATION_LAYER_ASSIGNMENT (  '', '', ( #1463 ) ) ;
#1741 = DIRECTION ( 'NONE',  ( -0.000000000000000000, 0.000000000000000000, 1.000000000000000000 ) ) ;
#1742 = DIRECTION ( 'NONE',  ( -0.000000000000000000, -1.000000000000000000, -0.000000000000000000 ) ) ;
#1743 = CIRCLE ( 'NONE', #1136, 1.000000000000000000 ) ;
#1744 = LINE ( 'NONE', #1425, #1060 ) ;
#1745 = DIRECTION ( 'NONE',  ( -0.3420201433256658263, 0.000000000000000000, -0.9396926207859095381 ) ) ;
#1746 = VECTOR ( 'NONE', #383, 1000.000000000000000 ) ;
#1747 = CARTESIAN_POINT ( 'NONE',  ( 7.849999999999999645, 1.499999999999999556, 5.299792461790288733 ) ) ;
#1748 = DIRECTION ( 'NONE',  ( 0.000000000000000000, 0.000000000000000000, -1.000000000000000000 ) ) ;
#1749 = ORIENTED_EDGE ( 'NONE', *, *, #1377, .T. ) ;
#1750 = FACE_BOUND ( 'NONE', #1374, .T. ) ;
#1751 = ADVANCED_FACE ( 'NONE', ( #1796 ), #1001, .T. ) ;
#1752 =( NAMED_UNIT ( * ) SI_UNIT ( $, .STERADIAN. ) SOLID_ANGLE_UNIT ( ) );
#1753 = UNCERTAINTY_MEASURE_WITH_UNIT (LENGTH_MEASURE( 1.000000000000000082E-05 ), #1504, 'distance_accuracy_value', 'NONE');
#1754 = LINE ( 'NONE', #657, #415 ) ;
#1755 = FILL_AREA_STYLE_COLOUR ( '', #198 ) ;
#1756 =( NAMED_UNIT ( * ) PLANE_ANGLE_UNIT ( ) SI_UNIT ( $, .RADIAN. ) );
#1757 =( LENGTH_UNIT ( ) NAMED_UNIT ( * ) SI_UNIT ( .MILLI., .METRE. ) );
#1758 = CARTESIAN_POINT ( 'NONE',  ( -3.576662419410453708, 0.000000000000000000, -7.385467275258219111 ) ) ;
#1759 = ORIENTED_EDGE ( 'NONE', *, *, #3, .T. ) ;
#1760 =( NAMED_UNIT ( * ) PLANE_ANGLE_UNIT ( ) SI_UNIT ( $, .RADIAN. ) );
#1761 = DIRECTION ( 'NONE',  ( -0.9396926207859094271, 0.000000000000000000, 0.3420201433256659929 ) ) ;
#1762 = MECHANICAL_DESIGN_GEOMETRIC_PRESENTATION_REPRESENTATION (  '', ( #471 ), #735 ) ;
#1763 = FACE_OUTER_BOUND ( 'NONE', #473, .T. ) ;
#1764 =( GEOMETRIC_REPRESENTATION_CONTEXT ( 3 ) GLOBAL_UNCERTAINTY_ASSIGNED_CONTEXT ( ( #2079 ) ) GLOBAL_UNIT_ASSIGNED_CONTEXT ( ( #640, #1815, #167 ) ) REPRESENTATION_CONTEXT ( 'NONE', 'WORKASPACE' ) );
#1765 = SURFACE_STYLE_FILL_AREA ( #467 ) ;
#1766 =( GEOMETRIC_REPRESENTATION_CONTEXT ( 3 ) GLOBAL_UNCERTAINTY_ASSIGNED_CONTEXT ( ( #285 ) ) GLOBAL_UNIT_ASSIGNED_CONTEXT ( ( #639, #492, #1327 ) ) REPRESENTATION_CONTEXT ( 'NONE', 'WORKASPACE' ) );
#1767 = FILL_AREA_STYLE ('',( #632 ) ) ;
#1768 = SURFACE_STYLE_USAGE ( .BOTH. , #1916 ) ;
#1769 = DIRECTION ( 'NONE',  ( 0.000000000000000000, 0.000000000000000000, -1.000000000000000000 ) ) ;
#1770 = VECTOR ( 'NONE', #350, 1000.000000000000000 ) ;
#1771 = ORIENTED_EDGE ( 'NONE', *, *, #1099, .F. ) ;
#1772 =( LENGTH_UNIT ( ) NAMED_UNIT ( * ) SI_UNIT ( .MILLI., .METRE. ) );
#1773 = CARTESIAN_POINT ( 'NONE',  ( 2.085118435939925140E-15, 0.000000000000000000, 1.907461319770331398 ) ) ;
#1774 = CIRCLE ( 'NONE', #944, 0.9999999999999998890 ) ;
#1775 = DIRECTION ( 'NONE',  ( 0.000000000000000000, 0.000000000000000000, -1.000000000000000000 ) ) ;
#1776 = ORIENTED_EDGE ( 'NONE', *, *, #1591, .F. ) ;
#1777 = UNCERTAINTY_MEASURE_WITH_UNIT (LENGTH_MEASURE( 1.000000000000000082E-05 ), #1474, 'distance_accuracy_value', 'NONE');
#1778 = CARTESIAN_POINT ( 'NONE',  ( -8.849999999999999645, 11.59999999999999964, -6.000000000000000000 ) ) ;
#1779 = EDGE_CURVE ( 'NONE', #1476, #1030, #1142, .T. ) ;
#1780 = DIRECTION ( 'NONE',  ( 0.000000000000000000, 0.000000000000000000, 1.000000000000000000 ) ) ;
#1781 = SURFACE_STYLE_FILL_AREA ( #1266 ) ;
#1782 = CARTESIAN_POINT ( 'NONE',  ( -7.500000000000000000, -4.000000000000000000, 5.000000000000000000 ) ) ;
#1783 = SURFACE_SIDE_STYLE ('',( #307 ) ) ;
#1784 = VECTOR ( 'NONE', #113, 1000.000000000000000 ) ;
#1785 = PRESENTATION_LAYER_ASSIGNMENT (  '', '', ( #499 ) ) ;
#1786 =( LENGTH_UNIT ( ) NAMED_UNIT ( * ) SI_UNIT ( .MILLI., .METRE. ) );
#1787 = DIRECTION ( 'NONE',  ( 0.3420201433256658263, 0.000000000000000000, -0.9396926207859095381 ) ) ;
#1788 = CARTESIAN_POINT ( 'NONE',  ( 7.500000000000000000, -4.000000000000000000, -4.600000000000000533 ) ) ;
#1789 = ORIENTED_EDGE ( 'NONE', *, *, #500, .F. ) ;
#1790 = FILL_AREA_STYLE ('',( #2115 ) ) ;
#1791 = DIRECTION ( 'NONE',  ( 0.000000000000000000, 0.000000000000000000, -1.000000000000000000 ) ) ;
#1792 = ORIENTED_EDGE ( 'NONE', *, *, #1298, .F. ) ;
#1793 = SURFACE_SIDE_STYLE ('',( #122 ) ) ;
#1794 = LINE ( 'NONE', #337, #1320 ) ;
#1795 = EDGE_CURVE ( 'NONE', #724, #1908, #1332, .T. ) ;
#1796 = FACE_OUTER_BOUND ( 'NONE', #1610, .T. ) ;
#1797 = MECHANICAL_DESIGN_GEOMETRIC_PRESENTATION_REPRESENTATION (  '', ( #1207 ), #699 ) ;
#1798 = EDGE_LOOP ( 'NONE', ( #189, #498, #839, #1497 ) ) ;
#1799 = LINE ( 'NONE', #1481, #409 ) ;
#1800 = EDGE_CURVE ( 'NONE', #993, #1476, #532, .T. ) ;
#1801 = DIRECTION ( 'NONE',  ( 0.000000000000000000, -1.000000000000000000, 0.000000000000000000 ) ) ;
#1802 = VERTEX_POINT ( 'NONE', #1022 ) ;
#1803 =( LENGTH_UNIT ( ) NAMED_UNIT ( * ) SI_UNIT ( .MILLI., .METRE. ) );
#1804 = DIRECTION ( 'NONE',  ( 0.000000000000000000, -1.000000000000000000, 0.000000000000000000 ) ) ;
#1805 = SURFACE_SIDE_STYLE ('',( #1152 ) ) ;
#1806 = SURFACE_SIDE_STYLE ('',( #204 ) ) ;
#1807 =( NAMED_UNIT ( * ) PLANE_ANGLE_UNIT ( ) SI_UNIT ( $, .RADIAN. ) );
#1808 = VECTOR ( 'NONE', #750, 1000.000000000000000 ) ;
#1809 = DIRECTION ( 'NONE',  ( 0.000000000000000000, 0.000000000000000000, -1.000000000000000000 ) ) ;
#1810 = EDGE_LOOP ( 'NONE', ( #1372, #1439, #1827, #269, #1256 ) ) ;
#1811 = ORIENTED_EDGE ( 'NONE', *, *, #1298, .T. ) ;
#1812 = EDGE_CURVE ( 'NONE', #408, #760, #1676, .T. ) ;
#1813 = MECHANICAL_DESIGN_GEOMETRIC_PRESENTATION_REPRESENTATION (  '', ( #484 ), #881 ) ;
#1814 = PRESENTATION_LAYER_ASSIGNMENT (  '', '', ( #2048 ) ) ;
#1815 =( NAMED_UNIT ( * ) PLANE_ANGLE_UNIT ( ) SI_UNIT ( $, .RADIAN. ) );
#1816 = ORIENTED_EDGE ( 'NONE', *, *, #963, .T. ) ;
#1817 = STYLED_ITEM ( 'NONE', ( #1090 ), #571 ) ;
#1818 = LINE ( 'NONE', #1643, #1824 ) ;
#1819 = CARTESIAN_POINT ( 'NONE',  ( 7.500000000000000000, -4.000000000000000000, -5.000000000000000000 ) ) ;
#1820 = SURFACE_SIDE_STYLE ('',( #1614 ) ) ;
#1821 = VECTOR ( 'NONE', #1257, 1000.000000000000000 ) ;
#1822 = VECTOR ( 'NONE', #2118, 1000.000000000000000 ) ;
#1823 = LINE ( 'NONE', #815, #2114 ) ;
#1824 = VECTOR ( 'NONE', #1011, 1000.000000000000000 ) ;
#1825 = EDGE_CURVE ( 'NONE', #1145, #1987, #833, .T. ) ;
#1826 = ORIENTED_EDGE ( 'NONE', *, *, #1478, .T. ) ;
#1827 = ORIENTED_EDGE ( 'NONE', *, *, #358, .T. ) ;
#1828 = DIRECTION ( 'NONE',  ( 0.000000000000000000, 0.000000000000000000, 1.000000000000000000 ) ) ;
#1829 = FACE_OUTER_BOUND ( 'NONE', #245, .T. ) ;
#1830 = DIRECTION ( 'NONE',  ( -0.3420201433256659929, 0.000000000000000000, 0.9396926207859094271 ) ) ;
#1831 =( NAMED_UNIT ( * ) SI_UNIT ( $, .STERADIAN. ) SOLID_ANGLE_UNIT ( ) );
#1832 = FILL_AREA_STYLE ('',( #57 ) ) ;
#1833 = CARTESIAN_POINT ( 'NONE',  ( 3.576662419410453708, 11.59999999999999964, 7.919337914571928927 ) ) ;
#1834 = EDGE_CURVE ( 'NONE', #591, #792, #1545, .T. ) ;
#1835 = ORIENTED_EDGE ( 'NONE', *, *, #872, .F. ) ;
#1836 = DIRECTION ( 'NONE',  ( 0.000000000000000000, -1.000000000000000000, 0.000000000000000000 ) ) ;
#1837 = ADVANCED_FACE ( 'NONE', ( #2037 ), #87, .F. ) ;
#1838 = CARTESIAN_POINT ( 'NONE',  ( 2.085118435939925140E-15, 1.500000000000000000, 1.907461319770331398 ) ) ;
#1839 = CARTESIAN_POINT ( 'NONE',  ( 7.500000000000000000, -4.000000000000000000, 4.600000000000000533 ) ) ;
#1840 = CARTESIAN_POINT ( 'NONE',  ( -8.849999999999999645, 12.59999999999999964, 5.299792461790288733 ) ) ;
#1841 = MECHANICAL_DESIGN_GEOMETRIC_PRESENTATION_REPRESENTATION (  '', ( #638 ), #19 ) ;
#1842 = DIRECTION ( 'NONE',  ( -0.000000000000000000, 1.000000000000000000, -0.000000000000000000 ) ) ;
#1843 = DIRECTION ( 'NONE',  ( 0.000000000000000000, 0.000000000000000000, -1.000000000000000000 ) ) ;
#1844 = SURFACE_STYLE_USAGE ( .BOTH. , #41 ) ;
#1845 =( GEOMETRIC_REPRESENTATION_CONTEXT ( 3 ) GLOBAL_UNCERTAINTY_ASSIGNED_CONTEXT ( ( #898 ) ) GLOBAL_UNIT_ASSIGNED_CONTEXT ( ( #1438, #1451, #160 ) ) REPRESENTATION_CONTEXT ( 'NONE', 'WORKASPACE' ) );
#1846 = STYLED_ITEM ( 'NONE', ( #1278 ), #1271 ) ;
#1847 = SURFACE_STYLE_FILL_AREA ( #211 ) ;
#1848 = EDGE_CURVE ( 'NONE', #2040, #1908, #2023, .T. ) ;
#1849 =( LENGTH_UNIT ( ) NAMED_UNIT ( * ) SI_UNIT ( .MILLI., .METRE. ) );
#1850 = CARTESIAN_POINT ( 'NONE',  ( 2.085118435939925140E-15, 0.000000000000000000, -1.907461319770331398 ) ) ;
#1851 = FILL_AREA_STYLE ('',( #870 ) ) ;
#1852 =( LENGTH_UNIT ( ) NAMED_UNIT ( * ) SI_UNIT ( .MILLI., .METRE. ) );
#1853 = FILL_AREA_STYLE ('',( #241 ) ) ;
#1854 = STYLED_ITEM ( 'NONE', ( #842 ), #2029 ) ;
#1855 = MECHANICAL_DESIGN_GEOMETRIC_PRESENTATION_REPRESENTATION (  '', ( #1570 ), #920 ) ;
#1856 = LINE ( 'NONE', #548, #1375 ) ;
#1857 = DIRECTION ( 'NONE',  ( -0.000000000000000000, -1.000000000000000000, -0.000000000000000000 ) ) ;
#1858 = ADVANCED_FACE ( 'NONE', ( #709 ), #77, .T. ) ;
#1859 =( LENGTH_UNIT ( ) NAMED_UNIT ( * ) SI_UNIT ( .MILLI., .METRE. ) );
#1860 = CYLINDRICAL_SURFACE ( 'NONE', #1129, 1.000000000000000888 ) ;
#1861 = COLOUR_RGB ( '',0.2980392156862745057, 0.2980392156862745057, 0.2980392156862745057 ) ;
#1862 = APPLICATION_CONTEXT ( 'automotive_design' ) ;
#1863 = ORIENTED_EDGE ( 'NONE', *, *, #1578, .F. ) ;
#1864 = SURFACE_SIDE_STYLE ('',( #912 ) ) ;
#1865 = DIRECTION ( 'NONE',  ( -0.000000000000000000, 1.000000000000000000, -0.000000000000000000 ) ) ;
#1866 = SURFACE_STYLE_FILL_AREA ( #1041 ) ;
#1867 = ORIENTED_EDGE ( 'NONE', *, *, #1726, .F. ) ;
#1868 = SURFACE_STYLE_USAGE ( .BOTH. , #208 ) ;
#1869 = ORIENTED_EDGE ( 'NONE', *, *, #1427, .F. ) ;
#1870 = EDGE_CURVE ( 'NONE', #792, #724, #284, .T. ) ;
#1871 = ORIENTED_EDGE ( 'NONE', *, *, #1349, .T. ) ;
#1872 = PRESENTATION_STYLE_ASSIGNMENT (( #1731 ) ) ;
#1873 =( NAMED_UNIT ( * ) SI_UNIT ( $, .STERADIAN. ) SOLID_ANGLE_UNIT ( ) );
#1874 = AXIS2_PLACEMENT_3D ( 'NONE', #843, #38, #869 ) ;
#1875 = CARTESIAN_POINT ( 'NONE',  ( 8.849999999999999645, 11.59999999999999964, -6.000000000000000000 ) ) ;
#1876 =( NAMED_UNIT ( * ) SI_UNIT ( $, .STERADIAN. ) SOLID_ANGLE_UNIT ( ) );
#1877 = CIRCLE ( 'NONE', #1300, 1.000000000000000000 ) ;
#1878 = LINE ( 'NONE', #763, #425 ) ;
#1879 = EDGE_LOOP ( 'NONE', ( #191, #1429, #1942, #1419, #1460 ) ) ;
#1880 = MECHANICAL_DESIGN_GEOMETRIC_PRESENTATION_REPRESENTATION (  '', ( #1501 ), #378 ) ;
#1881 = SURFACE_STYLE_USAGE ( .BOTH. , #871 ) ;
#1882 = EDGE_CURVE ( 'NONE', #1030, #1281, #565, .T. ) ;
#1883 = CIRCLE ( 'NONE', #1234, 1.000000000000000000 ) ;
#1884 = UNCERTAINTY_MEASURE_WITH_UNIT (LENGTH_MEASURE( 1.000000000000000082E-05 ), #1666, 'distance_accuracy_value', 'NONE');
#1885 = VERTEX_POINT ( 'NONE', #1556 ) ;
#1886 = AXIS2_PLACEMENT_3D ( 'NONE', #1418, #295, #1575 ) ;
#1887 =( LENGTH_UNIT ( ) NAMED_UNIT ( * ) SI_UNIT ( .MILLI., .METRE. ) );
#1888 = EDGE_CURVE ( 'NONE', #1236, #316, #1468, .T. ) ;
#1889 = DIRECTION ( 'NONE',  ( -0.000000000000000000, -1.000000000000000000, -0.000000000000000000 ) ) ;
#1890 = ORIENTED_EDGE ( 'NONE', *, *, #907, .F. ) ;
#1891 = ADVANCED_BREP_SHAPE_REPRESENTATION ( 'Schaffner RN112-0.8-02-10M', ( #1070, #595 ), #288 ) ;
#1892 = DIRECTION ( 'NONE',  ( -1.000000000000000000, 0.000000000000000000, 0.000000000000000000 ) ) ;
#1893 = PRESENTATION_LAYER_ASSIGNMENT (  '', '', ( #2033 ) ) ;
#1894 = DIRECTION ( 'NONE',  ( 0.000000000000000000, 1.000000000000000000, 0.000000000000000000 ) ) ;
#1895 = CARTESIAN_POINT ( 'NONE',  ( 2.085118435939925140E-15, 1.500000000000000000, 1.907461319770331398 ) ) ;
#1896 = FACE_OUTER_BOUND ( 'NONE', #1397, .T. ) ;
#1897 = VERTEX_POINT ( 'NONE', #449 ) ;
#1898 = SURFACE_STYLE_FILL_AREA ( #602 ) ;
#1899 = PRESENTATION_LAYER_ASSIGNMENT (  '', '', ( #704 ) ) ;
#1900 = CARTESIAN_POINT ( 'NONE',  ( -7.849999999999999645, 11.59999999999999964, -5.299792461790289622 ) ) ;
#1901 = PRESENTATION_LAYER_ASSIGNMENT (  '', '', ( #1936 ) ) ;
#1902 =( NAMED_UNIT ( * ) SI_UNIT ( $, .STERADIAN. ) SOLID_ANGLE_UNIT ( ) );
#1903 = STYLED_ITEM ( 'NONE', ( #1115 ), #720 ) ;
#1904 = AXIS2_PLACEMENT_3D ( 'NONE', #1732, #890, #85 ) ;
#1905 = DIRECTION ( 'NONE',  ( -0.000000000000000000, -1.000000000000000000, -0.000000000000000000 ) ) ;
#1906 = DIRECTION ( 'NONE',  ( 0.000000000000000000, 0.000000000000000000, 1.000000000000000000 ) ) ;
#1907 = CARTESIAN_POINT ( 'NONE',  ( 3.234642276084787493, 11.59999999999999964, 6.979645293786019167 ) ) ;
#1908 = VERTEX_POINT ( 'NONE', #2071 ) ;
#1909 = FACE_BOUND ( 'NONE', #5, .T. ) ;
#1910 = PRODUCT ( 'Schaffner RN112-0.8-02-10M', 'Schaffner RN112-0.8-02-10M', '', ( #64 ) ) ;
#1911 =( LENGTH_UNIT ( ) NAMED_UNIT ( * ) SI_UNIT ( .MILLI., .METRE. ) );
#1912 = VECTOR ( 'NONE', #960, 1000.000000000000000 ) ;
#1913 = DIRECTION ( 'NONE',  ( 0.000000000000000000, 0.000000000000000000, 1.000000000000000000 ) ) ;
#1914 = DIRECTION ( 'NONE',  ( 1.000000000000000000, -0.000000000000000000, 0.000000000000000000 ) ) ;
#1915 = TOROIDAL_SURFACE ( 'NONE', #861, 9.457461319770331443, 1.000000000000000000 ) ;
#1916 = SURFACE_SIDE_STYLE ('',( #1459 ) ) ;
#1917 = SURFACE_SIDE_STYLE ('',( #1781 ) ) ;
#1918 =( GEOMETRIC_REPRESENTATION_CONTEXT ( 3 ) GLOBAL_UNCERTAINTY_ASSIGNED_CONTEXT ( ( #767 ) ) GLOBAL_UNIT_ASSIGNED_CONTEXT ( ( #193, #1500, #1479 ) ) REPRESENTATION_CONTEXT ( 'NONE', 'WORKASPACE' ) );
#1919 = DIRECTION ( 'NONE',  ( 0.9396926207859095381, 0.000000000000000000, -0.3420201433256659929 ) ) ;
#1920 = EDGE_LOOP ( 'NONE', ( #755, #201 ) ) ;
#1921 = SURFACE_SIDE_STYLE ('',( #929 ) ) ;
#1922 = DIRECTION ( 'NONE',  ( 0.9396926207859094271, -0.000000000000000000, 0.3420201433256659929 ) ) ;
#1923 = ORIENTED_EDGE ( 'NONE', *, *, #681, .F. ) ;
#1924 = CYLINDRICAL_SURFACE ( 'NONE', #774, 1.000000000000000000 ) ;
#1925 = ORIENTED_EDGE ( 'NONE', *, *, #1738, .T. ) ;
#1926 = EDGE_CURVE ( 'NONE', #1476, #45, #689, .T. ) ;
#1927 = UNCERTAINTY_MEASURE_WITH_UNIT (LENGTH_MEASURE( 1.000000000000000082E-05 ), #226, 'distance_accuracy_value', 'NONE');
#1928 = FILL_AREA_STYLE ('',( #1277 ) ) ;
#1929 = DIRECTION ( 'NONE',  ( -0.000000000000000000, 1.000000000000000000, -0.000000000000000000 ) ) ;
#1930 =( NAMED_UNIT ( * ) PLANE_ANGLE_UNIT ( ) SI_UNIT ( $, .RADIAN. ) );
#1931 = EDGE_LOOP ( 'NONE', ( #421, #2074, #1811, #1068 ) ) ;
#1932 = PRESENTATION_STYLE_ASSIGNMENT (( #1452 ) ) ;
#1933 = DIRECTION ( 'NONE',  ( 0.000000000000000000, 0.000000000000000000, -1.000000000000000000 ) ) ;
#1934 = AXIS2_PLACEMENT_3D ( 'NONE', #1944, #1159, #1168 ) ;
#1935 = STYLED_ITEM ( 'NONE', ( #1345 ), #106 ) ;
#1936 = STYLED_ITEM ( 'NONE', ( #1013 ), #888 ) ;
#1937 = CARTESIAN_POINT ( 'NONE',  ( 2.085118435939925140E-15, 11.59999999999999964, -8.550000000000002487 ) ) ;
#1938 = LINE ( 'NONE', #326, #1784 ) ;
#1939 = DIRECTION ( 'NONE',  ( 0.000000000000000000, -1.000000000000000000, 0.000000000000000000 ) ) ;
#1940 = DIRECTION ( 'NONE',  ( 0.000000000000000000, -1.000000000000000000, 0.000000000000000000 ) ) ;
#1941 = MECHANICAL_DESIGN_GEOMETRIC_PRESENTATION_REPRESENTATION (  '', ( #2046 ), #1555 ) ;
#1942 = ORIENTED_EDGE ( 'NONE', *, *, #1427, .T. ) ;
#1943 = PLANE ( 'NONE',  #2085 ) ;
#1944 = CARTESIAN_POINT ( 'NONE',  ( -7.849999999999999645, 12.59999999999999964, -5.299792461790289622 ) ) ;
#1945 = ADVANCED_FACE ( 'NONE', ( #1112 ), #470, .T. ) ;
#1946 = VECTOR ( 'NONE', #2047, 1000.000000000000000 ) ;
#1947 = SPHERICAL_SURFACE ( 'NONE', #1329, 1.000000000000000000 ) ;
#1948 = VERTEX_POINT ( 'NONE', #925 ) ;
#1949 = DIRECTION ( 'NONE',  ( -0.000000000000000000, 1.000000000000000000, -0.000000000000000000 ) ) ;
#1950 = PRESENTATION_STYLE_ASSIGNMENT (( #1008 ) ) ;
#1951 =( NAMED_UNIT ( * ) PLANE_ANGLE_UNIT ( ) SI_UNIT ( $, .RADIAN. ) );
#1952 =( GEOMETRIC_REPRESENTATION_CONTEXT ( 3 ) GLOBAL_UNCERTAINTY_ASSIGNED_CONTEXT ( ( #1550 ) ) GLOBAL_UNIT_ASSIGNED_CONTEXT ( ( #338, #541, #1632 ) ) REPRESENTATION_CONTEXT ( 'NONE', 'WORKASPACE' ) );
#1953 = PRESENTATION_LAYER_ASSIGNMENT (  '', '', ( #1649 ) ) ;
#1954 = AXIS2_PLACEMENT_3D ( 'NONE', #259, #397, #1195 ) ;
#1955 = SURFACE_SIDE_STYLE ('',( #126 ) ) ;
#1956 = DIRECTION ( 'NONE',  ( -0.3420201433256658263, 1.734723475976807292E-15, 0.9396926207859095381 ) ) ;
#1957 = CARTESIAN_POINT ( 'NONE',  ( 3.576662419410455040, 1.500000000000000000, 0.000000000000000000 ) ) ;
#1958 = ORIENTED_EDGE ( 'NONE', *, *, #759, .F. ) ;
#1959 = CARTESIAN_POINT ( 'NONE',  ( -3.576662419410452376, -0.000000000000000000, 7.385467275258219111 ) ) ;
#1960 = DIRECTION ( 'NONE',  ( 0.000000000000000000, -0.000000000000000000, -1.000000000000000000 ) ) ;
#1961 = ORIENTED_EDGE ( 'NONE', *, *, #1475, .F. ) ;
#1962 = DIRECTION ( 'NONE',  ( 3.552713678800500929E-15, 0.000000000000000000, 1.000000000000000000 ) ) ;
#1963 = VERTEX_POINT ( 'NONE', #487 ) ;
#1964 = DIRECTION ( 'NONE',  ( 0.000000000000000000, 0.000000000000000000, -1.000000000000000000 ) ) ;
#1965 = FILL_AREA_STYLE_COLOUR ( '', #1861 ) ;
#1966 = EDGE_CURVE ( 'NONE', #1077, #462, #1682, .T. ) ;
#1967 = PRESENTATION_STYLE_ASSIGNMENT (( #46 ) ) ;
#1968 = COLOUR_RGB ( '',0.2980392156862745057, 0.2980392156862745057, 0.2980392156862745057 ) ;
#1969 = DIRECTION ( 'NONE',  ( 0.000000000000000000, -0.000000000000000000, 1.000000000000000000 ) ) ;
#1970 = VERTEX_POINT ( 'NONE', #1083 ) ;
#1971 = ORIENTED_EDGE ( 'NONE', *, *, #1413, .F. ) ;
#1972 = UNCERTAINTY_MEASURE_WITH_UNIT (LENGTH_MEASURE( 1.000000000000000082E-05 ), #563, 'distance_accuracy_value', 'NONE');
#1973 = STYLED_ITEM ( 'NONE', ( #768 ), #351 ) ;
#1974 = ORIENTED_EDGE ( 'NONE', *, *, #524, .F. ) ;
#1975 = COLOUR_RGB ( '',0.8941176470588234615, 0.9137254901960784048, 0.9294117647058823817 ) ;
#1976 = AXIS2_PLACEMENT_3D ( 'NONE', #1492, #1025, #366 ) ;
#1977 = DIRECTION ( 'NONE',  ( 0.000000000000000000, 0.000000000000000000, 1.000000000000000000 ) ) ;
#1978 = APPLICATION_CONTEXT ( 'automotive_design' ) ;
#1979 = DIRECTION ( 'NONE',  ( -0.000000000000000000, 1.000000000000000000, -0.000000000000000000 ) ) ;
#1980 = ADVANCED_FACE ( 'NONE', ( #1582 ), #123, .F. ) ;
#1981 = PLANE ( 'NONE',  #1647 ) ;
#1982 = PRESENTATION_LAYER_ASSIGNMENT (  '', '', ( #272 ) ) ;
#1983 = FILL_AREA_STYLE_COLOUR ( '', #320 ) ;
#1984 = VECTOR ( 'NONE', #533, 1000.000000000000000 ) ;
#1985 = ORIENTED_EDGE ( 'NONE', *, *, #439, .T. ) ;
#1986 = CARTESIAN_POINT ( 'NONE',  ( -3.576662419410452376, 1.500000000000000000, 0.000000000000000000 ) ) ;
#1987 = VERTEX_POINT ( 'NONE', #948 ) ;
#1988 = DIRECTION ( 'NONE',  ( 1.000000000000000000, -0.000000000000000000, 0.000000000000000000 ) ) ;
#1989 = AXIS2_PLACEMENT_3D ( 'NONE', #220, #1836, #834 ) ;
#1990 = STYLED_ITEM ( 'NONE', ( #1719 ), #645 ) ;
#1991 = DIRECTION ( 'NONE',  ( 0.000000000000000000, 1.000000000000000000, -0.000000000000000000 ) ) ;
#1992 = CYLINDRICAL_SURFACE ( 'NONE', #416, 0.3999999999999993006 ) ;
#1993 = AXIS2_PLACEMENT_3D ( 'NONE', #539, #529, #1964 ) ;
#1994 = EDGE_CURVE ( 'NONE', #1948, #1706, #1938, .T. ) ;
#1995 = STYLED_ITEM ( 'NONE', ( #1932 ), #1613 ) ;
#1996 = PRESENTATION_STYLE_ASSIGNMENT (( #1844 ) ) ;
#1997 = AXIS2_PLACEMENT_3D ( 'NONE', #1735, #313, #276 ) ;
#1998 = FILL_AREA_STYLE_COLOUR ( '', #633 ) ;
#1999 = EDGE_CURVE ( 'NONE', #1476, #170, #323, .T. ) ;
#2000 = EDGE_CURVE ( 'NONE', #1379, #1216, #1568, .T. ) ;
#2001 = DIRECTION ( 'NONE',  ( 0.000000000000000000, 0.000000000000000000, 1.000000000000000000 ) ) ;
#2002 = CARTESIAN_POINT ( 'NONE',  ( 8.507979856674333874, 12.59999999999999964, 5.060307379214091128 ) ) ;
#2003 = DIRECTION ( 'NONE',  ( -0.9396926207859094271, 0.000000000000000000, -0.3420201433256659929 ) ) ;
#2004 =( GEOMETRIC_REPRESENTATION_CONTEXT ( 3 ) GLOBAL_UNCERTAINTY_ASSIGNED_CONTEXT ( ( #1421 ) ) GLOBAL_UNIT_ASSIGNED_CONTEXT ( ( #1182, #1020, #860 ) ) REPRESENTATION_CONTEXT ( 'NONE', 'WORKASPACE' ) );
#2005 = DIRECTION ( 'NONE',  ( 0.000000000000000000, -1.000000000000000000, 0.000000000000000000 ) ) ;
#2006 = ORIENTED_EDGE ( 'NONE', *, *, #15, .F. ) ;
#2007 = PRESENTATION_LAYER_ASSIGNMENT (  '', '', ( #1728 ) ) ;
#2008 = SURFACE_STYLE_FILL_AREA ( #1510 ) ;
#2009 = CYLINDRICAL_SURFACE ( 'NONE', #270, 1.000000000000000888 ) ;
#2010 = ORIENTED_EDGE ( 'NONE', *, *, #1560, .F. ) ;
#2011 = PRESENTATION_LAYER_ASSIGNMENT (  '', '', ( #1086 ) ) ;
#2012 = CIRCLE ( 'NONE', #28, 1.000000000000000000 ) ;
#2013 = EDGE_CURVE ( 'NONE', #567, #877, #2096, .T. ) ;
#2014 = CARTESIAN_POINT ( 'NONE',  ( -7.849999999999999645, 12.59999999999999964, 6.000000000000000000 ) ) ;
#2015 = EDGE_LOOP ( 'NONE', ( #840, #1890, #811, #1771 ) ) ;
#2016 = PRESENTATION_STYLE_ASSIGNMENT (( #2050 ) ) ;
#2017 = MECHANICAL_DESIGN_GEOMETRIC_PRESENTATION_REPRESENTATION (  '', ( #248 ), #1709 ) ;
#2018 = DIRECTION ( 'NONE',  ( 0.9396926207859094271, 0.000000000000000000, -0.3420201433256659929 ) ) ;
#2019 = CARTESIAN_POINT ( 'NONE',  ( 2.008549773780098580, 11.59999999999999964, 7.425906469081887451 ) ) ;
#2020 = DIRECTION ( 'NONE',  ( 0.9396926207859094271, 0.000000000000000000, -0.3420201433256659929 ) ) ;
#2021 = VECTOR ( 'NONE', #1012, 1000.000000000000000 ) ;
#2022 = AXIS2_PLACEMENT_3D ( 'NONE', #1498, #1988, #213 ) ;
#2023 = CIRCLE ( 'NONE', #111, 1.000000000000000000 ) ;
#2024 = ORIENTED_EDGE ( 'NONE', *, *, #741, .F. ) ;
#2025 = FILL_AREA_STYLE_COLOUR ( '', #751 ) ;
#2026 =( NAMED_UNIT ( * ) PLANE_ANGLE_UNIT ( ) SI_UNIT ( $, .RADIAN. ) );
#2027 = EDGE_LOOP ( 'NONE', ( #380, #418, #76, #582 ) ) ;
#2028 = DIRECTION ( 'NONE',  ( 0.000000000000000000, -1.000000000000000000, 0.000000000000000000 ) ) ;
#2029 = ADVANCED_FACE ( 'NONE', ( #835 ), #511, .T. ) ;
#2030 = SURFACE_STYLE_USAGE ( .BOTH. , #1679 ) ;
#2031 = ORIENTED_EDGE ( 'NONE', *, *, #1228, .F. ) ;
#2032 = EDGE_LOOP ( 'NONE', ( #2105, #1869, #1710, #2110, #257, #1447 ) ) ;
#2033 = STYLED_ITEM ( 'NONE', ( #1009 ), #1070 ) ;
#2034 = UNCERTAINTY_MEASURE_WITH_UNIT (LENGTH_MEASURE( 1.000000000000000082E-05 ), #1399, 'distance_accuracy_value', 'NONE');
#2035 = ORIENTED_EDGE ( 'NONE', *, *, #770, .F. ) ;
#2036 =( NAMED_UNIT ( * ) PLANE_ANGLE_UNIT ( ) SI_UNIT ( $, .RADIAN. ) );
#2037 = FACE_OUTER_BOUND ( 'NONE', #1238, .T. ) ;
#2038 = AXIS2_PLACEMENT_3D ( 'NONE', #911, #108, #1100 ) ;
#2039 =( LENGTH_UNIT ( ) NAMED_UNIT ( * ) SI_UNIT ( .MILLI., .METRE. ) );
#2040 = VERTEX_POINT ( 'NONE', #1487 ) ;
#2041 = VECTOR ( 'NONE', #376, 1000.000000000000000 ) ;
#2042 = ADVANCED_FACE ( 'NONE', ( #999 ), #371, .F. ) ;
#2043 = COLOUR_RGB ( '',0.8941176470588234615, 0.9137254901960784048, 0.9294117647058823817 ) ;
#2044 = CARTESIAN_POINT ( 'NONE',  ( 2.085118435939925140E-15, 11.59999999999999964, 1.907461319770331398 ) ) ;
#2045 = ORIENTED_EDGE ( 'NONE', *, *, #1999, .F. ) ;
#2046 = STYLED_ITEM ( 'NONE', ( #1617 ), #1346 ) ;
#2047 = DIRECTION ( 'NONE',  ( -0.000000000000000000, 0.000000000000000000, 1.000000000000000000 ) ) ;
#2048 = STYLED_ITEM ( 'NONE', ( #693 ), #1506 ) ;
#2049 = CARTESIAN_POINT ( 'NONE',  ( -7.500000000000000000, 1.500000000000000000, 4.600000000000000533 ) ) ;
#2050 = SURFACE_STYLE_USAGE ( .BOTH. , #237 ) ;
#2051 = VECTOR ( 'NONE', #1601, 1000.000000000000000 ) ;
#2052 = FILL_AREA_STYLE ('',( #411 ) ) ;
#2053 = ORIENTED_EDGE ( 'NONE', *, *, #32, .F. ) ;
#2054 = CARTESIAN_POINT ( 'NONE',  ( 8.849999999999999645, 11.59999999999999964, 5.299792461790288733 ) ) ;
#2055 = COLOUR_RGB ( '',0.2980392156862745057, 0.2980392156862745057, 0.2980392156862745057 ) ;
#2056 = UNCERTAINTY_MEASURE_WITH_UNIT (LENGTH_MEASURE( 1.000000000000000082E-05 ), #184, 'distance_accuracy_value', 'NONE');
#2057 = FACE_OUTER_BOUND ( 'NONE', #1810, .T. ) ;
#2058 = COLOUR_RGB ( '',0.2980392156862745057, 0.2980392156862745057, 0.2980392156862745057 ) ;
#2059 = ORIENTED_EDGE ( 'NONE', *, *, #119, .F. ) ;
#2060 =( GEOMETRIC_REPRESENTATION_CONTEXT ( 3 ) GLOBAL_UNCERTAINTY_ASSIGNED_CONTEXT ( ( #1691 ) ) GLOBAL_UNIT_ASSIGNED_CONTEXT ( ( #1786, #1760, #1294 ) ) REPRESENTATION_CONTEXT ( 'NONE', 'WORKASPACE' ) );
#2061 = CYLINDRICAL_SURFACE ( 'NONE', #553, 10.45746131977033322 ) ;
#2062 = DIRECTION ( 'NONE',  ( 0.000000000000000000, 0.000000000000000000, 1.000000000000000000 ) ) ;
#2063 = DIRECTION ( 'NONE',  ( 0.000000000000000000, -1.000000000000000000, 0.000000000000000000 ) ) ;
#2064 = DIRECTION ( 'NONE',  ( -0.000000000000000000, 1.000000000000000000, 0.000000000000000000 ) ) ;
#2065 = ORIENTED_EDGE ( 'NONE', *, *, #641, .T. ) ;
#2066 = DIRECTION ( 'NONE',  ( -0.000000000000000000, -1.000000000000000000, -0.000000000000000000 ) ) ;
#2067 = PRESENTATION_STYLE_ASSIGNMENT (( #758 ) ) ;
#2068 = PRESENTATION_LAYER_ASSIGNMENT (  '', '', ( #866 ) ) ;
#2069 = ORIENTED_EDGE ( 'NONE', *, *, #830, .T. ) ;
#2070 = PRESENTATION_STYLE_ASSIGNMENT (( #407 ) ) ;
#2071 = CARTESIAN_POINT ( 'NONE',  ( -8.849999999999999645, 11.59999999999999964, 5.299792461790288733 ) ) ;
#2072 =( NAMED_UNIT ( * ) SI_UNIT ( $, .STERADIAN. ) SOLID_ANGLE_UNIT ( ) );
#2073 = FILL_AREA_STYLE ('',( #1547 ) ) ;
#2074 = ORIENTED_EDGE ( 'NONE', *, *, #1795, .T. ) ;
#2075 = DIRECTION ( 'NONE',  ( 0.000000000000000000, 0.000000000000000000, -1.000000000000000000 ) ) ;
#2076 =( GEOMETRIC_REPRESENTATION_CONTEXT ( 3 ) GLOBAL_UNCERTAINTY_ASSIGNED_CONTEXT ( ( #2034 ) ) GLOBAL_UNIT_ASSIGNED_CONTEXT ( ( #1399, #1107, #794 ) ) REPRESENTATION_CONTEXT ( 'NONE', 'WORKASPACE' ) );
#2077 = PRESENTATION_LAYER_ASSIGNMENT (  '', '', ( #938 ) ) ;
#2078 = VECTOR ( 'NONE', #853, 1000.000000000000000 ) ;
#2079 = UNCERTAINTY_MEASURE_WITH_UNIT (LENGTH_MEASURE( 1.000000000000000082E-05 ), #640, 'distance_accuracy_value', 'NONE');
#2080 = DIRECTION ( 'NONE',  ( 0.000000000000000000, 0.000000000000000000, -1.000000000000000000 ) ) ;
#2081 =( GEOMETRIC_REPRESENTATION_CONTEXT ( 3 ) GLOBAL_UNCERTAINTY_ASSIGNED_CONTEXT ( ( #1972 ) ) GLOBAL_UNIT_ASSIGNED_CONTEXT ( ( #563, #2026, #729 ) ) REPRESENTATION_CONTEXT ( 'NONE', 'WORKASPACE' ) );
#2082 = EDGE_CURVE ( 'NONE', #98, #1247, #172, .T. ) ;
#2083 = LINE ( 'NONE', #135, #994 ) ;
#2084 = PRESENTATION_LAYER_ASSIGNMENT (  '', '', ( #484 ) ) ;
#2085 = AXIS2_PLACEMENT_3D ( 'NONE', #194, #26, #2003 ) ;
#2086 = DIRECTION ( 'NONE',  ( -1.000000000000000000, 0.000000000000000000, 0.000000000000000000 ) ) ;
#2087 = EDGE_CURVE ( 'NONE', #1226, #1105, #1883, .T. ) ;
#2088 =( LENGTH_UNIT ( ) NAMED_UNIT ( * ) SI_UNIT ( .MILLI., .METRE. ) );
#2089 = ORIENTED_EDGE ( 'NONE', *, *, #1825, .T. ) ;
#2090 = SURFACE_STYLE_USAGE ( .BOTH. , #1921 ) ;
#2091 = EDGE_CURVE ( 'NONE', #1595, #1236, #1572, .T. ) ;
#2092 = CIRCLE ( 'NONE', #422, 9.457461319770331443 ) ;
#2093 = AXIS2_PLACEMENT_3D ( 'NONE', #736, #716, #232 ) ;
#2094 = DIRECTION ( 'NONE',  ( -0.000000000000000000, 1.000000000000000000, -0.000000000000000000 ) ) ;
#2095 = COLOUR_RGB ( '',0.2980392156862745057, 0.2980392156862745057, 0.2980392156862745057 ) ;
#2096 = CIRCLE ( 'NONE', #998, 10.45746131977033322 ) ;
#2097 = CARTESIAN_POINT ( 'NONE',  ( 8.192020143325665416, 11.59999999999999964, -6.239485082576197605 ) ) ;
#2098 = CARTESIAN_POINT ( 'NONE',  ( -3.576662419410453708, 1.500000000000000000, 0.000000000000000000 ) ) ;
#2099 = DIRECTION ( 'NONE',  ( 0.000000000000000000, 0.000000000000000000, 1.000000000000000000 ) ) ;
#2100 = ORIENTED_EDGE ( 'NONE', *, *, #598, .T. ) ;
#2101 = CARTESIAN_POINT ( 'NONE',  ( -3.234642276084787049, 12.59999999999999964, 6.979645293786020055 ) ) ;
#2102 = EDGE_CURVE ( 'NONE', #1948, #1970, #660, .T. ) ;
#2103 = CARTESIAN_POINT ( 'NONE',  ( 8.192020143325665416, 12.59999999999999964, -6.239485082576197605 ) ) ;
#2104 = DIRECTION ( 'NONE',  ( 0.000000000000000000, 0.000000000000000000, 1.000000000000000000 ) ) ;
#2105 = ORIENTED_EDGE ( 'NONE', *, *, #537, .T. ) ;
#2106 = SURFACE_STYLE_USAGE ( .BOTH. , #1276 ) ;
#2107 =( NAMED_UNIT ( * ) PLANE_ANGLE_UNIT ( ) SI_UNIT ( $, .RADIAN. ) );
#2108 = CARTESIAN_POINT ( 'NONE',  ( -3.576662419410454596, 1.500000000000000000, -7.919337914571928927 ) ) ;
#2109 = CARTESIAN_POINT ( 'NONE',  ( 7.500000000000000000, -4.000000000000000000, 5.000000000000000000 ) ) ;
#2110 = ORIENTED_EDGE ( 'NONE', *, *, #1478, .F. ) ;
#2111 = SURFACE_STYLE_USAGE ( .BOTH. , #1955 ) ;
#2112 = SURFACE_SIDE_STYLE ('',( #1143 ) ) ;
#2113 = CARTESIAN_POINT ( 'NONE',  ( 7.500000000000000000, 1.500000000000000000, -5.399999999999999467 ) ) ;
#2114 = VECTOR ( 'NONE', #331, 1000.000000000000000 ) ;
#2115 = FILL_AREA_STYLE_COLOUR ( '', #1409 ) ;
#2116 = EDGE_LOOP ( 'NONE', ( #874, #1103, #832, #619 ) ) ;
#2117 = CARTESIAN_POINT ( 'NONE',  ( 8.849999999999999645, 12.59999999999999964, 6.000000000000000000 ) ) ;
#2118 = DIRECTION ( 'NONE',  ( 0.000000000000000000, 0.000000000000000000, -1.000000000000000000 ) ) ;
#2119 = CARTESIAN_POINT ( 'NONE',  ( -8.849999999999999645, 11.59999999999999964, 6.000000000000000000 ) ) ;
#2120 = VECTOR ( 'NONE', #950, 1000.000000000000000 ) ;
#2121 = CIRCLE ( 'NONE', #1904, 9.957461319770334995 ) ;
#2122 =( NAMED_UNIT ( * ) PLANE_ANGLE_UNIT ( ) SI_UNIT ( $, .RADIAN. ) );
ENDSEC;
END-ISO-10303-21;
