ISO-10303-21;
HEADER;
FILE_DESCRIPTION (( 'STEP AP214' ),
    '1' );
FILE_NAME ('LSH-1301.9314.24.STEP',
    '2025-11-14T08:29:08',
    ( '' ),
    ( '' ),
    'SwSTEP 2.0',
    'SolidWorks 2023',
    '' );
FILE_SCHEMA (( 'AUTOMOTIVE_DESIGN' ));
ENDSEC;

DATA;
#1 = ORIENTED_EDGE ( 'NONE', *, *, #1529, .T. ) ;
#2 = FACE_OUTER_BOUND ( 'NONE', #700, .T. ) ;
#3 = CARTESIAN_POINT ( 'NONE',  ( 0.000000000000000000, 3.499999999999999556, 0.000000000000000000 ) ) ;
#4 = CARTESIAN_POINT ( 'NONE',  ( 3.422649730810370272, 0.4000000000000000777, 1.899999999999999689 ) ) ;
#5 = VECTOR ( 'NONE', #2292, 1000.000000000000114 ) ;
#6 = VERTEX_POINT ( 'NONE', #1417 ) ;
#7 = DIRECTION ( 'NONE',  ( 0.000000000000000000, -1.000000000000000000, -0.000000000000000000 ) ) ;
#8 = CARTESIAN_POINT ( 'NONE',  ( 4.346410161513773573, 0.5999999999999999778, -2.600000000000000089 ) ) ;
#9 = VECTOR ( 'NONE', #509, 1000.000000000000000 ) ;
#10 = DIRECTION ( 'NONE',  ( -0.000000000000000000, 0.000000000000000000, 1.000000000000000000 ) ) ;
#11 = AXIS2_PLACEMENT_3D ( 'NONE', #2377, #2638, #1155 ) ;
#12 = AXIS2_PLACEMENT_3D ( 'NONE', #1569, #15, #2886 ) ;
#13 = ADVANCED_FACE ( 'NONE', ( #2434 ), #930, .T. ) ;
#14 = VERTEX_POINT ( 'NONE', #2748 ) ;
#15 = DIRECTION ( 'NONE',  ( -0.8660254037844363761, -0.5000000000000038858, 0.000000000000000000 ) ) ;
#16 = EDGE_LOOP ( 'NONE', ( #2996, #1299, #747, #307 ) ) ;
#17 = CARTESIAN_POINT ( 'NONE',  ( 5.000000000000000000, 0.000000000000000000, -1.899999999999999689 ) ) ;
#18 = CARTESIAN_POINT ( 'NONE',  ( -8.050000000000000711, -0.1000000000000000056, 4.950000000000000178 ) ) ;
#19 = AXIS2_PLACEMENT_3D ( 'NONE', #2751, #2473, #702 ) ;
#20 = ORIENTED_EDGE ( 'NONE', *, *, #2251, .T. ) ;
#21 = DIRECTION ( 'NONE',  ( -0.000000000000000000, -1.000000000000000000, -0.000000000000000000 ) ) ;
#22 = EDGE_CURVE ( 'NONE', #3130, #1649, #2944, .T. ) ;
#23 = VERTEX_POINT ( 'NONE', #190 ) ;
#24 = DIRECTION ( 'NONE',  ( 0.000000000000000000, -1.000000000000000000, 0.000000000000000000 ) ) ;
#25 = CIRCLE ( 'NONE', #3246, 0.2999999999999999334 ) ;
#26 = AXIS2_PLACEMENT_3D ( 'NONE', #2824, #2056, #42 ) ;
#27 = AXIS2_PLACEMENT_3D ( 'NONE', #2769, #2999, #953 ) ;
#28 = CARTESIAN_POINT ( 'NONE',  ( -3.422649730810370716, 0.7000000000000000666, 2.600000000000000089 ) ) ;
#29 = ADVANCED_FACE ( 'NONE', ( #1272 ), #207, .T. ) ;
#30 = ORIENTED_EDGE ( 'NONE', *, *, #854, .F. ) ;
#31 = DIRECTION ( 'NONE',  ( -0.000000000000000000, -1.000000000000000000, -0.000000000000000000 ) ) ;
#32 = EDGE_CURVE ( 'NONE', #1649, #1709, #2066, .T. ) ;
#33 = ORIENTED_EDGE ( 'NONE', *, *, #1083, .F. ) ;
#34 = CARTESIAN_POINT ( 'NONE',  ( 0.000000000000000000, 3.500000000000000000, 0.000000000000000000 ) ) ;
#35 = FACE_OUTER_BOUND ( 'NONE', #1514, .T. ) ;
#36 = ORIENTED_EDGE ( 'NONE', *, *, #1717, .T. ) ;
#37 = VECTOR ( 'NONE', #1860, 1000.000000000000000 ) ;
#38 = DIRECTION ( 'NONE',  ( 0.5000000000000032196, 0.8660254037844368202, -5.162867488026242552E-17 ) ) ;
#39 = EDGE_CURVE ( 'NONE', #1654, #3063, #2601, .T. ) ;
#40 = ORIENTED_EDGE ( 'NONE', *, *, #411, .F. ) ;
#41 = CARTESIAN_POINT ( 'NONE',  ( 3.826794919243111881, 0.2999999999999976019, -2.600000000000000089 ) ) ;
#42 = DIRECTION ( 'NONE',  ( 1.000000000000000000, 0.000000000000000000, -1.077467997501121956E-16 ) ) ;
#43 = CARTESIAN_POINT ( 'NONE',  ( 0.000000000000000000, 3.500000000000000000, -1.750000000000000000 ) ) ;
#44 = DIRECTION ( 'NONE',  ( 0.000000000000000000, 0.000000000000000000, -1.000000000000000000 ) ) ;
#45 = CARTESIAN_POINT ( 'NONE',  ( -2.849999999999999201, 0.000000000000000000, 3.000000000000000000 ) ) ;
#46 = ORIENTED_EDGE ( 'NONE', *, *, #1720, .F. ) ;
#47 = DIRECTION ( 'NONE',  ( 0.000000000000000000, 0.000000000000000000, 1.000000000000000000 ) ) ;
#48 = EDGE_LOOP ( 'NONE', ( #2304, #3013, #852, #3158 ) ) ;
#49 = DIRECTION ( 'NONE',  ( 0.000000000000000000, 0.000000000000000000, -1.000000000000000000 ) ) ;
#50 = ADVANCED_FACE ( 'NONE', ( #480 ), #2258, .T. ) ;
#51 = EDGE_LOOP ( 'NONE', ( #1159, #1162, #1857, #169 ) ) ;
#52 = DIRECTION ( 'NONE',  ( 0.000000000000000000, 0.000000000000000000, 1.000000000000000000 ) ) ;
#53 = DIRECTION ( 'NONE',  ( -1.000000000000000000, 0.000000000000000000, -2.065146995210484941E-16 ) ) ;
#54 = CYLINDRICAL_SURFACE ( 'NONE', #1405, 0.5999999999999998668 ) ;
#55 = EDGE_CURVE ( 'NONE', #2197, #1651, #715, .T. ) ;
#56 = DIRECTION ( 'NONE',  ( -1.000000000000000000, 0.000000000000000000, 0.000000000000000000 ) ) ;
#57 = VECTOR ( 'NONE', #2702, 1000.000000000000000 ) ;
#58 = AXIS2_PLACEMENT_3D ( 'NONE', #2209, #3239, #3220 ) ;
#59 = AXIS2_PLACEMENT_3D ( 'NONE', #241, #2307, #2062 ) ;
#60 = LINE ( 'NONE', #269, #2909 ) ;
#61 = EDGE_LOOP ( 'NONE', ( #2161, #1885, #701, #2788 ) ) ;
#62 = FACE_OUTER_BOUND ( 'NONE', #511, .T. ) ;
#63 = ORIENTED_EDGE ( 'NONE', *, *, #1772, .F. ) ;
#64 = CARTESIAN_POINT ( 'NONE',  ( 5.000000000000000888, 0.2999999999999998779, 1.899999999999999689 ) ) ;
#65 = EDGE_CURVE ( 'NONE', #2731, #496, #462, .T. ) ;
#66 = ORIENTED_EDGE ( 'NONE', *, *, #2570, .T. ) ;
#67 = DIRECTION ( 'NONE',  ( 0.000000000000000000, -0.000000000000000000, -1.000000000000000000 ) ) ;
#68 = DIRECTION ( 'NONE',  ( 0.000000000000000000, 0.000000000000000000, 1.000000000000000000 ) ) ;
#69 = DIRECTION ( 'NONE',  ( 0.000000000000000000, 0.000000000000000000, 1.000000000000000000 ) ) ;
#70 = CARTESIAN_POINT ( 'NONE',  ( -3.422649730810370272, 0.4000000000000000777, 1.899999999999999689 ) ) ;
#71 = EDGE_CURVE ( 'NONE', #2212, #496, #1014, .T. ) ;
#72 = VECTOR ( 'NONE', #352, 1000.000000000000000 ) ;
#73 = VECTOR ( 'NONE', #2280, 1000.000000000000000 ) ;
#74 = ADVANCED_FACE ( 'NONE', ( #1997 ), #1494, .F. ) ;
#75 = VERTEX_POINT ( 'NONE', #3064 ) ;
#76 = LINE ( 'NONE', #851, #926 ) ;
#77 = ADVANCED_FACE ( 'NONE', ( #494 ), #1287, .T. ) ;
#78 = ORIENTED_EDGE ( 'NONE', *, *, #1421, .F. ) ;
#79 = FACE_OUTER_BOUND ( 'NONE', #3049, .T. ) ;
#80 = ORIENTED_EDGE ( 'NONE', *, *, #766, .T. ) ;
#81 = CARTESIAN_POINT ( 'NONE',  ( 8.050000000000000711, -0.1000000000000000056, 4.950000000000000178 ) ) ;
#82 =( GEOMETRIC_REPRESENTATION_CONTEXT ( 3 ) GLOBAL_UNCERTAINTY_ASSIGNED_CONTEXT ( ( #917 ) ) GLOBAL_UNIT_ASSIGNED_CONTEXT ( ( #492, #2745, #1976 ) ) REPRESENTATION_CONTEXT ( 'NONE', 'WORKASPACE' ) );
#83 = ORIENTED_EDGE ( 'NONE', *, *, #1171, .F. ) ;
#84 = FACE_OUTER_BOUND ( 'NONE', #2632, .T. ) ;
#85 = DIRECTION ( 'NONE',  ( 0.000000000000000000, 1.000000000000000000, 0.000000000000000000 ) ) ;
#86 = CARTESIAN_POINT ( 'NONE',  ( 0.000000000000000000, 0.000000000000000000, 2.600000000000000089 ) ) ;
#87 = PLANE ( 'NONE',  #1527 ) ;
#88 = ADVANCED_FACE ( 'NONE', ( #3047, #1528 ), #1474, .F. ) ;
#89 = EDGE_CURVE ( 'NONE', #23, #379, #819, .T. ) ;
#90 = EDGE_CURVE ( 'NONE', #1400, #3231, #1139, .T. ) ;
#91 = ORIENTED_EDGE ( 'NONE', *, *, #1751, .F. ) ;
#92 = DIRECTION ( 'NONE',  ( 0.000000000000000000, 0.000000000000000000, 1.000000000000000000 ) ) ;
#93 = ORIENTED_EDGE ( 'NONE', *, *, #2977, .F. ) ;
#94 = DIRECTION ( 'NONE',  ( -0.000000000000000000, -1.000000000000000000, -0.000000000000000000 ) ) ;
#95 = ORIENTED_EDGE ( 'NONE', *, *, #315, .T. ) ;
#96 = CARTESIAN_POINT ( 'NONE',  ( -3.942264973081032409, 0.7000000000000018430, -2.600000000000000089 ) ) ;
#97 = ORIENTED_EDGE ( 'NONE', *, *, #2498, .F. ) ;
#98 = ORIENTED_EDGE ( 'NONE', *, *, #2570, .F. ) ;
#99 = DIRECTION ( 'NONE',  ( 1.000000000000000000, 0.000000000000000000, 0.000000000000000000 ) ) ;
#100 = CARTESIAN_POINT ( 'NONE',  ( 2.200000000000000178, 3.699999999999999734, 1.600000000000000311 ) ) ;
#101 = DIRECTION ( 'NONE',  ( -0.000000000000000000, 0.000000000000000000, -1.000000000000000000 ) ) ;
#102 = DIRECTION ( 'NONE',  ( 1.000000000000000000, 0.000000000000000000, 0.000000000000000000 ) ) ;
#103 = CARTESIAN_POINT ( 'NONE',  ( 5.000000000000000000, 0.2999999999999998779, -1.899999999999999689 ) ) ;
#104 = AXIS2_PLACEMENT_3D ( 'NONE', #1899, #2922, #622 ) ;
#105 = EDGE_LOOP ( 'NONE', ( #2844, #676 ) ) ;
#106 = DIRECTION ( 'NONE',  ( 0.000000000000000000, -0.000000000000000000, -1.000000000000000000 ) ) ;
#107 = VECTOR ( 'NONE', #1231, 1000.000000000000000 ) ;
#108 = EDGE_CURVE ( 'NONE', #658, #1106, #2271, .T. ) ;
#109 = VERTEX_POINT ( 'NONE', #2782 ) ;
#110 = LINE ( 'NONE', #1937, #2463 ) ;
#111 = VECTOR ( 'NONE', #3018, 1000.000000000000000 ) ;
#112 = ORIENTED_EDGE ( 'NONE', *, *, #1866, .T. ) ;
#113 = CARTESIAN_POINT ( 'NONE',  ( -5.000000000000000000, 0.2999999999999998779, -1.899999999999999689 ) ) ;
#114 = DIRECTION ( 'NONE',  ( 0.000000000000000000, 0.000000000000000000, 1.000000000000000000 ) ) ;
#115 = ADVANCED_FACE ( 'NONE', ( #1511 ), #1028, .T. ) ;
#116 = VERTEX_POINT ( 'NONE', #3323 ) ;
#117 = LINE ( 'NONE', #1844, #2093 ) ;
#118 = CARTESIAN_POINT ( 'NONE',  ( 5.000000000000000000, 0.2999999999999998779, 1.899999999999999689 ) ) ;
#119 = CARTESIAN_POINT ( 'NONE',  ( -4.346410161513772685, 0.5999999999999998668, 2.600000000000000089 ) ) ;
#120 = DIRECTION ( 'NONE',  ( 1.000000000000000000, -3.614007241618349165E-15, 0.000000000000000000 ) ) ;
#121 = DIRECTION ( 'NONE',  ( 0.000000000000000000, 0.000000000000000000, -1.000000000000000000 ) ) ;
#122 = CIRCLE ( 'NONE', #2347, 0.5999999999999998668 ) ;
#123 = EDGE_CURVE ( 'NONE', #1399, #638, #3238, .T. ) ;
#124 = AXIS2_PLACEMENT_3D ( 'NONE', #4, #2053, #3310 ) ;
#125 = AXIS2_PLACEMENT_3D ( 'NONE', #643, #2181, #2694 ) ;
#126 = ORIENTED_EDGE ( 'NONE', *, *, #1864, .T. ) ;
#127 = CARTESIAN_POINT ( 'NONE',  ( -3.950000000000000178, 0.000000000000000000, 2.949999999999999734 ) ) ;
#128 = VECTOR ( 'NONE', #2946, 1000.000000000000000 ) ;
#129 = EDGE_LOOP ( 'NONE', ( #479, #1254, #2272, #2035 ) ) ;
#130 = DIRECTION ( 'NONE',  ( 0.000000000000000000, 0.000000000000000000, 1.000000000000000000 ) ) ;
#131 = ORIENTED_EDGE ( 'NONE', *, *, #89, .T. ) ;
#132 = DIRECTION ( 'NONE',  ( -0.000000000000000000, -1.000000000000000000, -0.000000000000000000 ) ) ;
#133 = DIRECTION ( 'NONE',  ( 0.000000000000000000, 0.000000000000000000, 1.000000000000000000 ) ) ;
#134 = EDGE_CURVE ( 'NONE', #1381, #153, #1809, .T. ) ;
#135 = ORIENTED_EDGE ( 'NONE', *, *, #1775, .F. ) ;
#136 = DIRECTION ( 'NONE',  ( 0.000000000000000000, 0.000000000000000000, 1.000000000000000000 ) ) ;
#137 = CARTESIAN_POINT ( 'NONE',  ( -3.950000000000000178, 0.000000000000000000, -2.949999999999999734 ) ) ;
#138 = DIRECTION ( 'NONE',  ( 0.5000000000000039968, 0.8660254037844363761, 0.000000000000000000 ) ) ;
#139 = EDGE_CURVE ( 'NONE', #2220, #404, #60, .T. ) ;
#140 = CARTESIAN_POINT ( 'NONE',  ( -3.682457351945701785, 0.5500000000000014877, 1.899999999999999689 ) ) ;
#141 = CARTESIAN_POINT ( 'NONE',  ( 0.000000000000000000, 4.049999999999999822, 0.000000000000000000 ) ) ;
#142 = AXIS2_PLACEMENT_3D ( 'NONE', #2429, #148, #2955 ) ;
#143 = DIRECTION ( 'NONE',  ( 0.000000000000000000, 1.000000000000000000, 0.000000000000000000 ) ) ;
#144 = CIRCLE ( 'NONE', #3206, 0.2999999999999999334 ) ;
#145 = VERTEX_POINT ( 'NONE', #2598 ) ;
#146 = CARTESIAN_POINT ( 'NONE',  ( -2.999999999999999112, 0.000000000000000000, 3.000000000000000000 ) ) ;
#147 = ORIENTED_EDGE ( 'NONE', *, *, #2371, .F. ) ;
#148 = DIRECTION ( 'NONE',  ( 0.000000000000000000, 0.000000000000000000, -1.000000000000000000 ) ) ;
#149 = ORIENTED_EDGE ( 'NONE', *, *, #539, .F. ) ;
#150 = CARTESIAN_POINT ( 'NONE',  ( -4.000000000000000000, 3.660526280069732294E-17, 2.600000000000000089 ) ) ;
#151 = ORIENTED_EDGE ( 'NONE', *, *, #2687, .T. ) ;
#152 = VERTEX_POINT ( 'NONE', #795 ) ;
#153 = VERTEX_POINT ( 'NONE', #2366 ) ;
#154 = CARTESIAN_POINT ( 'NONE',  ( 4.000000000000000000, 3.660526280069732294E-17, 2.600000000000000089 ) ) ;
#155 = CARTESIAN_POINT ( 'NONE',  ( -2.200000000000000178, 3.799999999999999378, 2.200000000000000178 ) ) ;
#156 = ADVANCED_FACE ( 'NONE', ( #302 ), #2125, .T. ) ;
#157 = CARTESIAN_POINT ( 'NONE',  ( 3.595854811567257947, 0.7000000000000000666, 2.600000000000000089 ) ) ;
#158 = CARTESIAN_POINT ( 'NONE',  ( 2.999999999999999112, 0.000000000000000000, -2.850000000000000089 ) ) ;
#159 = LINE ( 'NONE', #3277, #172 ) ;
#160 = LINE ( 'NONE', #1716, #73 ) ;
#161 = EDGE_CURVE ( 'NONE', #2940, #3189, #531, .T. ) ;
#162 = VERTEX_POINT ( 'NONE', #45 ) ;
#163 = CARTESIAN_POINT ( 'NONE',  ( 2.143131898507868297E-16, 3.500000000000000000, 1.750000000000000000 ) ) ;
#164 = ORIENTED_EDGE ( 'NONE', *, *, #2155, .T. ) ;
#165 = EDGE_LOOP ( 'NONE', ( #1546, #231, #3209, #625 ) ) ;
#166 = DIRECTION ( 'NONE',  ( 0.000000000000000000, 1.000000000000000000, 0.000000000000000000 ) ) ;
#167 = AXIS2_PLACEMENT_3D ( 'NONE', #374, #1404, #2390 ) ;
#168 = ORIENTED_EDGE ( 'NONE', *, *, #789, .T. ) ;
#169 = ORIENTED_EDGE ( 'NONE', *, *, #1088, .T. ) ;
#170 = EDGE_LOOP ( 'NONE', ( #2903, #661, #210, #2803 ) ) ;
#171 = DIRECTION ( 'NONE',  ( 0.000000000000000000, 0.000000000000000000, 1.000000000000000000 ) ) ;
#172 = VECTOR ( 'NONE', #2531, 1000.000000000000000 ) ;
#173 = CARTESIAN_POINT ( 'NONE',  ( -3.826794919243111881, 0.2999999999999976019, -2.600000000000000089 ) ) ;
#174 = EDGE_CURVE ( 'NONE', #1064, #3063, #3123, .T. ) ;
#175 = DIRECTION ( 'NONE',  ( 0.000000000000000000, 1.000000000000000000, 0.000000000000000000 ) ) ;
#176 = LINE ( 'NONE', #1460, #329 ) ;
#177 = AXIS2_PLACEMENT_3D ( 'NONE', #3335, #2537, #1761 ) ;
#178 = CARTESIAN_POINT ( 'NONE',  ( -2.999999999999999112, 0.000000000000000000, -2.850000000000000089 ) ) ;
#179 = DIRECTION ( 'NONE',  ( 1.000000000000000000, 0.000000000000000000, 0.000000000000000000 ) ) ;
#180 = EDGE_CURVE ( 'NONE', #3230, #1827, #1896, .T. ) ;
#181 = CIRCLE ( 'NONE', #2501, 1.750000000000000000 ) ;
#182 = COLOUR_RGB ( '',0.7921568627450980005, 0.8196078431372548767, 0.9333333333333333481 ) ;
#183 = ORIENTED_EDGE ( 'NONE', *, *, #2480, .F. ) ;
#184 = LINE ( 'NONE', #2517, #227 ) ;
#185 = EDGE_CURVE ( 'NONE', #460, #3012, #1045, .T. ) ;
#186 = AXIS2_PLACEMENT_3D ( 'NONE', #2528, #2966, #468 ) ;
#187 = CARTESIAN_POINT ( 'NONE',  ( 3.000000000000000000, 1.000000000000000000, -2.600000000000000089 ) ) ;
#188 = ORIENTED_EDGE ( 'NONE', *, *, #515, .F. ) ;
#189 = DIRECTION ( 'NONE',  ( 1.000000000000000000, 0.000000000000000000, 1.032573497605241978E-16 ) ) ;
#190 = CARTESIAN_POINT ( 'NONE',  ( 0.000000000000000000, 3.500000000000000000, -1.750000000000000000 ) ) ;
#191 = VECTOR ( 'NONE', #195, 1000.000000000000000 ) ;
#192 = ORIENTED_EDGE ( 'NONE', *, *, #1071, .T. ) ;
#193 = ORIENTED_EDGE ( 'NONE', *, *, #1512, .T. ) ;
#194 = CARTESIAN_POINT ( 'NONE',  ( 2.200000000000000178, 3.699999999999999734, 2.799999999999999822 ) ) ;
#195 = DIRECTION ( 'NONE',  ( 0.000000000000000000, 0.000000000000000000, 1.000000000000000000 ) ) ;
#196 = LINE ( 'NONE', #2491, #3088 ) ;
#197 = LINE ( 'NONE', #2208, #2008 ) ;
#198 = DIRECTION ( 'NONE',  ( 0.000000000000000000, 0.000000000000000000, -1.000000000000000000 ) ) ;
#199 = CARTESIAN_POINT ( 'NONE',  ( -4.086602540378441617, 0.4499999999999988454, 2.600000000000000089 ) ) ;
#200 = CIRCLE ( 'NONE', #2312, 0.1499999999999999667 ) ;
#201 = AXIS2_PLACEMENT_3D ( 'NONE', #2893, #2682, #875 ) ;
#202 = EDGE_CURVE ( 'NONE', #2536, #2484, #2583, .T. ) ;
#203 = EDGE_LOOP ( 'NONE', ( #1992, #966, #1961, #3211 ) ) ;
#204 = LINE ( 'NONE', #3007, #1193 ) ;
#205 = CARTESIAN_POINT ( 'NONE',  ( 8.050000000000000711, -0.1000000000000000056, 4.950000000000000178 ) ) ;
#206 = VERTEX_POINT ( 'NONE', #2108 ) ;
#207 = PLANE ( 'NONE',  #3179 ) ;
#208 = EDGE_CURVE ( 'NONE', #257, #977, #1146, .T. ) ;
#209 = VERTEX_POINT ( 'NONE', #807 ) ;
#210 = ORIENTED_EDGE ( 'NONE', *, *, #1600, .F. ) ;
#211 = CARTESIAN_POINT ( 'NONE',  ( -4.346410161513773573, -1.026174408560027516E-17, 2.600000000000000089 ) ) ;
#212 = CARTESIAN_POINT ( 'NONE',  ( 5.000000000000000000, -9.868813240888313712E-17, -2.600000000000000089 ) ) ;
#213 = DIRECTION ( 'NONE',  ( 0.000000000000000000, -0.000000000000000000, -1.000000000000000000 ) ) ;
#214 = CARTESIAN_POINT ( 'NONE',  ( 6.049999999999999822, -0.1000000000000000056, 2.949999999999999734 ) ) ;
#215 = ORIENTED_EDGE ( 'NONE', *, *, #2059, .F. ) ;
#216 = CARTESIAN_POINT ( 'NONE',  ( -5.000000000000000000, 0.2999999999999998779, -1.899999999999999689 ) ) ;
#217 = DIRECTION ( 'NONE',  ( 0.000000000000000000, -0.000000000000000000, 1.000000000000000000 ) ) ;
#218 = ORIENTED_EDGE ( 'NONE', *, *, #1831, .F. ) ;
#219 = DIRECTION ( 'NONE',  ( -1.224646799147353947E-16, 0.000000000000000000, -1.000000000000000000 ) ) ;
#220 = VERTEX_POINT ( 'NONE', #3124 ) ;
#221 = DIRECTION ( 'NONE',  ( 0.000000000000000000, 1.000000000000000000, 0.000000000000000000 ) ) ;
#222 = EDGE_CURVE ( 'NONE', #2520, #1234, #2013, .T. ) ;
#223 = ORIENTED_EDGE ( 'NONE', *, *, #1375, .T. ) ;
#224 = ORIENTED_EDGE ( 'NONE', *, *, #361, .F. ) ;
#225 = DIRECTION ( 'NONE',  ( 0.000000000000000000, 0.000000000000000000, -1.000000000000000000 ) ) ;
#226 = CARTESIAN_POINT ( 'NONE',  ( 2.999999999999999556, 0.000000000000000000, 1.899999999999999911 ) ) ;
#227 = VECTOR ( 'NONE', #1788, 1000.000000000000000 ) ;
#228 = CARTESIAN_POINT ( 'NONE',  ( 5.000000000000000000, 0.000000000000000000, 1.899999999999999689 ) ) ;
#229 = ADVANCED_FACE ( 'NONE', ( #3108 ), #823, .T. ) ;
#230 = VECTOR ( 'NONE', #1800, 1000.000000000000000 ) ;
#231 = ORIENTED_EDGE ( 'NONE', *, *, #1479, .T. ) ;
#232 = CARTESIAN_POINT ( 'NONE',  ( 2.200000000000000178, 3.699999999999999734, -2.200000000000000178 ) ) ;
#233 = CARTESIAN_POINT ( 'NONE',  ( -5.000000000000000000, 0.2999999999999998779, -2.600000000000000089 ) ) ;
#234 = VECTOR ( 'NONE', #1586, 1000.000000000000000 ) ;
#235 = EDGE_CURVE ( 'NONE', #1651, #1920, #1852, .T. ) ;
#236 = VECTOR ( 'NONE', #2658, 1000.000000000000000 ) ;
#237 = EDGE_LOOP ( 'NONE', ( #1633, #1467, #991, #1722 ) ) ;
#238 = DIRECTION ( 'NONE',  ( 0.000000000000000000, -1.000000000000000000, 0.000000000000000000 ) ) ;
#239 = CARTESIAN_POINT ( 'NONE',  ( -5.000000000000000000, -9.868813240888313712E-17, 2.600000000000000089 ) ) ;
#240 = ORIENTED_EDGE ( 'NONE', *, *, #2378, .F. ) ;
#241 = CARTESIAN_POINT ( 'NONE',  ( 4.346410161513773573, 0.5999999999999999778, -2.600000000000000089 ) ) ;
#242 = AXIS2_PLACEMENT_3D ( 'NONE', #299, #1803, #1073 ) ;
#243 = ORIENTED_EDGE ( 'NONE', *, *, #1069, .F. ) ;
#244 = CARTESIAN_POINT ( 'NONE',  ( -5.000000000000000000, 0.000000000000000000, -1.899999999999999689 ) ) ;
#245 = CARTESIAN_POINT ( 'NONE',  ( 3.769059892324144290, 1.000000000000000000, -1.899999999999999689 ) ) ;
#246 = CIRCLE ( 'NONE', #2714, 0.5999999999999998668 ) ;
#247 = LINE ( 'NONE', #1003, #941 ) ;
#248 = EDGE_CURVE ( 'NONE', #2681, #1230, #839, .T. ) ;
#249 = AXIS2_PLACEMENT_3D ( 'NONE', #2451, #1398, #1200 ) ;
#250 = ORIENTED_EDGE ( 'NONE', *, *, #739, .F. ) ;
#251 = CARTESIAN_POINT ( 'NONE',  ( -2.999999999999999556, 0.7000000000000000666, 1.899999999999999911 ) ) ;
#252 = ADVANCED_FACE ( 'NONE', ( #2874 ), #1613, .T. ) ;
#253 = DIRECTION ( 'NONE',  ( -0.000000000000000000, -1.000000000000000000, -0.000000000000000000 ) ) ;
#254 = CARTESIAN_POINT ( 'NONE',  ( 6.049999999999999822, -0.1000000000000000056, -1.550000000000000044 ) ) ;
#255 = CIRCLE ( 'NONE', #2138, 0.4999999999999995559 ) ;
#256 = VECTOR ( 'NONE', #2794, 1000.000000000000000 ) ;
#257 = VERTEX_POINT ( 'NONE', #333 ) ;
#258 = DIRECTION ( 'NONE',  ( 0.000000000000000000, 0.000000000000000000, -1.000000000000000000 ) ) ;
#259 = ORIENTED_EDGE ( 'NONE', *, *, #1171, .T. ) ;
#260 = LINE ( 'NONE', #1016, #3070 ) ;
#261 = CARTESIAN_POINT ( 'NONE',  ( -6.049999999999999822, 0.000000000000000000, -1.550000000000000044 ) ) ;
#262 = DIRECTION ( 'NONE',  ( 0.000000000000000000, 1.000000000000000000, 0.000000000000000000 ) ) ;
#263 = ORIENTED_EDGE ( 'NONE', *, *, #2320, .T. ) ;
#264 = CARTESIAN_POINT ( 'NONE',  ( -6.049999999999999822, -0.1000000000000000056, 1.550000000000000044 ) ) ;
#265 = FACE_OUTER_BOUND ( 'NONE', #2576, .T. ) ;
#266 = ADVANCED_FACE ( 'NONE', ( #2096 ), #1836, .T. ) ;
#267 = CARTESIAN_POINT ( 'NONE',  ( -4.346410161513773573, 0.5999999999999999778, 1.899999999999999689 ) ) ;
#268 = VERTEX_POINT ( 'NONE', #1360 ) ;
#269 = CARTESIAN_POINT ( 'NONE',  ( -6.049999999999999822, -0.1000000000000000056, 2.949999999999999734 ) ) ;
#270 = VERTEX_POINT ( 'NONE', #2395 ) ;
#271 = CARTESIAN_POINT ( 'NONE',  ( -3.422649730810370716, 0.7000000000000000666, -1.899999999999999689 ) ) ;
#272 = CARTESIAN_POINT ( 'NONE',  ( 2.200000000000000178, 3.699999999999999734, 2.200000000000000178 ) ) ;
#273 = ORIENTED_EDGE ( 'NONE', *, *, #2616, .F. ) ;
#274 = CARTESIAN_POINT ( 'NONE',  ( -4.346410161513773573, -1.026174408560027516E-17, -2.600000000000000089 ) ) ;
#275 = VECTOR ( 'NONE', #2816, 1000.000000000000000 ) ;
#276 = ORIENTED_EDGE ( 'NONE', *, *, #2652, .F. ) ;
#277 = CARTESIAN_POINT ( 'NONE',  ( -3.422649730810370716, 0.7000000000000000666, -2.600000000000000089 ) ) ;
#278 = EDGE_CURVE ( 'NONE', #3107, #3128, #76, .T. ) ;
#279 = CARTESIAN_POINT ( 'NONE',  ( 2.200000000000000178, 3.499999999999999556, 1.600000000000000311 ) ) ;
#280 = DIRECTION ( 'NONE',  ( 0.000000000000000000, -1.000000000000000000, 0.000000000000000000 ) ) ;
#281 = CIRCLE ( 'NONE', #978, 0.5999999999999998668 ) ;
#282 = ADVANCED_FACE ( 'NONE', ( #561 ), #2939, .F. ) ;
#283 = AXIS2_PLACEMENT_3D ( 'NONE', #2552, #1235, #3302 ) ;
#284 = EDGE_CURVE ( 'NONE', #798, #2212, #3190, .T. ) ;
#285 = ORIENTED_EDGE ( 'NONE', *, *, #2593, .T. ) ;
#286 = DIRECTION ( 'NONE',  ( 1.000000000000000000, 0.000000000000000000, 0.000000000000000000 ) ) ;
#287 = EDGE_LOOP ( 'NONE', ( #2613, #2596, #1585, #126 ) ) ;
#288 = DIRECTION ( 'NONE',  ( 0.8660254037844363761, -0.5000000000000038858, 0.000000000000000000 ) ) ;
#289 = CARTESIAN_POINT ( 'NONE',  ( 5.000000000000000000, 0.2999999999999998779, -2.600000000000000089 ) ) ;
#290 = ORIENTED_EDGE ( 'NONE', *, *, #3152, .T. ) ;
#291 = CARTESIAN_POINT ( 'NONE',  ( -3.950000000000000178, -0.1000000000000000056, 1.550000000000000044 ) ) ;
#292 = ORIENTED_EDGE ( 'NONE', *, *, #2664, .T. ) ;
#293 = LINE ( 'NONE', #1578, #230 ) ;
#294 = AXIS2_PLACEMENT_3D ( 'NONE', #2753, #175, #2263 ) ;
#295 = AXIS2_PLACEMENT_3D ( 'NONE', #958, #1949, #2266 ) ;
#296 = DIRECTION ( 'NONE',  ( 1.000000000000000000, 0.000000000000000000, 0.000000000000000000 ) ) ;
#297 = DIRECTION ( 'NONE',  ( 0.000000000000000000, 0.000000000000000000, 1.000000000000000000 ) ) ;
#298 = AXIS2_PLACEMENT_3D ( 'NONE', #3182, #428, #1186 ) ;
#299 = CARTESIAN_POINT ( 'NONE',  ( -3.769059892324144290, 1.000000000000000000, -2.600000000000000089 ) ) ;
#300 = EDGE_CURVE ( 'NONE', #830, #920, #363, .T. ) ;
#301 = ORIENTED_EDGE ( 'NONE', *, *, #1150, .T. ) ;
#302 = FACE_OUTER_BOUND ( 'NONE', #2646, .T. ) ;
#303 = ORIENTED_EDGE ( 'NONE', *, *, #2375, .T. ) ;
#304 = AXIS2_PLACEMENT_3D ( 'NONE', #272, #2340, #47 ) ;
#305 = DIRECTION ( 'NONE',  ( 0.000000000000000000, -0.000000000000000000, 1.000000000000000000 ) ) ;
#306 = EDGE_CURVE ( 'NONE', #907, #1379, #885, .T. ) ;
#307 = ORIENTED_EDGE ( 'NONE', *, *, #2936, .T. ) ;
#308 = DIRECTION ( 'NONE',  ( 0.000000000000000000, 1.000000000000000000, 0.000000000000000000 ) ) ;
#309 = ORIENTED_EDGE ( 'NONE', *, *, #1772, .T. ) ;
#310 = CARTESIAN_POINT ( 'NONE',  ( -5.000000000000000000, -9.868813240888313712E-17, -2.600000000000000089 ) ) ;
#311 = DIRECTION ( 'NONE',  ( 1.000000000000000000, 0.000000000000000000, 0.000000000000000000 ) ) ;
#312 = DIRECTION ( 'NONE',  ( -0.000000000000000000, -1.000000000000000000, -0.000000000000000000 ) ) ;
#313 = ADVANCED_FACE ( 'NONE', ( #400 ), #1122, .T. ) ;
#314 = CARTESIAN_POINT ( 'NONE',  ( -5.000000000000000000, 0.2999999999999998779, 2.600000000000000089 ) ) ;
#315 = EDGE_CURVE ( 'NONE', #1029, #1472, #2176, .T. ) ;
#316 = CARTESIAN_POINT ( 'NONE',  ( -6.049999999999999822, -0.1000000000000000056, 1.550000000000000044 ) ) ;
#317 = ORIENTED_EDGE ( 'NONE', *, *, #575, .F. ) ;
#318 = CARTESIAN_POINT ( 'NONE',  ( 0.000000000000000000, -1.699999999999999956, 0.000000000000000000 ) ) ;
#319 = ORIENTED_EDGE ( 'NONE', *, *, #3021, .F. ) ;
#320 = CARTESIAN_POINT ( 'NONE',  ( -3.826794919243111881, 0.2999999999999976574, -2.600000000000000089 ) ) ;
#321 = EDGE_CURVE ( 'NONE', #1166, #1060, #902, .T. ) ;
#322 = VERTEX_POINT ( 'NONE', #2154 ) ;
#323 = LINE ( 'NONE', #2864, #1555 ) ;
#324 = DIRECTION ( 'NONE',  ( 0.000000000000000000, 0.000000000000000000, 1.000000000000000000 ) ) ;
#325 = EDGE_CURVE ( 'NONE', #1827, #2380, #3126, .T. ) ;
#326 = DIRECTION ( 'NONE',  ( 0.000000000000000000, 0.000000000000000000, 1.000000000000000000 ) ) ;
#327 = DIRECTION ( 'NONE',  ( 0.000000000000000000, 1.000000000000000000, 0.000000000000000000 ) ) ;
#328 = EDGE_CURVE ( 'NONE', #1027, #1645, #2232, .T. ) ;
#329 = VECTOR ( 'NONE', #914, 1000.000000000000000 ) ;
#330 = VECTOR ( 'NONE', #2492, 1000.000000000000000 ) ;
#331 = ORIENTED_EDGE ( 'NONE', *, *, #3317, .T. ) ;
#332 = AXIS2_PLACEMENT_3D ( 'NONE', #3140, #1300, #1558 ) ;
#333 = CARTESIAN_POINT ( 'NONE',  ( 2.999999999999999556, 1.000000000000000000, -2.600000000000000533 ) ) ;
#334 = ORIENTED_EDGE ( 'NONE', *, *, #976, .T. ) ;
#335 = DIRECTION ( 'NONE',  ( 0.000000000000000000, 0.000000000000000000, -1.000000000000000000 ) ) ;
#336 = ORIENTED_EDGE ( 'NONE', *, *, #1285, .F. ) ;
#337 = CARTESIAN_POINT ( 'NONE',  ( 3.769059892324144290, 0.9999999999999997780, 1.899999999999999689 ) ) ;
#338 = ORIENTED_EDGE ( 'NONE', *, *, #1491, .F. ) ;
#339 = DIRECTION ( 'NONE',  ( -1.000000000000000000, 0.000000000000000000, 0.000000000000000000 ) ) ;
#340 = EDGE_CURVE ( 'NONE', #2341, #2680, #1919, .T. ) ;
#341 = DIRECTION ( 'NONE',  ( -1.032573497605241978E-16, -0.000000000000000000, 1.000000000000000000 ) ) ;
#342 = FACE_OUTER_BOUND ( 'NONE', #2499, .T. ) ;
#343 = LINE ( 'NONE', #635, #1407 ) ;
#344 = VECTOR ( 'NONE', #2515, 1000.000000000000000 ) ;
#345 = EDGE_CURVE ( 'NONE', #3230, #109, #1259, .T. ) ;
#346 = VECTOR ( 'NONE', #613, 1000.000000000000000 ) ;
#347 = ORIENTED_EDGE ( 'NONE', *, *, #1582, .F. ) ;
#348 = DIRECTION ( 'NONE',  ( 0.000000000000000000, -0.000000000000000000, -1.000000000000000000 ) ) ;
#349 = VERTEX_POINT ( 'NONE', #1698 ) ;
#350 = CARTESIAN_POINT ( 'NONE',  ( 0.000000000000000000, 4.065594571538794888, -1.714650339278825042 ) ) ;
#351 = ORIENTED_EDGE ( 'NONE', *, *, #1006, .T. ) ;
#352 = DIRECTION ( 'NONE',  ( -1.000000000000000000, 0.000000000000000000, 1.032573497605241978E-16 ) ) ;
#353 = VECTOR ( 'NONE', #659, 1000.000000000000000 ) ;
#354 = ORIENTED_EDGE ( 'NONE', *, *, #1869, .F. ) ;
#355 = DIRECTION ( 'NONE',  ( 0.000000000000000000, 1.000000000000000000, 0.000000000000000000 ) ) ;
#356 = CARTESIAN_POINT ( 'NONE',  ( 3.000000000000000000, 1.000000000000000000, -2.600000000000000089 ) ) ;
#357 = LINE ( 'NONE', #1596, #880 ) ;
#358 = CARTESIAN_POINT ( 'NONE',  ( -3.422649730810370716, 0.7000000000000000666, 1.899999999999999689 ) ) ;
#359 = FACE_OUTER_BOUND ( 'NONE', #48, .T. ) ;
#360 = EDGE_CURVE ( 'NONE', #2182, #116, #2689, .T. ) ;
#361 = EDGE_CURVE ( 'NONE', #2733, #145, #602, .T. ) ;
#362 = ORIENTED_EDGE ( 'NONE', *, *, #521, .T. ) ;
#363 = LINE ( 'NONE', #677, #388 ) ;
#364 = ORIENTED_EDGE ( 'NONE', *, *, #528, .F. ) ;
#365 = CARTESIAN_POINT ( 'NONE',  ( 3.682457351945701785, 0.5500000000000013767, -2.600000000000000089 ) ) ;
#366 = EDGE_CURVE ( 'NONE', #2982, #3130, #1449, .T. ) ;
#367 = ORIENTED_EDGE ( 'NONE', *, *, #55, .T. ) ;
#368 = LINE ( 'NONE', #113, #833 ) ;
#369 = ORIENTED_EDGE ( 'NONE', *, *, #420, .T. ) ;
#370 = ORIENTED_EDGE ( 'NONE', *, *, #1319, .F. ) ;
#371 = CARTESIAN_POINT ( 'NONE',  ( -2.200000000000000178, 3.699999999999999734, 1.700000000000000622 ) ) ;
#372 = DIRECTION ( 'NONE',  ( 0.000000000000000000, 1.000000000000000000, 0.000000000000000000 ) ) ;
#373 = PLANE ( 'NONE',  #2179 ) ;
#374 = CARTESIAN_POINT ( 'NONE',  ( 2.200000000000000178, 3.799999999999999378, -2.200000000000000178 ) ) ;
#375 = FACE_OUTER_BOUND ( 'NONE', #1266, .T. ) ;
#376 = PRODUCT ( 'LSH-1301.9314.24', 'LSH-1301.9314.24', '', ( #1739 ) ) ;
#377 = AXIS2_PLACEMENT_3D ( 'NONE', #1267, #1758, #219 ) ;
#378 = EDGE_CURVE ( 'NONE', #1664, #2411, #655, .T. ) ;
#379 = VERTEX_POINT ( 'NONE', #163 ) ;
#380 = DIRECTION ( 'NONE',  ( -1.000000000000000000, 0.000000000000000000, 1.077467997501121956E-16 ) ) ;
#381 = VECTOR ( 'NONE', #1878, 1000.000000000000000 ) ;
#382 = VERTEX_POINT ( 'NONE', #1680 ) ;
#383 = LINE ( 'NONE', #2924, #3321 ) ;
#384 = EDGE_CURVE ( 'NONE', #2341, #75, #1393, .T. ) ;
#385 = ORIENTED_EDGE ( 'NONE', *, *, #1887, .F. ) ;
#386 = CARTESIAN_POINT ( 'NONE',  ( 0.000000000000000000, 4.065594571538794888, 0.000000000000000000 ) ) ;
#387 = ORIENTED_EDGE ( 'NONE', *, *, #1333, .T. ) ;
#388 = VECTOR ( 'NONE', #1140, 999.9999999999998863 ) ;
#389 = ORIENTED_EDGE ( 'NONE', *, *, #453, .F. ) ;
#390 = FACE_OUTER_BOUND ( 'NONE', #1176, .T. ) ;
#391 = LINE ( 'NONE', #2683, #1156 ) ;
#392 = DIRECTION ( 'NONE',  ( 0.000000000000000000, 0.000000000000000000, -1.000000000000000000 ) ) ;
#393 = DIRECTION ( 'NONE',  ( 0.000000000000000000, 1.000000000000000000, 0.000000000000000000 ) ) ;
#394 = LINE ( 'NONE', #2005, #3175 ) ;
#395 = PLANE ( 'NONE',  #2718 ) ;
#396 = AXIS2_PLACEMENT_3D ( 'NONE', #3092, #1023, #44 ) ;
#397 = AXIS2_PLACEMENT_3D ( 'NONE', #2543, #2575, #1798 ) ;
#398 = AXIS2_PLACEMENT_3D ( 'NONE', #708, #217, #179 ) ;
#399 = EDGE_LOOP ( 'NONE', ( #855, #319, #2201, #3160 ) ) ;
#400 = FACE_OUTER_BOUND ( 'NONE', #16, .T. ) ;
#401 = ORIENTED_EDGE ( 'NONE', *, *, #1071, .F. ) ;
#402 = EDGE_CURVE ( 'NONE', #75, #1055, #2642, .T. ) ;
#403 = FACE_OUTER_BOUND ( 'NONE', #1995, .T. ) ;
#404 = VERTEX_POINT ( 'NONE', #606 ) ;
#405 = DIRECTION ( 'NONE',  ( 1.445602896647339706E-15, 1.000000000000000000, -0.000000000000000000 ) ) ;
#406 = ORIENTED_EDGE ( 'NONE', *, *, #657, .T. ) ;
#407 = VERTEX_POINT ( 'NONE', #1431 ) ;
#408 = VERTEX_POINT ( 'NONE', #2412 ) ;
#409 =( NAMED_UNIT ( * ) SI_UNIT ( $, .STERADIAN. ) SOLID_ANGLE_UNIT ( ) );
#410 = CYLINDRICAL_SURFACE ( 'NONE', #1593, 0.5999999999999998668 ) ;
#411 = EDGE_CURVE ( 'NONE', #1324, #1684, #2902, .T. ) ;
#412 = PLANE ( 'NONE',  #2124 ) ;
#413 = DIRECTION ( 'NONE',  ( -1.000000000000000000, 0.000000000000000000, -2.065146995210484941E-16 ) ) ;
#414 = DIRECTION ( 'NONE',  ( -1.000000000000000000, 0.000000000000000000, 2.065146995210484941E-16 ) ) ;
#415 = CONICAL_SURFACE ( 'NONE', #1284, 1.750000000000000000, 0.06241880999595806473 ) ;
#416 = CARTESIAN_POINT ( 'NONE',  ( 3.950000000000000178, -0.1000000000000000056, -2.949999999999999734 ) ) ;
#417 = EDGE_LOOP ( 'NONE', ( #2584, #3143, #192, #3207 ) ) ;
#418 = DIRECTION ( 'NONE',  ( 0.000000000000000000, 0.000000000000000000, 1.000000000000000000 ) ) ;
#419 = VERTEX_POINT ( 'NONE', #1508 ) ;
#420 = EDGE_CURVE ( 'NONE', #1654, #1502, #204, .T. ) ;
#421 = CARTESIAN_POINT ( 'NONE',  ( 3.422649730810370716, 0.7000000000000000666, 2.600000000000000089 ) ) ;
#422 = ORIENTED_EDGE ( 'NONE', *, *, #3203, .T. ) ;
#423 = LINE ( 'NONE', #150, #675 ) ;
#424 = ORIENTED_EDGE ( 'NONE', *, *, #3241, .F. ) ;
#425 = VERTEX_POINT ( 'NONE', #2253 ) ;
#426 = VERTEX_POINT ( 'NONE', #475 ) ;
#427 = CARTESIAN_POINT ( 'NONE',  ( 3.950000000000000178, -0.1000000000000000056, -2.949999999999999734 ) ) ;
#428 = DIRECTION ( 'NONE',  ( -0.000000000000000000, -1.000000000000000000, -0.000000000000000000 ) ) ;
#429 = CARTESIAN_POINT ( 'NONE',  ( 3.682457351945701785, 0.5500000000000013767, 1.899999999999999689 ) ) ;
#430 = EDGE_CURVE ( 'NONE', #1941, #1130, #2225, .T. ) ;
#431 = CARTESIAN_POINT ( 'NONE',  ( 3.826794919243111881, 0.2999999999999976019, -2.600000000000000089 ) ) ;
#432 = CARTESIAN_POINT ( 'NONE',  ( 6.049999999999999822, -0.1000000000000000056, -2.949999999999999734 ) ) ;
#433 = EDGE_CURVE ( 'NONE', #2828, #419, #3264, .T. ) ;
#434 = DIRECTION ( 'NONE',  ( 0.000000000000000000, 0.000000000000000000, 1.000000000000000000 ) ) ;
#435 = ADVANCED_FACE ( 'NONE', ( #1215, #1719 ), #1247, .F. ) ;
#436 = ORIENTED_EDGE ( 'NONE', *, *, #576, .T. ) ;
#437 = CARTESIAN_POINT ( 'NONE',  ( 4.346410161513773573, 0.5999999999999999778, 2.600000000000000089 ) ) ;
#438 = VECTOR ( 'NONE', #2036, 1000.000000000000000 ) ;
#439 = ORIENTED_EDGE ( 'NONE', *, *, #854, .T. ) ;
#440 = DIRECTION ( 'NONE',  ( 0.000000000000000000, 1.000000000000000000, 0.000000000000000000 ) ) ;
#441 = VECTOR ( 'NONE', #639, 1000.000000000000000 ) ;
#442 = CARTESIAN_POINT ( 'NONE',  ( 3.595854811567257947, 0.7000000000000000666, -2.600000000000000089 ) ) ;
#443 = VERTEX_POINT ( 'NONE', #1012 ) ;
#444 = EDGE_LOOP ( 'NONE', ( #215, #2086, #1589, #2530 ) ) ;
#445 = FACE_OUTER_BOUND ( 'NONE', #1336, .T. ) ;
#446 = VECTOR ( 'NONE', #414, 1000.000000000000000 ) ;
#447 = CARTESIAN_POINT ( 'NONE',  ( -2.999999999999999556, 1.000000000000000000, -1.899999999999999911 ) ) ;
#448 = DIRECTION ( 'NONE',  ( 1.000000000000000000, -0.000000000000000000, -0.000000000000000000 ) ) ;
#449 = CARTESIAN_POINT ( 'NONE',  ( 3.950000000000000178, 0.000000000000000000, -2.949999999999999734 ) ) ;
#450 = AXIS2_PLACEMENT_3D ( 'NONE', #442, #2765, #1793 ) ;
#451 = DIRECTION ( 'NONE',  ( -1.000000000000000000, 0.000000000000000000, 0.000000000000000000 ) ) ;
#452 = EDGE_CURVE ( 'NONE', #872, #2045, #2761, .T. ) ;
#453 = EDGE_CURVE ( 'NONE', #986, #1345, #1468, .T. ) ;
#454 = CARTESIAN_POINT ( 'NONE',  ( 3.422649730810370716, 0.4000000000000001332, -2.600000000000000089 ) ) ;
#455 = EDGE_CURVE ( 'NONE', #349, #2278, #1993, .T. ) ;
#456 = VERTEX_POINT ( 'NONE', #2744 ) ;
#457 = DIRECTION ( 'NONE',  ( -1.000000000000000000, 9.035018104045872913E-16, 0.000000000000000000 ) ) ;
#458 = VECTOR ( 'NONE', #2074, 1000.000000000000000 ) ;
#459 = AXIS2_PLACEMENT_3D ( 'NONE', #8, #1580, #3056 ) ;
#460 = VERTEX_POINT ( 'NONE', #490 ) ;
#461 = DIRECTION ( 'NONE',  ( 0.000000000000000000, 0.000000000000000000, 1.000000000000000000 ) ) ;
#462 = LINE ( 'NONE', #964, #1471 ) ;
#463 = CIRCLE ( 'NONE', #27, 0.5999999999999998668 ) ;
#464 = ORIENTED_EDGE ( 'NONE', *, *, #2174, .T. ) ;
#465 = ORIENTED_EDGE ( 'NONE', *, *, #1142, .F. ) ;
#466 = DIRECTION ( 'NONE',  ( 0.000000000000000000, 1.000000000000000000, 0.000000000000000000 ) ) ;
#467 = CARTESIAN_POINT ( 'NONE',  ( 2.999999999999999556, 1.000000000000000000, 1.899999999999999911 ) ) ;
#468 = DIRECTION ( 'NONE',  ( 0.000000000000000000, 0.000000000000000000, 1.000000000000000000 ) ) ;
#469 = CARTESIAN_POINT ( 'NONE',  ( -5.000000000000000000, 0.2999999999999998779, -2.600000000000000089 ) ) ;
#470 = ORIENTED_EDGE ( 'NONE', *, *, #1032, .T. ) ;
#471 = DIRECTION ( 'NONE',  ( 0.000000000000000000, 1.000000000000000000, 0.000000000000000000 ) ) ;
#472 = AXIS2_PLACEMENT_3D ( 'NONE', #1875, #1608, #2373 ) ;
#473 = EDGE_CURVE ( 'NONE', #425, #209, #1082, .T. ) ;
#474 = ORIENTED_EDGE ( 'NONE', *, *, #491, .T. ) ;
#475 = CARTESIAN_POINT ( 'NONE',  ( -3.000000000000000000, 1.000000000000000000, -2.600000000000000089 ) ) ;
#476 = SHAPE_DEFINITION_REPRESENTATION ( #598, #2172 ) ;
#477 = EDGE_CURVE ( 'NONE', #349, #1199, #3299, .T. ) ;
#478 = EDGE_CURVE ( 'NONE', #1166, #2549, #2534, .T. ) ;
#479 = ORIENTED_EDGE ( 'NONE', *, *, #3152, .F. ) ;
#480 = FACE_OUTER_BOUND ( 'NONE', #1741, .T. ) ;
#481 = EDGE_LOOP ( 'NONE', ( #1570, #1448, #1, #2070 ) ) ;
#482 = ORIENTED_EDGE ( 'NONE', *, *, #328, .F. ) ;
#483 = CARTESIAN_POINT ( 'NONE',  ( 2.200000000000000178, 3.499999999999999556, -1.600000000000000311 ) ) ;
#484 = DIRECTION ( 'NONE',  ( 0.000000000000000000, 0.000000000000000000, -1.000000000000000000 ) ) ;
#485 = DIRECTION ( 'NONE',  ( 0.000000000000000000, -0.000000000000000000, 1.000000000000000000 ) ) ;
#486 = ORIENTED_EDGE ( 'NONE', *, *, #2690, .F. ) ;
#487 = CARTESIAN_POINT ( 'NONE',  ( 8.050000000000000711, -1.699999999999999956, 4.950000000000000178 ) ) ;
#488 = CARTESIAN_POINT ( 'NONE',  ( -5.000000000000000000, 0.2999999999999998779, -1.899999999999999689 ) ) ;
#489 = ORIENTED_EDGE ( 'NONE', *, *, #1831, .T. ) ;
#490 = CARTESIAN_POINT ( 'NONE',  ( 5.000000000000000000, 0.2999999999999998779, 2.600000000000000089 ) ) ;
#491 = EDGE_CURVE ( 'NONE', #2338, #1941, #1524, .T. ) ;
#492 =( LENGTH_UNIT ( ) NAMED_UNIT ( * ) SI_UNIT ( .MILLI., .METRE. ) );
#493 = ORIENTED_EDGE ( 'NONE', *, *, #2837, .F. ) ;
#494 = FACE_OUTER_BOUND ( 'NONE', #1594, .T. ) ;
#495 = EDGE_LOOP ( 'NONE', ( #2152, #2696, #2064, #1678 ) ) ;
#496 = VERTEX_POINT ( 'NONE', #1490 ) ;
#497 = CARTESIAN_POINT ( 'NONE',  ( -6.049999999999999822, 0.000000000000000000, 1.550000000000000044 ) ) ;
#498 = PRODUCT_DEFINITION ( 'UNKNOWN', '', #2624, #1465 ) ;
#499 = FACE_OUTER_BOUND ( 'NONE', #611, .T. ) ;
#500 = AXIS2_PLACEMENT_3D ( 'NONE', #956, #393, #3201 ) ;
#501 = CARTESIAN_POINT ( 'NONE',  ( 2.850000000000000089, 3.499999999999999556, 3.000000000000000000 ) ) ;
#502 = AXIS2_PLACEMENT_3D ( 'NONE', #2513, #670, #1208 ) ;
#503 = EDGE_LOOP ( 'NONE', ( #2648, #1530, #1127, #2446 ) ) ;
#504 = DIRECTION ( 'NONE',  ( 2.065146995210484941E-16, 0.000000000000000000, -1.000000000000000000 ) ) ;
#505 = DIRECTION ( 'NONE',  ( 0.8660254037844363761, 0.5000000000000038858, -0.000000000000000000 ) ) ;
#506 = AXIS2_PLACEMENT_3D ( 'NONE', #2796, #2033, #2569 ) ;
#507 = FACE_OUTER_BOUND ( 'NONE', #2767, .T. ) ;
#508 = AXIS2_PLACEMENT_3D ( 'NONE', #1833, #805, #541 ) ;
#509 = DIRECTION ( 'NONE',  ( 0.000000000000000000, 1.000000000000000000, 0.000000000000000000 ) ) ;
#510 = AXIS2_PLACEMENT_3D ( 'NONE', #2721, #3255, #2455 ) ;
#511 = EDGE_LOOP ( 'NONE', ( #931, #1456, #2016, #1004 ) ) ;
#512 = CARTESIAN_POINT ( 'NONE',  ( 6.049999999999999822, 0.000000000000000000, 1.550000000000000044 ) ) ;
#513 = APPLICATION_CONTEXT ( 'automotive_design' ) ;
#514 = AXIS2_PLACEMENT_3D ( 'NONE', #2317, #2346, #1264 ) ;
#515 = EDGE_CURVE ( 'NONE', #456, #3231, #552, .T. ) ;
#516 = VERTEX_POINT ( 'NONE', #2779 ) ;
#517 = CARTESIAN_POINT ( 'NONE',  ( -2.849999999999999201, 0.000000000000000000, 2.850000000000000089 ) ) ;
#518 = LINE ( 'NONE', #467, #1323 ) ;
#519 = AXIS2_PLACEMENT_3D ( 'NONE', #1337, #3129, #1873 ) ;
#521 = EDGE_CURVE ( 'NONE', #2034, #1660, #184, .T. ) ;
#520 = CARTESIAN_POINT ( 'NONE',  ( -3.000000000000000000, 1.000000000000000000, 2.600000000000000089 ) ) ;
#522 = VECTOR ( 'NONE', #405, 1000.000000000000000 ) ;
#523 = EDGE_CURVE ( 'NONE', #2792, #2599, #2810, .T. ) ;
#524 = ORIENTED_EDGE ( 'NONE', *, *, #3283, .F. ) ;
#525 = CARTESIAN_POINT ( 'NONE',  ( 2.200000000000000178, 3.499999999999999556, -2.799999999999999822 ) ) ;
#526 = LINE ( 'NONE', #3073, #2656 ) ;
#527 = CARTESIAN_POINT ( 'NONE',  ( 4.086602540378442505, 0.4499999999999986788, -1.899999999999999689 ) ) ;
#528 = EDGE_CURVE ( 'NONE', #2162, #1645, #3026, .T. ) ;
#529 = VECTOR ( 'NONE', #2631, 1000.000000000000000 ) ;
#530 = ORIENTED_EDGE ( 'NONE', *, *, #2480, .T. ) ;
#531 = LINE ( 'NONE', #2614, #2703 ) ;
#532 = ADVANCED_FACE ( 'NONE', ( #3044 ), #1541, .T. ) ;
#533 = EDGE_LOOP ( 'NONE', ( #1080, #2634, #2749, #928 ) ) ;
#534 = CARTESIAN_POINT ( 'NONE',  ( -4.000000000000000000, 6.790348360772163172E-17, -1.899999999999999689 ) ) ;
#535 = DIRECTION ( 'NONE',  ( 0.000000000000000000, 1.000000000000000000, 0.000000000000000000 ) ) ;
#536 = DIRECTION ( 'NONE',  ( 0.000000000000000000, 1.000000000000000000, 0.000000000000000000 ) ) ;
#537 = VERTEX_POINT ( 'NONE', #2363 ) ;
#538 = LINE ( 'NONE', #1068, #2168 ) ;
#539 = EDGE_CURVE ( 'NONE', #145, #2733, #714, .T. ) ;
#540 = CARTESIAN_POINT ( 'NONE',  ( 3.595854811567257947, 0.7000000000000000666, 1.899999999999999689 ) ) ;
#541 = DIRECTION ( 'NONE',  ( 1.000000000000000000, 0.000000000000000000, 0.000000000000000000 ) ) ;
#542 = EDGE_CURVE ( 'NONE', #2240, #3318, #1643, .T. ) ;
#543 = EDGE_LOOP ( 'NONE', ( #3145, #2921, #40, #46 ) ) ;
#544 = CARTESIAN_POINT ( 'NONE',  ( -3.422649730810370272, 0.4000000000000000777, -2.600000000000000089 ) ) ;
#545 = EDGE_LOOP ( 'NONE', ( #2214, #843, #3046, #1999 ) ) ;
#546 = DIRECTION ( 'NONE',  ( 0.000000000000000000, -1.000000000000000000, 0.000000000000000000 ) ) ;
#547 = CARTESIAN_POINT ( 'NONE',  ( -3.000000000000000444, 1.000000000000000000, 1.899999999999999689 ) ) ;
#548 = EDGE_LOOP ( 'NONE', ( #486, #1301, #2219, #1214 ) ) ;
#549 = CARTESIAN_POINT ( 'NONE',  ( -3.595854811567257947, 0.7000000000000000666, -2.600000000000000089 ) ) ;
#550 = ORIENTED_EDGE ( 'NONE', *, *, #300, .F. ) ;
#551 = CARTESIAN_POINT ( 'NONE',  ( 6.049999999999999822, -0.1000000000000000056, 2.949999999999999734 ) ) ;
#552 = CIRCLE ( 'NONE', #3288, 0.4999999999999995559 ) ;
#553 = PLANE ( 'NONE',  #1635 ) ;
#554 = VECTOR ( 'NONE', #413, 1000.000000000000000 ) ;
#555 = CARTESIAN_POINT ( 'NONE',  ( -3.950000000000000178, -0.1000000000000000056, -1.550000000000000044 ) ) ;
#556 = ADVANCED_FACE ( 'NONE', ( #1610 ), #2422, .T. ) ;
#557 = VECTOR ( 'NONE', #1173, 1000.000000000000000 ) ;
#558 = AXIS2_PLACEMENT_3D ( 'NONE', #2352, #2628, #2843 ) ;
#559 = ADVANCED_FACE ( 'NONE', ( #1342 ), #2669, .T. ) ;
#560 = VERTEX_POINT ( 'NONE', #358 ) ;
#561 = FACE_OUTER_BOUND ( 'NONE', #2409, .T. ) ;
#562 = VERTEX_POINT ( 'NONE', #1389 ) ;
#563 = FACE_BOUND ( 'NONE', #642, .T. ) ;
#565 = ORIENTED_EDGE ( 'NONE', *, *, #2722, .T. ) ;
#564 = CIRCLE ( 'NONE', #3134, 0.5999999999999998668 ) ;
#566 = PLANE ( 'NONE',  #1098 ) ;
#567 = VERTEX_POINT ( 'NONE', #1597 ) ;
#568 = PLANE ( 'NONE',  #1648 ) ;
#569 = AXIS2_PLACEMENT_3D ( 'NONE', #3085, #536, #1562 ) ;
#570 = VECTOR ( 'NONE', #1565, 1000.000000000000000 ) ;
#571 = CARTESIAN_POINT ( 'NONE',  ( 2.143131898507868297E-16, 3.500000000000000000, 1.750000000000000000 ) ) ;
#572 = DIRECTION ( 'NONE',  ( 0.000000000000000000, -0.000000000000000000, 1.000000000000000000 ) ) ;
#573 = VECTOR ( 'NONE', #1928, 1000.000000000000000 ) ;
#574 = LINE ( 'NONE', #2580, #1265 ) ;
#575 = EDGE_CURVE ( 'NONE', #1827, #2413, #3118, .T. ) ;
#576 = EDGE_CURVE ( 'NONE', #1941, #2338, #2433, .T. ) ;
#577 = CARTESIAN_POINT ( 'NONE',  ( -2.200000000000000178, 3.799999999999999378, -2.200000000000000178 ) ) ;
#578 = ORIENTED_EDGE ( 'NONE', *, *, #1174, .F. ) ;
#579 = CARTESIAN_POINT ( 'NONE',  ( -6.049999999999999822, -0.1000000000000000056, 2.949999999999999734 ) ) ;
#580 = EDGE_CURVE ( 'NONE', #1827, #3230, #1735, .T. ) ;
#581 = ORIENTED_EDGE ( 'NONE', *, *, #1150, .F. ) ;
#582 = VECTOR ( 'NONE', #3014, 1000.000000000000000 ) ;
#583 = CARTESIAN_POINT ( 'NONE',  ( -6.049999999999999822, -0.1000000000000000056, 1.550000000000000044 ) ) ;
#584 = ORIENTED_EDGE ( 'NONE', *, *, #2155, .F. ) ;
#585 = CARTESIAN_POINT ( 'NONE',  ( 5.000000000000000000, 0.2999999999999998779, -2.600000000000000089 ) ) ;
#586 = DIRECTION ( 'NONE',  ( 0.000000000000000000, 0.000000000000000000, 1.000000000000000000 ) ) ;
#587 = DIRECTION ( 'NONE',  ( 0.000000000000000000, -0.9980525784828885305, -0.06237828615518124786 ) ) ;
#588 = CARTESIAN_POINT ( 'NONE',  ( 3.000000000000000444, 0.7000000000000000666, -2.600000000000000089 ) ) ;
#589 = DIRECTION ( 'NONE',  ( -0.000000000000000000, -1.000000000000000000, -0.000000000000000000 ) ) ;
#590 = ADVANCED_FACE ( 'NONE', ( #2376 ), #54, .T. ) ;
#591 = VERTEX_POINT ( 'NONE', #2167 ) ;
#592 = FACE_OUTER_BOUND ( 'NONE', #2231, .T. ) ;
#593 = ORIENTED_EDGE ( 'NONE', *, *, #985, .T. ) ;
#594 = DIRECTION ( 'NONE',  ( -1.000000000000000000, 0.000000000000000000, 2.065146995210484941E-16 ) ) ;
#595 = ADVANCED_FACE ( 'NONE', ( #342 ), #1847, .T. ) ;
#596 = ORIENTED_EDGE ( 'NONE', *, *, #2820, .F. ) ;
#597 = PLANE ( 'NONE',  #201 ) ;
#598 = PRODUCT_DEFINITION_SHAPE ( 'NONE', 'NONE',  #498 ) ;
#599 = CARTESIAN_POINT ( 'NONE',  ( 0.000000000000000000, 4.049999999999999822, -1.465137194658102882 ) ) ;
#600 = DIRECTION ( 'NONE',  ( 0.000000000000000000, 0.000000000000000000, 1.000000000000000000 ) ) ;
#601 = CARTESIAN_POINT ( 'NONE',  ( 3.000000000000000000, 3.499999999999999556, 3.000000000000000000 ) ) ;
#602 = CIRCLE ( 'NONE', #1352, 0.5999999999999998668 ) ;
#603 = AXIS2_PLACEMENT_3D ( 'NONE', #1445, #2477, #706 ) ;
#604 = ORIENTED_EDGE ( 'NONE', *, *, #3205, .T. ) ;
#605 = VECTOR ( 'NONE', #2081, 1000.000000000000000 ) ;
#606 = CARTESIAN_POINT ( 'NONE',  ( -6.049999999999999822, -0.1000000000000000056, 2.949999999999999734 ) ) ;
#607 = ORIENTED_EDGE ( 'NONE', *, *, #477, .F. ) ;
#608 = DIRECTION ( 'NONE',  ( -0.000000000000000000, -0.000000000000000000, -1.000000000000000000 ) ) ;
#609 = ORIENTED_EDGE ( 'NONE', *, *, #673, .F. ) ;
#610 = CARTESIAN_POINT ( 'NONE',  ( -3.422649730810370716, 0.4000000000000000777, 1.899999999999999689 ) ) ;
#611 = EDGE_LOOP ( 'NONE', ( #806, #1347, #3065, #1184, #218, #2855, #1076, #1397 ) ) ;
#612 = DIRECTION ( 'NONE',  ( 0.000000000000000000, 0.000000000000000000, 1.000000000000000000 ) ) ;
#613 = DIRECTION ( 'NONE',  ( -1.000000000000000000, 0.000000000000000000, 1.032573497605241978E-16 ) ) ;
#614 = EDGE_CURVE ( 'NONE', #1684, #2982, #2866, .T. ) ;
#615 = LINE ( 'NONE', #3147, #2393 ) ;
#616 = CARTESIAN_POINT ( 'NONE',  ( 3.769059892324144290, 1.000000000000000000, -2.600000000000000089 ) ) ;
#617 = AXIS2_PLACEMENT_3D ( 'NONE', #2557, #2311, #1018 ) ;
#618 = DIRECTION ( 'NONE',  ( -1.000000000000000000, 0.000000000000000000, 0.000000000000000000 ) ) ;
#619 = VECTOR ( 'NONE', #2432, 1000.000000000000000 ) ;
#620 = ADVANCED_FACE ( 'NONE', ( #1354 ), #879, .T. ) ;
#621 = ORIENTED_EDGE ( 'NONE', *, *, #523, .T. ) ;
#622 = DIRECTION ( 'NONE',  ( 1.000000000000000000, 7.228014483236697541E-16, 0.000000000000000000 ) ) ;
#623 = EDGE_LOOP ( 'NONE', ( #1492, #1000, #753, #1687 ) ) ;
#624 = LINE ( 'NONE', #3174, #1977 ) ;
#625 = ORIENTED_EDGE ( 'NONE', *, *, #3139, .T. ) ;
#626 = FACE_OUTER_BOUND ( 'NONE', #287, .T. ) ;
#627 = ORIENTED_EDGE ( 'NONE', *, *, #1391, .T. ) ;
#628 = ADVANCED_FACE ( 'NONE', ( #3164 ), #634, .T. ) ;
#629 = VECTOR ( 'NONE', #1270, 1000.000000000000000 ) ;
#630 = EDGE_LOOP ( 'NONE', ( #2322, #767, #2418, #2267 ) ) ;
#631 = DIRECTION ( 'NONE',  ( 0.000000000000000000, -1.000000000000000000, 0.000000000000000000 ) ) ;
#632 = DIRECTION ( 'NONE',  ( -0.000000000000000000, -0.000000000000000000, -1.000000000000000000 ) ) ;
#633 = CYLINDRICAL_SURFACE ( 'NONE', #2919, 0.5999999999999998668 ) ;
#634 = CYLINDRICAL_SURFACE ( 'NONE', #2547, 0.1499999999999999667 ) ;
#635 = CARTESIAN_POINT ( 'NONE',  ( 3.000000000000000000, 1.000000000000000000, -2.600000000000000089 ) ) ;
#636 = ADVANCED_FACE ( 'NONE', ( #2883 ), #2105, .T. ) ;
#637 = EDGE_CURVE ( 'NONE', #3263, #23, #1624, .T. ) ;
#638 = VERTEX_POINT ( 'NONE', #2895 ) ;
#639 = DIRECTION ( 'NONE',  ( -1.000000000000000000, 0.000000000000000000, 0.000000000000000000 ) ) ;
#640 = ORIENTED_EDGE ( 'NONE', *, *, #300, .T. ) ;
#641 = CARTESIAN_POINT ( 'NONE',  ( -3.422649730810370716, 0.4000000000000000777, -1.899999999999999911 ) ) ;
#642 = EDGE_LOOP ( 'NONE', ( #1814, #3153 ) ) ;
#643 = CARTESIAN_POINT ( 'NONE',  ( 2.850000000000000089, 3.499999999999999556, -2.850000000000000089 ) ) ;
#644 = CARTESIAN_POINT ( 'NONE',  ( 3.942264973081032409, 0.7000000000000025091, -2.600000000000000089 ) ) ;
#645 = VERTEX_POINT ( 'NONE', #1072 ) ;
#646 = SURFACE_STYLE_USAGE ( .BOTH. , #910 ) ;
#647 = FACE_OUTER_BOUND ( 'NONE', #1052, .T. ) ;
#648 = PLANE ( 'NONE',  #2974 ) ;
#649 = CARTESIAN_POINT ( 'NONE',  ( -2.850000000000000089, 3.499999999999999556, 3.000000000000000000 ) ) ;
#650 = CARTESIAN_POINT ( 'NONE',  ( 2.850000000000000089, 3.499999999999999556, -3.000000000000000000 ) ) ;
#651 = CARTESIAN_POINT ( 'NONE',  ( -2.200000000000000178, 3.799999999999999378, -2.200000000000000178 ) ) ;
#652 = ADVANCED_FACE ( 'NONE', ( #1373 ), #2405, .T. ) ;
#653 = VECTOR ( 'NONE', #69, 1000.000000000000000 ) ;
#654 = EDGE_LOOP ( 'NONE', ( #387, #489, #884, #3196 ) ) ;
#655 = LINE ( 'NONE', #2483, #441 ) ;
#656 = TOROIDAL_SURFACE ( 'NONE', #3234, 0.4999999999999996669, 0.1000000000000000056 ) ;
#657 = EDGE_CURVE ( 'NONE', #1130, #3263, #814, .T. ) ;
#658 = VERTEX_POINT ( 'NONE', #970 ) ;
#659 = DIRECTION ( 'NONE',  ( 1.000000000000000000, 0.000000000000000000, -2.065146995210484941E-16 ) ) ;
#660 = AXIS2_PLACEMENT_3D ( 'NONE', #1743, #2049, #765 ) ;
#661 = ORIENTED_EDGE ( 'NONE', *, *, #2797, .F. ) ;
#662 = DIRECTION ( 'NONE',  ( 0.5000000000000038858, -0.8660254037844363761, -5.162867488026250564E-17 ) ) ;
#663 = VERTEX_POINT ( 'NONE', #140 ) ;
#664 = ORIENTED_EDGE ( 'NONE', *, *, #1915, .T. ) ;
#665 = ORIENTED_EDGE ( 'NONE', *, *, #1730, .T. ) ;
#666 = DIRECTION ( 'NONE',  ( -1.000000000000000000, -1.807003620809174583E-15, 0.000000000000000000 ) ) ;
#667 = CARTESIAN_POINT ( 'NONE',  ( -3.942264973081032409, 0.7000000000000019540, -2.600000000000000089 ) ) ;
#668 = FACE_OUTER_BOUND ( 'NONE', #444, .T. ) ;
#669 = DIRECTION ( 'NONE',  ( 0.000000000000000000, 0.000000000000000000, 1.000000000000000000 ) ) ;
#670 = DIRECTION ( 'NONE',  ( 0.000000000000000000, 1.000000000000000000, 0.000000000000000000 ) ) ;
#671 = CARTESIAN_POINT ( 'NONE',  ( 2.200000000000000178, 3.699999999999999734, -2.200000000000000178 ) ) ;
#672 = VECTOR ( 'NONE', #138, 999.9999999999998863 ) ;
#673 = EDGE_CURVE ( 'NONE', #1841, #460, #2512, .T. ) ;
#674 = CIRCLE ( 'NONE', #2825, 0.2999999999999999334 ) ;
#675 = VECTOR ( 'NONE', #2217, 1000.000000000000000 ) ;
#676 = ORIENTED_EDGE ( 'NONE', *, *, #222, .T. ) ;
#677 = CARTESIAN_POINT ( 'NONE',  ( -3.769059892324144290, 1.000000000000000000, 2.600000000000000089 ) ) ;
#678 = VERTEX_POINT ( 'NONE', #2774 ) ;
#679 = EDGE_CURVE ( 'NONE', #1230, #516, #197, .T. ) ;
#680 = CARTESIAN_POINT ( 'NONE',  ( 0.000000000000000000, 3.500000000000000000, 0.000000000000000000 ) ) ;
#681 = VERTEX_POINT ( 'NONE', #158 ) ;
#682 = LINE ( 'NONE', #2679, #3252 ) ;
#683 = CARTESIAN_POINT ( 'NONE',  ( -6.049999999999999822, -0.1000000000000000056, 2.949999999999999734 ) ) ;
#684 = ORIENTED_EDGE ( 'NONE', *, *, #2690, .T. ) ;
#685 = ORIENTED_EDGE ( 'NONE', *, *, #2953, .T. ) ;
#686 = EDGE_CURVE ( 'NONE', #1055, #2828, #936, .T. ) ;
#687 = CARTESIAN_POINT ( 'NONE',  ( 2.200000000000000178, 3.799999999999999378, -2.200000000000000178 ) ) ;
#688 = DIRECTION ( 'NONE',  ( -0.000000000000000000, -0.000000000000000000, -1.000000000000000000 ) ) ;
#689 = AXIS2_PLACEMENT_3D ( 'NONE', #2111, #1839, #3098 ) ;
#690 = LINE ( 'NONE', #2725, #554 ) ;
#691 = DIRECTION ( 'NONE',  ( 0.000000000000000000, 0.000000000000000000, 1.000000000000000000 ) ) ;
#692 = CARTESIAN_POINT ( 'NONE',  ( 4.346410161513772685, 0.2999999999999998779, -2.600000000000000089 ) ) ;
#693 = VERTEX_POINT ( 'NONE', #449 ) ;
#694 = DIRECTION ( 'NONE',  ( -0.000000000000000000, -1.000000000000000000, -0.000000000000000000 ) ) ;
#695 = APPLICATION_PROTOCOL_DEFINITION ( 'draft international standard', 'automotive_design', 1998, #513 ) ;
#696 = ORIENTED_EDGE ( 'NONE', *, *, #988, .T. ) ;
#697 = DIRECTION ( 'NONE',  ( -0.5000000000000038858, 0.8660254037844363761, -5.162867488026250564E-17 ) ) ;
#698 = ORIENTED_EDGE ( 'NONE', *, *, #1823, .F. ) ;
#699 = EDGE_CURVE ( 'NONE', #1779, #2549, #2191, .T. ) ;
#700 = EDGE_LOOP ( 'NONE', ( #1536, #1138, #3180, #2554, #965, #1868, #3312, #439, #950, #1771, #1129, #1726 ) ) ;
#701 = ORIENTED_EDGE ( 'NONE', *, *, #433, .F. ) ;
#702 = DIRECTION ( 'NONE',  ( 0.000000000000000000, 0.000000000000000000, -1.000000000000000000 ) ) ;
#703 = DIRECTION ( 'NONE',  ( 0.000000000000000000, 0.000000000000000000, 1.000000000000000000 ) ) ;
#704 = DIRECTION ( 'NONE',  ( 0.000000000000000000, 0.000000000000000000, -1.000000000000000000 ) ) ;
#705 = EDGE_CURVE ( 'NONE', #1936, #1551, #1989, .T. ) ;
#706 = DIRECTION ( 'NONE',  ( 1.000000000000000000, 0.000000000000000000, 1.032573497605241978E-16 ) ) ;
#707 = CARTESIAN_POINT ( 'NONE',  ( 6.049999999999999822, -0.1000000000000000056, 2.949999999999999734 ) ) ;
#708 = CARTESIAN_POINT ( 'NONE',  ( 3.422649730810370272, 0.4000000000000000777, -2.600000000000000089 ) ) ;
#709 = ORIENTED_EDGE ( 'NONE', *, *, #2410, .T. ) ;
#710 = DIRECTION ( 'NONE',  ( -0.000000000000000000, -1.000000000000000000, -0.000000000000000000 ) ) ;
#711 = AXIS2_PLACEMENT_3D ( 'NONE', #797, #1547, #2845 ) ;
#712 = ORIENTED_EDGE ( 'NONE', *, *, #673, .T. ) ;
#713 = LINE ( 'NONE', #2757, #344 ) ;
#714 = CIRCLE ( 'NONE', #975, 0.5999999999999998668 ) ;
#715 = LINE ( 'NONE', #512, #775 ) ;
#716 = EDGE_LOOP ( 'NONE', ( #151, #1557, #685, #351 ) ) ;
#717 = EDGE_LOOP ( 'NONE', ( #1829, #347, #850, #1091 ) ) ;
#718 = DIRECTION ( 'NONE',  ( -1.000000000000000000, 0.000000000000000000, 0.000000000000000000 ) ) ;
#719 = AXIS2_PLACEMENT_3D ( 'NONE', #551, #504, #1785 ) ;
#720 = CARTESIAN_POINT ( 'NONE',  ( -2.999999999999999112, 0.000000000000000000, 3.000000000000000000 ) ) ;
#721 = CARTESIAN_POINT ( 'NONE',  ( 3.950000000000000178, -0.1000000000000000056, -2.949999999999999734 ) ) ;
#722 = LINE ( 'NONE', #1425, #1894 ) ;
#723 = AXIS2_PLACEMENT_3D ( 'NONE', #1252, #3011, #2289 ) ;
#724 = CARTESIAN_POINT ( 'NONE',  ( -2.850000000000000089, 3.499999999999999556, 2.850000000000000089 ) ) ;
#725 = ADVANCED_FACE ( 'NONE', ( #1966 ), #1225, .T. ) ;
#726 = DIRECTION ( 'NONE',  ( 0.000000000000000000, 0.000000000000000000, 1.000000000000000000 ) ) ;
#727 = ADVANCED_FACE ( 'NONE', ( #2987 ), #2754, .T. ) ;
#728 = ORIENTED_EDGE ( 'NONE', *, *, #2885, .T. ) ;
#729 = DIRECTION ( 'NONE',  ( 0.000000000000000000, 0.000000000000000000, -1.000000000000000000 ) ) ;
#730 = VECTOR ( 'NONE', #688, 1000.000000000000000 ) ;
#731 = VECTOR ( 'NONE', #939, 1000.000000000000000 ) ;
#732 = APPLICATION_PROTOCOL_DEFINITION ( 'draft international standard', 'automotive_design', 1998, #1126 ) ;
#733 = ORIENTED_EDGE ( 'NONE', *, *, #2318, .F. ) ;
#734 = DIRECTION ( 'NONE',  ( 1.000000000000000000, 0.000000000000000000, 0.000000000000000000 ) ) ;
#735 = VECTOR ( 'NONE', #2930, 1000.000000000000000 ) ;
#736 = ORIENTED_EDGE ( 'NONE', *, *, #71, .T. ) ;
#737 = ORIENTED_EDGE ( 'NONE', *, *, #1567, .F. ) ;
#738 = CARTESIAN_POINT ( 'NONE',  ( -8.050000000000000711, -1.699999999999999956, -4.950000000000000178 ) ) ;
#739 = EDGE_CURVE ( 'NONE', #2083, #2029, #2058, .T. ) ;
#740 = CARTESIAN_POINT ( 'NONE',  ( 3.000000000000000000, 1.000000000000000000, -2.600000000000000089 ) ) ;
#741 = DIRECTION ( 'NONE',  ( 0.000000000000000000, 1.000000000000000000, 0.000000000000000000 ) ) ;
#742 = EDGE_LOOP ( 'NONE', ( #2133, #1760, #3223, #2507, #1432, #2838, #1718, #627, #1591, #3172, #276, #2763 ) ) ;
#743 = DIRECTION ( 'NONE',  ( 1.000000000000000000, 0.000000000000000000, -1.032573497605241978E-16 ) ) ;
#744 = LINE ( 'NONE', #1294, #943 ) ;
#745 = EDGE_CURVE ( 'NONE', #1379, #784, #176, .T. ) ;
#746 = VECTOR ( 'NONE', #2012, 1000.000000000000000 ) ;
#747 = ORIENTED_EDGE ( 'NONE', *, *, #2652, .T. ) ;
#748 = DIRECTION ( 'NONE',  ( -0.000000000000000000, -0.000000000000000000, 1.000000000000000000 ) ) ;
#749 = ADVANCED_FACE ( 'NONE', ( #1731 ), #1930, .F. ) ;
#750 = DIRECTION ( 'NONE',  ( -1.032573497605241978E-16, -0.000000000000000000, -1.000000000000000000 ) ) ;
#751 = ORIENTED_EDGE ( 'NONE', *, *, #2229, .F. ) ;
#752 = CARTESIAN_POINT ( 'NONE',  ( 2.200000000000000178, 3.699999999999999734, 2.699999999999999734 ) ) ;
#753 = ORIENTED_EDGE ( 'NONE', *, *, #1297, .T. ) ;
#754 = EDGE_LOOP ( 'NONE', ( #1364, #1898, #1237, #1395 ) ) ;
#755 = LINE ( 'NONE', #2831, #2818 ) ;
#756 = FACE_OUTER_BOUND ( 'NONE', #533, .T. ) ;
#757 = FACE_OUTER_BOUND ( 'NONE', #2711, .T. ) ;
#758 = ORIENTED_EDGE ( 'NONE', *, *, #2356, .T. ) ;
#759 = DIRECTION ( 'NONE',  ( 0.000000000000000000, 1.000000000000000000, 0.000000000000000000 ) ) ;
#760 = LINE ( 'NONE', #1832, #2871 ) ;
#761 = DIRECTION ( 'NONE',  ( 1.000000000000000000, 1.352933952095804539E-16, -0.000000000000000000 ) ) ;
#762 = EDGE_CURVE ( 'NONE', #1307, #1436, #3276, .T. ) ;
#763 = CARTESIAN_POINT ( 'NONE',  ( 8.050000000000000711, -1.699999999999999956, -4.950000000000000178 ) ) ;
#764 = VERTEX_POINT ( 'NONE', #649 ) ;
#765 = DIRECTION ( 'NONE',  ( 1.000000000000000000, 0.000000000000000000, 0.000000000000000000 ) ) ;
#766 = EDGE_CURVE ( 'NONE', #796, #2927, #690, .T. ) ;
#767 = ORIENTED_EDGE ( 'NONE', *, *, #2334, .T. ) ;
#768 = DIRECTION ( 'NONE',  ( -0.000000000000000000, 0.000000000000000000, 1.000000000000000000 ) ) ;
#769 = DIRECTION ( 'NONE',  ( 0.000000000000000000, 1.000000000000000000, -0.000000000000000000 ) ) ;
#770 = VECTOR ( 'NONE', #312, 1000.000000000000000 ) ;
#771 = CARTESIAN_POINT ( 'NONE',  ( 6.049999999999999822, -0.1000000000000000056, -1.550000000000000044 ) ) ;
#772 = VECTOR ( 'NONE', #618, 1000.000000000000000 ) ;
#773 = ORIENTED_EDGE ( 'NONE', *, *, #89, .F. ) ;
#774 = DIRECTION ( 'NONE',  ( 1.000000000000000000, 0.000000000000000000, -1.752245935330109660E-16 ) ) ;
#775 = VECTOR ( 'NONE', #734, 1000.000000000000000 ) ;
#776 = CARTESIAN_POINT ( 'NONE',  ( 3.942264973081032409, 0.7000000000000023981, -1.899999999999999689 ) ) ;
#777 = EDGE_CURVE ( 'NONE', #3031, #2054, #722, .T. ) ;
#778 = CIRCLE ( 'NONE', #2654, 0.1499999999999999667 ) ;
#779 = ORIENTED_EDGE ( 'NONE', *, *, #1529, .F. ) ;
#780 = DIRECTION ( 'NONE',  ( -0.000000000000000000, 0.000000000000000000, 1.000000000000000000 ) ) ;
#781 = VECTOR ( 'NONE', #2565, 1000.000000000000000 ) ;
#782 = ADVANCED_FACE ( 'NONE', ( #1749 ), #1692, .T. ) ;
#783 = TOROIDAL_SURFACE ( 'NONE', #3311, 1.465137194658102882, 0.2500000000000005551 ) ;
#784 = VERTEX_POINT ( 'NONE', #1714 ) ;
#785 = CARTESIAN_POINT ( 'NONE',  ( -4.346410161513772685, 0.5999999999999998668, -2.600000000000000089 ) ) ;
#786 = DIRECTION ( 'NONE',  ( 0.000000000000000000, -1.000000000000000000, 0.000000000000000000 ) ) ;
#787 = CIRCLE ( 'NONE', #124, 0.5999999999999998668 ) ;
#788 = CARTESIAN_POINT ( 'NONE',  ( -2.200000000000000178, 3.699999999999999734, 2.699999999999999734 ) ) ;
#789 = EDGE_CURVE ( 'NONE', #220, #1791, #2741, .T. ) ;
#790 = ORIENTED_EDGE ( 'NONE', *, *, #1042, .F. ) ;
#791 = DIRECTION ( 'NONE',  ( 0.000000000000000000, 0.000000000000000000, -1.000000000000000000 ) ) ;
#792 = CARTESIAN_POINT ( 'NONE',  ( -2.200000000000000178, 3.799999999999999378, 2.799999999999999822 ) ) ;
#793 = DIRECTION ( 'NONE',  ( 1.752245935330109660E-16, 0.000000000000000000, 1.000000000000000000 ) ) ;
#794 = ORIENTED_EDGE ( 'NONE', *, *, #3221, .T. ) ;
#795 = CARTESIAN_POINT ( 'NONE',  ( -4.086602540378441617, 0.4499999999999987899, -1.899999999999999689 ) ) ;
#796 = VERTEX_POINT ( 'NONE', #214 ) ;
#797 = CARTESIAN_POINT ( 'NONE',  ( -3.422649730810370272, 0.4000000000000000777, 2.600000000000000089 ) ) ;
#798 = VERTEX_POINT ( 'NONE', #2277 ) ;
#799 = DIRECTION ( 'NONE',  ( -1.000000000000000000, 0.000000000000000000, -1.032573497605241978E-16 ) ) ;
#800 = ADVANCED_FACE ( 'NONE', ( #1242 ), #1501, .F. ) ;
#801 = ORIENTED_EDGE ( 'NONE', *, *, #2566, .F. ) ;
#802 = LINE ( 'NONE', #3087, #1035 ) ;
#803 = FACE_OUTER_BOUND ( 'NONE', #3178, .T. ) ;
#804 = EDGE_CURVE ( 'NONE', #645, #1029, #1931, .T. ) ;
#805 = DIRECTION ( 'NONE',  ( 0.000000000000000000, 0.000000000000000000, 1.000000000000000000 ) ) ;
#806 = ORIENTED_EDGE ( 'NONE', *, *, #2332, .T. ) ;
#807 = CARTESIAN_POINT ( 'NONE',  ( 4.346410161513773573, -1.026174408560027516E-17, 2.600000000000000089 ) ) ;
#808 = ORIENTED_EDGE ( 'NONE', *, *, #1535, .T. ) ;
#809 = CARTESIAN_POINT ( 'NONE',  ( -6.049999999999999822, -0.1000000000000000056, -1.550000000000000044 ) ) ;
#810 = ORIENTED_EDGE ( 'NONE', *, *, #1338, .T. ) ;
#811 = DIRECTION ( 'NONE',  ( 0.5000000000000039968, 0.8660254037844363761, 0.000000000000000000 ) ) ;
#812 = VERTEX_POINT ( 'NONE', #314 ) ;
#813 = DIRECTION ( 'NONE',  ( 0.000000000000000000, 1.000000000000000000, 0.000000000000000000 ) ) ;
#814 = CIRCLE ( 'NONE', #1573, 1.714650339278825042 ) ;
#815 = CARTESIAN_POINT ( 'NONE',  ( -6.049999999999999822, -0.1000000000000000056, -2.949999999999999734 ) ) ;
#816 = DIRECTION ( 'NONE',  ( 0.000000000000000000, 0.000000000000000000, 1.000000000000000000 ) ) ;
#817 = AXIS2_PLACEMENT_3D ( 'NONE', #1503, #971, #1732 ) ;
#818 = LINE ( 'NONE', #2044, #2608 ) ;
#819 = CIRCLE ( 'NONE', #283, 1.750000000000000000 ) ;
#820 = ADVANCED_FACE ( 'NONE', ( #1659 ), #2192, .F. ) ;
#821 = VECTOR ( 'NONE', #106, 1000.000000000000000 ) ;
#822 = ADVANCED_FACE ( 'NONE', ( #2686 ), #862, .T. ) ;
#823 = CYLINDRICAL_SURFACE ( 'NONE', #1676, 0.5999999999999998668 ) ;
#824 = ADVANCED_FACE ( 'NONE', ( #375 ), #87, .T. ) ;
#825 = ORIENTED_EDGE ( 'NONE', *, *, #1119, .T. ) ;
#826 = FACE_OUTER_BOUND ( 'NONE', #2239, .T. ) ;
#828 = ORIENTED_EDGE ( 'NONE', *, *, #180, .T. ) ;
#827 = VECTOR ( 'NONE', #3106, 1000.000000000000000 ) ;
#829 = CARTESIAN_POINT ( 'NONE',  ( -3.682457351945701785, 0.5500000000000013767, -2.600000000000000089 ) ) ;
#830 = VERTEX_POINT ( 'NONE', #2391 ) ;
#831 = LINE ( 'NONE', #310, #2937 ) ;
#832 = AXIS2_PLACEMENT_3D ( 'NONE', #788, #1517, #1813 ) ;
#833 = VECTOR ( 'NONE', #1145, 1000.000000000000000 ) ;
#834 = CARTESIAN_POINT ( 'NONE',  ( -2.999999999999999112, 0.000000000000000000, 3.000000000000000000 ) ) ;
#835 = DIRECTION ( 'NONE',  ( 0.000000000000000000, 0.000000000000000000, -1.000000000000000000 ) ) ;
#836 = DIRECTION ( 'NONE',  ( 0.000000000000000000, 0.000000000000000000, 1.000000000000000000 ) ) ;
#837 = EDGE_CURVE ( 'NONE', #2918, #2828, #343, .T. ) ;
#838 = EDGE_CURVE ( 'NONE', #872, #2484, #2916, .T. ) ;
#839 = LINE ( 'NONE', #1314, #234 ) ;
#840 = ORIENTED_EDGE ( 'NONE', *, *, #3151, .F. ) ;
#841 = VECTOR ( 'NONE', #786, 1000.000000000000000 ) ;
#842 = PLANE ( 'NONE',  #1767 ) ;
#843 = ORIENTED_EDGE ( 'NONE', *, *, #3081, .F. ) ;
#844 = CARTESIAN_POINT ( 'NONE',  ( -3.950000000000000178, -0.1000000000000000056, 2.949999999999999734 ) ) ;
#845 = ORIENTED_EDGE ( 'NONE', *, *, #2616, .T. ) ;
#846 = DIRECTION ( 'NONE',  ( 0.000000000000000000, 1.000000000000000000, 0.000000000000000000 ) ) ;
#847 = FACE_OUTER_BOUND ( 'NONE', #1619, .T. ) ;
#848 = CARTESIAN_POINT ( 'NONE',  ( -2.200000000000000178, 3.699999999999999734, -2.200000000000000178 ) ) ;
#849 = CARTESIAN_POINT ( 'NONE',  ( 6.049999999999999822, 0.000000000000000000, -1.550000000000000044 ) ) ;
#850 = ORIENTED_EDGE ( 'NONE', *, *, #208, .F. ) ;
#851 = CARTESIAN_POINT ( 'NONE',  ( -6.049999999999999822, 0.000000000000000000, 2.949999999999999734 ) ) ;
#852 = ORIENTED_EDGE ( 'NONE', *, *, #3333, .T. ) ;
#853 = DIRECTION ( 'NONE',  ( 0.000000000000000000, 0.000000000000000000, 1.000000000000000000 ) ) ;
#854 = EDGE_CURVE ( 'NONE', #270, #591, #2854, .T. ) ;
#855 = ORIENTED_EDGE ( 'NONE', *, *, #2375, .F. ) ;
#856 = FACE_OUTER_BOUND ( 'NONE', #1962, .T. ) ;
#857 = VERTEX_POINT ( 'NONE', #849 ) ;
#858 = DIRECTION ( 'NONE',  ( 0.000000000000000000, 0.000000000000000000, -1.000000000000000000 ) ) ;
#859 = LINE ( 'NONE', #137, #573 ) ;
#860 = CARTESIAN_POINT ( 'NONE',  ( -3.422649730810370716, 0.4000000000000000777, -2.600000000000000089 ) ) ;
#861 = CARTESIAN_POINT ( 'NONE',  ( -3.682457351945701785, 0.5500000000000013767, -1.899999999999999689 ) ) ;
#862 = PLANE ( 'NONE',  #2228 ) ;
#863 = AXIS2_PLACEMENT_3D ( 'NONE', #437, #748, #457 ) ;
#864 = CIRCLE ( 'NONE', #1355, 0.2999999999999999334 ) ;
#865 = EDGE_CURVE ( 'NONE', #2203, #2335, #2382, .T. ) ;
#866 = ORIENTED_EDGE ( 'NONE', *, *, #2870, .T. ) ;
#867 = CARTESIAN_POINT ( 'NONE',  ( 3.769059892324144290, 1.000000000000000000, -2.600000000000000089 ) ) ;
#868 = ORIENTED_EDGE ( 'NONE', *, *, #2578, .F. ) ;
#869 = CARTESIAN_POINT ( 'NONE',  ( 3.422649730810370272, 1.000000000000000000, 1.899999999999999911 ) ) ;
#870 = ORIENTED_EDGE ( 'NONE', *, *, #3333, .F. ) ;
#871 = CARTESIAN_POINT ( 'NONE',  ( -6.049999999999999822, -0.1000000000000000056, -2.949999999999999734 ) ) ;
#872 = VERTEX_POINT ( 'NONE', #650 ) ;
#873 = EDGE_CURVE ( 'NONE', #1324, #1574, #2897, .T. ) ;
#874 = ORIENTED_EDGE ( 'NONE', *, *, #3331, .T. ) ;
#875 = DIRECTION ( 'NONE',  ( 0.5000000000000038858, -0.8660254037844363761, 0.000000000000000000 ) ) ;
#876 = LINE ( 'NONE', #356, #2248 ) ;
#877 = FACE_OUTER_BOUND ( 'NONE', #548, .T. ) ;
#878 = EDGE_CURVE ( 'NONE', #407, #1651, #2653, .T. ) ;
#879 = PLANE ( 'NONE',  #2493 ) ;
#880 = VECTOR ( 'NONE', #53, 1000.000000000000000 ) ;
#881 = DIRECTION ( 'NONE',  ( -1.000000000000000000, 0.000000000000000000, 0.000000000000000000 ) ) ;
#882 = VECTOR ( 'NONE', #1453, 1000.000000000000000 ) ;
#883 = VECTOR ( 'NONE', #3308, 1000.000000000000000 ) ;
#884 = ORIENTED_EDGE ( 'NONE', *, *, #1174, .T. ) ;
#885 = LINE ( 'NONE', #2195, #821 ) ;
#886 = ORIENTED_EDGE ( 'NONE', *, *, #1021, .F. ) ;
#887 = DIRECTION ( 'NONE',  ( 0.000000000000000000, 0.000000000000000000, -1.000000000000000000 ) ) ;
#888 = ORIENTED_EDGE ( 'NONE', *, *, #402, .F. ) ;
#889 = LINE ( 'NONE', #2958, #1047 ) ;
#890 = EDGE_LOOP ( 'NONE', ( #1563, #364, #2910, #3254 ) ) ;
#891 = VECTOR ( 'NONE', #2860, 1000.000000000000000 ) ;
#892 = ORIENTED_EDGE ( 'NONE', *, *, #705, .T. ) ;
#893 = LINE ( 'NONE', #154, #1482 ) ;
#894 = DIRECTION ( 'NONE',  ( 0.000000000000000000, 1.000000000000000000, 0.000000000000000000 ) ) ;
#895 = AXIS2_PLACEMENT_3D ( 'NONE', #3181, #339, #1369 ) ;
#896 = EDGE_CURVE ( 'NONE', #830, #2203, #2151, .T. ) ;
#897 = DIRECTION ( 'NONE',  ( 0.000000000000000000, 0.000000000000000000, 1.000000000000000000 ) ) ;
#898 = DIRECTION ( 'NONE',  ( 1.032573497605241978E-16, 0.000000000000000000, -1.000000000000000000 ) ) ;
#899 = CARTESIAN_POINT ( 'NONE',  ( -4.346410161513772685, 0.2999999999999998779, 1.899999999999999689 ) ) ;
#900 = EDGE_CURVE ( 'NONE', #1307, #1182, #1895, .T. ) ;
#901 = ORIENTED_EDGE ( 'NONE', *, *, #2251, .F. ) ;
#902 = LINE ( 'NONE', #146, #1679 ) ;
#903 = ORIENTED_EDGE ( 'NONE', *, *, #473, .F. ) ;
#904 = DIRECTION ( 'NONE',  ( -1.032573497605241978E-16, -0.000000000000000000, -1.000000000000000000 ) ) ;
#905 = VERTEX_POINT ( 'NONE', #3165 ) ;
#906 = CARTESIAN_POINT ( 'NONE',  ( -4.086602540378441617, 0.4499999999999986788, 1.899999999999999689 ) ) ;
#907 = VERTEX_POINT ( 'NONE', #1611 ) ;
#908 = ORIENTED_EDGE ( 'NONE', *, *, #65, .F. ) ;
#909 = ORIENTED_EDGE ( 'NONE', *, *, #90, .F. ) ;
#910 = SURFACE_SIDE_STYLE ('',( #2204 ) ) ;
#911 = DIRECTION ( 'NONE',  ( 1.445602896647339706E-15, -1.000000000000000000, 0.000000000000000000 ) ) ;
#912 = EDGE_CURVE ( 'NONE', #1709, #977, #1087, .T. ) ;
#913 = LINE ( 'NONE', #1205, #2867 ) ;
#914 = DIRECTION ( 'NONE',  ( -1.000000000000000000, -0.000000000000000000, -0.000000000000000000 ) ) ;
#915 = LINE ( 'NONE', #1948, #1251 ) ;
#916 = DIRECTION ( 'NONE',  ( -1.000000000000000000, 0.000000000000000000, 0.000000000000000000 ) ) ;
#917 = UNCERTAINTY_MEASURE_WITH_UNIT (LENGTH_MEASURE( 1.000000000000000082E-05 ), #492, 'distance_accuracy_value', 'NONE');
#918 = ADVANCED_FACE ( 'NONE', ( #359 ), #1390, .T. ) ;
#919 = VECTOR ( 'NONE', #1661, 999.9999999999998863 ) ;
#920 = VERTEX_POINT ( 'NONE', #2171 ) ;
#921 = DIRECTION ( 'NONE',  ( 0.000000000000000000, 0.000000000000000000, 1.000000000000000000 ) ) ;
#922 = ADVANCED_FACE ( 'NONE', ( #3186, #1357, #1102 ), #3150, .F. ) ;
#923 = VECTOR ( 'NONE', #2071, 1000.000000000000000 ) ;
#924 = ORIENTED_EDGE ( 'NONE', *, *, #865, .T. ) ;
#925 = DIRECTION ( 'NONE',  ( 0.000000000000000000, 0.000000000000000000, 1.000000000000000000 ) ) ;
#926 = VECTOR ( 'NONE', #2142, 1000.000000000000000 ) ;
#927 = EDGE_CURVE ( 'NONE', #2549, #764, #2437, .T. ) ;
#928 = ORIENTED_EDGE ( 'NONE', *, *, #1338, .F. ) ;
#929 = CARTESIAN_POINT ( 'NONE',  ( -3.000000000000000000, 3.499999999999999556, -2.850000000000000089 ) ) ;
#930 = PLANE ( 'NONE',  #1796 ) ;
#931 = ORIENTED_EDGE ( 'NONE', *, *, #325, .F. ) ;
#932 = ORIENTED_EDGE ( 'NONE', *, *, #2059, .T. ) ;
#933 = DIRECTION ( 'NONE',  ( 1.032573497605241978E-16, -0.000000000000000000, 1.000000000000000000 ) ) ;
#934 = DIRECTION ( 'NONE',  ( 0.000000000000000000, 1.000000000000000000, 0.000000000000000000 ) ) ;
#935 = CARTESIAN_POINT ( 'NONE',  ( -4.000000000000000000, 3.660526280069732294E-17, 2.600000000000000089 ) ) ;
#936 = LINE ( 'NONE', #1671, #2007 ) ;
#937 = AXIS2_PLACEMENT_3D ( 'NONE', #1943, #952, #718 ) ;
#938 = LINE ( 'NONE', #2988, #2905 ) ;
#939 = DIRECTION ( 'NONE',  ( 0.000000000000000000, -0.000000000000000000, 1.000000000000000000 ) ) ;
#940 = AXIS2_PLACEMENT_3D ( 'NONE', #1499, #1152, #1691 ) ;
#941 = VECTOR ( 'NONE', #2068, 999.9999999999998863 ) ;
#942 = ADVANCED_FACE ( 'NONE', ( #1427 ), #1968, .T. ) ;
#943 = VECTOR ( 'NONE', #1786, 1000.000000000000000 ) ;
#944 = ORIENTED_EDGE ( 'NONE', *, *, #927, .T. ) ;
#945 = CARTESIAN_POINT ( 'NONE',  ( -2.200000000000000178, 3.699999999999999734, 2.200000000000000178 ) ) ;
#946 = EDGE_CURVE ( 'NONE', #2335, #2089, #159, .T. ) ;
#947 = EDGE_LOOP ( 'NONE', ( #385, #3213, #250, #97 ) ) ;
#948 = LINE ( 'NONE', #1652, #619 ) ;
#949 = ORIENTED_EDGE ( 'NONE', *, *, #284, .F. ) ;
#950 = ORIENTED_EDGE ( 'NONE', *, *, #2315, .T. ) ;
#951 = ORIENTED_EDGE ( 'NONE', *, *, #3102, .T. ) ;
#952 = DIRECTION ( 'NONE',  ( 0.000000000000000000, 0.000000000000000000, -1.000000000000000000 ) ) ;
#953 = DIRECTION ( 'NONE',  ( 0.000000000000000000, 0.000000000000000000, 1.000000000000000000 ) ) ;
#954 = CARTESIAN_POINT ( 'NONE',  ( -6.049999999999999822, -0.1000000000000000056, -1.550000000000000044 ) ) ;
#955 = VECTOR ( 'NONE', #2713, 1000.000000000000000 ) ;
#956 = CARTESIAN_POINT ( 'NONE',  ( 1.465137194658102882, 4.299999999999999822, 0.000000000000000000 ) ) ;
#957 = FACE_OUTER_BOUND ( 'NONE', #3027, .T. ) ;
#958 = CARTESIAN_POINT ( 'NONE',  ( -2.200000000000000178, 3.699999999999999734, 2.200000000000000178 ) ) ;
#959 = ORIENTED_EDGE ( 'NONE', *, *, #1887, .T. ) ;
#960 = CARTESIAN_POINT ( 'NONE',  ( 0.000000000000000000, 0.000000000000000000, 0.000000000000000000 ) ) ;
#961 = DIRECTION ( 'NONE',  ( -1.000000000000000000, -0.000000000000000000, -0.000000000000000000 ) ) ;
#962 = ORIENTED_EDGE ( 'NONE', *, *, #139, .F. ) ;
#963 = CARTESIAN_POINT ( 'NONE',  ( -8.050000000000000711, -1.699999999999999956, -4.950000000000000178 ) ) ;
#964 = CARTESIAN_POINT ( 'NONE',  ( -3.950000000000000178, -0.1000000000000000056, -2.949999999999999734 ) ) ;
#965 = ORIENTED_EDGE ( 'NONE', *, *, #686, .T. ) ;
#966 = ORIENTED_EDGE ( 'NONE', *, *, #976, .F. ) ;
#967 = LINE ( 'NONE', #2526, #2392 ) ;
#968 = CARTESIAN_POINT ( 'NONE',  ( 2.200000000000000178, 3.799999999999999378, 2.200000000000000178 ) ) ;
#969 = CARTESIAN_POINT ( 'NONE',  ( 2.200000000000000178, 3.699999999999999734, 2.200000000000000178 ) ) ;
#970 = CARTESIAN_POINT ( 'NONE',  ( 2.200000000000000178, 3.699999999999999734, -2.799999999999999822 ) ) ;
#971 = DIRECTION ( 'NONE',  ( 1.000000000000000000, 0.000000000000000000, 0.000000000000000000 ) ) ;
#972 = LINE ( 'NONE', #416, #2244 ) ;
#973 = ORIENTED_EDGE ( 'NONE', *, *, #1280, .F. ) ;
#974 = DIRECTION ( 'NONE',  ( -0.000000000000000000, -1.000000000000000000, -0.000000000000000000 ) ) ;
#975 = AXIS2_PLACEMENT_3D ( 'NONE', #945, #694, #816 ) ;
#976 = EDGE_CURVE ( 'NONE', #1199, #2182, #394, .T. ) ;
#977 = VERTEX_POINT ( 'NONE', #1750 ) ;
#978 = AXIS2_PLACEMENT_3D ( 'NONE', #2726, #1694, #1446 ) ;
#979 = DIRECTION ( 'NONE',  ( 1.000000000000000000, 0.000000000000000000, 0.000000000000000000 ) ) ;
#980 = ORIENTED_EDGE ( 'NONE', *, *, #1486, .F. ) ;
#981 = ORIENTED_EDGE ( 'NONE', *, *, #838, .T. ) ;
#982 = LINE ( 'NONE', #1515, #2331 ) ;
#983 = LINE ( 'NONE', #2509, #2514 ) ;
#984 = DIRECTION ( 'NONE',  ( -1.000000000000000000, 0.000000000000000000, 0.000000000000000000 ) ) ;
#985 = EDGE_CURVE ( 'NONE', #784, #1936, #987, .T. ) ;
#986 = VERTEX_POINT ( 'NONE', #432 ) ;
#987 = LINE ( 'NONE', #3294, #557 ) ;
#988 = EDGE_CURVE ( 'NONE', #2605, #907, #3038, .T. ) ;
#989 = DIRECTION ( 'NONE',  ( 0.000000000000000000, 0.000000000000000000, -1.000000000000000000 ) ) ;
#990 = VECTOR ( 'NONE', #280, 1000.000000000000000 ) ;
#991 = ORIENTED_EDGE ( 'NONE', *, *, #1273, .F. ) ;
#992 = CARTESIAN_POINT ( 'NONE',  ( 0.000000000000000000, 4.299999999999999822, 0.000000000000000000 ) ) ;
#993 = AXIS2_PLACEMENT_3D ( 'NONE', #1766, #3101, #799 ) ;
#994 = AXIS2_PLACEMENT_3D ( 'NONE', #1326, #774, #2805 ) ;
#995 = LINE ( 'NONE', #2254, #746 ) ;
#996 = ORIENTED_EDGE ( 'NONE', *, *, #3283, .T. ) ;
#997 = DIRECTION ( 'NONE',  ( 0.000000000000000000, 0.000000000000000000, 1.000000000000000000 ) ) ;
#998 = VECTOR ( 'NONE', #2019, 1000.000000000000114 ) ;
#999 = ORIENTED_EDGE ( 'NONE', *, *, #873, .F. ) ;
#1000 = ORIENTED_EDGE ( 'NONE', *, *, #3273, .T. ) ;
#1001 = DIRECTION ( 'NONE',  ( 1.000000000000000000, 0.000000000000000000, 0.000000000000000000 ) ) ;
#1002 = CYLINDRICAL_SURFACE ( 'NONE', #2672, 0.5999999999999998668 ) ;
#1003 = CARTESIAN_POINT ( 'NONE',  ( 4.000000000000000000, 3.660526280069732294E-17, -2.600000000000000089 ) ) ;
#1004 = ORIENTED_EDGE ( 'NONE', *, *, #1376, .F. ) ;
#1005 = CARTESIAN_POINT ( 'NONE',  ( -2.999999999999999112, 0.000000000000000000, 2.850000000000000089 ) ) ;
#1006 = EDGE_CURVE ( 'NONE', #2877, #693, #1244, .T. ) ;
#1007 = DIRECTION ( 'NONE',  ( -0.5000000000000038858, 0.8660254037844363761, 0.000000000000000000 ) ) ;
#1008 = CARTESIAN_POINT ( 'NONE',  ( -8.050000000000000711, -0.1000000000000000056, -4.950000000000000178 ) ) ;
#1009 = VECTOR ( 'NONE', #1179, 1000.000000000000000 ) ;
#1010 = ADVANCED_FACE ( 'NONE', ( #2226 ), #2699, .T. ) ;
#1011 = ORIENTED_EDGE ( 'NONE', *, *, #2430, .F. ) ;
#1012 = CARTESIAN_POINT ( 'NONE',  ( 3.942264973081032409, 0.7000000000000022871, 1.899999999999999689 ) ) ;
#1013 = ORIENTED_EDGE ( 'NONE', *, *, #1366, .T. ) ;
#1014 = LINE ( 'NONE', #3269, #1198 ) ;
#1015 = EDGE_LOOP ( 'NONE', ( #728, #2890, #901, #2784, #584, #2400, #2551, #951, #2942, #1013, #1942, #2991 ) ) ;
#1016 = CARTESIAN_POINT ( 'NONE',  ( 3.950000000000000178, -0.1000000000000000056, 2.949999999999999734 ) ) ;
#1017 = DIRECTION ( 'NONE',  ( 0.000000000000000000, -0.000000000000000000, 1.000000000000000000 ) ) ;
#1018 = DIRECTION ( 'NONE',  ( 0.000000000000000000, 0.000000000000000000, 1.000000000000000000 ) ) ;
#1019 = VERTEX_POINT ( 'NONE', #3003 ) ;
#1020 = PLANE ( 'NONE',  #2112 ) ;
#1021 = EDGE_CURVE ( 'NONE', #1029, #2296, #1738, .T. ) ;
#1022 = FACE_OUTER_BOUND ( 'NONE', #417, .T. ) ;
#1023 = DIRECTION ( 'NONE',  ( 1.000000000000000000, -0.000000000000000000, 1.224646799147353207E-16 ) ) ;
#1024 = EDGE_CURVE ( 'NONE', #2858, #3195, #2061, .T. ) ;
#1025 = VECTOR ( 'NONE', #2339, 1000.000000000000114 ) ;
#1026 = EDGE_CURVE ( 'NONE', #3322, #407, #915, .T. ) ;
#1027 = VERTEX_POINT ( 'NONE', #2969 ) ;
#1028 = CYLINDRICAL_SURFACE ( 'NONE', #59, 0.5999999999999998668 ) ;
#1029 = VERTEX_POINT ( 'NONE', #3259 ) ;
#1030 = DIRECTION ( 'NONE',  ( -1.000000000000000000, 0.000000000000000000, 0.000000000000000000 ) ) ;
#1031 = DIRECTION ( 'NONE',  ( 1.000000000000000000, 0.000000000000000000, 0.000000000000000000 ) ) ;
#1032 = EDGE_CURVE ( 'NONE', #3298, #2413, #2964, .T. ) ;
#1033 = AXIS2_PLACEMENT_3D ( 'NONE', #2264, #2967, #3002 ) ;
#1034 = DIRECTION ( 'NONE',  ( 0.000000000000000000, 0.000000000000000000, 1.000000000000000000 ) ) ;
#1035 = VECTOR ( 'NONE', #2822, 1000.000000000000000 ) ;
#1036 = ORIENTED_EDGE ( 'NONE', *, *, #739, .T. ) ;
#1037 = LINE ( 'NONE', #2789, #2548 ) ;
#1038 = CARTESIAN_POINT ( 'NONE',  ( -2.200000000000000178, 3.799999999999999378, 2.200000000000000178 ) ) ;
#1039 = VECTOR ( 'NONE', #133, 1000.000000000000000 ) ;
#1040 = DIRECTION ( 'NONE',  ( -1.000000000000000000, 0.000000000000000000, 1.032573497605241978E-16 ) ) ;
#1041 = MECHANICAL_DESIGN_GEOMETRIC_PRESENTATION_REPRESENTATION (  '', ( #3084 ), #2917 ) ;
#1042 = EDGE_CURVE ( 'NONE', #1106, #1502, #281, .T. ) ;
#1043 = EDGE_CURVE ( 'NONE', #426, #2940, #938, .T. ) ;
#1044 = ORIENTED_EDGE ( 'NONE', *, *, #637, .F. ) ;
#1045 = LINE ( 'NONE', #1332, #2230 ) ;
#1046 = AXIS2_PLACEMENT_3D ( 'NONE', #267, #1058, #1296 ) ;
#1047 = VECTOR ( 'NONE', #2943, 1000.000000000000000 ) ;
#1048 = ORIENTED_EDGE ( 'NONE', *, *, #762, .F. ) ;
#1049 = DIRECTION ( 'NONE',  ( 0.000000000000000000, 0.000000000000000000, 1.000000000000000000 ) ) ;
#1050 = DIRECTION ( 'NONE',  ( -0.000000000000000000, 1.000000000000000000, -0.000000000000000000 ) ) ;
#1051 = EDGE_CURVE ( 'NONE', #658, #1064, #1840, .T. ) ;
#1052 = EDGE_LOOP ( 'NONE', ( #3281, #243, #1784, #1810 ) ) ;
#1053 = CARTESIAN_POINT ( 'NONE',  ( -3.422649730810370272, 1.000000000000000000, 2.600000000000000089 ) ) ;
#1054 = VECTOR ( 'NONE', #2052, 1000.000000000000000 ) ;
#1055 = VERTEX_POINT ( 'NONE', #2494 ) ;
#1056 = LINE ( 'NONE', #1552, #1137 ) ;
#1057 = CARTESIAN_POINT ( 'NONE',  ( 4.086602540378442505, 0.4499999999999985678, 1.899999999999999689 ) ) ;
#1058 = DIRECTION ( 'NONE',  ( 1.032573497605241978E-16, 0.000000000000000000, -1.000000000000000000 ) ) ;
#1059 = VECTOR ( 'NONE', #3045, 1000.000000000000000 ) ;
#1060 = VERTEX_POINT ( 'NONE', #178 ) ;
#1061 = DIRECTION ( 'NONE',  ( 0.000000000000000000, 0.000000000000000000, -1.000000000000000000 ) ) ;
#1062 = EDGE_LOOP ( 'NONE', ( #1662, #2928 ) ) ;
#1063 = DIRECTION ( 'NONE',  ( 0.000000000000000000, 0.000000000000000000, -1.000000000000000000 ) ) ;
#1064 = VERTEX_POINT ( 'NONE', #2247 ) ;
#1066 = ADVANCED_FACE ( 'NONE', ( #957 ), #1990, .F. ) ;
#1065 = CARTESIAN_POINT ( 'NONE',  ( 0.000000000000000000, 0.000000000000000000, 0.000000000000000000 ) ) ;
#1067 = ORIENTED_EDGE ( 'NONE', *, *, #174, .T. ) ;
#1068 = CARTESIAN_POINT ( 'NONE',  ( -5.000000000000000000, 0.2999999999999998779, 1.899999999999999689 ) ) ;
#1069 = EDGE_CURVE ( 'NONE', #1513, #408, #1226, .T. ) ;
#1070 = FACE_OUTER_BOUND ( 'NONE', #105, .T. ) ;
#1071 = EDGE_CURVE ( 'NONE', #1019, #349, #2104, .T. ) ;
#1072 = CARTESIAN_POINT ( 'NONE',  ( -4.346410161513772685, 0.2999999999999998779, 2.600000000000000089 ) ) ;
#1073 = DIRECTION ( 'NONE',  ( -0.5000000000000032196, -0.8660254037844368202, 0.000000000000000000 ) ) ;
#1074 = EDGE_CURVE ( 'NONE', #2680, #382, #864, .T. ) ;
#1075 = CARTESIAN_POINT ( 'NONE',  ( -2.200000000000000178, 3.699999999999999734, -2.200000000000000178 ) ) ;
#1076 = ORIENTED_EDGE ( 'NONE', *, *, #321, .T. ) ;
#1077 = LINE ( 'NONE', #1303, #2729 ) ;
#1078 = ORIENTED_EDGE ( 'NONE', *, *, #3304, .F. ) ;
#1079 = DIRECTION ( 'NONE',  ( 0.000000000000000000, 0.000000000000000000, -1.000000000000000000 ) ) ;
#1080 = ORIENTED_EDGE ( 'NONE', *, *, #1627, .T. ) ;
#1081 = CARTESIAN_POINT ( 'NONE',  ( 4.346410161513772685, 0.2999999999999998779, -1.899999999999999689 ) ) ;
#1082 = CIRCLE ( 'NONE', #863, 0.5999999999999998668 ) ;
#1083 = EDGE_CURVE ( 'NONE', #443, #75, #3104, .T. ) ;
#1084 = CARTESIAN_POINT ( 'NONE',  ( -3.000000000000000000, 1.000000000000000000, 2.600000000000000089 ) ) ;
#1085 = DIRECTION ( 'NONE',  ( -0.000000000000000000, -0.000000000000000000, -1.000000000000000000 ) ) ;
#1086 = VECTOR ( 'NONE', #1519, 1000.000000000000000 ) ;
#1087 = LINE ( 'NONE', #2670, #381 ) ;
#1088 = EDGE_CURVE ( 'NONE', #986, #2877, #293, .T. ) ;
#1089 = AXIS2_PLACEMENT_3D ( 'NONE', #316, #2857, #1344 ) ;
#1090 = DIRECTION ( 'NONE',  ( 0.000000000000000000, -1.000000000000000000, -0.000000000000000000 ) ) ;
#1091 = ORIENTED_EDGE ( 'NONE', *, *, #2762, .T. ) ;
#1092 = CARTESIAN_POINT ( 'NONE',  ( 2.200000000000000178, 3.799999999999999378, -1.700000000000000622 ) ) ;
#1094 = ORIENTED_EDGE ( 'NONE', *, *, #2889, .F. ) ;
#1093 = AXIS2_PLACEMENT_3D ( 'NONE', #969, #1443, #1945 ) ;
#1095 = LINE ( 'NONE', #871, #1853 ) ;
#1096 = ORIENTED_EDGE ( 'NONE', *, *, #1881, .T. ) ;
#1097 = DIRECTION ( 'NONE',  ( 1.000000000000000000, -0.000000000000000000, 1.224646799147353207E-16 ) ) ;
#1098 = AXIS2_PLACEMENT_3D ( 'NONE', #844, #1128, #2620 ) ;
#1099 = AXIS2_PLACEMENT_3D ( 'NONE', #671, #1447, #434 ) ;
#1100 = PLANE ( 'NONE',  #1690 ) ;
#1101 = DIRECTION ( 'NONE',  ( 0.000000000000000000, -1.000000000000000000, 0.000000000000000000 ) ) ;
#1102 = FACE_BOUND ( 'NONE', #61, .T. ) ;
#1103 = ADVANCED_FACE ( 'NONE', ( #2327, #2545 ), #1020, .F. ) ;
#1104 = EDGE_CURVE ( 'NONE', #2162, #2220, #802, .T. ) ;
#1105 = EDGE_CURVE ( 'NONE', #2029, #3191, #1037, .T. ) ;
#1106 = VERTEX_POINT ( 'NONE', #525 ) ;
#1107 = AXIS2_PLACEMENT_3D ( 'NONE', #1233, #750, #3300 ) ;
#1108 = DIRECTION ( 'NONE',  ( -1.000000000000000000, 0.000000000000000000, 0.000000000000000000 ) ) ;
#1109 = VECTOR ( 'NONE', #2134, 1000.000000000000000 ) ;
#1110 = ORIENTED_EDGE ( 'NONE', *, *, #1706, .F. ) ;
#1111 = CARTESIAN_POINT ( 'NONE',  ( -6.049999999999999822, -0.1000000000000000056, -2.949999999999999734 ) ) ;
#1112 = ORIENTED_EDGE ( 'NONE', *, *, #1623, .F. ) ;
#1113 = FACE_OUTER_BOUND ( 'NONE', #2080, .T. ) ;
#1114 = ORIENTED_EDGE ( 'NONE', *, *, #1775, .T. ) ;
#1115 = CARTESIAN_POINT ( 'NONE',  ( -8.050000000000000711, -1.699999999999999956, -4.950000000000000178 ) ) ;
#1116 = DIRECTION ( 'NONE',  ( 0.000000000000000000, -0.000000000000000000, -1.000000000000000000 ) ) ;
#1117 = DIRECTION ( 'NONE',  ( 1.000000000000000000, 0.000000000000000000, 0.000000000000000000 ) ) ;
#1118 = DIRECTION ( 'NONE',  ( 0.000000000000000000, 0.000000000000000000, 1.000000000000000000 ) ) ;
#1119 = EDGE_CURVE ( 'NONE', #1472, #1381, #538, .T. ) ;
#1120 = ADVANCED_FACE ( 'NONE', ( #1815 ), #2606, .F. ) ;
#1121 = VERTEX_POINT ( 'NONE', #251 ) ;
#1122 = PLANE ( 'NONE',  #2119 ) ;
#1123 = EDGE_LOOP ( 'NONE', ( #3284, #3050, #2326, #2032 ) ) ;
#1124 = CARTESIAN_POINT ( 'NONE',  ( 2.200000000000000178, 3.799999999999999378, -2.200000000000000178 ) ) ;
#1125 = ADVANCED_FACE ( 'NONE', ( #1325 ), #656, .T. ) ;
#1126 = APPLICATION_CONTEXT ( 'automotive_design' ) ;
#1127 = ORIENTED_EDGE ( 'NONE', *, *, #2170, .T. ) ;
#1128 = DIRECTION ( 'NONE',  ( 1.000000000000000000, 0.000000000000000000, 0.000000000000000000 ) ) ;
#1129 = ORIENTED_EDGE ( 'NONE', *, *, #1437, .T. ) ;
#1130 = VERTEX_POINT ( 'NONE', #1564 ) ;
#1131 = CARTESIAN_POINT ( 'NONE',  ( -2.200000000000000178, 3.799999999999999378, 2.699999999999999734 ) ) ;
#1132 = FACE_OUTER_BOUND ( 'NONE', #2482, .T. ) ;
#1133 = CARTESIAN_POINT ( 'NONE',  ( -3.000000000000000000, 3.499999999999999556, -2.850000000000000089 ) ) ;
#1134 = DIRECTION ( 'NONE',  ( -0.000000000000000000, -1.000000000000000000, -0.000000000000000000 ) ) ;
#1135 = DIRECTION ( 'NONE',  ( 2.065146995210484941E-16, 0.000000000000000000, 1.000000000000000000 ) ) ;
#1136 = VECTOR ( 'NONE', #1085, 1000.000000000000000 ) ;
#1137 = VECTOR ( 'NONE', #2360, 1000.000000000000000 ) ;
#1138 = ORIENTED_EDGE ( 'NONE', *, *, #1190, .T. ) ;
#1139 = CIRCLE ( 'NONE', #1952, 0.09999999999999982514 ) ;
#1140 = DIRECTION ( 'NONE',  ( -0.5000000000000032196, -0.8660254037844368202, 0.000000000000000000 ) ) ;
#1141 = ORIENTED_EDGE ( 'NONE', *, *, #912, .T. ) ;
#1142 = EDGE_CURVE ( 'NONE', #1055, #3270, #1056, .T. ) ;
#1143 = CARTESIAN_POINT ( 'NONE',  ( -2.849999999999999201, 0.000000000000000000, -2.850000000000000089 ) ) ;
#1144 = ORIENTED_EDGE ( 'NONE', *, *, #3151, .T. ) ;
#1145 = DIRECTION ( 'NONE',  ( 0.000000000000000000, 1.000000000000000000, -0.000000000000000000 ) ) ;
#1146 = LINE ( 'NONE', #2829, #2968 ) ;
#1147 = ORIENTED_EDGE ( 'NONE', *, *, #523, .F. ) ;
#1148 = DIRECTION ( 'NONE',  ( -1.000000000000000000, -0.000000000000000000, -1.032573497605241978E-16 ) ) ;
#1149 = DIRECTION ( 'NONE',  ( 0.000000000000000000, 0.000000000000000000, -1.000000000000000000 ) ) ;
#1150 = EDGE_CURVE ( 'NONE', #1821, #425, #1293, .T. ) ;
#1151 = VECTOR ( 'NONE', #1040, 1000.000000000000000 ) ;
#1152 = DIRECTION ( 'NONE',  ( 0.000000000000000000, -1.000000000000000000, -0.000000000000000000 ) ) ;
#1153 = DIRECTION ( 'NONE',  ( 0.000000000000000000, -0.000000000000000000, 1.000000000000000000 ) ) ;
#1154 = AXIS2_PLACEMENT_3D ( 'NONE', #1424, #2947, #2002 ) ;
#1155 = DIRECTION ( 'NONE',  ( -1.000000000000000000, 0.000000000000000000, 0.000000000000000000 ) ) ;
#1156 = VECTOR ( 'NONE', #372, 1000.000000000000000 ) ;
#1157 = ORIENTED_EDGE ( 'NONE', *, *, #3242, .F. ) ;
#1158 = CARTESIAN_POINT ( 'NONE',  ( -6.049999999999999822, -0.1000000000000000056, -2.949999999999999734 ) ) ;
#1159 = ORIENTED_EDGE ( 'NONE', *, *, #2953, .F. ) ;
#1160 = EDGE_CURVE ( 'NONE', #2220, #3107, #2577, .T. ) ;
#1161 = DIRECTION ( 'NONE',  ( 0.000000000000000000, 1.000000000000000000, 0.000000000000000000 ) ) ;
#1162 = ORIENTED_EDGE ( 'NONE', *, *, #2115, .F. ) ;
#1163 = CARTESIAN_POINT ( 'NONE',  ( -2.200000000000000178, 3.799999999999999378, -2.699999999999999734 ) ) ;
#1164 = ORIENTED_EDGE ( 'NONE', *, *, #515, .T. ) ;
#1165 = VERTEX_POINT ( 'NONE', #3313 ) ;
#1166 = VERTEX_POINT ( 'NONE', #1005 ) ;
#1167 = CARTESIAN_POINT ( 'NONE',  ( 3.000000000000000444, 0.7000000000000000666, -2.600000000000000089 ) ) ;
#1168 = CARTESIAN_POINT ( 'NONE',  ( -3.769059892324144290, 1.000000000000000000, -2.600000000000000089 ) ) ;
#1169 = AXIS2_PLACEMENT_3D ( 'NONE', #371, #1097, #2148 ) ;
#1170 = FACE_BOUND ( 'NONE', #2766, .T. ) ;
#1171 = EDGE_CURVE ( 'NONE', #1843, #1121, #1537, .T. ) ;
#1172 = CARTESIAN_POINT ( 'NONE',  ( -5.000000000000000000, -9.868813240888313712E-17, -2.600000000000000089 ) ) ;
#1173 = DIRECTION ( 'NONE',  ( 0.000000000000000000, -1.000000000000000000, 0.000000000000000000 ) ) ;
#1174 = EDGE_CURVE ( 'NONE', #3195, #2050, #2314, .T. ) ;
#1175 = CARTESIAN_POINT ( 'NONE',  ( -2.200000000000000178, 3.799999999999999378, 1.700000000000000622 ) ) ;
#1176 = EDGE_LOOP ( 'NONE', ( #2951, #3232, #30, #1243 ) ) ;
#1177 = CARTESIAN_POINT ( 'NONE',  ( -2.200000000000000178, 3.699999999999999734, -2.699999999999999734 ) ) ;
#1178 = ORIENTED_EDGE ( 'NONE', *, *, #3205, .F. ) ;
#1179 = DIRECTION ( 'NONE',  ( 1.000000000000000000, 0.000000000000000000, 2.065146995210484941E-16 ) ) ;
#1180 = ORIENTED_EDGE ( 'NONE', *, *, #185, .F. ) ;
#1181 = CARTESIAN_POINT ( 'NONE',  ( 3.000000000000000000, 3.499999999999999556, -2.850000000000000089 ) ) ;
#1182 = VERTEX_POINT ( 'NONE', #2090 ) ;
#1183 = ORIENTED_EDGE ( 'NONE', *, *, #134, .F. ) ;
#1184 = ORIENTED_EDGE ( 'NONE', *, *, #1024, .T. ) ;
#1185 = DIRECTION ( 'NONE',  ( -0.000000000000000000, -1.000000000000000000, -0.000000000000000000 ) ) ;
#1186 = DIRECTION ( 'NONE',  ( 0.000000000000000000, 0.000000000000000000, -1.000000000000000000 ) ) ;
#1187 = FACE_BOUND ( 'NONE', #2533, .T. ) ;
#1188 = CARTESIAN_POINT ( 'NONE',  ( 5.000000000000000000, 0.2999999999999998779, -2.600000000000000089 ) ) ;
#1189 = DIRECTION ( 'NONE',  ( 0.000000000000000000, 1.000000000000000000, 0.000000000000000000 ) ) ;
#1190 = EDGE_CURVE ( 'NONE', #3012, #2341, #2523, .T. ) ;
#1191 = AXIS2_PLACEMENT_3D ( 'NONE', #1571, #288, #3307 ) ;
#1192 = CARTESIAN_POINT ( 'NONE',  ( 2.200000000000000178, 3.699999999999999734, -2.200000000000000178 ) ) ;
#1193 = VECTOR ( 'NONE', #710, 1000.000000000000000 ) ;
#1194 = ORIENTED_EDGE ( 'NONE', *, *, #1283, .T. ) ;
#1195 = CARTESIAN_POINT ( 'NONE',  ( 3.422649730810370272, 0.4000000000000000777, 2.600000000000000089 ) ) ;
#1196 = AXIS2_PLACEMENT_3D ( 'NONE', #724, #471, #2022 ) ;
#1197 = ORIENTED_EDGE ( 'NONE', *, *, #2077, .T. ) ;
#1198 = VECTOR ( 'NONE', #1545, 1000.000000000000000 ) ;
#1199 = VERTEX_POINT ( 'NONE', #2344 ) ;
#1200 = DIRECTION ( 'NONE',  ( 0.000000000000000000, 0.000000000000000000, -1.000000000000000000 ) ) ;
#1201 = ORIENTED_EDGE ( 'NONE', *, *, #1627, .F. ) ;
#1202 = ORIENTED_EDGE ( 'NONE', *, *, #1280, .T. ) ;
#1203 = ORIENTED_EDGE ( 'NONE', *, *, #2424, .F. ) ;
#1204 = LINE ( 'NONE', #667, #2612 ) ;
#1205 = CARTESIAN_POINT ( 'NONE',  ( -3.000000000000000000, 1.000000000000000000, -2.600000000000000089 ) ) ;
#1206 = DIRECTION ( 'NONE',  ( -1.000000000000000000, -0.000000000000000000, -0.000000000000000000 ) ) ;
#1207 = VECTOR ( 'NONE', #1030, 1000.000000000000000 ) ;
#1208 = DIRECTION ( 'NONE',  ( 0.000000000000000000, 0.000000000000000000, 1.000000000000000000 ) ) ;
#1209 = CYLINDRICAL_SURFACE ( 'NONE', #1588, 0.2999999999999999334 ) ;
#1210 = VECTOR ( 'NONE', #324, 1000.000000000000000 ) ;
#1211 = AXIS2_PLACEMENT_3D ( 'NONE', #233, #3330, #1801 ) ;
#1212 = ADVANCED_FACE ( 'NONE', ( #2666 ), #2436, .F. ) ;
#1213 = VECTOR ( 'NONE', #894, 1000.000000000000000 ) ;
#1214 = ORIENTED_EDGE ( 'NONE', *, *, #2075, .T. ) ;
#1215 = FACE_BOUND ( 'NONE', #2443, .T. ) ;
#1216 = ORIENTED_EDGE ( 'NONE', *, *, #2971, .T. ) ;
#1217 = FACE_OUTER_BOUND ( 'NONE', #3086, .T. ) ;
#1218 = CARTESIAN_POINT ( 'NONE',  ( -4.000000000000000000, 3.660526280069732294E-17, -2.600000000000000089 ) ) ;
#1219 = VERTEX_POINT ( 'NONE', #2635 ) ;
#1220 = ORIENTED_EDGE ( 'NONE', *, *, #2102, .T. ) ;
#1221 = PRESENTATION_STYLE_ASSIGNMENT (( #646 ) ) ;
#1222 = PLANE ( 'NONE',  #3091 ) ;
#1223 = CARTESIAN_POINT ( 'NONE',  ( 1.947058312702257268E-16, 4.299999999999999822, 1.465137194658102882 ) ) ;
#1224 = CIRCLE ( 'NONE', #3097, 0.2999999999999999334 ) ;
#1225 = PLANE ( 'NONE',  #2959 ) ;
#1226 = LINE ( 'NONE', #277, #923 ) ;
#1227 = VECTOR ( 'NONE', #2589, 1000.000000000000000 ) ;
#1228 = CARTESIAN_POINT ( 'NONE',  ( -2.849999999999999201, 0.000000000000000000, -3.000000000000000000 ) ) ;
#1229 = ADVANCED_FACE ( 'NONE', ( #84 ), #597, .T. ) ;
#1230 = VERTEX_POINT ( 'NONE', #1620 ) ;
#1231 = DIRECTION ( 'NONE',  ( 0.000000000000000000, 1.000000000000000000, 0.000000000000000000 ) ) ;
#1232 = EDGE_CURVE ( 'NONE', #1495, #2681, #323, .T. ) ;
#1233 = CARTESIAN_POINT ( 'NONE',  ( -4.346410161513772685, 0.5999999999999998668, -1.899999999999999689 ) ) ;
#1234 = VERTEX_POINT ( 'NONE', #1131 ) ;
#1235 = DIRECTION ( 'NONE',  ( -0.000000000000000000, -1.000000000000000000, -0.000000000000000000 ) ) ;
#1236 = ORIENTED_EDGE ( 'NONE', *, *, #1444, .T. ) ;
#1237 = ORIENTED_EDGE ( 'NONE', *, *, #1521, .F. ) ;
#1238 = CARTESIAN_POINT ( 'NONE',  ( 3.422649730810370716, 0.7000000000000000666, -2.600000000000000089 ) ) ;
#1239 = ADVANCED_FACE ( 'NONE', ( #2649 ), #1909, .F. ) ;
#1240 = CARTESIAN_POINT ( 'NONE',  ( -4.346410161513773573, 0.5999999999999999778, -2.600000000000000089 ) ) ;
#1241 = CARTESIAN_POINT ( 'NONE',  ( 3.422649730810370716, 0.7000000000000000666, -1.899999999999999689 ) ) ;
#1242 = FACE_OUTER_BOUND ( 'NONE', #654, .T. ) ;
#1243 = ORIENTED_EDGE ( 'NONE', *, *, #3314, .F. ) ;
#1244 = LINE ( 'NONE', #2279, #446 ) ;
#1245 = CARTESIAN_POINT ( 'NONE',  ( -3.000000000000000000, 3.499999999999999556, 2.850000000000000089 ) ) ;
#1246 = ORIENTED_EDGE ( 'NONE', *, *, #477, .T. ) ;
#1247 = PLANE ( 'NONE',  #3121 ) ;
#1248 = VECTOR ( 'NONE', #669, 1000.000000000000000 ) ;
#1249 = DIRECTION ( 'NONE',  ( 0.000000000000000000, 0.000000000000000000, 1.000000000000000000 ) ) ;
#1250 = ORIENTED_EDGE ( 'NONE', *, *, #2852, .F. ) ;
#1251 = VECTOR ( 'NONE', #2742, 1000.000000000000000 ) ;
#1252 = CARTESIAN_POINT ( 'NONE',  ( 2.200000000000000178, 3.699999999999999734, -1.700000000000000622 ) ) ;
#1253 = ADVANCED_FACE ( 'NONE', ( #2403 ), #2387, .T. ) ;
#1254 = ORIENTED_EDGE ( 'NONE', *, *, #1871, .F. ) ;
#1255 = ORIENTED_EDGE ( 'NONE', *, *, #123, .T. ) ;
#1256 = CARTESIAN_POINT ( 'NONE',  ( -3.422649730810370272, 0.4000000000000000777, -2.600000000000000089 ) ) ;
#1257 = PLANE ( 'NONE',  #1640 ) ;
#1258 = LINE ( 'NONE', #2146, #1426 ) ;
#1259 = CIRCLE ( 'NONE', #3297, 0.1000000000000000472 ) ;
#1260 = ADVANCED_FACE ( 'NONE', ( #2163 ), #2929, .T. ) ;
#1261 = EDGE_LOOP ( 'NONE', ( #1925, #3025, #2795, #3095 ) ) ;
#1262 = CARTESIAN_POINT ( 'NONE',  ( 3.942264973081032409, 0.7000000000000025091, -2.600000000000000089 ) ) ;
#1263 = LINE ( 'NONE', #1554, #2397 ) ;
#1264 = DIRECTION ( 'NONE',  ( -1.000000000000000000, 1.807003620809174583E-15, 0.000000000000000000 ) ) ;
#1265 = VECTOR ( 'NONE', #10, 1000.000000000000000 ) ;
#1266 = EDGE_LOOP ( 'NONE', ( #1078, #2131, #2957, #665, #1201, #98, #1768, #1313, #2830, #959, #1048, #2185 ) ) ;
#1267 = CARTESIAN_POINT ( 'NONE',  ( 1.794275575749778120E-16, 4.049999999999999822, 1.465137194658102882 ) ) ;
#1268 = CIRCLE ( 'NONE', #2563, 0.5999999999999998668 ) ;
#1269 = VECTOR ( 'NONE', #253, 1000.000000000000000 ) ;
#1270 = DIRECTION ( 'NONE',  ( 1.000000000000000000, 0.000000000000000000, -1.077467997501121956E-16 ) ) ;
#1271 = ORIENTED_EDGE ( 'NONE', *, *, #686, .F. ) ;
#1272 = FACE_OUTER_BOUND ( 'NONE', #1757, .T. ) ;
#1273 = EDGE_CURVE ( 'NONE', #206, #1745, #2990, .T. ) ;
#1274 = ORIENTED_EDGE ( 'NONE', *, *, #430, .F. ) ;
#1275 = CARTESIAN_POINT ( 'NONE',  ( -3.950000000000000178, -0.1000000000000000056, 2.949999999999999734 ) ) ;
#1276 = CARTESIAN_POINT ( 'NONE',  ( 2.999999999999999556, 1.000000000000000000, 1.899999999999999911 ) ) ;
#1277 = DIRECTION ( 'NONE',  ( 1.000000000000000000, 0.000000000000000000, 0.000000000000000000 ) ) ;
#1278 = ORIENTED_EDGE ( 'NONE', *, *, #1104, .F. ) ;
#1279 = DIRECTION ( 'NONE',  ( 0.000000000000000000, -1.000000000000000000, 0.000000000000000000 ) ) ;
#1280 = EDGE_CURVE ( 'NONE', #145, #2520, #2626, .T. ) ;
#1281 = PLANE ( 'NONE',  #1907 ) ;
#1282 = DIRECTION ( 'NONE',  ( -0.000000000000000000, -1.000000000000000000, -0.000000000000000000 ) ) ;
#1283 = EDGE_CURVE ( 'NONE', #1559, #2162, #1637, .T. ) ;
#1284 = AXIS2_PLACEMENT_3D ( 'NONE', #680, #1701, #887 ) ;
#1285 = EDGE_CURVE ( 'NONE', #645, #812, #1889, .T. ) ;
#1286 = ORIENTED_EDGE ( 'NONE', *, *, #3221, .F. ) ;
#1287 = CYLINDRICAL_SURFACE ( 'NONE', #177, 0.5999999999999998668 ) ;
#1288 = EDGE_LOOP ( 'NONE', ( #2815, #1292, #1183, #1614, #3043, #3243, #338, #924, #2284, #259, #2524, #464 ) ) ;
#1289 = CARTESIAN_POINT ( 'NONE',  ( -5.000000000000000000, 0.2999999999999998779, 1.899999999999999689 ) ) ;
#1290 = LINE ( 'NONE', #1572, #529 ) ;
#1291 = CARTESIAN_POINT ( 'NONE',  ( -2.200000000000000178, 3.499999999999999556, 2.200000000000000178 ) ) ;
#1292 = ORIENTED_EDGE ( 'NONE', *, *, #1733, .T. ) ;
#1293 = LINE ( 'NONE', #41, #2808 ) ;
#1294 = CARTESIAN_POINT ( 'NONE',  ( -3.595854811567257947, 0.7000000000000000666, 2.600000000000000089 ) ) ;
#1295 = ADVANCED_FACE ( 'NONE', ( #1401 ), #568, .F. ) ;
#1296 = DIRECTION ( 'NONE',  ( -1.000000000000000000, 0.000000000000000000, 0.000000000000000000 ) ) ;
#1297 = EDGE_CURVE ( 'NONE', #2278, #2182, #117, .T. ) ;
#1298 = AXIS2_PLACEMENT_3D ( 'NONE', #2585, #2309, #1049 ) ;
#1299 = ORIENTED_EDGE ( 'NONE', *, *, #1069, .T. ) ;
#1300 = DIRECTION ( 'NONE',  ( 0.000000000000000000, 1.000000000000000000, 0.000000000000000000 ) ) ;
#1301 = ORIENTED_EDGE ( 'NONE', *, *, #361, .T. ) ;
#1302 = DIRECTION ( 'NONE',  ( -0.000000000000000000, -1.000000000000000000, -0.000000000000000000 ) ) ;
#1303 = CARTESIAN_POINT ( 'NONE',  ( 3.000000000000000000, 3.499999999999999556, -2.850000000000000089 ) ) ;
#1304 = EDGE_LOOP ( 'NONE', ( #273, #83, #3214, #1736 ) ) ;
#1305 = LINE ( 'NONE', #1549, #2076 ) ;
#1306 = VECTOR ( 'NONE', #1626, 1000.000000000000000 ) ;
#1307 = VERTEX_POINT ( 'NONE', #2622 ) ;
#1308 = DIRECTION ( 'NONE',  ( -1.000000000000000000, 0.000000000000000000, 0.000000000000000000 ) ) ;
#1309 = CARTESIAN_POINT ( 'NONE',  ( -3.000000000000000444, 0.7000000000000000666, -2.600000000000000089 ) ) ;
#1310 = CARTESIAN_POINT ( 'NONE',  ( 3.422649730810370272, 1.000000000000000000, -1.899999999999999911 ) ) ;
#1311 = AXIS2_PLACEMENT_3D ( 'NONE', #1256, #3051, #1795 ) ;
#1312 = EDGE_CURVE ( 'NONE', #1381, #3271, #831, .T. ) ;
#1313 = ORIENTED_EDGE ( 'NONE', *, *, #2206, .T. ) ;
#1314 = CARTESIAN_POINT ( 'NONE',  ( 4.346410161513773573, -1.026174408560027516E-17, -2.600000000000000089 ) ) ;
#1315 = CIRCLE ( 'NONE', #1363, 0.2500000000000004441 ) ;
#1316 = AXIS2_PLACEMENT_3D ( 'NONE', #1192, #2481, #2227 ) ;
#1317 = EDGE_LOOP ( 'NONE', ( #2691, #949, #1577, #2372 ) ) ;
#1318 = DIRECTION ( 'NONE',  ( 1.000000000000000000, 0.000000000000000000, 0.000000000000000000 ) ) ;
#1319 = EDGE_CURVE ( 'NONE', #322, #2599, #3048, .T. ) ;
#1320 = PLANE ( 'NONE',  #1599 ) ;
#1321 = ORIENTED_EDGE ( 'NONE', *, *, #2578, .T. ) ;
#1322 = DIRECTION ( 'NONE',  ( -1.000000000000000000, -9.035018104045872913E-16, 0.000000000000000000 ) ) ;
#1323 = VECTOR ( 'NONE', #2275, 1000.000000000000000 ) ;
#1324 = VERTEX_POINT ( 'NONE', #1081 ) ;
#1325 = FACE_OUTER_BOUND ( 'NONE', #2588, .T. ) ;
#1326 = CARTESIAN_POINT ( 'NONE',  ( 8.050000000000000711, -1.699999999999999956, -4.950000000000000178 ) ) ;
#1327 = DIRECTION ( 'NONE',  ( -0.000000000000000000, 1.000000000000000000, -0.000000000000000000 ) ) ;
#1328 = LINE ( 'NONE', #3119, #1804 ) ;
#1329 = VECTOR ( 'NONE', #2355, 1000.000000000000000 ) ;
#1330 = VECTOR ( 'NONE', #1668, 1000.000000000000000 ) ;
#1331 = ORIENTED_EDGE ( 'NONE', *, *, #1639, .T. ) ;
#1332 = CARTESIAN_POINT ( 'NONE',  ( 5.000000000000000000, 0.2999999999999998779, 2.600000000000000089 ) ) ;
#1333 = EDGE_CURVE ( 'NONE', #764, #162, #2117, .T. ) ;
#1334 = ORIENTED_EDGE ( 'NONE', *, *, #3304, .T. ) ;
#1335 = CARTESIAN_POINT ( 'NONE',  ( -6.049999999999999822, 0.000000000000000000, 2.949999999999999734 ) ) ;
#1336 = EDGE_LOOP ( 'NONE', ( #604, #794, #2879, #1147 ) ) ;
#1337 = CARTESIAN_POINT ( 'NONE',  ( 2.849999999999999201, 0.000000000000000000, -2.850000000000000089 ) ) ;
#1338 = EDGE_CURVE ( 'NONE', #2357, #1574, #2880, .T. ) ;
#1339 = ORIENTED_EDGE ( 'NONE', *, *, #2759, .F. ) ;
#1340 = CARTESIAN_POINT ( 'NONE',  ( 2.200000000000000178, 3.499999999999999556, 2.200000000000000178 ) ) ;
#1341 = LINE ( 'NONE', #2439, #1485 ) ;
#1342 = FACE_OUTER_BOUND ( 'NONE', #1744, .T. ) ;
#1343 = DIRECTION ( 'NONE',  ( 1.000000000000000000, 0.000000000000000000, -0.000000000000000000 ) ) ;
#1344 = DIRECTION ( 'NONE',  ( 0.000000000000000000, -1.000000000000000000, 0.000000000000000000 ) ) ;
#1345 = VERTEX_POINT ( 'NONE', #427 ) ;
#1346 = DIRECTION ( 'NONE',  ( 0.000000000000000000, -1.000000000000000000, 0.000000000000000000 ) ) ;
#1347 = ORIENTED_EDGE ( 'NONE', *, *, #2233, .T. ) ;
#1348 = DIRECTION ( 'NONE',  ( 0.000000000000000000, 0.000000000000000000, -1.000000000000000000 ) ) ;
#1349 = ADVANCED_FACE ( 'NONE', ( #445 ), #3272, .T. ) ;
#1350 = ORIENTED_EDGE ( 'NONE', *, *, #988, .F. ) ;
#1351 = CARTESIAN_POINT ( 'NONE',  ( -5.000000000000000000, 0.2999999999999998779, 2.600000000000000089 ) ) ;
#1352 = AXIS2_PLACEMENT_3D ( 'NONE', #1647, #2952, #418 ) ;
#1353 = LINE ( 'NONE', #834, #2242 ) ;
#1354 = FACE_OUTER_BOUND ( 'NONE', #2359, .T. ) ;
#1355 = AXIS2_PLACEMENT_3D ( 'NONE', #3072, #2804, #1769 ) ;
#1356 = EDGE_CURVE ( 'NONE', #1923, #419, #1457, .T. ) ;
#1357 = FACE_BOUND ( 'NONE', #717, .T. ) ;
#1358 = VECTOR ( 'NONE', #2427, 1000.000000000000000 ) ;
#1359 = ORIENTED_EDGE ( 'NONE', *, *, #1232, .F. ) ;
#1360 = CARTESIAN_POINT ( 'NONE',  ( 3.950000000000000178, 0.000000000000000000, -1.550000000000000044 ) ) ;
#1361 = ORIENTED_EDGE ( 'NONE', *, *, #1932, .F. ) ;
#1362 = CARTESIAN_POINT ( 'NONE',  ( 2.200000000000000178, 3.799999999999999378, 2.799999999999999822 ) ) ;
#1364 = ORIENTED_EDGE ( 'NONE', *, *, #865, .F. ) ;
#1363 = AXIS2_PLACEMENT_3D ( 'NONE', #599, #2881, #586 ) ;
#1365 = PLANE ( 'NONE',  #3309 ) ;
#1366 = EDGE_CURVE ( 'NONE', #562, #1778, #144, .T. ) ;
#1367 = AXIS2_PLACEMENT_3D ( 'NONE', #386, #132, #1685 ) ;
#1368 = ORIENTED_EDGE ( 'NONE', *, *, #2206, .F. ) ;
#1369 = DIRECTION ( 'NONE',  ( 0.000000000000000000, 0.000000000000000000, 1.000000000000000000 ) ) ;
#1370 = AXIS2_PLACEMENT_3D ( 'NONE', #1606, #2633, #2384 ) ;
#1371 = CIRCLE ( 'NONE', #125, 0.1499999999999999667 ) ;
#1372 = DIRECTION ( 'NONE',  ( 0.000000000000000000, 1.000000000000000000, 0.000000000000000000 ) ) ;
#1373 = FACE_OUTER_BOUND ( 'NONE', #2288, .T. ) ;
#1374 = DIRECTION ( 'NONE',  ( -0.000000000000000000, 0.000000000000000000, -1.000000000000000000 ) ) ;
#1375 = EDGE_CURVE ( 'NONE', #1660, #1551, #3216, .T. ) ;
#1376 = EDGE_CURVE ( 'NONE', #2380, #109, #255, .T. ) ;
#1377 = ORIENTED_EDGE ( 'NONE', *, *, #2814, .F. ) ;
#1378 = DIRECTION ( 'NONE',  ( -0.000000000000000000, -0.000000000000000000, -1.000000000000000000 ) ) ;
#1379 = VERTEX_POINT ( 'NONE', #2261 ) ;
#1380 = DIRECTION ( 'NONE',  ( -0.000000000000000000, -1.000000000000000000, -0.000000000000000000 ) ) ;
#1381 = VERTEX_POINT ( 'NONE', #2508 ) ;
#1382 = CARTESIAN_POINT ( 'NONE',  ( -3.942264973081032409, 0.7000000000000018430, 1.899999999999999689 ) ) ;
#1383 = ORIENTED_EDGE ( 'NONE', *, *, #657, .F. ) ;
#1384 = MANIFOLD_SOLID_BREP ( 'Combine1', #2173 ) ;
#1385 = ORIENTED_EDGE ( 'NONE', *, *, #278, .F. ) ;
#1386 = DIRECTION ( 'NONE',  ( -1.000000000000000000, 0.000000000000000000, 1.752245935330109660E-16 ) ) ;
#1387 = CARTESIAN_POINT ( 'NONE',  ( 2.850000000000000089, 3.499999999999999556, 2.850000000000000089 ) ) ;
#1388 = DIRECTION ( 'NONE',  ( 0.000000000000000000, 0.000000000000000000, -1.000000000000000000 ) ) ;
#1389 = CARTESIAN_POINT ( 'NONE',  ( 3.682457351945701785, 0.5500000000000014877, 1.899999999999999689 ) ) ;
#1390 = PLANE ( 'NONE',  #2645 ) ;
#1391 = EDGE_CURVE ( 'NONE', #2216, #905, #2237, .T. ) ;
#1392 = ORIENTED_EDGE ( 'NONE', *, *, #1083, .T. ) ;
#1393 = LINE ( 'NONE', #2901, #919 ) ;
#1394 = ADVANCED_FACE ( 'NONE', ( #390 ), #1927, .F. ) ;
#1395 = ORIENTED_EDGE ( 'NONE', *, *, #946, .F. ) ;
#1396 = CARTESIAN_POINT ( 'NONE',  ( -6.049999999999999822, 0.000000000000000000, 2.949999999999999734 ) ) ;
#1397 = ORIENTED_EDGE ( 'NONE', *, *, #3199, .T. ) ;
#1398 = DIRECTION ( 'NONE',  ( 1.000000000000000000, 0.000000000000000000, 0.000000000000000000 ) ) ;
#1399 = VERTEX_POINT ( 'NONE', #211 ) ;
#1400 = VERTEX_POINT ( 'NONE', #194 ) ;
#1401 = FACE_OUTER_BOUND ( 'NONE', #1897, .T. ) ;
#1402 = LINE ( 'NONE', #118, #1756 ) ;
#1403 = CARTESIAN_POINT ( 'NONE',  ( -3.000000000000000000, 1.000000000000000000, -2.600000000000000089 ) ) ;
#1404 = DIRECTION ( 'NONE',  ( 0.000000000000000000, 1.000000000000000000, 0.000000000000000000 ) ) ;
#1405 = AXIS2_PLACEMENT_3D ( 'NONE', #2915, #600, #1117 ) ;
#1406 = CARTESIAN_POINT ( 'NONE',  ( 0.000000000000000000, 0.000000000000000000, -2.600000000000000089 ) ) ;
#1407 = VECTOR ( 'NONE', #1118, 1000.000000000000000 ) ;
#1408 = VECTOR ( 'NONE', #2379, 1000.000000000000000 ) ;
#1409 = EDGE_LOOP ( 'NONE', ( #2014, #36, #362, #223 ) ) ;
#1410 = VECTOR ( 'NONE', #1378, 1000.000000000000000 ) ;
#1411 = DIRECTION ( 'NONE',  ( -1.000000000000000000, 0.000000000000000000, -1.032573497605241978E-16 ) ) ;
#1412 = ADVANCED_FACE ( 'NONE', ( #1985 ), #2998, .T. ) ;
#1413 = EDGE_LOOP ( 'NONE', ( #149, #1202, #1339, #1686 ) ) ;
#1414 = LINE ( 'NONE', #1396, #353 ) ;
#1415 = ORIENTED_EDGE ( 'NONE', *, *, #1998, .T. ) ;
#1416 = FACE_BOUND ( 'NONE', #1304, .T. ) ;
#1417 = CARTESIAN_POINT ( 'NONE',  ( -3.422649730810370272, 1.000000000000000000, -1.899999999999999911 ) ) ;
#1418 = EDGE_CURVE ( 'NONE', #2731, #1664, #967, .T. ) ;
#1419 = ORIENTED_EDGE ( 'NONE', *, *, #1051, .T. ) ;
#1420 = CARTESIAN_POINT ( 'NONE',  ( -2.999999999999999556, 0.000000000000000000, -1.899999999999999911 ) ) ;
#1421 = EDGE_CURVE ( 'NONE', #537, #268, #1746, .T. ) ;
#1422 = DIRECTION ( 'NONE',  ( -0.5000000000000032196, -0.8660254037844368202, 0.000000000000000000 ) ) ;
#1423 = AXIS2_PLACEMENT_3D ( 'NONE', #954, #392, #2459 ) ;
#1424 = CARTESIAN_POINT ( 'NONE',  ( 4.346410161513772685, 0.5999999999999998668, -2.600000000000000089 ) ) ;
#1425 = CARTESIAN_POINT ( 'NONE',  ( -3.000000000000000000, 1.000000000000000000, 2.600000000000000089 ) ) ;
#1426 = VECTOR ( 'NONE', #38, 1000.000000000000114 ) ;
#1427 = FACE_OUTER_BOUND ( 'NONE', #51, .T. ) ;
#1428 = CIRCLE ( 'NONE', #1854, 0.1499999999999999667 ) ;
#1429 = FACE_OUTER_BOUND ( 'NONE', #3193, .T. ) ;
#1430 = ORIENTED_EDGE ( 'NONE', *, *, #1464, .F. ) ;
#1431 = CARTESIAN_POINT ( 'NONE',  ( 6.049999999999999822, -0.1000000000000000056, 1.550000000000000044 ) ) ;
#1432 = ORIENTED_EDGE ( 'NONE', *, *, #745, .F. ) ;
#1433 = CARTESIAN_POINT ( 'NONE',  ( -2.200000000000000178, 3.699999999999999734, -1.600000000000000311 ) ) ;
#1434 = EDGE_LOOP ( 'NONE', ( #2394, #1216, #263, #845 ) ) ;
#1435 = LINE ( 'NONE', #2469, #3188 ) ;
#1436 = VERTEX_POINT ( 'NONE', #1238 ) ;
#1437 = EDGE_CURVE ( 'NONE', #209, #3079, #893, .T. ) ;
#1438 = AXIS2_PLACEMENT_3D ( 'NONE', #2602, #535, #2099 ) ;
#1439 = ORIENTED_EDGE ( 'NONE', *, *, #912, .F. ) ;
#1440 = ORIENTED_EDGE ( 'NONE', *, *, #3157, .F. ) ;
#1441 =( LENGTH_UNIT ( ) NAMED_UNIT ( * ) SI_UNIT ( .MILLI., .METRE. ) );
#1442 = CARTESIAN_POINT ( 'NONE',  ( -3.422649730810370716, 0.4000000000000000777, -2.600000000000000089 ) ) ;
#1443 = DIRECTION ( 'NONE',  ( 0.000000000000000000, 1.000000000000000000, 0.000000000000000000 ) ) ;
#1444 = EDGE_CURVE ( 'NONE', #2821, #663, #755, .T. ) ;
#1445 = CARTESIAN_POINT ( 'NONE',  ( 2.999999999999999556, 1.000000000000000000, -1.899999999999999911 ) ) ;
#1446 = DIRECTION ( 'NONE',  ( 0.000000000000000000, 0.000000000000000000, 1.000000000000000000 ) ) ;
#1447 = DIRECTION ( 'NONE',  ( 0.000000000000000000, 1.000000000000000000, 0.000000000000000000 ) ) ;
#1448 = ORIENTED_EDGE ( 'NONE', *, *, #542, .T. ) ;
#1449 = LINE ( 'NONE', #867, #1466 ) ;
#1450 = ORIENTED_EDGE ( 'NONE', *, *, #766, .F. ) ;
#1451 = CARTESIAN_POINT ( 'NONE',  ( -2.200000000000000178, 3.499999999999999556, -1.600000000000000311 ) ) ;
#1452 = VERTEX_POINT ( 'NONE', #2084 ) ;
#1453 = DIRECTION ( 'NONE',  ( -1.000000000000000000, 0.000000000000000000, 1.077467997501121956E-16 ) ) ;
#1454 = ORIENTED_EDGE ( 'NONE', *, *, #2410, .F. ) ;
#1455 = ORIENTED_EDGE ( 'NONE', *, *, #1024, .F. ) ;
#1456 = ORIENTED_EDGE ( 'NONE', *, *, #180, .F. ) ;
#1457 = LINE ( 'NONE', #1167, #1330 ) ;
#1458 = LINE ( 'NONE', #173, #735 ) ;
#1459 = CARTESIAN_POINT ( 'NONE',  ( 0.000000000000000000, -0.1000000000000000056, 0.000000000000000000 ) ) ;
#1460 = CARTESIAN_POINT ( 'NONE',  ( -5.000000000000000000, 0.2999999999999998779, -2.600000000000000089 ) ) ;
#1461 = DIRECTION ( 'NONE',  ( 1.000000000000000000, -0.000000000000000000, 1.224646799147353207E-16 ) ) ;
#1462 = CIRCLE ( 'NONE', #1884, 0.2999999999999999334 ) ;
#1463 = CYLINDRICAL_SURFACE ( 'NONE', #398, 0.5999999999999998668 ) ;
#1464 = EDGE_CURVE ( 'NONE', #162, #1166, #778, .T. ) ;
#1465 = PRODUCT_DEFINITION_CONTEXT ( 'detailed design', #513, 'design' ) ;
#1466 = VECTOR ( 'NONE', #1880, 999.9999999999998863 ) ;
#1467 = ORIENTED_EDGE ( 'NONE', *, *, #2971, .F. ) ;
#1468 = LINE ( 'NONE', #3319, #3229 ) ;
#1469 = AXIS2_PLACEMENT_3D ( 'NONE', #2756, #2478, #2704 ) ;
#1470 = CARTESIAN_POINT ( 'NONE',  ( 3.950000000000000178, -0.1000000000000000056, 1.550000000000000044 ) ) ;
#1471 = VECTOR ( 'NONE', #221, 1000.000000000000000 ) ;
#1472 = VERTEX_POINT ( 'NONE', #1289 ) ;
#1473 = DIRECTION ( 'NONE',  ( 0.5000000000000039968, -0.8660254037844363761, -0.000000000000000000 ) ) ;
#1474 = PLANE ( 'NONE',  #1740 ) ;
#1475 = ORIENTED_EDGE ( 'NONE', *, *, #1535, .F. ) ;
#1476 = EDGE_LOOP ( 'NONE', ( #886, #2750, #1838, #183 ) ) ;
#1477 = DIRECTION ( 'NONE',  ( 0.000000000000000000, 1.000000000000000000, 0.000000000000000000 ) ) ;
#1478 = PLANE ( 'NONE',  #2872 ) ;
#1479 = EDGE_CURVE ( 'NONE', #1645, #3107, #2785, .T. ) ;
#1480 = CYLINDRICAL_SURFACE ( 'NONE', #1154, 0.2999999999999999334 ) ;
#1481 = CARTESIAN_POINT ( 'NONE',  ( 0.000000000000000000, 4.065594571538794888, 0.000000000000000000 ) ) ;
#1482 = VECTOR ( 'NONE', #2963, 1000.000000000000000 ) ;
#1483 = DIRECTION ( 'NONE',  ( 0.000000000000000000, 0.000000000000000000, 1.000000000000000000 ) ) ;
#1484 = DIRECTION ( 'NONE',  ( -0.000000000000000000, 1.000000000000000000, -0.000000000000000000 ) ) ;
#1485 = VECTOR ( 'NONE', #85, 1000.000000000000000 ) ;
#1486 = EDGE_CURVE ( 'NONE', #2640, #1019, #3096, .T. ) ;
#1487 = AXIS2_PLACEMENT_3D ( 'NONE', #1723, #440, #2503 ) ;
#1488 = AXIS2_PLACEMENT_3D ( 'NONE', #968, #2293, #484 ) ;
#1489 = ORIENTED_EDGE ( 'NONE', *, *, #2115, .T. ) ;
#1490 = CARTESIAN_POINT ( 'NONE',  ( -3.950000000000000178, 0.000000000000000000, -2.949999999999999734 ) ) ;
#1491 = EDGE_CURVE ( 'NONE', #2203, #2296, #1825, .T. ) ;
#1492 = ORIENTED_EDGE ( 'NONE', *, *, #1677, .T. ) ;
#1493 = FACE_OUTER_BOUND ( 'NONE', #3285, .T. ) ;
#1494 = CYLINDRICAL_SURFACE ( 'NONE', #506, 0.2999999999999999334 ) ;
#1495 = VERTEX_POINT ( 'NONE', #17 ) ;
#1496 = ORIENTED_EDGE ( 'NONE', *, *, #340, .T. ) ;
#1497 = CARTESIAN_POINT ( 'NONE',  ( 3.422649730810370716, 0.4000000000000001332, 1.899999999999999689 ) ) ;
#1498 = CARTESIAN_POINT ( 'NONE',  ( 3.950000000000000178, -0.1000000000000000056, 2.949999999999999734 ) ) ;
#1499 = CARTESIAN_POINT ( 'NONE',  ( -2.850000000000000089, 3.499999999999999556, -2.850000000000000089 ) ) ;
#1500 = AXIS2_PLACEMENT_3D ( 'NONE', #1124, #2157, #1902 ) ;
#1501 = PLANE ( 'NONE',  #1792 ) ;
#1502 = VERTEX_POINT ( 'NONE', #483 ) ;
#1503 = CARTESIAN_POINT ( 'NONE',  ( 6.049999999999999822, -0.1000000000000000056, -2.949999999999999734 ) ) ;
#1504 = AXIS2_PLACEMENT_3D ( 'NONE', #1340, #846, #52 ) ;
#1505 = DIRECTION ( 'NONE',  ( 0.000000000000000000, 0.000000000000000000, 1.000000000000000000 ) ) ;
#1506 = ADVANCED_FACE ( 'NONE', ( #2 ), #2540, .F. ) ;
#1507 = ORIENTED_EDGE ( 'NONE', *, *, #2378, .T. ) ;
#1508 = CARTESIAN_POINT ( 'NONE',  ( 3.000000000000000444, 0.7000000000000000666, 2.600000000000000089 ) ) ;
#1509 = LINE ( 'NONE', #2047, #1702 ) ;
#1510 = ORIENTED_EDGE ( 'NONE', *, *, #762, .T. ) ;
#1511 = FACE_OUTER_BOUND ( 'NONE', #2997, .T. ) ;
#1512 = EDGE_CURVE ( 'NONE', #3231, #456, #3167, .T. ) ;
#1513 = VERTEX_POINT ( 'NONE', #271 ) ;
#1514 = EDGE_LOOP ( 'NONE', ( #980, #1203, #607, #401 ) ) ;
#1515 = CARTESIAN_POINT ( 'NONE',  ( 2.999999999999999556, 1.000000000000000000, -1.899999999999999911 ) ) ;
#1516 = DIRECTION ( 'NONE',  ( 0.000000000000000000, -0.000000000000000000, -1.000000000000000000 ) ) ;
#1517 = DIRECTION ( 'NONE',  ( -1.000000000000000000, 0.000000000000000000, 0.000000000000000000 ) ) ;
#1518 = ORIENTED_EDGE ( 'NONE', *, *, #1421, .T. ) ;
#1519 = DIRECTION ( 'NONE',  ( 1.000000000000000000, 0.000000000000000000, -1.077467997501121956E-16 ) ) ;
#1520 = DIRECTION ( 'NONE',  ( 0.000000000000000000, 0.000000000000000000, 1.000000000000000000 ) ) ;
#1521 = EDGE_CURVE ( 'NONE', #2089, #830, #2898, .T. ) ;
#1522 = ORIENTED_EDGE ( 'NONE', *, *, #1579, .F. ) ;
#1523 = CARTESIAN_POINT ( 'NONE',  ( 2.850000000000000089, 3.499999999999999556, -3.000000000000000000 ) ) ;
#1524 = CIRCLE ( 'NONE', #2695, 1.465137194658102882 ) ;
#1525 = DIRECTION ( 'NONE',  ( -0.000000000000000000, -0.000000000000000000, -1.000000000000000000 ) ) ;
#1526 = VERTEX_POINT ( 'NONE', #2051 ) ;
#1527 = AXIS2_PLACEMENT_3D ( 'NONE', #1406, #2137, #2442 ) ;
#1528 = FACE_OUTER_BOUND ( 'NONE', #716, .T. ) ;
#1529 = EDGE_CURVE ( 'NONE', #3318, #1219, #3325, .T. ) ;
#1530 = ORIENTED_EDGE ( 'NONE', *, *, #378, .T. ) ;
#1531 = VERTEX_POINT ( 'NONE', #2800 ) ;
#1532 = LINE ( 'NONE', #2572, #2639 ) ;
#1533 = DIRECTION ( 'NONE',  ( 0.000000000000000000, -0.000000000000000000, 1.000000000000000000 ) ) ;
#1534 = CARTESIAN_POINT ( 'NONE',  ( 2.849999999999999201, 0.000000000000000000, -3.000000000000000000 ) ) ;
#1535 = EDGE_CURVE ( 'NONE', #812, #3271, #1532, .T. ) ;
#1536 = ORIENTED_EDGE ( 'NONE', *, *, #185, .T. ) ;
#1537 = LINE ( 'NONE', #3054, #1576 ) ;
#1538 = LINE ( 'NONE', #792, #1269 ) ;
#1539 = LINE ( 'NONE', #2609, #781 ) ;
#1540 = VECTOR ( 'NONE', #761, 1000.000000000000000 ) ;
#1541 = PLANE ( 'NONE',  #2755 ) ;
#1542 = AXIS2_PLACEMENT_3D ( 'NONE', #3069, #21, #2848 ) ;
#1543 = VECTOR ( 'NONE', #143, 1000.000000000000000 ) ;
#1544 = ORIENTED_EDGE ( 'NONE', *, *, #3292, .T. ) ;
#1545 = DIRECTION ( 'NONE',  ( 1.000000000000000000, 0.000000000000000000, 2.065146995210484941E-16 ) ) ;
#1546 = ORIENTED_EDGE ( 'NONE', *, *, #328, .T. ) ;
#1547 = DIRECTION ( 'NONE',  ( -0.000000000000000000, 0.000000000000000000, 1.000000000000000000 ) ) ;
#1548 = DIRECTION ( 'NONE',  ( 0.000000000000000000, 0.000000000000000000, -1.000000000000000000 ) ) ;
#1549 = CARTESIAN_POINT ( 'NONE',  ( 6.049999999999999822, -0.1000000000000000056, -1.550000000000000044 ) ) ;
#1550 = ADVANCED_FACE ( 'NONE', ( #2274 ), #2555, .T. ) ;
#1551 = VERTEX_POINT ( 'NONE', #244 ) ;
#1552 = CARTESIAN_POINT ( 'NONE',  ( 3.422649730810370272, 1.000000000000000000, -2.600000000000000089 ) ) ;
#1553 = EDGE_CURVE ( 'NONE', #2927, #3301, #260, .T. ) ;
#1554 = CARTESIAN_POINT ( 'NONE',  ( -3.682457351945701785, 0.5500000000000013767, 2.600000000000000089 ) ) ;
#1555 = VECTOR ( 'NONE', #1148, 1000.000000000000000 ) ;
#1556 = CARTESIAN_POINT ( 'NONE',  ( 6.049999999999999822, 0.000000000000000000, 1.550000000000000044 ) ) ;
#1557 = ORIENTED_EDGE ( 'NONE', *, *, #2430, .T. ) ;
#1558 = DIRECTION ( 'NONE',  ( 0.000000000000000000, 0.000000000000000000, 1.000000000000000000 ) ) ;
#1559 = VERTEX_POINT ( 'NONE', #1275 ) ;
#1560 = DIRECTION ( 'NONE',  ( 0.5000000000000038858, 0.8660254037844363761, 5.162867488026250564E-17 ) ) ;
#1561 = FACE_BOUND ( 'NONE', #2559, .T. ) ;
#1562 = DIRECTION ( 'NONE',  ( 0.000000000000000000, 0.000000000000000000, 1.000000000000000000 ) ) ;
#1563 = ORIENTED_EDGE ( 'NONE', *, *, #1479, .F. ) ;
#1564 = CARTESIAN_POINT ( 'NONE',  ( 2.121486474081301986E-16, 4.065594571538794888, 1.714650339278825042 ) ) ;
#1565 = DIRECTION ( 'NONE',  ( 1.000000000000000000, 0.000000000000000000, -1.032573497605241978E-16 ) ) ;
#1566 = PLANE ( 'NONE',  #508 ) ;
#1567 = EDGE_CURVE ( 'NONE', #1379, #1526, #1462, .T. ) ;
#1568 = ORIENTED_EDGE ( 'NONE', *, *, #2281, .T. ) ;
#1569 = CARTESIAN_POINT ( 'NONE',  ( 4.000000000000000000, 3.660526280069732294E-17, -2.600000000000000089 ) ) ;
#1570 = ORIENTED_EDGE ( 'NONE', *, *, #2183, .T. ) ;
#1571 = CARTESIAN_POINT ( 'NONE',  ( -4.000000000000000000, 3.660526280069732294E-17, -2.600000000000000089 ) ) ;
#1572 = CARTESIAN_POINT ( 'NONE',  ( 2.999999999999999556, 1.000000000000000000, 1.899999999999999911 ) ) ;
#1573 = AXIS2_PLACEMENT_3D ( 'NONE', #1481, #1946, #2245 ) ;
#1574 = VERTEX_POINT ( 'NONE', #1811 ) ;
#1575 = DIRECTION ( 'NONE',  ( 0.000000000000000000, -1.000000000000000000, 0.000000000000000000 ) ) ;
#1576 = VECTOR ( 'NONE', #7, 1000.000000000000000 ) ;
#1577 = ORIENTED_EDGE ( 'NONE', *, *, #2170, .F. ) ;
#1578 = CARTESIAN_POINT ( 'NONE',  ( 6.049999999999999822, -0.1000000000000000056, -2.949999999999999734 ) ) ;
#1579 = EDGE_CURVE ( 'NONE', #209, #1452, #3286, .T. ) ;
#1580 = DIRECTION ( 'NONE',  ( 0.000000000000000000, 0.000000000000000000, 1.000000000000000000 ) ) ;
#1581 = CARTESIAN_POINT ( 'NONE',  ( -3.950000000000000178, 0.000000000000000000, 1.550000000000000044 ) ) ;
#1582 = EDGE_CURVE ( 'NONE', #977, #1182, #982, .T. ) ;
#1583 = AXIS2_PLACEMENT_3D ( 'NONE', #2636, #3184, #1642 ) ;
#1584 = ADVANCED_FACE ( 'NONE', ( #3032 ), #1764, .T. ) ;
#1585 = ORIENTED_EDGE ( 'NONE', *, *, #453, .T. ) ;
#1586 = DIRECTION ( 'NONE',  ( -0.000000000000000000, -0.000000000000000000, -1.000000000000000000 ) ) ;
#1587 = AXIS2_PLACEMENT_3D ( 'NONE', #2802, #3289, #984 ) ;
#1588 = AXIS2_PLACEMENT_3D ( 'NONE', #454, #989, #916 ) ;
#1589 = ORIENTED_EDGE ( 'NONE', *, *, #3199, .F. ) ;
#1590 = DIRECTION ( 'NONE',  ( -0.8660254037844368202, 0.5000000000000032196, 0.000000000000000000 ) ) ;
#1591 = ORIENTED_EDGE ( 'NONE', *, *, #1982, .F. ) ;
#1592 = DIRECTION ( 'NONE',  ( 0.000000000000000000, 0.000000000000000000, -1.000000000000000000 ) ) ;
#1593 = AXIS2_PLACEMENT_3D ( 'NONE', #687, #2723, #1149 ) ;
#1594 = EDGE_LOOP ( 'NONE', ( #2925, #684, #2465, #91 ) ) ;
#1595 = DIRECTION ( 'NONE',  ( 1.000000000000000000, 0.000000000000000000, 0.000000000000000000 ) ) ;
#1596 = CARTESIAN_POINT ( 'NONE',  ( 6.049999999999999822, 0.000000000000000000, 2.949999999999999734 ) ) ;
#1597 = CARTESIAN_POINT ( 'NONE',  ( -3.000000000000000444, 0.7000000000000000666, -2.600000000000000089 ) ) ;
#1598 = LINE ( 'NONE', #1008, #2298 ) ;
#1599 = AXIS2_PLACEMENT_3D ( 'NONE', #1856, #1590, #3083 ) ;
#1600 = EDGE_CURVE ( 'NONE', #1660, #1219, #3082, .T. ) ;
#1601 = DIRECTION ( 'NONE',  ( 0.000000000000000000, 0.000000000000000000, 1.000000000000000000 ) ) ;
#1602 = ORIENTED_EDGE ( 'NONE', *, *, #366, .T. ) ;
#1603 = PLANE ( 'NONE',  #2573 ) ;
#1604 = EDGE_CURVE ( 'NONE', #379, #23, #181, .T. ) ;
#1605 = EDGE_LOOP ( 'NONE', ( #840, #370 ) ) ;
#1606 = CARTESIAN_POINT ( 'NONE',  ( 3.000000000000000000, 3.499999999999999556, -3.000000000000000000 ) ) ;
#1607 = ORIENTED_EDGE ( 'NONE', *, *, #248, .F. ) ;
#1608 = DIRECTION ( 'NONE',  ( 0.000000000000000000, 0.000000000000000000, -1.000000000000000000 ) ) ;
#1609 = DIRECTION ( 'NONE',  ( 1.000000000000000000, 0.000000000000000000, 0.000000000000000000 ) ) ;
#1610 = FACE_OUTER_BOUND ( 'NONE', #399, .T. ) ;
#1611 = CARTESIAN_POINT ( 'NONE',  ( -4.346410161513772685, 0.2999999999999998779, -1.899999999999999689 ) ) ;
#1612 = ADVANCED_FACE ( 'NONE', ( #507 ), #1566, .T. ) ;
#1613 = CYLINDRICAL_SURFACE ( 'NONE', #2385, 0.5999999999999998668 ) ;
#1614 = ORIENTED_EDGE ( 'NONE', *, *, #1119, .F. ) ;
#1615 = LINE ( 'NONE', #809, #891 ) ;
#1616 = ORIENTED_EDGE ( 'NONE', *, *, #1755, .F. ) ;
#1617 = CARTESIAN_POINT ( 'NONE',  ( 4.346410161513773573, 0.5999999999999999778, -2.600000000000000089 ) ) ;
#1618 = ADVANCED_FACE ( 'NONE', ( #2807 ), #2627, .T. ) ;
#1619 = EDGE_LOOP ( 'NONE', ( #2471, #1938, #1901, #1724 ) ) ;
#1620 = CARTESIAN_POINT ( 'NONE',  ( 4.346410161513773573, -1.026174408560027516E-17, -2.600000000000000089 ) ) ;
#1621 = AXIS2_PLACEMENT_3D ( 'NONE', #2120, #572, #102 ) ;
#1622 = FACE_OUTER_BOUND ( 'NONE', #1317, .T. ) ;
#1623 = EDGE_CURVE ( 'NONE', #2792, #456, #1632, .T. ) ;
#1624 = LINE ( 'NONE', #43, #2282 ) ;
#1625 = AXIS2_PLACEMENT_3D ( 'NONE', #601, #881, #2775 ) ;
#1626 = DIRECTION ( 'NONE',  ( -0.000000000000000000, -0.000000000000000000, -1.000000000000000000 ) ) ;
#1627 = EDGE_CURVE ( 'NONE', #2357, #2516, #2365, .T. ) ;
#1628 = ORIENTED_EDGE ( 'NONE', *, *, #1312, .F. ) ;
#1629 = DIRECTION ( 'NONE',  ( -0.000000000000000000, -0.000000000000000000, -1.000000000000000000 ) ) ;
#1630 = ORIENTED_EDGE ( 'NONE', *, *, #580, .T. ) ;
#1631 = CARTESIAN_POINT ( 'NONE',  ( -3.950000000000000178, -0.1000000000000000056, -1.550000000000000044 ) ) ;
#1633 = ORIENTED_EDGE ( 'NONE', *, *, #2174, .F. ) ;
#1632 = CIRCLE ( 'NONE', #396, 0.1000000000000000472 ) ;
#1634 = DIRECTION ( 'NONE',  ( 1.032573497605241978E-16, 0.000000000000000000, 1.000000000000000000 ) ) ;
#1635 = AXIS2_PLACEMENT_3D ( 'NONE', #3315, #505, #1007 ) ;
#1636 = EDGE_LOOP ( 'NONE', ( #2861, #2259, #1808, #1904 ) ) ;
#1637 = LINE ( 'NONE', #3161, #1819 ) ;
#1638 = DIRECTION ( 'NONE',  ( 0.000000000000000000, 0.000000000000000000, 1.000000000000000000 ) ) ;
#1639 = EDGE_CURVE ( 'NONE', #2083, #1182, #1539, .T. ) ;
#1640 = AXIS2_PLACEMENT_3D ( 'NONE', #447, #2801, #3067 ) ;
#1641 = EDGE_CURVE ( 'NONE', #3189, #1513, #2592, .T. ) ;
#1642 = DIRECTION ( 'NONE',  ( 0.000000000000000000, 0.000000000000000000, 1.000000000000000000 ) ) ;
#1643 = LINE ( 'NONE', #861, #653 ) ;
#1644 = DIRECTION ( 'NONE',  ( 1.032573497605241978E-16, 0.000000000000000000, -1.000000000000000000 ) ) ;
#1645 = VERTEX_POINT ( 'NONE', #1581 ) ;
#1646 = VECTOR ( 'NONE', #608, 1000.000000000000000 ) ;
#1647 = CARTESIAN_POINT ( 'NONE',  ( -2.200000000000000178, 3.699999999999999734, 2.200000000000000178 ) ) ;
#1648 = AXIS2_PLACEMENT_3D ( 'NONE', #3146, #1595, #813 ) ;
#1649 = VERTEX_POINT ( 'NONE', #776 ) ;
#1650 = DIRECTION ( 'NONE',  ( -1.000000000000000000, 0.000000000000000000, 0.000000000000000000 ) ) ;
#1651 = VERTEX_POINT ( 'NONE', #1556 ) ;
#1652 = CARTESIAN_POINT ( 'NONE',  ( -2.999999999999999112, 0.000000000000000000, -3.000000000000000000 ) ) ;
#1653 = ORIENTED_EDGE ( 'NONE', *, *, #1553, .F. ) ;
#1654 = VERTEX_POINT ( 'NONE', #3075 ) ;
#1655 = CARTESIAN_POINT ( 'NONE',  ( -3.422649730810370716, 0.4000000000000000777, 2.600000000000000089 ) ) ;
#1656 = CARTESIAN_POINT ( 'NONE',  ( -3.826794919243111881, 0.2999999999999976574, 1.899999999999999689 ) ) ;
#1657 = CARTESIAN_POINT ( 'NONE',  ( 4.346410161513773573, 0.5999999999999999778, -1.899999999999999689 ) ) ;
#1658 = CARTESIAN_POINT ( 'NONE',  ( 2.850000000000000089, 3.499999999999999556, -2.850000000000000089 ) ) ;
#1659 = FACE_OUTER_BOUND ( 'NONE', #1476, .T. ) ;
#1660 = VERTEX_POINT ( 'NONE', #2853 ) ;
#1661 = DIRECTION ( 'NONE',  ( -0.5000000000000039968, 0.8660254037844363761, -0.000000000000000000 ) ) ;
#1662 = ORIENTED_EDGE ( 'NONE', *, *, #491, .F. ) ;
#1663 = CARTESIAN_POINT ( 'NONE',  ( 6.049999999999999822, -0.1000000000000000056, -2.949999999999999734 ) ) ;
#1664 = VERTEX_POINT ( 'NONE', #555 ) ;
#1665 = LINE ( 'NONE', #3194, #3089 ) ;
#1666 = EDGE_LOOP ( 'NONE', ( #565, #1835 ) ) ;
#1667 = ORIENTED_EDGE ( 'NONE', *, *, #1026, .T. ) ;
#1668 = DIRECTION ( 'NONE',  ( 0.000000000000000000, 0.000000000000000000, 1.000000000000000000 ) ) ;
#1669 = CARTESIAN_POINT ( 'NONE',  ( 2.999999999999999112, 0.000000000000000000, 2.850000000000000089 ) ) ;
#1670 = CARTESIAN_POINT ( 'NONE',  ( 2.999999999999999556, 1.000000000000000000, 1.899999999999999911 ) ) ;
#1671 = CARTESIAN_POINT ( 'NONE',  ( 3.000000000000000000, 1.000000000000000000, 2.600000000000000089 ) ) ;
#1672 = VECTOR ( 'NONE', #1327, 1000.000000000000000 ) ;
#1673 = CARTESIAN_POINT ( 'NONE',  ( 6.049999999999999822, -0.1000000000000000056, 1.550000000000000044 ) ) ;
#1674 = FACE_OUTER_BOUND ( 'NONE', #203, .T. ) ;
#1675 = VECTOR ( 'NONE', #743, 1000.000000000000000 ) ;
#1676 = AXIS2_PLACEMENT_3D ( 'NONE', #544, #1601, #286 ) ;
#1677 = EDGE_CURVE ( 'NONE', #116, #3058, #1598, .T. ) ;
#1678 = ORIENTED_EDGE ( 'NONE', *, *, #2535, .T. ) ;
#1679 = VECTOR ( 'NONE', #1629, 1000.000000000000000 ) ;
#1680 = CARTESIAN_POINT ( 'NONE',  ( 4.346410161513772685, 0.2999999999999998779, 1.899999999999999689 ) ) ;
#1681 = ORIENTED_EDGE ( 'NONE', *, *, #208, .T. ) ;
#1682 = CARTESIAN_POINT ( 'NONE',  ( -2.999999999999999556, 0.7000000000000000666, -1.899999999999999911 ) ) ;
#1683 = ADVANCED_FACE ( 'NONE', ( #2107 ), #1820, .T. ) ;
#1684 = VERTEX_POINT ( 'NONE', #527 ) ;
#1685 = DIRECTION ( 'NONE',  ( 0.000000000000000000, 0.000000000000000000, -1.000000000000000000 ) ) ;
#1686 = ORIENTED_EDGE ( 'NONE', *, *, #2102, .F. ) ;
#1687 = ORIENTED_EDGE ( 'NONE', *, *, #360, .T. ) ;
#1688 = ORIENTED_EDGE ( 'NONE', *, *, #1273, .T. ) ;
#1689 = CARTESIAN_POINT ( 'NONE',  ( 6.049999999999999822, -0.1000000000000000056, 2.949999999999999734 ) ) ;
#1690 = AXIS2_PLACEMENT_3D ( 'NONE', #815, #311, #1372 ) ;
#1691 = DIRECTION ( 'NONE',  ( 0.000000000000000000, 0.000000000000000000, -1.000000000000000000 ) ) ;
#1692 = PLANE ( 'NONE',  #603 ) ;
#1693 = AXIS2_PLACEMENT_3D ( 'NONE', #1291, #262, #1034 ) ;
#1694 = DIRECTION ( 'NONE',  ( 0.000000000000000000, 1.000000000000000000, 0.000000000000000000 ) ) ;
#1695 = VECTOR ( 'NONE', #166, 1000.000000000000000 ) ;
#1696 = DIRECTION ( 'NONE',  ( 0.000000000000000000, 1.000000000000000000, 0.000000000000000000 ) ) ;
#1697 = ORIENTED_EDGE ( 'NONE', *, *, #878, .T. ) ;
#1698 = CARTESIAN_POINT ( 'NONE',  ( 8.050000000000000711, -1.699999999999999956, 4.950000000000000178 ) ) ;
#1699 = ORIENTED_EDGE ( 'NONE', *, *, #1391, .F. ) ;
#1700 = EDGE_CURVE ( 'NONE', #1165, #2858, #2303, .T. ) ;
#1701 = DIRECTION ( 'NONE',  ( -0.000000000000000000, -1.000000000000000000, -0.000000000000000000 ) ) ;
#1702 = VECTOR ( 'NONE', #3266, 1000.000000000000000 ) ;
#1703 = VERTEX_POINT ( 'NONE', #254 ) ;
#1704 = CARTESIAN_POINT ( 'NONE',  ( 8.050000000000000711, -1.699999999999999956, -4.950000000000000178 ) ) ;
#1705 = EDGE_LOOP ( 'NONE', ( #193, #1164 ) ) ;
#1706 = EDGE_CURVE ( 'NONE', #1472, #812, #1328, .T. ) ;
#1707 = CIRCLE ( 'NONE', #689, 0.5999999999999998668 ) ;
#1708 = ORIENTED_EDGE ( 'NONE', *, *, #2736, .T. ) ;
#1709 = VERTEX_POINT ( 'NONE', #1310 ) ;
#1710 =( NAMED_UNIT ( * ) PLANE_ANGLE_UNIT ( ) SI_UNIT ( $, .RADIAN. ) );
#1711 = CARTESIAN_POINT ( 'NONE',  ( -3.000000000000000000, 1.000000000000000000, -2.600000000000000089 ) ) ;
#1712 = EDGE_CURVE ( 'NONE', #3230, #3298, #818, .T. ) ;
#1713 = FACE_OUTER_BOUND ( 'NONE', #623, .T. ) ;
#1714 = CARTESIAN_POINT ( 'NONE',  ( -5.000000000000000000, 0.2999999999999998779, -2.600000000000000089 ) ) ;
#1715 = CARTESIAN_POINT ( 'NONE',  ( 2.200000000000000178, 3.699999999999999734, -2.699999999999999734 ) ) ;
#1716 = CARTESIAN_POINT ( 'NONE',  ( 3.422649730810370716, 0.7000000000000000666, -1.899999999999999689 ) ) ;
#1717 = EDGE_CURVE ( 'NONE', #1936, #2034, #2094, .T. ) ;
#1718 = ORIENTED_EDGE ( 'NONE', *, *, #2873, .F. ) ;
#1719 = FACE_OUTER_BOUND ( 'NONE', #165, .T. ) ;
#1720 = EDGE_CURVE ( 'NONE', #2516, #1324, #574, .T. ) ;
#1721 = CARTESIAN_POINT ( 'NONE',  ( 3.000000000000000000, 3.499999999999999556, 3.000000000000000000 ) ) ;
#1722 = ORIENTED_EDGE ( 'NONE', *, *, #2593, .F. ) ;
#1723 = CARTESIAN_POINT ( 'NONE',  ( -5.000000000000000000, 0.2999999999999998779, -2.600000000000000089 ) ) ;
#1724 = ORIENTED_EDGE ( 'NONE', *, *, #345, .F. ) ;
#1725 = ORIENTED_EDGE ( 'NONE', *, *, #2873, .T. ) ;
#1726 = ORIENTED_EDGE ( 'NONE', *, *, #2836, .T. ) ;
#1727 = FILL_AREA_STYLE_COLOUR ( '', #182 ) ;
#1728 = FACE_OUTER_BOUND ( 'NONE', #170, .T. ) ;
#1729 = DIRECTION ( 'NONE',  ( 0.000000000000000000, -1.000000000000000000, 0.000000000000000000 ) ) ;
#1730 = EDGE_CURVE ( 'NONE', #2982, #2516, #3029, .T. ) ;
#1731 = FACE_OUTER_BOUND ( 'NONE', #742, .T. ) ;
#1732 = DIRECTION ( 'NONE',  ( 0.000000000000000000, 1.000000000000000000, 0.000000000000000000 ) ) ;
#1733 = EDGE_CURVE ( 'NONE', #2821, #153, #1903, .T. ) ;
#1734 = FACE_OUTER_BOUND ( 'NONE', #1666, .T. ) ;
#1735 = CIRCLE ( 'NONE', #1789, 0.5999999999999998668 ) ;
#1736 = ORIENTED_EDGE ( 'NONE', *, *, #777, .F. ) ;
#1737 = DIRECTION ( 'NONE',  ( -1.000000000000000000, 0.000000000000000000, 2.065146995210484941E-16 ) ) ;
#1738 = CIRCLE ( 'NONE', #1469, 0.2999999999999999334 ) ;
#1739 = PRODUCT_CONTEXT ( 'NONE', #1126, 'mechanical' ) ;
#1740 = AXIS2_PLACEMENT_3D ( 'NONE', #2522, #3028, #258 ) ;
#1741 = EDGE_LOOP ( 'NONE', ( #1510, #1799, #1331, #2472 ) ) ;
#1742 = CARTESIAN_POINT ( 'NONE',  ( -3.000000000000000000, 1.000000000000000000, -2.600000000000000089 ) ) ;
#1743 = CARTESIAN_POINT ( 'NONE',  ( 3.422649730810370272, 0.4000000000000000777, -1.899999999999999911 ) ) ;
#1744 = EDGE_LOOP ( 'NONE', ( #3071, #135, #2417, #2979 ) ) ;
#1745 = VERTEX_POINT ( 'NONE', #28 ) ;
#1746 = LINE ( 'NONE', #2768, #2504 ) ;
#1747 = DIRECTION ( 'NONE',  ( -0.000000000000000000, -0.000000000000000000, -1.000000000000000000 ) ) ;
#1748 = DIRECTION ( 'NONE',  ( -1.000000000000000000, 0.000000000000000000, 0.000000000000000000 ) ) ;
#1749 = FACE_OUTER_BOUND ( 'NONE', #1983, .T. ) ;
#1750 = CARTESIAN_POINT ( 'NONE',  ( 2.999999999999999556, 1.000000000000000000, -1.899999999999999911 ) ) ;
#1751 = EDGE_CURVE ( 'NONE', #145, #2351, #3316, .T. ) ;
#1752 = LINE ( 'NONE', #2024, #1805 ) ;
#1753 = CIRCLE ( 'NONE', #294, 0.5999999999999998668 ) ;
#1754 = VECTOR ( 'NONE', #662, 1000.000000000000114 ) ;
#1755 = EDGE_CURVE ( 'NONE', #1791, #2681, #564, .T. ) ;
#1756 = VECTOR ( 'NONE', #2205, 1000.000000000000000 ) ;
#1757 = EDGE_LOOP ( 'NONE', ( #1236, #285, #2367, #331 ) ) ;
#1758 = DIRECTION ( 'NONE',  ( 1.000000000000000000, 0.000000000000000000, -1.224646799147353207E-16 ) ) ;
#1759 = LINE ( 'NONE', #421, #256 ) ;
#1760 = ORIENTED_EDGE ( 'NONE', *, *, #3001, .T. ) ;
#1761 = DIRECTION ( 'NONE',  ( 0.000000000000000000, 0.000000000000000000, -1.000000000000000000 ) ) ;
#1762 = ORIENTED_EDGE ( 'NONE', *, *, #2736, .F. ) ;
#1763 = ORIENTED_EDGE ( 'NONE', *, *, #3102, .F. ) ;
#1764 = CYLINDRICAL_SURFACE ( 'NONE', #1311, 0.5999999999999998668 ) ;
#1765 = CARTESIAN_POINT ( 'NONE',  ( 6.049999999999999822, 0.000000000000000000, -2.949999999999999734 ) ) ;
#1766 = CARTESIAN_POINT ( 'NONE',  ( -2.999999999999999556, 1.000000000000000000, 1.899999999999999911 ) ) ;
#1767 = AXIS2_PLACEMENT_3D ( 'NONE', #289, #2130, #3142 ) ;
#1768 = ORIENTED_EDGE ( 'NONE', *, *, #679, .F. ) ;
#1769 = DIRECTION ( 'NONE',  ( -1.000000000000000000, 7.228014483236697541E-16, 0.000000000000000000 ) ) ;
#1770 = PLANE ( 'NONE',  #1211 ) ;
#1771 = ORIENTED_EDGE ( 'NONE', *, *, #473, .T. ) ;
#1772 = EDGE_CURVE ( 'NONE', #2338, #3263, #1315, .T. ) ;
#1773 = CARTESIAN_POINT ( 'NONE',  ( 2.200000000000000178, 3.799999999999999378, 1.600000000000000311 ) ) ;
#1774 = LINE ( 'NONE', #187, #2935 ) ;
#1775 = EDGE_CURVE ( 'NONE', #1709, #2175, #615, .T. ) ;
#1776 = ORIENTED_EDGE ( 'NONE', *, *, #2075, .F. ) ;
#1777 = CARTESIAN_POINT ( 'NONE',  ( 2.200000000000000178, 3.799999999999999378, -2.799999999999999822 ) ) ;
#1778 = VERTEX_POINT ( 'NONE', #2650 ) ;
#1779 = VERTEX_POINT ( 'NONE', #1133 ) ;
#1780 = DIRECTION ( 'NONE',  ( -1.000000000000000000, 0.000000000000000000, -0.000000000000000000 ) ) ;
#1781 = DIRECTION ( 'NONE',  ( 0.000000000000000000, 0.000000000000000000, 1.000000000000000000 ) ) ;
#1782 = EDGE_CURVE ( 'NONE', #408, #2240, #1965, .T. ) ;
#1783 = FACE_OUTER_BOUND ( 'NONE', #2697, .T. ) ;
#1784 = ORIENTED_EDGE ( 'NONE', *, *, #3173, .F. ) ;
#1785 = DIRECTION ( 'NONE',  ( 0.000000000000000000, -1.000000000000000000, 0.000000000000000000 ) ) ;
#1786 = DIRECTION ( 'NONE',  ( 1.000000000000000000, 0.000000000000000000, 0.000000000000000000 ) ) ;
#1787 = CARTESIAN_POINT ( 'NONE',  ( -2.200000000000000178, 3.799999999999999378, 1.600000000000000311 ) ) ;
#1788 = DIRECTION ( 'NONE',  ( 0.000000000000000000, 0.000000000000000000, 1.000000000000000000 ) ) ;
#1789 = AXIS2_PLACEMENT_3D ( 'NONE', #848, #2651, #326 ) ;
#1790 = ADVANCED_FACE ( 'NONE', ( #847 ), #2823, .T. ) ;
#1791 = VERTEX_POINT ( 'NONE', #2865 ) ;
#1792 = AXIS2_PLACEMENT_3D ( 'NONE', #2529, #3290, #2121 ) ;
#1793 = DIRECTION ( 'NONE',  ( 0.000000000000000000, -0.000000000000000000, -1.000000000000000000 ) ) ;
#1794 = ORIENTED_EDGE ( 'NONE', *, *, #1026, .F. ) ;
#1795 = DIRECTION ( 'NONE',  ( 1.000000000000000000, 0.000000000000000000, 0.000000000000000000 ) ) ;
#1796 = AXIS2_PLACEMENT_3D ( 'NONE', #683, #1980, #114 ) ;
#1797 = LINE ( 'NONE', #1765, #1807 ) ;
#1798 = DIRECTION ( 'NONE',  ( 1.000000000000000000, 0.000000000000000000, 2.065146995210484941E-16 ) ) ;
#1799 = ORIENTED_EDGE ( 'NONE', *, *, #2498, .T. ) ;
#1800 = DIRECTION ( 'NONE',  ( 0.000000000000000000, 1.000000000000000000, 0.000000000000000000 ) ) ;
#1801 = DIRECTION ( 'NONE',  ( 0.000000000000000000, 0.000000000000000000, 1.000000000000000000 ) ) ;
#1802 = AXIS2_PLACEMENT_3D ( 'NONE', #3332, #2868, #2827 ) ;
#1803 = DIRECTION ( 'NONE',  ( -0.8660254037844368202, 0.5000000000000032196, 0.000000000000000000 ) ) ;
#1804 = VECTOR ( 'NONE', #3057, 1000.000000000000000 ) ;
#1805 = VECTOR ( 'NONE', #2706, 1000.000000000000000 ) ;
#1806 = CONICAL_SURFACE ( 'NONE', #1542, 1.750000000000000000, 0.06241880999595806473 ) ;
#1807 = VECTOR ( 'NONE', #1548, 1000.000000000000000 ) ;
#1808 = ORIENTED_EDGE ( 'NONE', *, *, #2388, .T. ) ;
#1809 = LINE ( 'NONE', #2015, #605 ) ;
#1810 = ORIENTED_EDGE ( 'NONE', *, *, #542, .F. ) ;
#1811 = CARTESIAN_POINT ( 'NONE',  ( 5.000000000000000000, 0.2999999999999998779, -1.899999999999999689 ) ) ;
#1812 = FACE_BOUND ( 'NONE', #2954, .T. ) ;
#1813 = DIRECTION ( 'NONE',  ( 0.000000000000000000, 0.000000000000000000, 1.000000000000000000 ) ) ;
#1814 = ORIENTED_EDGE ( 'NONE', *, *, #1951, .F. ) ;
#1815 = FACE_OUTER_BOUND ( 'NONE', #2738, .T. ) ;
#1816 = ADVANCED_FACE ( 'NONE', ( #877 ), #633, .T. ) ;
#1817 = LINE ( 'NONE', #540, #570 ) ;
#1818 = TOROIDAL_SURFACE ( 'NONE', #304, 0.4999999999999996669, 0.1000000000000000056 ) ;
#1819 = VECTOR ( 'NONE', #858, 1000.000000000000000 ) ;
#1820 = PLANE ( 'NONE',  #242 ) ;
#1821 = VERTEX_POINT ( 'NONE', #2894 ) ;
#1822 = DIRECTION ( 'NONE',  ( 0.000000000000000000, 0.000000000000000000, 1.000000000000000000 ) ) ;
#1823 = EDGE_CURVE ( 'NONE', #516, #1495, #2684, .T. ) ;
#1824 = ORIENTED_EDGE ( 'NONE', *, *, #1579, .T. ) ;
#1825 = LINE ( 'NONE', #2323, #1025 ) ;
#1826 = CARTESIAN_POINT ( 'NONE',  ( 4.346410161513772685, 0.2999999999999998779, 2.600000000000000089 ) ) ;
#1827 = VERTEX_POINT ( 'NONE', #2374 ) ;
#1828 = DIRECTION ( 'NONE',  ( 0.000000000000000000, 1.000000000000000000, 0.000000000000000000 ) ) ;
#1829 = ORIENTED_EDGE ( 'NONE', *, *, #900, .T. ) ;
#1830 = CARTESIAN_POINT ( 'NONE',  ( 0.000000000000000000, 0.000000000000000000, 0.000000000000000000 ) ) ;
#1831 = EDGE_CURVE ( 'NONE', #162, #3195, #1353, .T. ) ;
#1832 = CARTESIAN_POINT ( 'NONE',  ( 3.950000000000000178, 0.000000000000000000, -2.949999999999999734 ) ) ;
#1833 = CARTESIAN_POINT ( 'NONE',  ( 6.049999999999999822, -0.1000000000000000056, -1.550000000000000044 ) ) ;
#1834 = ADVANCED_FACE ( 'NONE', ( #1622 ), #1100, .F. ) ;
#1835 = ORIENTED_EDGE ( 'NONE', *, *, #1376, .T. ) ;
#1836 = PLANE ( 'NONE',  #1089 ) ;
#1837 = AXIS2_PLACEMENT_3D ( 'NONE', #1195, #2709, #3244 ) ;
#1838 = ORIENTED_EDGE ( 'NONE', *, *, #1866, .F. ) ;
#1839 = DIRECTION ( 'NONE',  ( -1.032573497605241978E-16, 0.000000000000000000, -1.000000000000000000 ) ) ;
#1840 = CIRCLE ( 'NONE', #2497, 0.09999999999999982514 ) ;
#1841 = VERTEX_POINT ( 'NONE', #2932 ) ;
#1842 = CARTESIAN_POINT ( 'NONE',  ( -3.422649730810370272, 0.4000000000000000777, -1.899999999999999911 ) ) ;
#1843 = VERTEX_POINT ( 'NONE', #2135 ) ;
#1844 = CARTESIAN_POINT ( 'NONE',  ( 8.050000000000000711, -0.1000000000000000056, -4.950000000000000178 ) ) ;
#1845 = DIRECTION ( 'NONE',  ( 0.000000000000000000, 1.000000000000000000, -0.000000000000000000 ) ) ;
#1846 = VECTOR ( 'NONE', #380, 1000.000000000000000 ) ;
#1847 = PLANE ( 'NONE',  #2594 ) ;
#1848 = CARTESIAN_POINT ( 'NONE',  ( -4.000000000000000000, 3.660526280069732294E-17, -2.600000000000000089 ) ) ;
#1849 = EDGE_CURVE ( 'NONE', #1531, #2351, #122, .T. ) ;
#1850 = ADVANCED_FACE ( 'NONE', ( #2668 ), #373, .T. ) ;
#1851 = CIRCLE ( 'NONE', #617, 0.1499999999999999667 ) ;
#1852 = LINE ( 'NONE', #2641, #1408 ) ;
#1853 = VECTOR ( 'NONE', #49, 1000.000000000000000 ) ;
#1854 = AXIS2_PLACEMENT_3D ( 'NONE', #1387, #2420, #1638 ) ;
#1855 = ORIENTED_EDGE ( 'NONE', *, *, #528, .T. ) ;
#1856 = CARTESIAN_POINT ( 'NONE',  ( -3.769059892324144290, 1.000000000000000000, -2.600000000000000089 ) ) ;
#1857 = ORIENTED_EDGE ( 'NONE', *, *, #3183, .T. ) ;
#1858 = FACE_OUTER_BOUND ( 'NONE', #3253, .T. ) ;
#1859 = ORIENTED_EDGE ( 'NONE', *, *, #174, .F. ) ;
#1860 = DIRECTION ( 'NONE',  ( 0.000000000000000000, -1.000000000000000000, 0.000000000000000000 ) ) ;
#1861 = DIRECTION ( 'NONE',  ( 1.000000000000000000, 0.000000000000000000, 0.000000000000000000 ) ) ;
#1862 = DIRECTION ( 'NONE',  ( 0.000000000000000000, 0.000000000000000000, -1.000000000000000000 ) ) ;
#1863 = CARTESIAN_POINT ( 'NONE',  ( 3.000000000000000000, 3.499999999999999556, -3.000000000000000000 ) ) ;
#1864 = EDGE_CURVE ( 'NONE', #1345, #693, #1341, .T. ) ;
#1865 = VECTOR ( 'NONE', #1161, 1000.000000000000000 ) ;
#1866 = EDGE_CURVE ( 'NONE', #920, #645, #25, .T. ) ;
#1867 = DIRECTION ( 'NONE',  ( 0.000000000000000000, 0.000000000000000000, 1.000000000000000000 ) ) ;
#1868 = ORIENTED_EDGE ( 'NONE', *, *, #433, .T. ) ;
#1869 = EDGE_CURVE ( 'NONE', #1130, #379, #3163, .T. ) ;
#1870 = CARTESIAN_POINT ( 'NONE',  ( 5.000000000000000000, -9.868813240888313712E-17, 2.600000000000000089 ) ) ;
#1871 = EDGE_CURVE ( 'NONE', #1920, #3301, #357, .T. ) ;
#1872 = EDGE_LOOP ( 'NONE', ( #1888, #1157, #2291, #2847 ) ) ;
#1873 = DIRECTION ( 'NONE',  ( 0.000000000000000000, 0.000000000000000000, 1.000000000000000000 ) ) ;
#1874 = ORIENTED_EDGE ( 'NONE', *, *, #896, .T. ) ;
#1875 = CARTESIAN_POINT ( 'NONE',  ( -3.422649730810370716, 0.4000000000000000777, -2.600000000000000089 ) ) ;
#1876 = CARTESIAN_POINT ( 'NONE',  ( -2.200000000000000178, 3.799999999999999378, 2.200000000000000178 ) ) ;
#1877 = CARTESIAN_POINT ( 'NONE',  ( 4.086602540378442505, 0.4499999999999987899, -2.600000000000000089 ) ) ;
#1878 = DIRECTION ( 'NONE',  ( -1.000000000000000000, -0.000000000000000000, -1.032573497605241978E-16 ) ) ;
#1879 = EDGE_LOOP ( 'NONE', ( #1699, #1377, #2783, #801 ) ) ;
#1880 = DIRECTION ( 'NONE',  ( -0.5000000000000039968, 0.8660254037844363761, -0.000000000000000000 ) ) ;
#1881 = EDGE_CURVE ( 'NONE', #2054, #2089, #2623, .T. ) ;
#1882 = EDGE_LOOP ( 'NONE', ( #1568, #1708, #874, #303, #981, #932, #2103, #944 ) ) ;
#1883 = DIRECTION ( 'NONE',  ( 0.000000000000000000, 0.000000000000000000, -1.000000000000000000 ) ) ;
#1884 = AXIS2_PLACEMENT_3D ( 'NONE', #785, #768, #1001 ) ;
#1885 = ORIENTED_EDGE ( 'NONE', *, *, #1356, .T. ) ;
#1886 = LINE ( 'NONE', #64, #72 ) ;
#1887 = EDGE_CURVE ( 'NONE', #3191, #1436, #2655, .T. ) ;
#1888 = ORIENTED_EDGE ( 'NONE', *, *, #2837, .T. ) ;
#1889 = LINE ( 'NONE', #1351, #1109 ) ;
#1890 = VECTOR ( 'NONE', #1974, 1000.000000000000000 ) ;
#1891 = LINE ( 'NONE', #2187, #346 ) ;
#1892 = CARTESIAN_POINT ( 'NONE',  ( 5.000000000000000000, -9.868813240888313712E-17, -2.600000000000000089 ) ) ;
#1893 = CARTESIAN_POINT ( 'NONE',  ( 0.000000000000000000, 4.299999999999999822, 0.000000000000000000 ) ) ;
#1894 = VECTOR ( 'NONE', #2460, 1000.000000000000000 ) ;
#1895 = LINE ( 'NONE', #588, #3291 ) ;
#1896 = CIRCLE ( 'NONE', #2856, 0.5999999999999998668 ) ;
#1897 = EDGE_LOOP ( 'NONE', ( #290, #1250, #2488, #2743 ) ) ;
#1898 = ORIENTED_EDGE ( 'NONE', *, *, #896, .F. ) ;
#1899 = CARTESIAN_POINT ( 'NONE',  ( 4.346410161513772685, 0.5999999999999998668, -1.899999999999999689 ) ) ;
#1900 = PRESENTATION_LAYER_ASSIGNMENT (  '', '', ( #3084 ) ) ;
#1901 = ORIENTED_EDGE ( 'NONE', *, *, #2722, .F. ) ;
#1902 = DIRECTION ( 'NONE',  ( 0.000000000000000000, 0.000000000000000000, 1.000000000000000000 ) ) ;
#1904 = ORIENTED_EDGE ( 'NONE', *, *, #1043, .T. ) ;
#1903 = CIRCLE ( 'NONE', #1046, 0.5999999999999998668 ) ;
#1905 = CARTESIAN_POINT ( 'NONE',  ( 3.950000000000000178, 0.000000000000000000, 1.550000000000000044 ) ) ;
#1906 = ORIENTED_EDGE ( 'NONE', *, *, #452, .T. ) ;
#1907 = AXIS2_PLACEMENT_3D ( 'NONE', #1038, #2072, #3090 ) ;
#1908 = ORIENTED_EDGE ( 'NONE', *, *, #1190, .F. ) ;
#1909 = PLANE ( 'NONE',  #895 ) ;
#1910 = CARTESIAN_POINT ( 'NONE',  ( -3.950000000000000178, -0.1000000000000000056, -2.949999999999999734 ) ) ;
#1911 = CIRCLE ( 'NONE', #2349, 0.5999999999999998668 ) ;
#1912 = DIRECTION ( 'NONE',  ( -0.000000000000000000, -1.000000000000000000, -0.000000000000000000 ) ) ;
#1913 = CARTESIAN_POINT ( 'NONE',  ( 5.000000000000000000, 0.2999999999999998779, -2.600000000000000089 ) ) ;
#1914 = CARTESIAN_POINT ( 'NONE',  ( -3.942264973081032409, 0.7000000000000019540, -2.600000000000000089 ) ) ;
#1915 = EDGE_CURVE ( 'NONE', #638, #206, #3275, .T. ) ;
#1916 = ADVANCED_FACE ( 'NONE', ( #1187, #1170, #2207, #2701, #1713 ), #412, .F. ) ;
#1917 = ORIENTED_EDGE ( 'NONE', *, *, #1512, .F. ) ;
#1918 = CIRCLE ( 'NONE', #1500, 0.4999999999999995559 ) ;
#1919 = LINE ( 'NONE', #3208, #1410 ) ;
#1920 = VERTEX_POINT ( 'NONE', #1988 ) ;
#1921 = LINE ( 'NONE', #1663, #2407 ) ;
#1922 = EDGE_CURVE ( 'NONE', #382, #3012, #196, .T. ) ;
#1923 = VERTEX_POINT ( 'NONE', #2475 ) ;
#1924 = LINE ( 'NONE', #929, #2611 ) ;
#1925 = ORIENTED_EDGE ( 'NONE', *, *, #1733, .F. ) ;
#1926 = ORIENTED_EDGE ( 'NONE', *, *, #1869, .T. ) ;
#1927 = CYLINDRICAL_SURFACE ( 'NONE', #937, 0.2999999999999999334 ) ;
#1928 = DIRECTION ( 'NONE',  ( 0.000000000000000000, 0.000000000000000000, 1.000000000000000000 ) ) ;
#1929 = PLANE ( 'NONE',  #2610 ) ;
#1930 = PLANE ( 'NONE',  #1033 ) ;
#1931 = LINE ( 'NONE', #899, #2011 ) ;
#1932 = EDGE_CURVE ( 'NONE', #419, #270, #3218, .T. ) ;
#1933 = ADVANCED_FACE ( 'NONE', ( #2740 ), #3187, .T. ) ;
#1934 = ORIENTED_EDGE ( 'NONE', *, *, #927, .F. ) ;
#1935 = CARTESIAN_POINT ( 'NONE',  ( 8.050000000000000711, -0.1000000000000000056, -4.950000000000000178 ) ) ;
#1936 = VERTEX_POINT ( 'NONE', #3200 ) ;
#1937 = CARTESIAN_POINT ( 'NONE',  ( -6.049999999999999822, 0.000000000000000000, -1.550000000000000044 ) ) ;
#1938 = ORIENTED_EDGE ( 'NONE', *, *, #325, .T. ) ;
#1939 = CARTESIAN_POINT ( 'NONE',  ( 0.000000000000000000, 4.299999999999999822, -1.465137194658102882 ) ) ;
#1940 = ORIENTED_EDGE ( 'NONE', *, *, #2566, .T. ) ;
#1941 = VERTEX_POINT ( 'NONE', #1223 ) ;
#1942 = ORIENTED_EDGE ( 'NONE', *, *, #2712, .F. ) ;
#1943 = CARTESIAN_POINT ( 'NONE',  ( 3.422649730810370716, 0.4000000000000001332, -2.600000000000000089 ) ) ;
#1944 = DIRECTION ( 'NONE',  ( 0.000000000000000000, 0.000000000000000000, 1.000000000000000000 ) ) ;
#1945 = DIRECTION ( 'NONE',  ( 0.000000000000000000, 0.000000000000000000, 1.000000000000000000 ) ) ;
#1946 = DIRECTION ( 'NONE',  ( -0.000000000000000000, -1.000000000000000000, -0.000000000000000000 ) ) ;
#1947 = VECTOR ( 'NONE', #3219, 1000.000000000000000 ) ;
#1948 = CARTESIAN_POINT ( 'NONE',  ( 6.049999999999999822, -0.1000000000000000056, 1.550000000000000044 ) ) ;
#1949 = DIRECTION ( 'NONE',  ( 0.000000000000000000, 1.000000000000000000, 0.000000000000000000 ) ) ;
#1950 = AXIS2_PLACEMENT_3D ( 'NONE', #70, #1644, #56 ) ;
#1951 = EDGE_CURVE ( 'NONE', #2413, #3298, #1753, .T. ) ;
#1952 = AXIS2_PLACEMENT_3D ( 'NONE', #752, #2321, #997 ) ;
#1953 = ORIENTED_EDGE ( 'NONE', *, *, #838, .F. ) ;
#1954 = DIRECTION ( 'NONE',  ( 1.000000000000000000, 0.000000000000000000, 0.000000000000000000 ) ) ;
#1955 = EDGE_CURVE ( 'NONE', #591, #562, #2510, .T. ) ;
#1956 = EDGE_LOOP ( 'NONE', ( #474, #2715, #240, #63 ) ) ;
#1957 = DIRECTION ( 'NONE',  ( 0.000000000000000000, 0.000000000000000000, -1.000000000000000000 ) ) ;
#1958 = EDGE_LOOP ( 'NONE', ( #1112, #93, #2313, #188 ) ) ;
#1959 = CARTESIAN_POINT ( 'NONE',  ( -2.200000000000000178, 3.499999999999999556, -2.799999999999999822 ) ) ;
#1960 = EDGE_LOOP ( 'NONE', ( #2630, #2906, #2798, #2021 ) ) ;
#1961 = ORIENTED_EDGE ( 'NONE', *, *, #2424, .T. ) ;
#1962 = EDGE_LOOP ( 'NONE', ( #493, #2938, #2688, #1440 ) ) ;
#1963 = DIRECTION ( 'NONE',  ( 0.000000000000000000, 0.000000000000000000, -1.000000000000000000 ) ) ;
#1964 = CARTESIAN_POINT ( 'NONE',  ( -2.200000000000000178, 3.699999999999999734, 2.799999999999999822 ) ) ;
#1965 = CIRCLE ( 'NONE', #2561, 0.2999999999999999334 ) ;
#1966 = FACE_OUTER_BOUND ( 'NONE', #3293, .T. ) ;
#1967 = VECTOR ( 'NONE', #308, 1000.000000000000000 ) ;
#1968 = PLANE ( 'NONE',  #817 ) ;
#1969 = CIRCLE ( 'NONE', #1316, 0.5999999999999998668 ) ;
#1970 = LINE ( 'NONE', #3240, #2128 ) ;
#1971 = UNCERTAINTY_MEASURE_WITH_UNIT (LENGTH_MEASURE( 1.000000000000000082E-05 ), #1441, 'distance_accuracy_value', 'NONE');
#1972 = ADVANCED_FACE ( 'NONE', ( #2986 ), #1480, .F. ) ;
#1973 = ORIENTED_EDGE ( 'NONE', *, *, #777, .T. ) ;
#1974 = DIRECTION ( 'NONE',  ( 1.445602896647339706E-15, -1.000000000000000000, 0.000000000000000000 ) ) ;
#1975 = ADVANCED_FACE ( 'NONE', ( #3016 ), #648, .T. ) ;
#1976 =( NAMED_UNIT ( * ) SI_UNIT ( $, .STERADIAN. ) SOLID_ANGLE_UNIT ( ) );
#1977 = VECTOR ( 'NONE', #1957, 1000.000000000000000 ) ;
#1978 = ORIENTED_EDGE ( 'NONE', *, *, #1998, .F. ) ;
#1979 = CARTESIAN_POINT ( 'NONE',  ( -3.422649730810370272, 1.000000000000000000, 1.899999999999999689 ) ) ;
#1980 = DIRECTION ( 'NONE',  ( -1.000000000000000000, 0.000000000000000000, 0.000000000000000000 ) ) ;
#1981 = AXIS2_PLACEMENT_3D ( 'NONE', #1655, #2419, #99 ) ;
#1982 = EDGE_CURVE ( 'NONE', #426, #905, #913, .T. ) ;
#1983 = EDGE_LOOP ( 'NONE', ( #3215, #2708, #1141, #3053, #2735, #1036, #733, #2693, #1359, #2746, #999, #2643 ) ) ;
#1984 = EDGE_LOOP ( 'NONE', ( #1630, #2621, #470, #317 ) ) ;
#1985 = FACE_OUTER_BOUND ( 'NONE', #3125, .T. ) ;
#1986 = ADVANCED_FACE ( 'NONE', ( #3257 ), #2772, .F. ) ;
#1987 = DIRECTION ( 'NONE',  ( 1.000000000000000000, 9.035018104045872913E-16, 0.000000000000000000 ) ) ;
#1988 = CARTESIAN_POINT ( 'NONE',  ( 6.049999999999999822, 0.000000000000000000, 2.949999999999999734 ) ) ;
#1989 = LINE ( 'NONE', #1172, #1947 ) ;
#1990 = PLANE ( 'NONE',  #3122 ) ;
#1991 = DIRECTION ( 'NONE',  ( 0.000000000000000000, 1.000000000000000000, 0.000000000000000000 ) ) ;
#1992 = ORIENTED_EDGE ( 'NONE', *, *, #360, .F. ) ;
#1993 = LINE ( 'NONE', #2992, #107 ) ;
#1994 = LINE ( 'NONE', #1721, #1059 ) ;
#1995 = EDGE_LOOP ( 'NONE', ( #737, #2506, #2665, #2100 ) ) ;
#1996 = FACE_OUTER_BOUND ( 'NONE', #630, .T. ) ;
#1997 = FACE_OUTER_BOUND ( 'NONE', #2539, .T. ) ;
#1998 = EDGE_CURVE ( 'NONE', #1654, #658, #3303, .T. ) ;
#1999 = ORIENTED_EDGE ( 'NONE', *, *, #3242, .T. ) ;
#2000 = ORIENTED_EDGE ( 'NONE', *, *, #306, .T. ) ;
#2001 = DIRECTION ( 'NONE',  ( 0.000000000000000000, 1.000000000000000000, 0.000000000000000000 ) ) ;
#2002 = DIRECTION ( 'NONE',  ( -1.000000000000000000, 0.000000000000000000, 0.000000000000000000 ) ) ;
#2003 = CARTESIAN_POINT ( 'NONE',  ( -3.000000000000000000, 3.499999999999999556, -3.000000000000000000 ) ) ;
#2004 = ADVANCED_FACE ( 'NONE', ( #668 ), #3000, .T. ) ;
#2005 = CARTESIAN_POINT ( 'NONE',  ( 8.050000000000000711, -1.699999999999999956, -4.950000000000000178 ) ) ;
#2006 = DIRECTION ( 'NONE',  ( 0.000000000000000000, -0.000000000000000000, 1.000000000000000000 ) ) ;
#2007 = VECTOR ( 'NONE', #1206, 1000.000000000000000 ) ;
#2008 = VECTOR ( 'NONE', #3237, 1000.000000000000000 ) ;
#2009 = ORIENTED_EDGE ( 'NONE', *, *, #2318, .T. ) ;
#2010 = DIRECTION ( 'NONE',  ( 0.000000000000000000, 0.000000000000000000, 1.000000000000000000 ) ) ;
#2011 = VECTOR ( 'NONE', #3135, 1000.000000000000000 ) ;
#2012 = DIRECTION ( 'NONE',  ( 0.000000000000000000, 0.000000000000000000, 1.000000000000000000 ) ) ;
#2013 = CIRCLE ( 'NONE', #558, 0.4999999999999995559 ) ;
#2014 = ORIENTED_EDGE ( 'NONE', *, *, #705, .F. ) ;
#2015 = CARTESIAN_POINT ( 'NONE',  ( -2.999999999999999556, 0.000000000000000000, 1.899999999999999911 ) ) ;
#2016 = ORIENTED_EDGE ( 'NONE', *, *, #345, .T. ) ;
#2017 = ORIENTED_EDGE ( 'NONE', *, *, #134, .T. ) ;
#2018 = DIRECTION ( 'NONE',  ( 0.000000000000000000, -1.000000000000000000, -0.000000000000000000 ) ) ;
#2019 = DIRECTION ( 'NONE',  ( 0.5000000000000038858, -0.8660254037844363761, 5.162867488026250564E-17 ) ) ;
#2020 = PLANE ( 'NONE',  #2301 ) ;
#2021 = ORIENTED_EDGE ( 'NONE', *, *, #2791, .F. ) ;
#2022 = DIRECTION ( 'NONE',  ( 0.000000000000000000, 0.000000000000000000, 1.000000000000000000 ) ) ;
#2023 = AXIS2_PLACEMENT_3D ( 'NONE', #3132, #2724, #2223 ) ;
#2024 = CARTESIAN_POINT ( 'NONE',  ( -3.422649730810370272, 1.000000000000000000, -2.600000000000000089 ) ) ;
#2025 = TOROIDAL_SURFACE ( 'NONE', #569, 0.4999999999999996669, 0.1000000000000000056 ) ;
#2026 = VECTOR ( 'NONE', #296, 1000.000000000000000 ) ;
#2027 = ADVANCED_FACE ( 'NONE', ( #2189 ), #1929, .T. ) ;
#2028 = VECTOR ( 'NONE', #1422, 999.9999999999998863 ) ;
#2029 = VERTEX_POINT ( 'NONE', #2819 ) ;
#2030 = CARTESIAN_POINT ( 'NONE',  ( -3.950000000000000178, -0.1000000000000000056, 1.550000000000000044 ) ) ;
#2031 = CARTESIAN_POINT ( 'NONE',  ( 3.950000000000000178, 0.000000000000000000, 2.949999999999999734 ) ) ;
#2032 = ORIENTED_EDGE ( 'NONE', *, *, #3021, .T. ) ;
#2033 = DIRECTION ( 'NONE',  ( 0.000000000000000000, 0.000000000000000000, -1.000000000000000000 ) ) ;
#2034 = VERTEX_POINT ( 'NONE', #274 ) ;
#2035 = ORIENTED_EDGE ( 'NONE', *, *, #55, .F. ) ;
#2036 = DIRECTION ( 'NONE',  ( -0.000000000000000000, -0.000000000000000000, -1.000000000000000000 ) ) ;
#2037 = PLANE ( 'NONE',  #2079 ) ;
#2038 = FACE_OUTER_BOUND ( 'NONE', #1413, .T. ) ;
#2039 = AXIS2_PLACEMENT_3D ( 'NONE', #2941, #2399, #853 ) ;
#2040 = ORIENTED_EDGE ( 'NONE', *, *, #2889, .T. ) ;
#2041 = DIRECTION ( 'NONE',  ( -0.000000000000000000, -0.000000000000000000, -1.000000000000000000 ) ) ;
#2042 = CYLINDRICAL_SURFACE ( 'NONE', #459, 0.5999999999999998668 ) ;
#2043 = EDGE_CURVE ( 'NONE', #537, #1703, #1305, .T. ) ;
#2044 = CARTESIAN_POINT ( 'NONE',  ( -2.200000000000000178, 3.799999999999999378, -1.600000000000000311 ) ) ;
#2045 = VERTEX_POINT ( 'NONE', #1534 ) ;
#2046 = CARTESIAN_POINT ( 'NONE',  ( -3.000000000000000000, 3.499999999999999556, 2.850000000000000089 ) ) ;
#2047 = CARTESIAN_POINT ( 'NONE',  ( -6.049999999999999822, -0.1000000000000000056, 2.949999999999999734 ) ) ;
#2048 = ORIENTED_EDGE ( 'NONE', *, *, #1712, .F. ) ;
#2049 = DIRECTION ( 'NONE',  ( -1.032573497605241978E-16, -0.000000000000000000, 1.000000000000000000 ) ) ;
#2050 = VERTEX_POINT ( 'NONE', #501 ) ;
#2051 = CARTESIAN_POINT ( 'NONE',  ( -4.086602540378441617, 0.4499999999999989009, -2.600000000000000089 ) ) ;
#2052 = DIRECTION ( 'NONE',  ( 0.000000000000000000, 0.000000000000000000, 1.000000000000000000 ) ) ;
#2053 = DIRECTION ( 'NONE',  ( -1.032573497605241978E-16, 0.000000000000000000, -1.000000000000000000 ) ) ;
#2054 = VERTEX_POINT ( 'NONE', #520 ) ;
#2055 = CARTESIAN_POINT ( 'NONE',  ( 4.346410161513772685, 0.5999999999999998668, 2.600000000000000089 ) ) ;
#2056 = DIRECTION ( 'NONE',  ( 1.077467997501121956E-16, 0.000000000000000000, 1.000000000000000000 ) ) ;
#2057 = CARTESIAN_POINT ( 'NONE',  ( 5.000000000000000000, 0.2999999999999998779, -2.600000000000000089 ) ) ;
#2058 = CIRCLE ( 'NONE', #2806, 0.2999999999999999334 ) ;
#2059 = EDGE_CURVE ( 'NONE', #2484, #1779, #1851, .T. ) ;
#2060 = EDGE_LOOP ( 'NONE', ( #2048, #828, #2113, #3251 ) ) ;
#2061 = CIRCLE ( 'NONE', #58, 0.1499999999999999667 ) ;
#2062 = DIRECTION ( 'NONE',  ( 1.000000000000000000, 0.000000000000000000, 0.000000000000000000 ) ) ;
#2063 = ADVANCED_FACE ( 'NONE', ( #3327 ), #2342, .F. ) ;
#2064 = ORIENTED_EDGE ( 'NONE', *, *, #1486, .T. ) ;
#2065 = CARTESIAN_POINT ( 'NONE',  ( 0.000000000000000000, 0.000000000000000000, 2.600000000000000089 ) ) ;
#2066 = CIRCLE ( 'NONE', #660, 0.5999999999999998668 ) ;
#2067 = DIRECTION ( 'NONE',  ( 0.000000000000000000, 1.000000000000000000, 0.000000000000000000 ) ) ;
#2068 = DIRECTION ( 'NONE',  ( 0.5000000000000039968, -0.8660254037844363761, -0.000000000000000000 ) ) ;
#2069 = EDGE_CURVE ( 'NONE', #3270, #443, #787, .T. ) ;
#2070 = ORIENTED_EDGE ( 'NONE', *, *, #2797, .T. ) ;
#2071 = DIRECTION ( 'NONE',  ( -0.000000000000000000, -0.000000000000000000, -1.000000000000000000 ) ) ;
#2072 = DIRECTION ( 'NONE',  ( 0.000000000000000000, 1.000000000000000000, 0.000000000000000000 ) ) ;
#2073 = AXIS2_PLACEMENT_3D ( 'NONE', #2098, #2354, #1318 ) ;
#2074 = DIRECTION ( 'NONE',  ( -1.000000000000000000, 0.000000000000000000, 0.000000000000000000 ) ) ;
#2075 = EDGE_CURVE ( 'NONE', #2351, #1531, #2396, .T. ) ;
#2076 = VECTOR ( 'NONE', #1277, 1000.000000000000000 ) ;
#2077 = EDGE_CURVE ( 'NONE', #3191, #220, #247, .T. ) ;
#2078 = CIRCLE ( 'NONE', #1367, 1.714650339278825042 ) ;
#2079 = AXIS2_PLACEMENT_3D ( 'NONE', #740, #2001, #1017 ) ;
#2080 = EDGE_LOOP ( 'NONE', ( #482, #751, #1194, #1855 ) ) ;
#2081 = DIRECTION ( 'NONE',  ( 1.000000000000000000, -0.000000000000000000, 1.032573497605241978E-16 ) ) ;
#2082 = ADVANCED_FACE ( 'NONE', ( #2038 ), #2025, .T. ) ;
#2083 = VERTEX_POINT ( 'NONE', #1241 ) ;
#2084 = CARTESIAN_POINT ( 'NONE',  ( 4.346410161513773573, 0.000000000000000000, 1.899999999999999689 ) ) ;
#2085 = CARTESIAN_POINT ( 'NONE',  ( 5.000000000000000000, 0.2999999999999998779, -1.899999999999999689 ) ) ;
#2086 = ORIENTED_EDGE ( 'NONE', *, *, #202, .F. ) ;
#2087 = FACE_OUTER_BOUND ( 'NONE', #1288, .T. ) ;
#2088 = ADVANCED_FACE ( 'NONE', ( #1783 ), #1806, .T. ) ;
#2089 = VERTEX_POINT ( 'NONE', #1053 ) ;
#2090 = CARTESIAN_POINT ( 'NONE',  ( 2.999999999999999556, 0.7000000000000000666, -1.899999999999999911 ) ) ;
#2091 = PLANE ( 'NONE',  #994 ) ;
#2092 = VECTOR ( 'NONE', #3127, 1000.000000000000000 ) ;
#2093 = VECTOR ( 'NONE', #2911, 1000.000000000000000 ) ;
#2094 = LINE ( 'NONE', #1848, #1540 ) ;
#2095 = ORIENTED_EDGE ( 'NONE', *, *, #2332, .F. ) ;
#2096 = FACE_OUTER_BOUND ( 'NONE', #890, .T. ) ;
#2097 = ORIENTED_EDGE ( 'NONE', *, *, #1604, .T. ) ;
#2098 = CARTESIAN_POINT ( 'NONE',  ( -4.346410161513773573, 0.5999999999999999778, -1.899999999999999689 ) ) ;
#2099 = DIRECTION ( 'NONE',  ( 0.000000000000000000, 0.000000000000000000, 1.000000000000000000 ) ) ;
#2100 = ORIENTED_EDGE ( 'NONE', *, *, #2447, .F. ) ;
#2101 = DIRECTION ( 'NONE',  ( -1.032573497605241978E-16, -0.000000000000000000, 1.000000000000000000 ) ) ;
#2102 = EDGE_CURVE ( 'NONE', #2733, #1234, #3137, .T. ) ;
#2103 = ORIENTED_EDGE ( 'NONE', *, *, #699, .T. ) ;
#2104 = LINE ( 'NONE', #487, #1086 ) ;
#2105 = PLANE ( 'NONE',  #167 ) ;
#2106 = ADVANCED_FACE ( 'NONE', ( #2087 ), #2835, .T. ) ;
#2107 = FACE_OUTER_BOUND ( 'NONE', #2353, .T. ) ;
#2108 = CARTESIAN_POINT ( 'NONE',  ( -3.682457351945701785, 0.5500000000000013767, 2.600000000000000089 ) ) ;
#2109 = VECTOR ( 'NONE', #974, 1000.000000000000000 ) ;
#2110 = ORIENTED_EDGE ( 'NONE', *, *, #1604, .F. ) ;
#2111 = CARTESIAN_POINT ( 'NONE',  ( 4.346410161513773573, 0.5999999999999999778, 1.899999999999999689 ) ) ;
#2112 = AXIS2_PLACEMENT_3D ( 'NONE', #1830, #24, #791 ) ;
#2113 = ORIENTED_EDGE ( 'NONE', *, *, #575, .T. ) ;
#2114 = CARTESIAN_POINT ( 'NONE',  ( -6.049999999999999822, 0.000000000000000000, -2.949999999999999734 ) ) ;
#2115 = EDGE_CURVE ( 'NONE', #1703, #857, #2276, .T. ) ;
#2116 = EDGE_LOOP ( 'NONE', ( #3103, #2489, #389, #2398 ) ) ;
#2117 = LINE ( 'NONE', #3131, #37 ) ;
#2118 = DIRECTION ( 'NONE',  ( -1.000000000000000000, 0.000000000000000000, 0.000000000000000000 ) ) ;
#2119 = AXIS2_PLACEMENT_3D ( 'NONE', #2444, #2730, #348 ) ;
#2120 = CARTESIAN_POINT ( 'NONE',  ( 3.422649730810370272, 0.4000000000000000777, -2.600000000000000089 ) ) ;
#2121 = DIRECTION ( 'NONE',  ( -1.000000000000000000, 0.000000000000000000, -0.000000000000000000 ) ) ;
#2122 = ADVANCED_FACE ( 'NONE', ( #2294 ), #2787, .T. ) ;
#2123 = EDGE_CURVE ( 'NONE', #2175, #3130, #3034, .T. ) ;
#2124 = AXIS2_PLACEMENT_3D ( 'NONE', #1459, #1729, #704 ) ;
#2125 = PLANE ( 'NONE',  #12 ) ;
#2126 = ADVANCED_FACE ( 'NONE', ( #757 ), #2020, .T. ) ;
#2127 = AXIS2_PLACEMENT_3D ( 'NONE', #2907, #3159, #594 ) ;
#2128 = VECTOR ( 'NONE', #3260, 1000.000000000000000 ) ;
#2129 = VERTEX_POINT ( 'NONE', #228 ) ;
#2130 = DIRECTION ( 'NONE',  ( 0.000000000000000000, 1.000000000000000000, -0.000000000000000000 ) ) ;
#2131 = ORIENTED_EDGE ( 'NONE', *, *, #2123, .T. ) ;
#2132 = LINE ( 'NONE', #3144, #2246 ) ;
#2133 = ORIENTED_EDGE ( 'NONE', *, *, #2183, .F. ) ;
#2134 = DIRECTION ( 'NONE',  ( -1.000000000000000000, -0.000000000000000000, -0.000000000000000000 ) ) ;
#2135 = CARTESIAN_POINT ( 'NONE',  ( -2.999999999999999556, 1.000000000000000000, 1.899999999999999911 ) ) ;
#2136 = DIRECTION ( 'NONE',  ( 0.000000000000000000, 0.000000000000000000, -1.000000000000000000 ) ) ;
#2137 = DIRECTION ( 'NONE',  ( 0.000000000000000000, 0.000000000000000000, -1.000000000000000000 ) ) ;
#2138 = AXIS2_PLACEMENT_3D ( 'NONE', #2984, #1477, #171 ) ;
#2139 = EDGE_CURVE ( 'NONE', #152, #678, #1258, .T. ) ;
#2140 = ADVANCED_FACE ( 'NONE', ( #2358, #856 ), #1365, .F. ) ;
#2141 = VERTEX_POINT ( 'NONE', #320 ) ;
#2142 = DIRECTION ( 'NONE',  ( 0.000000000000000000, 0.000000000000000000, 1.000000000000000000 ) ) ;
#2143 = ORIENTED_EDGE ( 'NONE', *, *, #235, .T. ) ;
#2144 = CARTESIAN_POINT ( 'NONE',  ( 3.942264973081032409, 0.7000000000000025091, -2.600000000000000089 ) ) ;
#2145 = ORIENTED_EDGE ( 'NONE', *, *, #637, .T. ) ;
#2146 = CARTESIAN_POINT ( 'NONE',  ( -3.769059892324144290, 1.000000000000000000, -1.899999999999999689 ) ) ;
#2147 = ORIENTED_EDGE ( 'NONE', *, *, #384, .F. ) ;
#2148 = DIRECTION ( 'NONE',  ( 0.000000000000000000, 0.000000000000000000, -1.000000000000000000 ) ) ;
#2149 = DIRECTION ( 'NONE',  ( 1.000000000000000000, -7.228014483236697541E-16, 0.000000000000000000 ) ) ;
#2150 = DIRECTION ( 'NONE',  ( -0.000000000000000000, 0.000000000000000000, 1.000000000000000000 ) ) ;
#2151 = LINE ( 'NONE', #1914, #1306 ) ;
#2152 = ORIENTED_EDGE ( 'NONE', *, *, #1677, .F. ) ;
#2153 = ORIENTED_EDGE ( 'NONE', *, *, #3059, .T. ) ;
#2154 = CARTESIAN_POINT ( 'NONE',  ( 2.200000000000000178, 3.499999999999999556, 2.799999999999999822 ) ) ;
#2155 = EDGE_CURVE ( 'NONE', #1841, #382, #1886, .T. ) ;
#2156 = ORIENTED_EDGE ( 'NONE', *, *, #3173, .T. ) ;
#2157 = DIRECTION ( 'NONE',  ( 0.000000000000000000, 1.000000000000000000, 0.000000000000000000 ) ) ;
#2158 = AXIS2_PLACEMENT_3D ( 'NONE', #2065, #225, #1780 ) ;
#2159 = ORIENTED_EDGE ( 'NONE', *, *, #3265, .F. ) ;
#2160 = LINE ( 'NONE', #2891, #1967 ) ;
#2161 = ORIENTED_EDGE ( 'NONE', *, *, #3040, .T. ) ;
#2162 = VERTEX_POINT ( 'NONE', #291 ) ;
#2163 = FACE_OUTER_BOUND ( 'NONE', #3030, .T. ) ;
#2164 = VECTOR ( 'NONE', #238, 1000.000000000000000 ) ;
#2165 = LINE ( 'NONE', #3162, #128 ) ;
#2166 = DIRECTION ( 'NONE',  ( -0.000000000000000000, 0.000000000000000000, 1.000000000000000000 ) ) ;
#2167 = CARTESIAN_POINT ( 'NONE',  ( 3.682457351945701785, 0.5500000000000013767, 2.600000000000000089 ) ) ;
#2168 = VECTOR ( 'NONE', #1279, 1000.000000000000000 ) ;
#2169 = ADVANCED_FACE ( 'NONE', ( #626 ), #3177, .T. ) ;
#2170 = EDGE_CURVE ( 'NONE', #2411, #798, #1095, .T. ) ;
#2171 = CARTESIAN_POINT ( 'NONE',  ( -4.086602540378441617, 0.4499999999999989009, 2.600000000000000089 ) ) ;
#2172 = ADVANCED_BREP_SHAPE_REPRESENTATION ( 'LSH-1301.9314.24', ( #1384, #2832 ), #82 ) ;
#2173 = CLOSED_SHELL ( 'NONE', ( #2466, #1790, #2082, #3120, #1349, #2777, #77, #252, #2618, #3245, #1103, #88, #1612, #942, #2169, #1975, #1120, #1066, #282, #1295, #2140, #2063, #1834, #1986, #1239, #435, #266, #13, #918, #2222, #3055, #2629, #2581, #2457, #1253, #1916, #3116, #922, #2250, #2328, #800, #2088, #1010, #727, #2771, #2553, #1816, #2707, #3171, #636, #2956, #1618, #1412, #556, #2004, #628, #1933, #2476, #3062, #1125, #2931, #2126, #2671, #595, #2914, #3076, #822, #620, #1229, #156, #50, #1260, #313, #2122, #1550, #29, #532, #2591, #2350, #725, #3017, #1683, #2425, #1850, #2896, #749, #652, #824, #1506, #2908, #2106, #782, #2027, #2541, #115, #559, #2673, #3008, #590, #229, #1584, #74, #1972, #2558, #1394, #2780, #1212, #3136, #820 ) ) ;
#2174 = EDGE_CURVE ( 'NONE', #560, #663, #674, .T. ) ;
#2175 = VERTEX_POINT ( 'NONE', #3113 ) ;
#2176 = LINE ( 'NONE', #2464, #2287 ) ;
#2177 = EDGE_LOOP ( 'NONE', ( #1934, #3006, #1430, #3114 ) ) ;
#2178 = DIRECTION ( 'NONE',  ( -0.000000000000000000, -1.000000000000000000, -0.000000000000000000 ) ) ;
#2180 = ORIENTED_EDGE ( 'NONE', *, *, #2315, .F. ) ;
#2179 = AXIS2_PLACEMENT_3D ( 'NONE', #1403, #1845, #68 ) ;
#2181 = DIRECTION ( 'NONE',  ( 0.000000000000000000, 1.000000000000000000, 0.000000000000000000 ) ) ;
#2182 = VERTEX_POINT ( 'NONE', #2370 ) ;
#2183 = EDGE_CURVE ( 'NONE', #2141, #2240, #2132, .T. ) ;
#2184 = TOROIDAL_SURFACE ( 'NONE', #295, 0.4999999999999996669, 0.1000000000000000056 ) ;
#2185 = ORIENTED_EDGE ( 'NONE', *, *, #2762, .F. ) ;
#2186 = CARTESIAN_POINT ( 'NONE',  ( 3.595854811567257947, 0.7000000000000000666, -2.600000000000000089 ) ) ;
#2187 = CARTESIAN_POINT ( 'NONE',  ( -2.999999999999999556, 1.000000000000000000, -1.899999999999999911 ) ) ;
#2188 = AXIS2_PLACEMENT_3D ( 'NONE', #155, #3198, #2221 ) ;
#2189 = FACE_OUTER_BOUND ( 'NONE', #1015, .T. ) ;
#2190 = EDGE_CURVE ( 'NONE', #6, #678, #246, .T. ) ;
#2191 = LINE ( 'NONE', #2003, #57 ) ;
#2192 = CYLINDRICAL_SURFACE ( 'NONE', #2336, 0.2999999999999999334 ) ;
#2193 = ORIENTED_EDGE ( 'NONE', *, *, #745, .T. ) ;
#2194 = AXIS2_PLACEMENT_3D ( 'NONE', #2448, #2178, #130 ) ;
#2195 = CARTESIAN_POINT ( 'NONE',  ( -4.346410161513772685, 0.2999999999999998779, -2.600000000000000089 ) ) ;
#2196 = AXIS2_PLACEMENT_3D ( 'NONE', #2055, #2839, #1308 ) ;
#2197 = VERTEX_POINT ( 'NONE', #1905 ) ;
#2198 = CYLINDRICAL_SURFACE ( 'NONE', #2519, 0.5999999999999998668 ) ;
#2199 = ORIENTED_EDGE ( 'NONE', *, *, #2139, .F. ) ;
#2200 = DIRECTION ( 'NONE',  ( 0.000000000000000000, -1.000000000000000000, -0.000000000000000000 ) ) ;
#2201 = ORIENTED_EDGE ( 'NONE', *, *, #2233, .F. ) ;
#2202 = EDGE_LOOP ( 'NONE', ( #1178, #3267, #1917, #909 ) ) ;
#2203 = VERTEX_POINT ( 'NONE', #1382 ) ;
#2204 = SURFACE_STYLE_FILL_AREA ( #3197 ) ;
#2205 = DIRECTION ( 'NONE',  ( 0.000000000000000000, 1.000000000000000000, 0.000000000000000000 ) ) ;
#2206 = EDGE_CURVE ( 'NONE', #1230, #220, #1268, .T. ) ;
#2207 = FACE_BOUND ( 'NONE', #503, .T. ) ;
#2208 = CARTESIAN_POINT ( 'NONE',  ( 4.000000000000000000, 3.660526280069732294E-17, -2.600000000000000089 ) ) ;
#2209 = CARTESIAN_POINT ( 'NONE',  ( 2.849999999999999201, 0.000000000000000000, 2.850000000000000089 ) ) ;
#2210 = LINE ( 'NONE', #2496, #1543 ) ;
#2211 = EDGE_CURVE ( 'NONE', #2962, #2212, #2926, .T. ) ;
#2212 = VERTEX_POINT ( 'NONE', #2862 ) ;
#2213 = DIRECTION ( 'NONE',  ( -1.000000000000000000, 0.000000000000000000, 0.000000000000000000 ) ) ;
#2214 = ORIENTED_EDGE ( 'NONE', *, *, #3157, .T. ) ;
#2215 = CYLINDRICAL_SURFACE ( 'NONE', #142, 0.2999999999999999334 ) ;
#2216 = VERTEX_POINT ( 'NONE', #96 ) ;
#2217 = DIRECTION ( 'NONE',  ( 1.000000000000000000, 1.352933952095804539E-16, -0.000000000000000000 ) ) ;
#2218 = ORIENTED_EDGE ( 'NONE', *, *, #1297, .F. ) ;
#2219 = ORIENTED_EDGE ( 'NONE', *, *, #1751, .T. ) ;
#2220 = VERTEX_POINT ( 'NONE', #583 ) ;
#2221 = DIRECTION ( 'NONE',  ( 0.000000000000000000, 0.000000000000000000, 1.000000000000000000 ) ) ;
#2222 = ADVANCED_FACE ( 'NONE', ( #1113 ), #566, .T. ) ;
#2223 = DIRECTION ( 'NONE',  ( -1.000000000000000000, -1.807003620809174583E-15, 0.000000000000000000 ) ) ;
#2224 = DIRECTION ( 'NONE',  ( 1.000000000000000000, 0.000000000000000000, 0.000000000000000000 ) ) ;
#2225 = CIRCLE ( 'NONE', #377, 0.2500000000000004441 ) ;
#2226 = FACE_OUTER_BOUND ( 'NONE', #2875, .T. ) ;
#2227 = DIRECTION ( 'NONE',  ( 0.000000000000000000, 0.000000000000000000, 1.000000000000000000 ) ) ;
#2228 = AXIS2_PLACEMENT_3D ( 'NONE', #2949, #1343, #1374 ) ;
#2229 = EDGE_CURVE ( 'NONE', #1559, #1027, #2160, .T. ) ;
#2230 = VECTOR ( 'NONE', #1108, 1000.000000000000000 ) ;
#2231 = EDGE_LOOP ( 'NONE', ( #164, #2674, #1180, #609 ) ) ;
#2232 = LINE ( 'NONE', #127, #236 ) ;
#2233 = EDGE_CURVE ( 'NONE', #2045, #681, #2978, .T. ) ;
#2234 = ORIENTED_EDGE ( 'NONE', *, *, #2809, .F. ) ;
#2235 = EDGE_LOOP ( 'NONE', ( #1110, #825, #2256, #1475 ) ) ;
#2236 = LINE ( 'NONE', #963, #1695 ) ;
#2237 = CIRCLE ( 'NONE', #510, 0.5999999999999998668 ) ;
#2238 = EDGE_LOOP ( 'NONE', ( #810, #2678, #698, #66 ) ) ;
#2239 = EDGE_LOOP ( 'NONE', ( #1725, #2450, #2485, #2603 ) ) ;
#2240 = VERTEX_POINT ( 'NONE', #829 ) ;
#2241 = CARTESIAN_POINT ( 'NONE',  ( 4.086602540378442505, 0.4499999999999986788, -2.600000000000000089 ) ) ;
#2242 = VECTOR ( 'NONE', #1861, 1000.000000000000000 ) ;
#2243 = DIRECTION ( 'NONE',  ( -1.000000000000000000, 0.000000000000000000, 0.000000000000000000 ) ) ;
#2244 = VECTOR ( 'NONE', #726, 1000.000000000000000 ) ;
#2245 = DIRECTION ( 'NONE',  ( 0.000000000000000000, 0.000000000000000000, -1.000000000000000000 ) ) ;
#2246 = VECTOR ( 'NONE', #811, 999.9999999999998863 ) ;
#2247 = CARTESIAN_POINT ( 'NONE',  ( 2.200000000000000178, 3.799999999999999378, -2.699999999999999734 ) ) ;
#2248 = VECTOR ( 'NONE', #911, 1000.000000000000000 ) ;
#2249 = DIRECTION ( 'NONE',  ( -1.077467997501121956E-16, 0.000000000000000000, -1.000000000000000000 ) ) ;
#2250 = ADVANCED_FACE ( 'NONE', ( #1858 ), #2878, .F. ) ;
#2251 = EDGE_CURVE ( 'NONE', #2680, #443, #2647, .T. ) ;
#2252 = ORIENTED_EDGE ( 'NONE', *, *, #139, .T. ) ;
#2253 = CARTESIAN_POINT ( 'NONE',  ( 3.826794919243111881, 0.2999999999999976574, 2.600000000000000089 ) ) ;
#2254 = CARTESIAN_POINT ( 'NONE',  ( 6.049999999999999822, -0.1000000000000000056, 2.949999999999999734 ) ) ;
#2255 = CIRCLE ( 'NONE', #2194, 0.5999999999999998668 ) ;
#2256 = ORIENTED_EDGE ( 'NONE', *, *, #1312, .T. ) ;
#2257 = LINE ( 'NONE', #3268, #1754 ) ;
#2258 = PLANE ( 'NONE',  #450 ) ;
#2259 = ORIENTED_EDGE ( 'NONE', *, *, #2936, .F. ) ;
#2260 = ORIENTED_EDGE ( 'NONE', *, *, #2977, .T. ) ;
#2261 = CARTESIAN_POINT ( 'NONE',  ( -4.346410161513772685, 0.2999999999999998779, -2.600000000000000089 ) ) ;
#2262 = LINE ( 'NONE', #245, #998 ) ;
#2263 = DIRECTION ( 'NONE',  ( 0.000000000000000000, 0.000000000000000000, 1.000000000000000000 ) ) ;
#2264 = CARTESIAN_POINT ( 'NONE',  ( 0.000000000000000000, 0.000000000000000000, -2.600000000000000089 ) ) ;
#2265 = DIRECTION ( 'NONE',  ( -0.000000000000000000, -1.000000000000000000, -0.000000000000000000 ) ) ;
#2266 = DIRECTION ( 'NONE',  ( 0.000000000000000000, 0.000000000000000000, 1.000000000000000000 ) ) ;
#2267 = ORIENTED_EDGE ( 'NONE', *, *, #478, .T. ) ;
#2268 = DIRECTION ( 'NONE',  ( -1.752245935330109660E-16, 0.000000000000000000, -1.000000000000000000 ) ) ;
#2269 = LINE ( 'NONE', #3320, #3148 ) ;
#2270 = ORIENTED_EDGE ( 'NONE', *, *, #2043, .T. ) ;
#2271 = LINE ( 'NONE', #1777, #3024 ) ;
#2272 = ORIENTED_EDGE ( 'NONE', *, *, #235, .F. ) ;
#2273 = EDGE_LOOP ( 'NONE', ( #2468, #3225, #779, #2156, #2306, #2960, #2892, #2720, #2199, #1544, #1350, #147 ) ) ;
#2274 = FACE_OUTER_BOUND ( 'NONE', #481, .T. ) ;
#2275 = DIRECTION ( 'NONE',  ( 1.000000000000000000, 0.000000000000000000, -1.032573497605241978E-16 ) ) ;
#2276 = LINE ( 'NONE', #771, #2449 ) ;
#2277 = CARTESIAN_POINT ( 'NONE',  ( -6.049999999999999822, -0.1000000000000000056, -2.949999999999999734 ) ) ;
#2278 = VERTEX_POINT ( 'NONE', #81 ) ;
#2279 = CARTESIAN_POINT ( 'NONE',  ( 6.049999999999999822, 0.000000000000000000, -2.949999999999999734 ) ) ;
#2280 = DIRECTION ( 'NONE',  ( 0.000000000000000000, 0.000000000000000000, 1.000000000000000000 ) ) ;
#2281 = EDGE_CURVE ( 'NONE', #764, #2050, #889, .T. ) ;
#2282 = VECTOR ( 'NONE', #587, 1000.000000000000000 ) ;
#2283 = VECTOR ( 'NONE', #3202, 1000.000000000000000 ) ;
#2284 = ORIENTED_EDGE ( 'NONE', *, *, #3042, .F. ) ;
#2285 = CARTESIAN_POINT ( 'NONE',  ( 3.000000000000000000, 1.000000000000000000, 2.600000000000000089 ) ) ;
#2286 = CARTESIAN_POINT ( 'NONE',  ( -3.682457351945701785, 0.5500000000000014877, -1.899999999999999689 ) ) ;
#2287 = VECTOR ( 'NONE', #1411, 1000.000000000000000 ) ;
#2288 = EDGE_LOOP ( 'NONE', ( #709, #1255, #664, #1688, #2799, #1973, #1096, #2717, #640, #112, #3037, #808 ) ) ;
#2289 = DIRECTION ( 'NONE',  ( 0.000000000000000000, 0.000000000000000000, 1.000000000000000000 ) ) ;
#2290 = EDGE_LOOP ( 'NONE', ( #2343, #1824, #2849, #2040 ) ) ;
#2291 = ORIENTED_EDGE ( 'NONE', *, *, #1418, .F. ) ;
#2292 = DIRECTION ( 'NONE',  ( -0.5000000000000038858, -0.8660254037844363761, 5.162867488026250564E-17 ) ) ;
#2293 = DIRECTION ( 'NONE',  ( -0.000000000000000000, -1.000000000000000000, -0.000000000000000000 ) ) ;
#2294 = FACE_OUTER_BOUND ( 'NONE', #1434, .T. ) ;
#2295 = EDGE_CURVE ( 'NONE', #2640, #116, #2236, .T. ) ;
#2296 = VERTEX_POINT ( 'NONE', #906 ) ;
#2297 = DIRECTION ( 'NONE',  ( 0.000000000000000000, 1.000000000000000000, 0.000000000000000000 ) ) ;
#2298 = VECTOR ( 'NONE', #793, 1000.000000000000000 ) ;
#2299 = PRODUCT_RELATED_PRODUCT_CATEGORY ( 'part', '', ( #376 ) ) ;
#2300 = LINE ( 'NONE', #2840, #2026 ) ;
#2301 = AXIS2_PLACEMENT_3D ( 'NONE', #3035, #741, #485 ) ;
#2302 = CIRCLE ( 'NONE', #2188, 0.4999999999999995559 ) ;
#2303 = LINE ( 'NONE', #2841, #990 ) ;
#2304 = ORIENTED_EDGE ( 'NONE', *, *, #3139, .F. ) ;
#2305 = DIRECTION ( 'NONE',  ( 0.000000000000000000, 0.000000000000000000, -1.000000000000000000 ) ) ;
#2306 = ORIENTED_EDGE ( 'NONE', *, *, #1641, .F. ) ;
#2307 = DIRECTION ( 'NONE',  ( 0.000000000000000000, 0.000000000000000000, 1.000000000000000000 ) ) ;
#2308 = ORIENTED_EDGE ( 'NONE', *, *, #1051, .F. ) ;
#2309 = DIRECTION ( 'NONE',  ( 0.000000000000000000, 1.000000000000000000, 0.000000000000000000 ) ) ;
#2310 = DIRECTION ( 'NONE',  ( 0.000000000000000000, 1.000000000000000000, 0.000000000000000000 ) ) ;
#2311 = DIRECTION ( 'NONE',  ( 0.000000000000000000, 1.000000000000000000, 0.000000000000000000 ) ) ;
#2312 = AXIS2_PLACEMENT_3D ( 'NONE', #1143, #94, #3226 ) ;
#2313 = ORIENTED_EDGE ( 'NONE', *, *, #90, .T. ) ;
#2314 = LINE ( 'NONE', #3329, #1227 ) ;
#2315 = EDGE_CURVE ( 'NONE', #591, #425, #1665, .T. ) ;
#2316 = CARTESIAN_POINT ( 'NONE',  ( 4.346410161513773573, 0.000000000000000000, -1.899999999999999689 ) ) ;
#2317 = CARTESIAN_POINT ( 'NONE',  ( 4.346410161513772685, 0.5999999999999998668, -2.600000000000000089 ) ) ;
#2318 = EDGE_CURVE ( 'NONE', #1791, #2029, #682, .T. ) ;
#2319 = ORIENTED_EDGE ( 'NONE', *, *, #1283, .F. ) ;
#2320 = EDGE_CURVE ( 'NONE', #560, #1121, #1435, .T. ) ;
#2321 = DIRECTION ( 'NONE',  ( -1.000000000000000000, 0.000000000000000000, 0.000000000000000000 ) ) ;
#2322 = ORIENTED_EDGE ( 'NONE', *, *, #699, .F. ) ;
#2323 = CARTESIAN_POINT ( 'NONE',  ( -3.769059892324144290, 0.9999999999999997780, 1.899999999999999689 ) ) ;
#2324 = FACE_OUTER_BOUND ( 'NONE', #1882, .T. ) ;
#2325 = DIRECTION ( 'NONE',  ( -1.032573497605241978E-16, 0.000000000000000000, -1.000000000000000000 ) ) ;
#2326 = ORIENTED_EDGE ( 'NONE', *, *, #3261, .T. ) ;
#2327 = FACE_OUTER_BOUND ( 'NONE', #129, .T. ) ;
#2328 = ADVANCED_FACE ( 'NONE', ( #1996, #1416, #3250 ), #2486, .F. ) ;
#2329 = FACE_OUTER_BOUND ( 'NONE', #1956, .T. ) ;
#2330 = CARTESIAN_POINT ( 'NONE',  ( -3.595854811567257947, 0.7000000000000000666, -1.899999999999999689 ) ) ;
#2331 = VECTOR ( 'NONE', #2018, 1000.000000000000000 ) ;
#2332 = EDGE_CURVE ( 'NONE', #2536, #2045, #948, .T. ) ;
#2333 = VECTOR ( 'NONE', #2268, 1000.000000000000000 ) ;
#2334 = EDGE_CURVE ( 'NONE', #1779, #1060, #1924, .T. ) ;
#2335 = VERTEX_POINT ( 'NONE', #1979 ) ;
#2336 = AXIS2_PLACEMENT_3D ( 'NONE', #2406, #121, #2934 ) ;
#2337 = CARTESIAN_POINT ( 'NONE',  ( -2.850000000000000089, 3.499999999999999556, -3.000000000000000000 ) ) ;
#2338 = VERTEX_POINT ( 'NONE', #1939 ) ;
#2339 = DIRECTION ( 'NONE',  ( -0.5000000000000032196, -0.8660254037844368202, -5.162867488026242552E-17 ) ) ;
#2340 = DIRECTION ( 'NONE',  ( 0.000000000000000000, 1.000000000000000000, 0.000000000000000000 ) ) ;
#2341 = VERTEX_POINT ( 'NONE', #2747 ) ;
#2342 = PLANE ( 'NONE',  #397 ) ;
#2343 = ORIENTED_EDGE ( 'NONE', *, *, #1437, .F. ) ;
#2344 = CARTESIAN_POINT ( 'NONE',  ( 8.050000000000000711, -1.699999999999999956, -4.950000000000000178 ) ) ;
#2345 = PLANE ( 'NONE',  #26 ) ;
#2346 = DIRECTION ( 'NONE',  ( -0.000000000000000000, -0.000000000000000000, 1.000000000000000000 ) ) ;
#2347 = AXIS2_PLACEMENT_3D ( 'NONE', #2913, #2421, #2404 ) ;
#2348 = CIRCLE ( 'NONE', #2453, 0.4999999999999995559 ) ;
#2349 = AXIS2_PLACEMENT_3D ( 'NONE', #1240, #1516, #1987 ) ;
#2350 = ADVANCED_FACE ( 'NONE', ( #1217 ), #2994, .T. ) ;
#2351 = VERTEX_POINT ( 'NONE', #3010 ) ;
#2352 = CARTESIAN_POINT ( 'NONE',  ( -2.200000000000000178, 3.799999999999999378, 2.200000000000000178 ) ) ;
#2353 = EDGE_LOOP ( 'NONE', ( #2402, #530, #550, #1874 ) ) ;
#2354 = DIRECTION ( 'NONE',  ( 1.032573497605241978E-16, 0.000000000000000000, 1.000000000000000000 ) ) ;
#2355 = DIRECTION ( 'NONE',  ( -1.000000000000000000, 0.000000000000000000, -1.032573497605241978E-16 ) ) ;
#2356 = EDGE_CURVE ( 'NONE', #562, #1821, #2257, .T. ) ;
#2357 = VERTEX_POINT ( 'NONE', #2734 ) ;
#2358 = FACE_BOUND ( 'NONE', #1409, .T. ) ;
#2359 = EDGE_LOOP ( 'NONE', ( #1094, #866, #712, #3093 ) ) ;
#2360 = DIRECTION ( 'NONE',  ( -0.000000000000000000, 0.000000000000000000, -1.000000000000000000 ) ) ;
#2361 = DIRECTION ( 'NONE',  ( -0.000000000000000000, -1.000000000000000000, -0.000000000000000000 ) ) ;
#2362 = TOROIDAL_SURFACE ( 'NONE', #1438, 0.4999999999999996669, 0.1000000000000000056 ) ;
#2363 = CARTESIAN_POINT ( 'NONE',  ( 3.950000000000000178, -0.1000000000000000056, -1.550000000000000044 ) ) ;
#2364 = VECTOR ( 'NONE', #136, 1000.000000000000000 ) ;
#2365 = LINE ( 'NONE', #2057, #458 ) ;
#2366 = CARTESIAN_POINT ( 'NONE',  ( -4.346410161513773573, 0.000000000000000000, 1.899999999999999689 ) ) ;
#2367 = ORIENTED_EDGE ( 'NONE', *, *, #1915, .F. ) ;
#2368 = PLANE ( 'NONE',  #2882 ) ;
#2369 = ORIENTED_EDGE ( 'NONE', *, *, #878, .F. ) ;
#2370 = CARTESIAN_POINT ( 'NONE',  ( 8.050000000000000711, -0.1000000000000000056, -4.950000000000000178 ) ) ;
#2371 = EDGE_CURVE ( 'NONE', #1551, #2605, #368, .T. ) ;
#2372 = ORIENTED_EDGE ( 'NONE', *, *, #3081, .T. ) ;
#2373 = DIRECTION ( 'NONE',  ( -1.000000000000000000, 0.000000000000000000, 0.000000000000000000 ) ) ;
#2374 = CARTESIAN_POINT ( 'NONE',  ( -2.200000000000000178, 3.699999999999999734, -2.799999999999999822 ) ) ;
#2375 = EDGE_CURVE ( 'NONE', #2386, #872, #1371, .T. ) ;
#2376 = FACE_OUTER_BOUND ( 'NONE', #1261, .T. ) ;
#2377 = CARTESIAN_POINT ( 'NONE',  ( 3.422649730810370716, 0.4000000000000001332, 2.600000000000000089 ) ) ;
#2378 = EDGE_CURVE ( 'NONE', #3263, #1130, #2078, .T. ) ;
#2379 = DIRECTION ( 'NONE',  ( 0.000000000000000000, 0.000000000000000000, 1.000000000000000000 ) ) ;
#2380 = VERTEX_POINT ( 'NONE', #1163 ) ;
#2381 = LINE ( 'NONE', #579, #2092 ) ;
#2382 = CIRCLE ( 'NONE', #1950, 0.5999999999999998668 ) ;
#2383 = ORIENTED_EDGE ( 'NONE', *, *, #1849, .F. ) ;
#2384 = DIRECTION ( 'NONE',  ( 1.000000000000000000, 0.000000000000000000, -0.000000000000000000 ) ) ;
#2385 = AXIS2_PLACEMENT_3D ( 'NONE', #577, #31, #1061 ) ;
#2386 = VERTEX_POINT ( 'NONE', #1181 ) ;
#2387 = PLANE ( 'NONE',  #3100 ) ;
#2388 = EDGE_CURVE ( 'NONE', #567, #426, #3212, .T. ) ;
#2389 = DIRECTION ( 'NONE',  ( 1.000000000000000000, 0.000000000000000000, 0.000000000000000000 ) ) ;
#2390 = DIRECTION ( 'NONE',  ( 0.000000000000000000, -0.000000000000000000, 1.000000000000000000 ) ) ;
#2391 = CARTESIAN_POINT ( 'NONE',  ( -3.942264973081032409, 0.7000000000000018430, 2.600000000000000089 ) ) ;
#2392 = VECTOR ( 'NONE', #2698, 1000.000000000000000 ) ;
#2393 = VECTOR ( 'NONE', #101, 1000.000000000000000 ) ;
#2394 = ORIENTED_EDGE ( 'NONE', *, *, #2595, .F. ) ;
#2395 = CARTESIAN_POINT ( 'NONE',  ( 3.422649730810370716, 0.7000000000000000666, 2.600000000000000089 ) ) ;
#2396 = CIRCLE ( 'NONE', #1693, 0.5999999999999998668 ) ;
#2397 = VECTOR ( 'NONE', #1520, 1000.000000000000000 ) ;
#2398 = ORIENTED_EDGE ( 'NONE', *, *, #3183, .F. ) ;
#2399 = DIRECTION ( 'NONE',  ( 0.000000000000000000, 1.000000000000000000, 0.000000000000000000 ) ) ;
#2400 = ORIENTED_EDGE ( 'NONE', *, *, #2870, .F. ) ;
#2401 = DIRECTION ( 'NONE',  ( -0.5000000000000038858, 0.8660254037844363761, 5.162867488026250564E-17 ) ) ;
#2402 = ORIENTED_EDGE ( 'NONE', *, *, #1491, .T. ) ;
#2403 = FACE_OUTER_BOUND ( 'NONE', #495, .T. ) ;
#2404 = DIRECTION ( 'NONE',  ( 0.000000000000000000, 0.000000000000000000, 1.000000000000000000 ) ) ;
#2405 = PLANE ( 'NONE',  #3019 ) ;
#2406 = CARTESIAN_POINT ( 'NONE',  ( -4.346410161513772685, 0.5999999999999998668, -2.600000000000000089 ) ) ;
#2407 = VECTOR ( 'NONE', #1883, 1000.000000000000000 ) ;
#2408 = AXIS2_PLACEMENT_3D ( 'NONE', #3233, #1185, #1963 ) ;
#2409 = EDGE_LOOP ( 'NONE', ( #367, #2369, #1794, #2728 ) ) ;
#2410 = EDGE_CURVE ( 'NONE', #3271, #1399, #423, .T. ) ;
#2411 = VERTEX_POINT ( 'NONE', #3228 ) ;
#2412 = CARTESIAN_POINT ( 'NONE',  ( -3.422649730810370716, 0.7000000000000000666, -2.600000000000000089 ) ) ;
#2413 = VERTEX_POINT ( 'NONE', #1959 ) ;
#2414 = LINE ( 'NONE', #1631, #1865 ) ;
#2415 = EDGE_LOOP ( 'NONE', ( #2676, #3305, #2945, #1518 ) ) ;
#2416 = DIRECTION ( 'NONE',  ( -1.000000000000000000, 0.000000000000000000, 0.000000000000000000 ) ) ;
#2417 = ORIENTED_EDGE ( 'NONE', *, *, #32, .F. ) ;
#2418 = ORIENTED_EDGE ( 'NONE', *, *, #321, .F. ) ;
#2419 = DIRECTION ( 'NONE',  ( 0.000000000000000000, -0.000000000000000000, -1.000000000000000000 ) ) ;
#2420 = DIRECTION ( 'NONE',  ( 0.000000000000000000, 1.000000000000000000, 0.000000000000000000 ) ) ;
#2421 = DIRECTION ( 'NONE',  ( 0.000000000000000000, 1.000000000000000000, 0.000000000000000000 ) ) ;
#2422 = CYLINDRICAL_SURFACE ( 'NONE', #3074, 0.1499999999999999667 ) ;
#2423 = CARTESIAN_POINT ( 'NONE',  ( -6.049999999999999822, -0.1000000000000000056, 2.949999999999999734 ) ) ;
#2424 = EDGE_CURVE ( 'NONE', #1199, #2640, #2980, .T. ) ;
#2425 = ADVANCED_FACE ( 'NONE', ( #1493 ), #2521, .T. ) ;
#2426 = EDGE_LOOP ( 'NONE', ( #1439, #1114, #1334, #1681 ) ) ;
#2427 = DIRECTION ( 'NONE',  ( 0.000000000000000000, 1.000000000000000000, 0.000000000000000000 ) ) ;
#2428 = ORIENTED_EDGE ( 'NONE', *, *, #39, .T. ) ;
#2429 = CARTESIAN_POINT ( 'NONE',  ( -4.346410161513772685, 0.5999999999999998668, -2.600000000000000089 ) ) ;
#2430 = EDGE_CURVE ( 'NONE', #268, #857, #713, .T. ) ;
#2431 = ORIENTED_EDGE ( 'NONE', *, *, #3265, .T. ) ;
#2432 = DIRECTION ( 'NONE',  ( 1.000000000000000000, 0.000000000000000000, 0.000000000000000000 ) ) ;
#2433 = CIRCLE ( 'NONE', #3170, 1.465137194658102882 ) ;
#2434 = FACE_OUTER_BOUND ( 'NONE', #2961, .T. ) ;
#2435 = EDGE_LOOP ( 'NONE', ( #1286, #2260, #621, #1144 ) ) ;
#2436 = CYLINDRICAL_SURFACE ( 'NONE', #472, 0.2999999999999999334 ) ;
#2437 = CIRCLE ( 'NONE', #1196, 0.1499999999999999667 ) ;
#2438 = DIRECTION ( 'NONE',  ( 0.000000000000000000, 0.000000000000000000, -1.000000000000000000 ) ) ;
#2439 = CARTESIAN_POINT ( 'NONE',  ( 3.950000000000000178, -0.1000000000000000056, -2.949999999999999734 ) ) ;
#2440 = DIRECTION ( 'NONE',  ( 0.000000000000000000, 1.000000000000000000, 0.000000000000000000 ) ) ;
#2441 = VECTOR ( 'NONE', #327, 1000.000000000000000 ) ;
#2442 = DIRECTION ( 'NONE',  ( -1.000000000000000000, 0.000000000000000000, -0.000000000000000000 ) ) ;
#2443 = EDGE_LOOP ( 'NONE', ( #3324, #1454, #1628, #2017 ) ) ;
#2444 = CARTESIAN_POINT ( 'NONE',  ( -3.595854811567257947, 0.7000000000000000666, -2.600000000000000089 ) ) ;
#2445 = VECTOR ( 'NONE', #3117, 1000.000000000000000 ) ;
#2446 = ORIENTED_EDGE ( 'NONE', *, *, #3241, .T. ) ;
#2447 = EDGE_CURVE ( 'NONE', #1526, #152, #1970, .T. ) ;
#2448 = CARTESIAN_POINT ( 'NONE',  ( 2.200000000000000178, 3.699999999999999734, 2.200000000000000178 ) ) ;
#2450 = ORIENTED_EDGE ( 'NONE', *, *, #2447, .T. ) ;
#2449 = VECTOR ( 'NONE', #1828, 1000.000000000000000 ) ;
#2451 = CARTESIAN_POINT ( 'NONE',  ( -3.000000000000000000, 3.499999999999999556, -3.000000000000000000 ) ) ;
#2452 = EDGE_LOOP ( 'NONE', ( #1776, #2383 ) ) ;
#2453 = AXIS2_PLACEMENT_3D ( 'NONE', #3235, #934, #2490 ) ;
#2454 = ORIENTED_EDGE ( 'NONE', *, *, #22, .T. ) ;
#2455 = DIRECTION ( 'NONE',  ( 1.000000000000000000, 0.000000000000000000, 0.000000000000000000 ) ) ;
#2456 = DIRECTION ( 'NONE',  ( -1.000000000000000000, 0.000000000000000000, 0.000000000000000000 ) ) ;
#2457 = ADVANCED_FACE ( 'NONE', ( #1674 ), #2970, .T. ) ;
#2458 = VECTOR ( 'NONE', #1944, 1000.000000000000000 ) ;
#2459 = DIRECTION ( 'NONE',  ( 0.000000000000000000, -1.000000000000000000, 0.000000000000000000 ) ) ;
#2460 = DIRECTION ( 'NONE',  ( 1.445602896647339706E-15, 1.000000000000000000, -0.000000000000000000 ) ) ;
#2461 = CARTESIAN_POINT ( 'NONE',  ( 2.200000000000000178, 3.499999999999999556, -2.200000000000000178 ) ) ;
#2462 = ORIENTED_EDGE ( 'NONE', *, *, #1043, .F. ) ;
#2463 = VECTOR ( 'NONE', #1650, 1000.000000000000000 ) ;
#2464 = CARTESIAN_POINT ( 'NONE',  ( -5.000000000000000888, 0.2999999999999998779, 1.899999999999999689 ) ) ;
#2465 = ORIENTED_EDGE ( 'NONE', *, *, #1849, .T. ) ;
#2466 = ADVANCED_FACE ( 'NONE', ( #2989 ), #3247, .T. ) ;
#2467 = LINE ( 'NONE', #1111, #1009 ) ;
#2468 = ORIENTED_EDGE ( 'NONE', *, *, #1375, .F. ) ;
#2469 = CARTESIAN_POINT ( 'NONE',  ( -3.595854811567257947, 0.7000000000000000666, 1.899999999999999689 ) ) ;
#2470 = ORIENTED_EDGE ( 'NONE', *, *, #1356, .F. ) ;
#2471 = ORIENTED_EDGE ( 'NONE', *, *, #580, .F. ) ;
#2472 = ORIENTED_EDGE ( 'NONE', *, *, #900, .F. ) ;
#2473 = DIRECTION ( 'NONE',  ( 0.000000000000000000, -1.000000000000000000, 0.000000000000000000 ) ) ;
#2474 = LINE ( 'NONE', #1711, #2458 ) ;
#2475 = CARTESIAN_POINT ( 'NONE',  ( 2.999999999999999556, 0.7000000000000000666, 1.899999999999999911 ) ) ;
#2476 = ADVANCED_FACE ( 'NONE', ( #1429 ), #2184, .T. ) ;
#2477 = DIRECTION ( 'NONE',  ( -1.032573497605241978E-16, -0.000000000000000000, 1.000000000000000000 ) ) ;
#2478 = DIRECTION ( 'NONE',  ( -1.032573497605241978E-16, -0.000000000000000000, 1.000000000000000000 ) ) ;
#2479 = EDGE_CURVE ( 'NONE', #1502, #1106, #2511, .T. ) ;
#2480 = EDGE_CURVE ( 'NONE', #2296, #920, #3278, .T. ) ;
#2481 = DIRECTION ( 'NONE',  ( -0.000000000000000000, -1.000000000000000000, -0.000000000000000000 ) ) ;
#2482 = EDGE_LOOP ( 'NONE', ( #1321, #369, #2582, #2619 ) ) ;
#2483 = CARTESIAN_POINT ( 'NONE',  ( -6.049999999999999822, -0.1000000000000000056, -1.550000000000000044 ) ) ;
#2484 = VERTEX_POINT ( 'NONE', #3295 ) ;
#2485 = ORIENTED_EDGE ( 'NONE', *, *, #2139, .T. ) ;
#2486 = PLANE ( 'NONE',  #249 ) ;
#2487 = ORIENTED_EDGE ( 'NONE', *, *, #108, .T. ) ;
#2488 = ORIENTED_EDGE ( 'NONE', *, *, #2664, .F. ) ;
#2489 = ORIENTED_EDGE ( 'NONE', *, *, #2495, .F. ) ;
#2490 = DIRECTION ( 'NONE',  ( 0.000000000000000000, 0.000000000000000000, 1.000000000000000000 ) ) ;
#2491 = CARTESIAN_POINT ( 'NONE',  ( 4.346410161513772685, 0.2999999999999998779, 2.600000000000000089 ) ) ;
#2492 = DIRECTION ( 'NONE',  ( 0.000000000000000000, 0.000000000000000000, 1.000000000000000000 ) ) ;
#2493 = AXIS2_PLACEMENT_3D ( 'NONE', #1913, #2933, #3133 ) ;
#2494 = CARTESIAN_POINT ( 'NONE',  ( 3.422649730810370272, 1.000000000000000000, 2.600000000000000089 ) ) ;
#2495 = EDGE_CURVE ( 'NONE', #1345, #537, #972, .T. ) ;
#2496 = CARTESIAN_POINT ( 'NONE',  ( -8.050000000000000711, -1.699999999999999956, 4.950000000000000178 ) ) ;
#2497 = AXIS2_PLACEMENT_3D ( 'NONE', #1715, #1461, #198 ) ;
#2498 = EDGE_CURVE ( 'NONE', #1436, #2083, #160, .T. ) ;
#2499 = EDGE_LOOP ( 'NONE', ( #2147, #1496, #20, #1392 ) ) ;
#2500 = CARTESIAN_POINT ( 'NONE',  ( 2.200000000000000178, 3.799999999999999378, 2.200000000000000178 ) ) ;
#2501 = AXIS2_PLACEMENT_3D ( 'NONE', #34, #3110, #1063 ) ;
#2502 = EDGE_LOOP ( 'NONE', ( #2431, #1067 ) ) ;
#2503 = DIRECTION ( 'NONE',  ( 0.000000000000000000, -0.000000000000000000, 1.000000000000000000 ) ) ;
#2504 = VECTOR ( 'NONE', #466, 1000.000000000000000 ) ;
#2505 = DIRECTION ( 'NONE',  ( 0.8660254037844363761, -0.5000000000000038858, 0.000000000000000000 ) ) ;
#2506 = ORIENTED_EDGE ( 'NONE', *, *, #306, .F. ) ;
#2507 = ORIENTED_EDGE ( 'NONE', *, *, #985, .F. ) ;
#2508 = CARTESIAN_POINT ( 'NONE',  ( -5.000000000000000000, 0.000000000000000000, 1.899999999999999689 ) ) ;
#2509 = CARTESIAN_POINT ( 'NONE',  ( -3.000000000000000444, 0.7000000000000000666, -2.600000000000000089 ) ) ;
#2510 = LINE ( 'NONE', #429, #730 ) ;
#2511 = CIRCLE ( 'NONE', #2920, 0.5999999999999998668 ) ;
#2512 = LINE ( 'NONE', #1188, #1248 ) ;
#2513 = CARTESIAN_POINT ( 'NONE',  ( -2.200000000000000178, 3.499999999999999556, -2.200000000000000178 ) ) ;
#2514 = VECTOR ( 'NONE', #3274, 1000.000000000000000 ) ;
#2515 = DIRECTION ( 'NONE',  ( 1.000000000000000000, 0.000000000000000000, 0.000000000000000000 ) ) ;
#2516 = VERTEX_POINT ( 'NONE', #692 ) ;
#2517 = CARTESIAN_POINT ( 'NONE',  ( -4.346410161513773573, -1.026174408560027516E-17, -2.600000000000000089 ) ) ;
#2518 = LINE ( 'NONE', #205, #629 ) ;
#2519 = AXIS2_PLACEMENT_3D ( 'NONE', #2677, #1380, #335 ) ;
#2520 = VERTEX_POINT ( 'NONE', #1175 ) ;
#2521 = PLANE ( 'NONE',  #2564 ) ;
#2522 = CARTESIAN_POINT ( 'NONE',  ( 0.000000000000000000, 0.000000000000000000, 0.000000000000000000 ) ) ;
#2523 = CIRCLE ( 'NONE', #2196, 0.2999999999999999334 ) ;
#2524 = ORIENTED_EDGE ( 'NONE', *, *, #2320, .F. ) ;
#2525 = ORIENTED_EDGE ( 'NONE', *, *, #2899, .T. ) ;
#2526 = CARTESIAN_POINT ( 'NONE',  ( -3.950000000000000178, -0.1000000000000000056, -2.949999999999999734 ) ) ;
#2527 = LINE ( 'NONE', #3015, #2659 ) ;
#2528 = CARTESIAN_POINT ( 'NONE',  ( 2.200000000000000178, 3.699999999999999734, -2.200000000000000178 ) ) ;
#2529 = CARTESIAN_POINT ( 'NONE',  ( -3.000000000000000000, 3.499999999999999556, 3.000000000000000000 ) ) ;
#2530 = ORIENTED_EDGE ( 'NONE', *, *, #2334, .F. ) ;
#2531 = DIRECTION ( 'NONE',  ( 0.000000000000000000, 0.000000000000000000, 1.000000000000000000 ) ) ;
#2532 = FACE_OUTER_BOUND ( 'NONE', #3009, .T. ) ;
#2533 = EDGE_LOOP ( 'NONE', ( #292, #1667, #996, #80 ) ) ;
#2534 = LINE ( 'NONE', #2046, #1672 ) ;
#2535 = EDGE_CURVE ( 'NONE', #1019, #3058, #2210, .T. ) ;
#2536 = VERTEX_POINT ( 'NONE', #1228 ) ;
#2537 = DIRECTION ( 'NONE',  ( -0.000000000000000000, -1.000000000000000000, -0.000000000000000000 ) ) ;
#2538 = ORIENTED_EDGE ( 'NONE', *, *, #1074, .F. ) ;
#2539 = EDGE_LOOP ( 'NONE', ( #2538, #3166, #1908, #2887 ) ) ;
#2540 = PLANE ( 'NONE',  #2158 ) ;
#2541 = ADVANCED_FACE ( 'NONE', ( #2532 ), #1463, .T. ) ;
#2542 = LINE ( 'NONE', #226, #883 ) ;
#2543 = CARTESIAN_POINT ( 'NONE',  ( -6.049999999999999822, -0.1000000000000000056, -2.949999999999999734 ) ) ;
#2544 = ORIENTED_EDGE ( 'NONE', *, *, #1700, .F. ) ;
#2545 = FACE_BOUND ( 'NONE', #2290, .T. ) ;
#2546 = DIRECTION ( 'NONE',  ( 0.000000000000000000, 0.000000000000000000, 1.000000000000000000 ) ) ;
#2547 = AXIS2_PLACEMENT_3D ( 'NONE', #2685, #2637, #1862 ) ;
#2548 = VECTOR ( 'NONE', #2041, 1000.000000000000000 ) ;
#2549 = VERTEX_POINT ( 'NONE', #1245 ) ;
#2550 = DIRECTION ( 'NONE',  ( 0.000000000000000000, -1.000000000000000000, 0.000000000000000000 ) ) ;
#2551 = ORIENTED_EDGE ( 'NONE', *, *, #3005, .F. ) ;
#2552 = CARTESIAN_POINT ( 'NONE',  ( 0.000000000000000000, 3.500000000000000000, 0.000000000000000000 ) ) ;
#2553 = ADVANCED_FACE ( 'NONE', ( #1734 ), #395, .T. ) ;
#2554 = ORIENTED_EDGE ( 'NONE', *, *, #402, .T. ) ;
#2555 = PLANE ( 'NONE',  #1191 ) ;
#2556 = CARTESIAN_POINT ( 'NONE',  ( -2.999999999999999556, 1.000000000000000000, -1.899999999999999911 ) ) ;
#2557 = CARTESIAN_POINT ( 'NONE',  ( -2.850000000000000089, 3.499999999999999556, -2.850000000000000089 ) ) ;
#2558 = ADVANCED_FACE ( 'NONE', ( #3222 ), #1209, .F. ) ;
#2559 = EDGE_LOOP ( 'NONE', ( #131, #2097 ) ) ;
#2560 = DIRECTION ( 'NONE',  ( 0.000000000000000000, 0.000000000000000000, 1.000000000000000000 ) ) ;
#2561 = AXIS2_PLACEMENT_3D ( 'NONE', #860, #2166, #1609 ) ;
#2562 = FACE_OUTER_BOUND ( 'NONE', #2235, .T. ) ;
#2563 = AXIS2_PLACEMENT_3D ( 'NONE', #1617, #1079, #2416 ) ;
#2564 = AXIS2_PLACEMENT_3D ( 'NONE', #1742, #2764, #461 ) ;
#2565 = DIRECTION ( 'NONE',  ( -1.000000000000000000, 0.000000000000000000, -1.032573497605241978E-16 ) ) ;
#2566 = EDGE_CURVE ( 'NONE', #905, #6, #1752, .T. ) ;
#2567 = CARTESIAN_POINT ( 'NONE',  ( -5.000000000000000000, 0.2999999999999998779, -2.600000000000000089 ) ) ;
#2568 = ORIENTED_EDGE ( 'NONE', *, *, #420, .F. ) ;
#2569 = DIRECTION ( 'NONE',  ( -1.000000000000000000, 0.000000000000000000, 0.000000000000000000 ) ) ;
#2570 = EDGE_CURVE ( 'NONE', #516, #2357, #2776, .T. ) ;
#2571 = ORIENTED_EDGE ( 'NONE', *, *, #789, .F. ) ;
#2572 = CARTESIAN_POINT ( 'NONE',  ( -5.000000000000000000, 0.2999999999999998779, 2.600000000000000089 ) ) ;
#2573 = AXIS2_PLACEMENT_3D ( 'NONE', #318, #1346, #2876 ) ;
#2574 = CYLINDRICAL_SURFACE ( 'NONE', #1488, 0.5999999999999998668 ) ;
#2575 = DIRECTION ( 'NONE',  ( -2.065146995210484941E-16, 0.000000000000000000, 1.000000000000000000 ) ) ;
#2576 = EDGE_LOOP ( 'NONE', ( #2525, #2660, #1602, #2454 ) ) ;
#2577 = LINE ( 'NONE', #264, #3023 ) ;
#2578 = EDGE_CURVE ( 'NONE', #658, #1654, #1969, .T. ) ;
#2579 = DIRECTION ( 'NONE',  ( 0.000000000000000000, 0.000000000000000000, -1.000000000000000000 ) ) ;
#2580 = CARTESIAN_POINT ( 'NONE',  ( 4.346410161513772685, 0.2999999999999998779, -1.899999999999999689 ) ) ;
#2581 = ADVANCED_FACE ( 'NONE', ( #3041 ), #2091, .T. ) ;
#2582 = ORIENTED_EDGE ( 'NONE', *, *, #2479, .T. ) ;
#2583 = LINE ( 'NONE', #2337, #2859 ) ;
#2584 = ORIENTED_EDGE ( 'NONE', *, *, #3273, .F. ) ;
#2585 = CARTESIAN_POINT ( 'NONE',  ( 2.200000000000000178, 3.799999999999999378, 2.200000000000000178 ) ) ;
#2586 = FACE_OUTER_BOUND ( 'NONE', #2202, .T. ) ;
#2587 = DIRECTION ( 'NONE',  ( -1.000000000000000000, 0.000000000000000000, 1.032573497605241978E-16 ) ) ;
#2588 = EDGE_LOOP ( 'NONE', ( #2308, #1978, #2428, #1859 ) ) ;
#2589 = DIRECTION ( 'NONE',  ( -0.000000000000000000, 1.000000000000000000, -0.000000000000000000 ) ) ;
#2590 = LINE ( 'NONE', #1309, #2826 ) ;
#2591 = ADVANCED_FACE ( 'NONE', ( #2562 ), #1770, .T. ) ;
#2592 = LINE ( 'NONE', #2330, #1151 ) ;
#2593 = EDGE_CURVE ( 'NONE', #663, #206, #1263, .T. ) ;
#2594 = AXIS2_PLACEMENT_3D ( 'NONE', #616, #3185, #3149 ) ;
#2595 = EDGE_CURVE ( 'NONE', #1745, #3031, #744, .T. ) ;
#2596 = ORIENTED_EDGE ( 'NONE', *, *, #1088, .F. ) ;
#2597 = AXIS2_PLACEMENT_3D ( 'NONE', #141, #2265, #3020 ) ;
#2598 = CARTESIAN_POINT ( 'NONE',  ( -2.200000000000000178, 3.699999999999999734, 1.600000000000000311 ) ) ;
#2599 = VERTEX_POINT ( 'NONE', #279 ) ;
#2600 = DIRECTION ( 'NONE',  ( 0.000000000000000000, 0.000000000000000000, 1.000000000000000000 ) ) ;
#2601 = CIRCLE ( 'NONE', #723, 0.1000000000000000472 ) ;
#2602 = CARTESIAN_POINT ( 'NONE',  ( -2.200000000000000178, 3.699999999999999734, -2.200000000000000178 ) ) ;
#2603 = ORIENTED_EDGE ( 'NONE', *, *, #2814, .T. ) ;
#2604 = DIRECTION ( 'NONE',  ( 0.000000000000000000, -1.000000000000000000, 0.000000000000000000 ) ) ;
#2605 = VERTEX_POINT ( 'NONE', #488 ) ;
#2606 = PLANE ( 'NONE',  #719 ) ;
#2607 = CARTESIAN_POINT ( 'NONE',  ( -8.050000000000000711, -1.699999999999999956, -4.950000000000000178 ) ) ;
#2608 = VECTOR ( 'NONE', #1282, 1000.000000000000000 ) ;
#2609 = CARTESIAN_POINT ( 'NONE',  ( 3.595854811567257947, 0.7000000000000000666, -1.899999999999999689 ) ) ;
#2610 = AXIS2_PLACEMENT_3D ( 'NONE', #1670, #2325, #2587 ) ;
#2611 = VECTOR ( 'NONE', #2200, 1000.000000000000000 ) ;
#2612 = VECTOR ( 'NONE', #632, 1000.000000000000000 ) ;
#2613 = ORIENTED_EDGE ( 'NONE', *, *, #1006, .F. ) ;
#2614 = CARTESIAN_POINT ( 'NONE',  ( -2.999999999999999556, 1.000000000000000000, -1.899999999999999911 ) ) ;
#2615 = EDGE_LOOP ( 'NONE', ( #2972, #3328, #3334, #2975 ) ) ;
#2616 = EDGE_CURVE ( 'NONE', #1121, #3031, #2590, .T. ) ;
#2617 = FACE_BOUND ( 'NONE', #2452, .T. ) ;
#2618 = ADVANCED_FACE ( 'NONE', ( #2329 ), #783, .T. ) ;
#2619 = ORIENTED_EDGE ( 'NONE', *, *, #108, .F. ) ;
#2620 = DIRECTION ( 'NONE',  ( 0.000000000000000000, 1.000000000000000000, 0.000000000000000000 ) ) ;
#2621 = ORIENTED_EDGE ( 'NONE', *, *, #1712, .T. ) ;
#2622 = CARTESIAN_POINT ( 'NONE',  ( 2.999999999999999112, 0.7000000000000000666, -2.600000000000000533 ) ) ;
#2623 = LINE ( 'NONE', #1084, #2770 ) ;
#2624 = PRODUCT_DEFINITION_FORMATION_WITH_SPECIFIED_SOURCE ( 'ANY', '', #376, .NOT_KNOWN. ) ;
#2625 = CARTESIAN_POINT ( 'NONE',  ( -2.200000000000000178, 3.799999999999999378, -2.799999999999999822 ) ) ;
#2626 = CIRCLE ( 'NONE', #1169, 0.1000000000000000472 ) ;
#2627 = PLANE ( 'NONE',  #1802 ) ;
#2628 = DIRECTION ( 'NONE',  ( 0.000000000000000000, 1.000000000000000000, 0.000000000000000000 ) ) ;
#2629 = ADVANCED_FACE ( 'NONE', ( #1022 ), #2345, .T. ) ;
#2630 = ORIENTED_EDGE ( 'NONE', *, *, #3042, .T. ) ;
#2631 = DIRECTION ( 'NONE',  ( 0.000000000000000000, -1.000000000000000000, -0.000000000000000000 ) ) ;
#2632 = EDGE_LOOP ( 'NONE', ( #2009, #2995, #1197, #168 ) ) ;
#2633 = DIRECTION ( 'NONE',  ( 0.000000000000000000, -0.000000000000000000, 1.000000000000000000 ) ) ;
#2634 = ORIENTED_EDGE ( 'NONE', *, *, #1720, .T. ) ;
#2635 = CARTESIAN_POINT ( 'NONE',  ( -3.826794919243111881, 0.2999999999999976574, -1.899999999999999689 ) ) ;
#2636 = CARTESIAN_POINT ( 'NONE',  ( -2.200000000000000178, 3.699999999999999734, -2.200000000000000178 ) ) ;
#2637 = DIRECTION ( 'NONE',  ( 0.000000000000000000, -1.000000000000000000, 0.000000000000000000 ) ) ;
#2638 = DIRECTION ( 'NONE',  ( 0.000000000000000000, 0.000000000000000000, -1.000000000000000000 ) ) ;
#2639 = VECTOR ( 'NONE', #546, 1000.000000000000000 ) ;
#2640 = VERTEX_POINT ( 'NONE', #2607 ) ;
#2641 = CARTESIAN_POINT ( 'NONE',  ( 6.049999999999999822, 0.000000000000000000, 2.949999999999999734 ) ) ;
#2642 = CIRCLE ( 'NONE', #1837, 0.5999999999999998668 ) ;
#2643 = ORIENTED_EDGE ( 'NONE', *, *, #411, .T. ) ;
#2644 = CARTESIAN_POINT ( 'NONE',  ( -6.049999999999999822, 0.000000000000000000, 1.550000000000000044 ) ) ;
#2645 = AXIS2_PLACEMENT_3D ( 'NONE', #2423, #1135, #2884 ) ;
#2646 = EDGE_LOOP ( 'NONE', ( #2180, #2737, #758, #301 ) ) ;
#2647 = LINE ( 'NONE', #337, #3138 ) ;
#2648 = ORIENTED_EDGE ( 'NONE', *, *, #1418, .T. ) ;
#2649 = FACE_OUTER_BOUND ( 'NONE', #1872, .T. ) ;
#2650 = CARTESIAN_POINT ( 'NONE',  ( 3.422649730810370716, 0.7000000000000000666, 1.899999999999999689 ) ) ;
#2651 = DIRECTION ( 'NONE',  ( -0.000000000000000000, -1.000000000000000000, -0.000000000000000000 ) ) ;
#2652 = EDGE_CURVE ( 'NONE', #408, #567, #2300, .T. ) ;
#2653 = LINE ( 'NONE', #1673, #2441 ) ;
#2654 = AXIS2_PLACEMENT_3D ( 'NONE', #517, #1302, #2600 ) ;
#2655 = CIRCLE ( 'NONE', #2023, 0.2999999999999999334 ) ;
#2656 = VECTOR ( 'NONE', #2579, 1000.000000000000000 ) ;
#2657 = ORIENTED_EDGE ( 'NONE', *, *, #2371, .T. ) ;
#2658 = DIRECTION ( 'NONE',  ( 0.000000000000000000, 0.000000000000000000, -1.000000000000000000 ) ) ;
#2659 = VECTOR ( 'NONE', #1747, 1000.000000000000000 ) ;
#2660 = ORIENTED_EDGE ( 'NONE', *, *, #614, .T. ) ;
#2661 = FACE_OUTER_BOUND ( 'NONE', #3155, .T. ) ;
#2662 = ORIENTED_EDGE ( 'NONE', *, *, #3203, .F. ) ;
#2663 = DIRECTION ( 'NONE',  ( 1.000000000000000000, 0.000000000000000000, 0.000000000000000000 ) ) ;
#2664 = EDGE_CURVE ( 'NONE', #2927, #3322, #526, .T. ) ;
#2665 = ORIENTED_EDGE ( 'NONE', *, *, #3292, .F. ) ;
#2666 = FACE_OUTER_BOUND ( 'NONE', #237, .T. ) ;
#2667 = CARTESIAN_POINT ( 'NONE',  ( 2.999999999999999556, 1.000000000000000000, 2.600000000000000089 ) ) ;
#2668 = FACE_OUTER_BOUND ( 'NONE', #1960, .T. ) ;
#2669 = CYLINDRICAL_SURFACE ( 'NONE', #1621, 0.5999999999999998668 ) ;
#2670 = CARTESIAN_POINT ( 'NONE',  ( 2.999999999999999556, 1.000000000000000000, -1.899999999999999911 ) ) ;
#2671 = ADVANCED_FACE ( 'NONE', ( #265 ), #553, .T. ) ;
#2672 = AXIS2_PLACEMENT_3D ( 'NONE', #3052, #1781, #1031 ) ;
#2673 = ADVANCED_FACE ( 'NONE', ( #803 ), #2042, .T. ) ;
#2674 = ORIENTED_EDGE ( 'NONE', *, *, #1922, .T. ) ;
#2675 = CARTESIAN_POINT ( 'NONE',  ( 6.049999999999999822, -0.1000000000000000056, 1.550000000000000044 ) ) ;
#2676 = ORIENTED_EDGE ( 'NONE', *, *, #2687, .F. ) ;
#2677 = CARTESIAN_POINT ( 'NONE',  ( 2.200000000000000178, 3.799999999999999378, -2.200000000000000178 ) ) ;
#2678 = ORIENTED_EDGE ( 'NONE', *, *, #3068, .T. ) ;
#2679 = CARTESIAN_POINT ( 'NONE',  ( 4.000000000000000000, 6.790348360772163172E-17, -1.899999999999999689 ) ) ;
#2680 = VERTEX_POINT ( 'NONE', #1057 ) ;
#2681 = VERTEX_POINT ( 'NONE', #2316 ) ;
#2682 = DIRECTION ( 'NONE',  ( -0.8660254037844363761, -0.5000000000000038858, 0.000000000000000000 ) ) ;
#2683 = CARTESIAN_POINT ( 'NONE',  ( 3.950000000000000178, -0.1000000000000000056, 1.550000000000000044 ) ) ;
#2684 = LINE ( 'NONE', #1892, #1210 ) ;
#2685 = CARTESIAN_POINT ( 'NONE',  ( -2.850000000000000089, 3.499999999999999556, 2.850000000000000089 ) ) ;
#2686 = FACE_OUTER_BOUND ( 'NONE', #2238, .T. ) ;
#2687 = EDGE_CURVE ( 'NONE', #693, #268, #760, .T. ) ;
#2688 = ORIENTED_EDGE ( 'NONE', *, *, #2211, .F. ) ;
#2689 = LINE ( 'NONE', #1935, #1846 ) ;
#2690 = EDGE_CURVE ( 'NONE', #2733, #1531, #1538, .T. ) ;
#2691 = ORIENTED_EDGE ( 'NONE', *, *, #2211, .T. ) ;
#2692 = CARTESIAN_POINT ( 'NONE',  ( 2.849999999999999201, 0.000000000000000000, 3.000000000000000000 ) ) ;
#2693 = ORIENTED_EDGE ( 'NONE', *, *, #1755, .T. ) ;
#2694 = DIRECTION ( 'NONE',  ( 0.000000000000000000, 0.000000000000000000, 1.000000000000000000 ) ) ;
#2695 = AXIS2_PLACEMENT_3D ( 'NONE', #992, #3060, #729 ) ;
#2696 = ORIENTED_EDGE ( 'NONE', *, *, #2295, .F. ) ;
#2697 = EDGE_LOOP ( 'NONE', ( #354, #406, #2145, #2110 ) ) ;
#2698 = DIRECTION ( 'NONE',  ( 0.000000000000000000, 0.000000000000000000, 1.000000000000000000 ) ) ;
#2699 = TOROIDAL_SURFACE ( 'NONE', #2597, 1.465137194658102882, 0.2500000000000005551 ) ;
#2700 = LINE ( 'NONE', #1168, #2028 ) ;
#2701 = FACE_BOUND ( 'NONE', #2116, .T. ) ;
#2702 = DIRECTION ( 'NONE',  ( 0.000000000000000000, 0.000000000000000000, 1.000000000000000000 ) ) ;
#2703 = VECTOR ( 'NONE', #1090, 1000.000000000000000 ) ;
#2704 = DIRECTION ( 'NONE',  ( -1.000000000000000000, -1.807003620809174583E-15, 0.000000000000000000 ) ) ;
#2705 = AXIS2_PLACEMENT_3D ( 'NONE', #1177, #3224, #2973 ) ;
#2706 = DIRECTION ( 'NONE',  ( 0.000000000000000000, 0.000000000000000000, 1.000000000000000000 ) ) ;
#2707 = ADVANCED_FACE ( 'NONE', ( #1070 ), #1281, .T. ) ;
#2708 = ORIENTED_EDGE ( 'NONE', *, *, #32, .T. ) ;
#2709 = DIRECTION ( 'NONE',  ( -0.000000000000000000, -0.000000000000000000, 1.000000000000000000 ) ) ;
#2710 = VECTOR ( 'NONE', #448, 1000.000000000000000 ) ;
#2711 = EDGE_LOOP ( 'NONE', ( #1271, #2778, #3279, #2842 ) ) ;
#2712 = EDGE_CURVE ( 'NONE', #1923, #1778, #1817, .T. ) ;
#2713 = DIRECTION ( 'NONE',  ( -0.000000000000000000, -1.000000000000000000, -0.000000000000000000 ) ) ;
#2715 = ORIENTED_EDGE ( 'NONE', *, *, #430, .T. ) ;
#2714 = AXIS2_PLACEMENT_3D ( 'NONE', #1842, #1634, #2663 ) ;
#2716 = CARTESIAN_POINT ( 'NONE',  ( -3.000000000000000000, 1.000000000000000000, -2.600000000000000089 ) ) ;
#2717 = ORIENTED_EDGE ( 'NONE', *, *, #1521, .T. ) ;
#2718 = AXIS2_PLACEMENT_3D ( 'NONE', #651, #1696, #2006 ) ;
#2719 = ORIENTED_EDGE ( 'NONE', *, *, #2069, .F. ) ;
#2720 = ORIENTED_EDGE ( 'NONE', *, *, #2190, .T. ) ;
#2721 = CARTESIAN_POINT ( 'NONE',  ( -3.422649730810370272, 0.4000000000000000777, -2.600000000000000089 ) ) ;
#2722 = EDGE_CURVE ( 'NONE', #109, #2380, #2348, .T. ) ;
#2723 = DIRECTION ( 'NONE',  ( -0.000000000000000000, -1.000000000000000000, -0.000000000000000000 ) ) ;
#2724 = DIRECTION ( 'NONE',  ( -0.000000000000000000, -0.000000000000000000, 1.000000000000000000 ) ) ;
#2725 = CARTESIAN_POINT ( 'NONE',  ( 6.049999999999999822, -0.1000000000000000056, 2.949999999999999734 ) ) ;
#2726 = CARTESIAN_POINT ( 'NONE',  ( 2.200000000000000178, 3.499999999999999556, -2.200000000000000178 ) ) ;
#2727 = CARTESIAN_POINT ( 'NONE',  ( 5.000000000000000000, 0.2999999999999998779, -2.600000000000000089 ) ) ;
#2728 = ORIENTED_EDGE ( 'NONE', *, *, #2852, .T. ) ;
#2729 = VECTOR ( 'NONE', #1050, 1000.000000000000000 ) ;
#2730 = DIRECTION ( 'NONE',  ( 0.000000000000000000, -1.000000000000000000, 0.000000000000000000 ) ) ;
#2731 = VERTEX_POINT ( 'NONE', #1910 ) ;
#2732 = DIRECTION ( 'NONE',  ( 1.000000000000000000, 0.000000000000000000, 0.000000000000000000 ) ) ;
#2733 = VERTEX_POINT ( 'NONE', #1964 ) ;
#2734 = CARTESIAN_POINT ( 'NONE',  ( 5.000000000000000000, 0.2999999999999998779, -2.600000000000000089 ) ) ;
#2735 = ORIENTED_EDGE ( 'NONE', *, *, #1639, .F. ) ;
#2736 = EDGE_CURVE ( 'NONE', #2050, #1165, #1428, .T. ) ;
#2737 = ORIENTED_EDGE ( 'NONE', *, *, #1955, .T. ) ;
#2738 = EDGE_LOOP ( 'NONE', ( #3141, #1653, #1450, #2863 ) ) ;
#2739 = FACE_OUTER_BOUND ( 'NONE', #2060, .T. ) ;
#2740 = FACE_OUTER_BOUND ( 'NONE', #1958, .T. ) ;
#2741 = LINE ( 'NONE', #431, #330 ) ;
#2742 = DIRECTION ( 'NONE',  ( 1.000000000000000000, 0.000000000000000000, 0.000000000000000000 ) ) ;
#2743 = ORIENTED_EDGE ( 'NONE', *, *, #1553, .T. ) ;
#2744 = CARTESIAN_POINT ( 'NONE',  ( 2.200000000000000178, 3.799999999999999378, 1.700000000000000622 ) ) ;
#2745 =( NAMED_UNIT ( * ) PLANE_ANGLE_UNIT ( ) SI_UNIT ( $, .RADIAN. ) );
#2746 = ORIENTED_EDGE ( 'NONE', *, *, #3068, .F. ) ;
#2747 = CARTESIAN_POINT ( 'NONE',  ( 4.086602540378442505, 0.4499999999999986788, 2.600000000000000089 ) ) ;
#2748 = CARTESIAN_POINT ( 'NONE',  ( -3.950000000000000178, 0.000000000000000000, -1.550000000000000044 ) ) ;
#2749 = ORIENTED_EDGE ( 'NONE', *, *, #873, .T. ) ;
#2750 = ORIENTED_EDGE ( 'NONE', *, *, #804, .F. ) ;
#2751 = CARTESIAN_POINT ( 'NONE',  ( 2.850000000000000089, 3.499999999999999556, 2.850000000000000089 ) ) ;
#2752 = FACE_OUTER_BOUND ( 'NONE', #2273, .T. ) ;
#2753 = CARTESIAN_POINT ( 'NONE',  ( -2.200000000000000178, 3.499999999999999556, -2.200000000000000178 ) ) ;
#2754 = PLANE ( 'NONE',  #500 ) ;
#2755 = AXIS2_PLACEMENT_3D ( 'NONE', #2567, #2793, #297 ) ;
#2756 = CARTESIAN_POINT ( 'NONE',  ( -4.346410161513772685, 0.5999999999999998668, 1.899999999999999689 ) ) ;
#2757 = CARTESIAN_POINT ( 'NONE',  ( 6.049999999999999822, 0.000000000000000000, -1.550000000000000044 ) ) ;
#2758 = VECTOR ( 'NONE', #2850, 1000.000000000000000 ) ;
#2759 = EDGE_CURVE ( 'NONE', #1234, #2520, #2302, .T. ) ;
#2760 = ORIENTED_EDGE ( 'NONE', *, *, #39, .F. ) ;
#2761 = LINE ( 'NONE', #1523, #2164 ) ;
#2762 = EDGE_CURVE ( 'NONE', #257, #1307, #876, .T. ) ;
#2763 = ORIENTED_EDGE ( 'NONE', *, *, #1782, .T. ) ;
#2764 = DIRECTION ( 'NONE',  ( 0.000000000000000000, 1.000000000000000000, -0.000000000000000000 ) ) ;
#2765 = DIRECTION ( 'NONE',  ( 0.000000000000000000, -1.000000000000000000, 0.000000000000000000 ) ) ;
#2766 = EDGE_LOOP ( 'NONE', ( #1278, #2319, #870, #962 ) ) ;
#2767 = EDGE_LOOP ( 'NONE', ( #1011, #78, #2270, #1489 ) ) ;
#2768 = CARTESIAN_POINT ( 'NONE',  ( 3.950000000000000178, -0.1000000000000000056, -1.550000000000000044 ) ) ;
#2769 = CARTESIAN_POINT ( 'NONE',  ( 2.200000000000000178, 3.699999999999999734, 2.200000000000000178 ) ) ;
#2770 = VECTOR ( 'NONE', #2118, 1000.000000000000000 ) ;
#2771 = ADVANCED_FACE ( 'NONE', ( #2739 ), #2912, .T. ) ;
#2772 = PLANE ( 'NONE',  #1423 ) ;
#2773 = AXIS2_PLACEMENT_3D ( 'NONE', #3004, #2249, #3022 ) ;
#2774 = CARTESIAN_POINT ( 'NONE',  ( -3.942264973081032409, 0.7000000000000018430, -1.899999999999999689 ) ) ;
#2775 = DIRECTION ( 'NONE',  ( 0.000000000000000000, 0.000000000000000000, 1.000000000000000000 ) ) ;
#2776 = LINE ( 'NONE', #2727, #3036 ) ;
#2777 = ADVANCED_FACE ( 'NONE', ( #1132 ), #410, .T. ) ;
#2778 = ORIENTED_EDGE ( 'NONE', *, *, #1142, .T. ) ;
#2779 = CARTESIAN_POINT ( 'NONE',  ( 5.000000000000000000, -9.868813240888313712E-17, -2.600000000000000089 ) ) ;
#2780 = ADVANCED_FACE ( 'NONE', ( #647 ), #2985, .F. ) ;
#2781 = EDGE_LOOP ( 'NONE', ( #736, #908, #424, #2983 ) ) ;
#2782 = CARTESIAN_POINT ( 'NONE',  ( -2.200000000000000178, 3.799999999999999378, -1.700000000000000622 ) ) ;
#2783 = ORIENTED_EDGE ( 'NONE', *, *, #2190, .F. ) ;
#2784 = ORIENTED_EDGE ( 'NONE', *, *, #1074, .T. ) ;
#2785 = LINE ( 'NONE', #497, #1207 ) ;
#2786 = CARTESIAN_POINT ( 'NONE',  ( 5.000000000000000000, 0.2999999999999998779, -2.600000000000000089 ) ) ;
#2787 = PLANE ( 'NONE',  #2869 ) ;
#2788 = ORIENTED_EDGE ( 'NONE', *, *, #837, .F. ) ;
#2789 = CARTESIAN_POINT ( 'NONE',  ( 3.682457351945701785, 0.5500000000000013767, -2.600000000000000089 ) ) ;
#2790 = DIRECTION ( 'NONE',  ( 0.000000000000000000, 0.000000000000000000, -1.000000000000000000 ) ) ;
#2791 = EDGE_CURVE ( 'NONE', #1843, #2054, #2474, .T. ) ;
#2792 = VERTEX_POINT ( 'NONE', #100 ) ;
#2793 = DIRECTION ( 'NONE',  ( -1.000000000000000000, 0.000000000000000000, 0.000000000000000000 ) ) ;
#2794 = DIRECTION ( 'NONE',  ( 0.000000000000000000, 0.000000000000000000, 1.000000000000000000 ) ) ;
#2795 = ORIENTED_EDGE ( 'NONE', *, *, #123, .F. ) ;
#2796 = CARTESIAN_POINT ( 'NONE',  ( 4.346410161513772685, 0.5999999999999998668, -2.600000000000000089 ) ) ;
#2797 = EDGE_CURVE ( 'NONE', #1219, #2141, #1458, .T. ) ;
#2798 = ORIENTED_EDGE ( 'NONE', *, *, #1881, .F. ) ;
#2799 = ORIENTED_EDGE ( 'NONE', *, *, #2595, .T. ) ;
#2800 = CARTESIAN_POINT ( 'NONE',  ( -2.200000000000000178, 3.499999999999999556, 2.799999999999999822 ) ) ;
#2801 = DIRECTION ( 'NONE',  ( 1.032573497605241978E-16, 0.000000000000000000, 1.000000000000000000 ) ) ;
#2802 = CARTESIAN_POINT ( 'NONE',  ( 3.422649730810370272, 0.4000000000000000777, -2.600000000000000089 ) ) ;
#2803 = ORIENTED_EDGE ( 'NONE', *, *, #521, .F. ) ;
#2804 = DIRECTION ( 'NONE',  ( 1.032573497605241978E-16, -0.000000000000000000, 1.000000000000000000 ) ) ;
#2805 = DIRECTION ( 'NONE',  ( -1.752245935330109660E-16, 0.000000000000000000, -1.000000000000000000 ) ) ;
#2806 = AXIS2_PLACEMENT_3D ( 'NONE', #3258, #898, #120 ) ;
#2807 = FACE_OUTER_BOUND ( 'NONE', #1705, .T. ) ;
#2808 = VECTOR ( 'NONE', #3115, 1000.000000000000000 ) ;
#2809 = EDGE_CURVE ( 'NONE', #2940, #6, #1891, .T. ) ;
#2810 = LINE ( 'NONE', #1773, #2109 ) ;
#2811 = AXIS2_PLACEMENT_3D ( 'NONE', #2675, #92, #1954 ) ;
#2812 = EDGE_LOOP ( 'NONE', ( #2218, #3227, #1246, #334 ) ) ;
#2813 = DIRECTION ( 'NONE',  ( 0.5000000000000038858, 0.8660254037844363761, 0.000000000000000000 ) ) ;
#2814 = EDGE_CURVE ( 'NONE', #678, #2216, #1204, .T. ) ;
#2815 = ORIENTED_EDGE ( 'NONE', *, *, #1444, .F. ) ;
#2816 = DIRECTION ( 'NONE',  ( 1.752245935330109660E-16, 0.000000000000000000, 1.000000000000000000 ) ) ;
#2817 = FACE_OUTER_BOUND ( 'NONE', #2435, .T. ) ;
#2818 = VECTOR ( 'NONE', #1560, 1000.000000000000114 ) ;
#2819 = CARTESIAN_POINT ( 'NONE',  ( 3.682457351945701785, 0.5500000000000014877, -1.899999999999999689 ) ) ;
#2820 = EDGE_CURVE ( 'NONE', #796, #1920, #2965, .T. ) ;
#2821 = VERTEX_POINT ( 'NONE', #1656 ) ;
#2822 = DIRECTION ( 'NONE',  ( -1.000000000000000000, 0.000000000000000000, 0.000000000000000000 ) ) ;
#2823 = TOROIDAL_SURFACE ( 'NONE', #1583, 0.4999999999999996669, 0.1000000000000000056 ) ;
#2824 = CARTESIAN_POINT ( 'NONE',  ( 8.050000000000000711, -1.699999999999999956, 4.950000000000000178 ) ) ;
#2825 = AXIS2_PLACEMENT_3D ( 'NONE', #610, #2101, #1322 ) ;
#2826 = VECTOR ( 'NONE', #2546, 1000.000000000000000 ) ;
#2827 = DIRECTION ( 'NONE',  ( 0.000000000000000000, -0.000000000000000000, 1.000000000000000000 ) ) ;
#2828 = VERTEX_POINT ( 'NONE', #2667 ) ;
#2829 = CARTESIAN_POINT ( 'NONE',  ( 3.000000000000000000, 1.000000000000000000, -2.600000000000000089 ) ) ;
#2830 = ORIENTED_EDGE ( 'NONE', *, *, #2077, .F. ) ;
#2831 = CARTESIAN_POINT ( 'NONE',  ( -4.000000000000000000, -1.645975852444589161E-16, 1.899999999999999689 ) ) ;
#2832 = AXIS2_PLACEMENT_3D ( 'NONE', #3061, #1249, #2732 ) ;
#2833 = FACE_BOUND ( 'NONE', #1605, .T. ) ;
#2834 = AXIS2_PLACEMENT_3D ( 'NONE', #2186, #631, #67 ) ;
#2835 = PLANE ( 'NONE',  #993 ) ;
#2836 = EDGE_CURVE ( 'NONE', #3079, #460, #2165, .T. ) ;
#2837 = EDGE_CURVE ( 'NONE', #496, #14, #859, .T. ) ;
#2838 = ORIENTED_EDGE ( 'NONE', *, *, #1567, .T. ) ;
#2839 = DIRECTION ( 'NONE',  ( 0.000000000000000000, 0.000000000000000000, -1.000000000000000000 ) ) ;
#2840 = CARTESIAN_POINT ( 'NONE',  ( -3.595854811567257947, 0.7000000000000000666, -2.600000000000000089 ) ) ;
#2841 = CARTESIAN_POINT ( 'NONE',  ( 3.000000000000000000, 3.499999999999999556, 2.850000000000000089 ) ) ;
#2842 = ORIENTED_EDGE ( 'NONE', *, *, #837, .T. ) ;
#2843 = DIRECTION ( 'NONE',  ( 0.000000000000000000, 0.000000000000000000, 1.000000000000000000 ) ) ;
#2844 = ORIENTED_EDGE ( 'NONE', *, *, #2759, .T. ) ;
#2845 = DIRECTION ( 'NONE',  ( 1.000000000000000000, 0.000000000000000000, 0.000000000000000000 ) ) ;
#2846 = LINE ( 'NONE', #547, #1329 ) ;
#2847 = ORIENTED_EDGE ( 'NONE', *, *, #65, .T. ) ;
#2848 = DIRECTION ( 'NONE',  ( 0.000000000000000000, 0.000000000000000000, -1.000000000000000000 ) ) ;
#2849 = ORIENTED_EDGE ( 'NONE', *, *, #3005, .T. ) ;
#2850 = DIRECTION ( 'NONE',  ( 0.000000000000000000, 0.000000000000000000, 1.000000000000000000 ) ) ;
#2851 = DIRECTION ( 'NONE',  ( 0.000000000000000000, 0.000000000000000000, 1.000000000000000000 ) ) ;
#2852 = EDGE_CURVE ( 'NONE', #3322, #2197, #391, .T. ) ;
#2853 = CARTESIAN_POINT ( 'NONE',  ( -4.346410161513773573, 0.000000000000000000, -1.899999999999999689 ) ) ;
#2854 = CIRCLE ( 'NONE', #11, 0.2999999999999999334 ) ;
#2855 = ORIENTED_EDGE ( 'NONE', *, *, #1464, .T. ) ;
#2856 = AXIS2_PLACEMENT_3D ( 'NONE', #1075, #589, #3154 ) ;
#2857 = DIRECTION ( 'NONE',  ( 0.000000000000000000, 0.000000000000000000, -1.000000000000000000 ) ) ;
#2858 = VERTEX_POINT ( 'NONE', #1669 ) ;
#2859 = VECTOR ( 'NONE', #3094, 1000.000000000000000 ) ;
#2860 = DIRECTION ( 'NONE',  ( 0.000000000000000000, 1.000000000000000000, 0.000000000000000000 ) ) ;
#2861 = ORIENTED_EDGE ( 'NONE', *, *, #161, .T. ) ;
#2862 = CARTESIAN_POINT ( 'NONE',  ( -6.049999999999999822, 0.000000000000000000, -2.949999999999999734 ) ) ;
#2863 = ORIENTED_EDGE ( 'NONE', *, *, #2820, .T. ) ;
#2864 = CARTESIAN_POINT ( 'NONE',  ( 2.999999999999999556, 0.000000000000000000, -1.899999999999999911 ) ) ;
#2865 = CARTESIAN_POINT ( 'NONE',  ( 3.826794919243111881, 0.2999999999999976574, -1.899999999999999689 ) ) ;
#2866 = LINE ( 'NONE', #1877, #1136 ) ;
#2867 = VECTOR ( 'NONE', #2243, 1000.000000000000000 ) ;
#2868 = DIRECTION ( 'NONE',  ( 0.000000000000000000, 1.000000000000000000, 0.000000000000000000 ) ) ;
#2869 = AXIS2_PLACEMENT_3D ( 'NONE', #549, #1575, #213 ) ;
#2870 = EDGE_CURVE ( 'NONE', #2129, #1841, #1402, .T. ) ;
#2871 = VECTOR ( 'NONE', #2851, 1000.000000000000000 ) ;
#2872 = AXIS2_PLACEMENT_3D ( 'NONE', #2786, #769, #703 ) ;
#2873 = EDGE_CURVE ( 'NONE', #2216, #1526, #2700, .T. ) ;
#2874 = FACE_OUTER_BOUND ( 'NONE', #1984, .T. ) ;
#2875 = EDGE_LOOP ( 'NONE', ( #1274, #436, #309, #1383 ) ) ;
#2876 = DIRECTION ( 'NONE',  ( 0.000000000000000000, 0.000000000000000000, -1.000000000000000000 ) ) ;
#2877 = VERTEX_POINT ( 'NONE', #3217 ) ;
#2878 = PLANE ( 'NONE',  #1370 ) ;
#2879 = ORIENTED_EDGE ( 'NONE', *, *, #1319, .T. ) ;
#2880 = LINE ( 'NONE', #585, #2364 ) ;
#2881 = DIRECTION ( 'NONE',  ( -1.000000000000000000, 0.000000000000000000, 0.000000000000000000 ) ) ;
#2882 = AXIS2_PLACEMENT_3D ( 'NONE', #3, #2067, #305 ) ;
#2883 = FACE_OUTER_BOUND ( 'NONE', #2502, .T. ) ;
#2884 = DIRECTION ( 'NONE',  ( 1.000000000000000000, 0.000000000000000000, -2.065146995210484941E-16 ) ) ;
#2885 = EDGE_CURVE ( 'NONE', #2918, #3270, #518, .T. ) ;
#2886 = DIRECTION ( 'NONE',  ( 0.5000000000000038858, -0.8660254037844363761, 0.000000000000000000 ) ) ;
#2887 = ORIENTED_EDGE ( 'NONE', *, *, #1922, .F. ) ;
#2888 = CARTESIAN_POINT ( 'NONE',  ( -2.999999999999999112, 0.7000000000000000666, 2.600000000000000089 ) ) ;
#2889 = EDGE_CURVE ( 'NONE', #2129, #3079, #3287, .T. ) ;
#2890 = ORIENTED_EDGE ( 'NONE', *, *, #2069, .T. ) ;
#2891 = CARTESIAN_POINT ( 'NONE',  ( -3.950000000000000178, -0.1000000000000000056, 2.949999999999999734 ) ) ;
#2892 = ORIENTED_EDGE ( 'NONE', *, *, #2809, .T. ) ;
#2893 = CARTESIAN_POINT ( 'NONE',  ( 4.000000000000000000, 3.660526280069732294E-17, -2.600000000000000089 ) ) ;
#2894 = CARTESIAN_POINT ( 'NONE',  ( 3.826794919243111881, 0.2999999999999976574, 1.899999999999999689 ) ) ;
#2895 = CARTESIAN_POINT ( 'NONE',  ( -3.826794919243111881, 0.2999999999999976574, 2.600000000000000089 ) ) ;
#2896 = ADVANCED_FACE ( 'NONE', ( #499 ), #1222, .F. ) ;
#2897 = LINE ( 'NONE', #103, #2283 ) ;
#2898 = CIRCLE ( 'NONE', #711, 0.5999999999999998668 ) ;
#2899 = EDGE_CURVE ( 'NONE', #1649, #1684, #2262, .T. ) ;
#2900 = ORIENTED_EDGE ( 'NONE', *, *, #804, .T. ) ;
#2901 = CARTESIAN_POINT ( 'NONE',  ( 3.769059892324144290, 1.000000000000000000, 2.600000000000000089 ) ) ;
#2902 = CIRCLE ( 'NONE', #104, 0.2999999999999999334 ) ;
#2903 = ORIENTED_EDGE ( 'NONE', *, *, #3001, .F. ) ;
#2904 = CARTESIAN_POINT ( 'NONE',  ( 2.999999999999999112, 0.000000000000000000, 3.000000000000000000 ) ) ;
#2905 = VECTOR ( 'NONE', #691, 1000.000000000000000 ) ;
#2906 = ORIENTED_EDGE ( 'NONE', *, *, #946, .T. ) ;
#2907 = CARTESIAN_POINT ( 'NONE',  ( 6.049999999999999822, -0.1000000000000000056, -2.949999999999999734 ) ) ;
#2908 = ADVANCED_FACE ( 'NONE', ( #2752 ), #1257, .T. ) ;
#2909 = VECTOR ( 'NONE', #1867, 1000.000000000000000 ) ;
#2910 = ORIENTED_EDGE ( 'NONE', *, *, #1104, .T. ) ;
#2911 = DIRECTION ( 'NONE',  ( -1.752245935330109660E-16, 0.000000000000000000, -1.000000000000000000 ) ) ;
#2912 = CYLINDRICAL_SURFACE ( 'NONE', #298, 0.5999999999999998668 ) ;
#2913 = CARTESIAN_POINT ( 'NONE',  ( -2.200000000000000178, 3.499999999999999556, 2.200000000000000178 ) ) ;
#2914 = ADVANCED_FACE ( 'NONE', ( #756 ), #1478, .T. ) ;
#2915 = CARTESIAN_POINT ( 'NONE',  ( -4.346410161513773573, 0.5999999999999999778, -2.600000000000000089 ) ) ;
#2916 = LINE ( 'NONE', #1863, #772 ) ;
#2917 =( GEOMETRIC_REPRESENTATION_CONTEXT ( 3 ) GLOBAL_UNCERTAINTY_ASSIGNED_CONTEXT ( ( #1971 ) ) GLOBAL_UNIT_ASSIGNED_CONTEXT ( ( #1441, #1710, #409 ) ) REPRESENTATION_CONTEXT ( 'NONE', 'WORKASPACE' ) );
#2918 = VERTEX_POINT ( 'NONE', #1276 ) ;
#2919 = AXIS2_PLACEMENT_3D ( 'NONE', #1876, #1912, #1388 ) ;
#2920 = AXIS2_PLACEMENT_3D ( 'NONE', #2461, #1991, #1505 ) ;
#2921 = ORIENTED_EDGE ( 'NONE', *, *, #614, .F. ) ;
#2922 = DIRECTION ( 'NONE',  ( 1.032573497605241978E-16, 0.000000000000000000, -1.000000000000000000 ) ) ;
#2923 = ORIENTED_EDGE ( 'NONE', *, *, #2712, .T. ) ;
#2924 = CARTESIAN_POINT ( 'NONE',  ( -5.000000000000000000, 0.2999999999999998779, -2.600000000000000089 ) ) ;
#2925 = ORIENTED_EDGE ( 'NONE', *, *, #539, .T. ) ;
#2926 = LINE ( 'NONE', #2114, #3248 ) ;
#2927 = VERTEX_POINT ( 'NONE', #1498 ) ;
#2928 = ORIENTED_EDGE ( 'NONE', *, *, #576, .F. ) ;
#2929 = PLANE ( 'NONE',  #2834 ) ;
#2930 = DIRECTION ( 'NONE',  ( -0.000000000000000000, -0.000000000000000000, -1.000000000000000000 ) ) ;
#2931 = ADVANCED_FACE ( 'NONE', ( #3326 ), #2037, .T. ) ;
#2932 = CARTESIAN_POINT ( 'NONE',  ( 5.000000000000000000, 0.2999999999999998779, 1.899999999999999689 ) ) ;
#2933 = DIRECTION ( 'NONE',  ( 1.000000000000000000, 0.000000000000000000, -0.000000000000000000 ) ) ;
#2934 = DIRECTION ( 'NONE',  ( -1.000000000000000000, 0.000000000000000000, 0.000000000000000000 ) ) ;
#2935 = VECTOR ( 'NONE', #961, 1000.000000000000000 ) ;
#2936 = EDGE_CURVE ( 'NONE', #567, #3189, #983, .T. ) ;
#2937 = VECTOR ( 'NONE', #612, 1000.000000000000000 ) ;
#2938 = ORIENTED_EDGE ( 'NONE', *, *, #71, .F. ) ;
#2939 = PLANE ( 'NONE',  #2811 ) ;
#2940 = VERTEX_POINT ( 'NONE', #2556 ) ;
#2941 = CARTESIAN_POINT ( 'NONE',  ( 2.200000000000000178, 3.499999999999999556, 2.200000000000000178 ) ) ;
#2942 = ORIENTED_EDGE ( 'NONE', *, *, #2356, .F. ) ;
#2943 = DIRECTION ( 'NONE',  ( 1.000000000000000000, 0.000000000000000000, 0.000000000000000000 ) ) ;
#2944 = LINE ( 'NONE', #644, #1039 ) ;
#2945 = ORIENTED_EDGE ( 'NONE', *, *, #2495, .T. ) ;
#2946 = DIRECTION ( 'NONE',  ( -0.000000000000000000, 1.000000000000000000, -0.000000000000000000 ) ) ;
#2947 = DIRECTION ( 'NONE',  ( 0.000000000000000000, 0.000000000000000000, -1.000000000000000000 ) ) ;
#2948 = CARTESIAN_POINT ( 'NONE',  ( 3.595854811567257947, 0.7000000000000000666, -2.600000000000000089 ) ) ;
#2949 = CARTESIAN_POINT ( 'NONE',  ( 5.000000000000000000, 0.2999999999999998779, -2.600000000000000089 ) ) ;
#2950 = EDGE_CURVE ( 'NONE', #153, #1399, #3033, .T. ) ;
#2951 = ORIENTED_EDGE ( 'NONE', *, *, #1366, .F. ) ;
#2952 = DIRECTION ( 'NONE',  ( -0.000000000000000000, -1.000000000000000000, -0.000000000000000000 ) ) ;
#2953 = EDGE_CURVE ( 'NONE', #857, #2877, #1797, .T. ) ;
#2954 = EDGE_LOOP ( 'NONE', ( #790, #2981 ) ) ;
#2955 = DIRECTION ( 'NONE',  ( -1.000000000000000000, 0.000000000000000000, 0.000000000000000000 ) ) ;
#2956 = ADVANCED_FACE ( 'NONE', ( #2817 ), #2574, .T. ) ;
#2957 = ORIENTED_EDGE ( 'NONE', *, *, #366, .F. ) ;
#2958 = CARTESIAN_POINT ( 'NONE',  ( -3.000000000000000000, 3.499999999999999556, 3.000000000000000000 ) ) ;
#2959 = AXIS2_PLACEMENT_3D ( 'NONE', #469, #2440, #1153 ) ;
#2960 = ORIENTED_EDGE ( 'NONE', *, *, #161, .F. ) ;
#2961 = EDGE_LOOP ( 'NONE', ( #1385, #3099, #2252, #2153 ) ) ;
#2962 = VERTEX_POINT ( 'NONE', #261 ) ;
#2963 = DIRECTION ( 'NONE',  ( 1.000000000000000000, -1.352933952095804539E-16, 0.000000000000000000 ) ) ;
#2964 = CIRCLE ( 'NONE', #502, 0.5999999999999998668 ) ;
#2965 = LINE ( 'NONE', #1689, #1213 ) ;
#2966 = DIRECTION ( 'NONE',  ( -0.000000000000000000, -1.000000000000000000, -0.000000000000000000 ) ) ;
#2967 = DIRECTION ( 'NONE',  ( -0.000000000000000000, 0.000000000000000000, 1.000000000000000000 ) ) ;
#2968 = VECTOR ( 'NONE', #1822, 1000.000000000000000 ) ;
#2969 = CARTESIAN_POINT ( 'NONE',  ( -3.950000000000000178, 0.000000000000000000, 2.949999999999999734 ) ) ;
#2970 = PLANE ( 'NONE',  #2773 ) ;
#2971 = EDGE_CURVE ( 'NONE', #1745, #560, #2527, .T. ) ;
#2972 = ORIENTED_EDGE ( 'NONE', *, *, #248, .T. ) ;
#2973 = DIRECTION ( 'NONE',  ( 0.000000000000000000, 0.000000000000000000, -1.000000000000000000 ) ) ;
#2974 = AXIS2_PLACEMENT_3D ( 'NONE', #721, #1748, #897 ) ;
#2975 = ORIENTED_EDGE ( 'NONE', *, *, #1232, .T. ) ;
#2976 = CARTESIAN_POINT ( 'NONE',  ( 2.200000000000000178, 3.799999999999999378, 2.699999999999999734 ) ) ;
#2977 = EDGE_CURVE ( 'NONE', #1400, #2792, #463, .T. ) ;
#2979 = ORIENTED_EDGE ( 'NONE', *, *, #22, .F. ) ;
#2978 = CIRCLE ( 'NONE', #519, 0.1499999999999999667 ) ;
#2980 = LINE ( 'NONE', #1704, #882 ) ;
#2981 = ORIENTED_EDGE ( 'NONE', *, *, #2479, .F. ) ;
#2982 = VERTEX_POINT ( 'NONE', #2241 ) ;
#2983 = ORIENTED_EDGE ( 'NONE', *, *, #284, .T. ) ;
#2984 = CARTESIAN_POINT ( 'NONE',  ( -2.200000000000000178, 3.799999999999999378, -2.200000000000000178 ) ) ;
#2985 = CYLINDRICAL_SURFACE ( 'NONE', #3039, 0.2999999999999999334 ) ;
#2986 = FACE_OUTER_BOUND ( 'NONE', #543, .T. ) ;
#2987 = FACE_OUTER_BOUND ( 'NONE', #1062, .T. ) ;
#2988 = CARTESIAN_POINT ( 'NONE',  ( -3.000000000000000000, 1.000000000000000000, -2.600000000000000089 ) ) ;
#2989 = FACE_OUTER_BOUND ( 'NONE', #3168, .T. ) ;
#2990 = CIRCLE ( 'NONE', #1981, 0.2999999999999999334 ) ;
#2991 = ORIENTED_EDGE ( 'NONE', *, *, #3040, .F. ) ;
#2992 = CARTESIAN_POINT ( 'NONE',  ( 8.050000000000000711, -1.699999999999999956, 4.950000000000000178 ) ) ;
#2993 = ORIENTED_EDGE ( 'NONE', *, *, #1982, .T. ) ;
#2994 = PLANE ( 'NONE',  #1487 ) ;
#2995 = ORIENTED_EDGE ( 'NONE', *, *, #1105, .T. ) ;
#2996 = ORIENTED_EDGE ( 'NONE', *, *, #1641, .T. ) ;
#2997 = EDGE_LOOP ( 'NONE', ( #1763, #1522, #903, #581 ) ) ;
#2998 = CYLINDRICAL_SURFACE ( 'NONE', #19, 0.1499999999999999667 ) ;
#2999 = DIRECTION ( 'NONE',  ( -0.000000000000000000, -1.000000000000000000, -0.000000000000000000 ) ) ;
#3000 = CYLINDRICAL_SURFACE ( 'NONE', #940, 0.1499999999999999667 ) ;
#3001 = EDGE_CURVE ( 'NONE', #2141, #2034, #1911, .T. ) ;
#3002 = DIRECTION ( 'NONE',  ( 1.000000000000000000, 0.000000000000000000, 0.000000000000000000 ) ) ;
#3003 = CARTESIAN_POINT ( 'NONE',  ( -8.050000000000000711, -1.699999999999999956, 4.950000000000000178 ) ) ;
#3004 = CARTESIAN_POINT ( 'NONE',  ( 8.050000000000000711, -1.699999999999999956, -4.950000000000000178 ) ) ;
#3005 = EDGE_CURVE ( 'NONE', #1452, #2129, #2542, .T. ) ;
#3006 = ORIENTED_EDGE ( 'NONE', *, *, #478, .F. ) ;
#3007 = CARTESIAN_POINT ( 'NONE',  ( 2.200000000000000178, 3.799999999999999378, -1.600000000000000311 ) ) ;
#3008 = ADVANCED_FACE ( 'NONE', ( #1728 ), #1002, .T. ) ;
#3009 = EDGE_LOOP ( 'NONE', ( #2719, #465, #888, #33 ) ) ;
#3010 = CARTESIAN_POINT ( 'NONE',  ( -2.200000000000000178, 3.499999999999999556, 1.600000000000000311 ) ) ;
#3011 = DIRECTION ( 'NONE',  ( -1.000000000000000000, 0.000000000000000000, 0.000000000000000000 ) ) ;
#3012 = VERTEX_POINT ( 'NONE', #1826 ) ;
#3013 = ORIENTED_EDGE ( 'NONE', *, *, #3059, .F. ) ;
#3014 = DIRECTION ( 'NONE',  ( -1.000000000000000000, 0.000000000000000000, 1.032573497605241978E-16 ) ) ;
#3015 = CARTESIAN_POINT ( 'NONE',  ( -3.422649730810370716, 0.7000000000000000666, 1.899999999999999689 ) ) ;
#3016 = FACE_OUTER_BOUND ( 'NONE', #2415, .T. ) ;
#3017 = ADVANCED_FACE ( 'NONE', ( #826 ), #1320, .T. ) ;
#3018 = DIRECTION ( 'NONE',  ( 1.000000000000000000, -0.000000000000000000, -0.000000000000000000 ) ) ;
#3019 = AXIS2_PLACEMENT_3D ( 'NONE', #86, #2150, #2224 ) ;
#3020 = DIRECTION ( 'NONE',  ( 0.000000000000000000, 0.000000000000000000, -1.000000000000000000 ) ) ;
#3021 = EDGE_CURVE ( 'NONE', #681, #2386, #1077, .T. ) ;
#3022 = DIRECTION ( 'NONE',  ( -1.000000000000000000, 0.000000000000000000, 1.077467997501121956E-16 ) ) ;
#3023 = VECTOR ( 'NONE', #2297, 1000.000000000000000 ) ;
#3024 = VECTOR ( 'NONE', #3282, 1000.000000000000000 ) ;
#3025 = ORIENTED_EDGE ( 'NONE', *, *, #3317, .F. ) ;
#3026 = LINE ( 'NONE', #2030, #9 ) ;
#3027 = EDGE_LOOP ( 'NONE', ( #2143, #596, #524, #1697 ) ) ;
#3028 = DIRECTION ( 'NONE',  ( 0.000000000000000000, -1.000000000000000000, 0.000000000000000000 ) ) ;
#3029 = CIRCLE ( 'NONE', #514, 0.2999999999999999334 ) ;
#3030 = EDGE_LOOP ( 'NONE', ( #2923, #3112, #1361, #2470 ) ) ;
#3031 = VERTEX_POINT ( 'NONE', #2888 ) ;
#3032 = FACE_OUTER_BOUND ( 'NONE', #754, .T. ) ;
#3033 = LINE ( 'NONE', #3256, #1054 ) ;
#3034 = CIRCLE ( 'NONE', #1587, 0.5999999999999998668 ) ;
#3035 = CARTESIAN_POINT ( 'NONE',  ( 3.000000000000000000, 1.000000000000000000, -2.600000000000000089 ) ) ;
#3036 = VECTOR ( 'NONE', #1484, 1000.000000000000000 ) ;
#3037 = ORIENTED_EDGE ( 'NONE', *, *, #1285, .T. ) ;
#3038 = LINE ( 'NONE', #216, #1675 ) ;
#3039 = AXIS2_PLACEMENT_3D ( 'NONE', #1442, #2438, #2456 ) ;
#3040 = EDGE_CURVE ( 'NONE', #2918, #1923, #1290, .T. ) ;
#3041 = FACE_OUTER_BOUND ( 'NONE', #2812, .T. ) ;
#3042 = EDGE_CURVE ( 'NONE', #1843, #2335, #2846, .T. ) ;
#3043 = ORIENTED_EDGE ( 'NONE', *, *, #315, .F. ) ;
#3044 = FACE_OUTER_BOUND ( 'NONE', #3306, .T. ) ;
#3045 = DIRECTION ( 'NONE',  ( 0.000000000000000000, 0.000000000000000000, -1.000000000000000000 ) ) ;
#3046 = ORIENTED_EDGE ( 'NONE', *, *, #378, .F. ) ;
#3047 = FACE_BOUND ( 'NONE', #2615, .T. ) ;
#3048 = CIRCLE ( 'NONE', #1504, 0.5999999999999998668 ) ;
#3049 = EDGE_LOOP ( 'NONE', ( #2568, #1415, #2487, #3109 ) ) ;
#3050 = ORIENTED_EDGE ( 'NONE', *, *, #1700, .T. ) ;
#3051 = DIRECTION ( 'NONE',  ( 0.000000000000000000, 0.000000000000000000, 1.000000000000000000 ) ) ;
#3052 = CARTESIAN_POINT ( 'NONE',  ( -4.346410161513773573, 0.5999999999999999778, -2.600000000000000089 ) ) ;
#3053 = ORIENTED_EDGE ( 'NONE', *, *, #1582, .T. ) ;
#3054 = CARTESIAN_POINT ( 'NONE',  ( -2.999999999999999556, 1.000000000000000000, 1.899999999999999911 ) ) ;
#3055 = ADVANCED_FACE ( 'NONE', ( #35 ), #1603, .T. ) ;
#3056 = DIRECTION ( 'NONE',  ( 1.000000000000000000, 0.000000000000000000, 0.000000000000000000 ) ) ;
#3057 = DIRECTION ( 'NONE',  ( 0.000000000000000000, 0.000000000000000000, 1.000000000000000000 ) ) ;
#3058 = VERTEX_POINT ( 'NONE', #18 ) ;
#3059 = EDGE_CURVE ( 'NONE', #404, #3128, #2381, .T. ) ;
#3060 = DIRECTION ( 'NONE',  ( -0.000000000000000000, -1.000000000000000000, -0.000000000000000000 ) ) ;
#3061 = CARTESIAN_POINT ( 'NONE',  ( 0.000000000000000000, 0.000000000000000000, 0.000000000000000000 ) ) ;
#3062 = ADVANCED_FACE ( 'NONE', ( #62 ), #2362, .T. ) ;
#3063 = VERTEX_POINT ( 'NONE', #1092 ) ;
#3064 = CARTESIAN_POINT ( 'NONE',  ( 3.942264973081032409, 0.7000000000000025091, 2.600000000000000089 ) ) ;
#3065 = ORIENTED_EDGE ( 'NONE', *, *, #3261, .F. ) ;
#3066 = DIRECTION ( 'NONE',  ( 0.000000000000000000, 1.000000000000000000, 0.000000000000000000 ) ) ;
#3067 = DIRECTION ( 'NONE',  ( 1.000000000000000000, 0.000000000000000000, -1.032573497605241978E-16 ) ) ;
#3068 = EDGE_CURVE ( 'NONE', #1574, #1495, #3111, .T. ) ;
#3069 = CARTESIAN_POINT ( 'NONE',  ( 0.000000000000000000, 3.500000000000000000, 0.000000000000000000 ) ) ;
#3070 = VECTOR ( 'NONE', #3066, 1000.000000000000000 ) ;
#3071 = ORIENTED_EDGE ( 'NONE', *, *, #2123, .F. ) ;
#3072 = CARTESIAN_POINT ( 'NONE',  ( 4.346410161513772685, 0.5999999999999998668, 1.899999999999999689 ) ) ;
#3073 = CARTESIAN_POINT ( 'NONE',  ( 3.950000000000000178, -0.1000000000000000056, 2.949999999999999734 ) ) ;
#3074 = AXIS2_PLACEMENT_3D ( 'NONE', #1658, #1101, #835 ) ;
#3075 = CARTESIAN_POINT ( 'NONE',  ( 2.200000000000000178, 3.699999999999999734, -1.600000000000000311 ) ) ;
#3076 = ADVANCED_FACE ( 'NONE', ( #592 ), #842, .T. ) ;
#3077 = ORIENTED_EDGE ( 'NONE', *, *, #1706, .T. ) ;
#3078 = CARTESIAN_POINT ( 'NONE',  ( -4.346410161513773573, 0.5999999999999999778, 2.600000000000000089 ) ) ;
#3079 = VERTEX_POINT ( 'NONE', #1870 ) ;
#3080 = CARTESIAN_POINT ( 'NONE',  ( 4.346410161513773573, -1.026174408560027516E-17, -2.600000000000000089 ) ) ;
#3081 = EDGE_CURVE ( 'NONE', #2411, #2962, #1615, .T. ) ;
#3082 = CIRCLE ( 'NONE', #2073, 0.5999999999999998668 ) ;
#3083 = DIRECTION ( 'NONE',  ( -0.5000000000000032196, -0.8660254037844368202, 0.000000000000000000 ) ) ;
#3084 = STYLED_ITEM ( 'NONE', ( #1221 ), #1384 ) ;
#3085 = CARTESIAN_POINT ( 'NONE',  ( -2.200000000000000178, 3.699999999999999734, 2.200000000000000178 ) ) ;
#3086 = EDGE_LOOP ( 'NONE', ( #696, #2000, #2193, #422 ) ) ;
#3087 = CARTESIAN_POINT ( 'NONE',  ( -6.049999999999999822, -0.1000000000000000056, 1.550000000000000044 ) ) ;
#3088 = VECTOR ( 'NONE', #3236, 1000.000000000000000 ) ;
#3089 = VECTOR ( 'NONE', #1473, 999.9999999999998863 ) ;
#3090 = DIRECTION ( 'NONE',  ( 0.000000000000000000, -0.000000000000000000, 1.000000000000000000 ) ) ;
#3091 = AXIS2_PLACEMENT_3D ( 'NONE', #720, #2310, #1533 ) ;
#3092 = CARTESIAN_POINT ( 'NONE',  ( 2.200000000000000178, 3.699999999999999734, 1.700000000000000622 ) ) ;
#3093 = ORIENTED_EDGE ( 'NONE', *, *, #2836, .F. ) ;
#3094 = DIRECTION ( 'NONE',  ( -0.000000000000000000, 1.000000000000000000, 0.000000000000000000 ) ) ;
#3095 = ORIENTED_EDGE ( 'NONE', *, *, #2950, .F. ) ;
#3096 = LINE ( 'NONE', #738, #275 ) ;
#3097 = AXIS2_PLACEMENT_3D ( 'NONE', #641, #904, #3210 ) ;
#3098 = DIRECTION ( 'NONE',  ( -1.000000000000000000, 0.000000000000000000, 0.000000000000000000 ) ) ;
#3099 = ORIENTED_EDGE ( 'NONE', *, *, #1160, .F. ) ;
#3100 = AXIS2_PLACEMENT_3D ( 'NONE', #1115, #1386, #355 ) ;
#3102 = EDGE_CURVE ( 'NONE', #1452, #1821, #1707, .T. ) ;
#3101 = DIRECTION ( 'NONE',  ( 1.032573497605241978E-16, 0.000000000000000000, -1.000000000000000000 ) ) ;
#3103 = ORIENTED_EDGE ( 'NONE', *, *, #2043, .F. ) ;
#3104 = LINE ( 'NONE', #1262, #2758 ) ;
#3105 = CARTESIAN_POINT ( 'NONE',  ( 0.000000000000000000, 4.049999999999999822, 0.000000000000000000 ) ) ;
#3106 = DIRECTION ( 'NONE',  ( -0.000000000000000000, -1.000000000000000000, -0.000000000000000000 ) ) ;
#3107 = VERTEX_POINT ( 'NONE', #2644 ) ;
#3108 = FACE_OUTER_BOUND ( 'NONE', #1879, .T. ) ;
#3109 = ORIENTED_EDGE ( 'NONE', *, *, #1042, .T. ) ;
#3110 = DIRECTION ( 'NONE',  ( -0.000000000000000000, -1.000000000000000000, -0.000000000000000000 ) ) ;
#3111 = LINE ( 'NONE', #2085, #841 ) ;
#3112 = ORIENTED_EDGE ( 'NONE', *, *, #3314, .T. ) ;
#3113 = CARTESIAN_POINT ( 'NONE',  ( 3.422649730810370272, 1.000000000000000000, -2.600000000000000089 ) ) ;
#3114 = ORIENTED_EDGE ( 'NONE', *, *, #1333, .F. ) ;
#3115 = DIRECTION ( 'NONE',  ( 0.000000000000000000, 0.000000000000000000, 1.000000000000000000 ) ) ;
#3116 = ADVANCED_FACE ( 'NONE', ( #1812, #563, #1561, #2324, #2617, #2833 ), #2368, .T. ) ;
#3117 = DIRECTION ( 'NONE',  ( 7.639136847624037477E-18, -0.9980525784828885305, 0.06237828615518124786 ) ) ;
#3118 = LINE ( 'NONE', #2625, #770 ) ;
#3119 = CARTESIAN_POINT ( 'NONE',  ( -5.000000000000000000, 0.2999999999999998779, -2.600000000000000089 ) ) ;
#3120 = ADVANCED_FACE ( 'NONE', ( #2586 ), #1818, .T. ) ;
#3121 = AXIS2_PLACEMENT_3D ( 'NONE', #960, #2550, #2305 ) ;
#3122 = AXIS2_PLACEMENT_3D ( 'NONE', #707, #451, #1483 ) ;
#3123 = CIRCLE ( 'NONE', #332, 0.4999999999999995559 ) ;
#3124 = CARTESIAN_POINT ( 'NONE',  ( 3.826794919243111881, 0.2999999999999976574, -2.600000000000000089 ) ) ;
#3125 = EDGE_LOOP ( 'NONE', ( #1762, #578, #1455, #2544 ) ) ;
#3126 = CIRCLE ( 'NONE', #2705, 0.09999999999999982514 ) ;
#3127 = DIRECTION ( 'NONE',  ( 0.000000000000000000, 1.000000000000000000, 0.000000000000000000 ) ) ;
#3128 = VERTEX_POINT ( 'NONE', #1335 ) ;
#3129 = DIRECTION ( 'NONE',  ( -0.000000000000000000, -1.000000000000000000, -0.000000000000000000 ) ) ;
#3130 = VERTEX_POINT ( 'NONE', #2144 ) ;
#3131 = CARTESIAN_POINT ( 'NONE',  ( -2.850000000000000089, 3.499999999999999556, 3.000000000000000000 ) ) ;
#3132 = CARTESIAN_POINT ( 'NONE',  ( 3.422649730810370716, 0.4000000000000001332, -2.600000000000000089 ) ) ;
#3133 = DIRECTION ( 'NONE',  ( -0.000000000000000000, 0.000000000000000000, -1.000000000000000000 ) ) ;
#3134 = AXIS2_PLACEMENT_3D ( 'NONE', #1657, #341, #2389 ) ;
#3135 = DIRECTION ( 'NONE',  ( 0.000000000000000000, -0.000000000000000000, -1.000000000000000000 ) ) ;
#3136 = ADVANCED_FACE ( 'NONE', ( #403 ), #2215, .F. ) ;
#3137 = CIRCLE ( 'NONE', #832, 0.09999999999999982514 ) ;
#3138 = VECTOR ( 'NONE', #2401, 1000.000000000000114 ) ;
#3139 = EDGE_CURVE ( 'NONE', #3128, #1027, #1414, .T. ) ;
#3140 = CARTESIAN_POINT ( 'NONE',  ( 2.200000000000000178, 3.799999999999999378, -2.200000000000000178 ) ) ;
#3141 = ORIENTED_EDGE ( 'NONE', *, *, #1871, .T. ) ;
#3142 = DIRECTION ( 'NONE',  ( 0.000000000000000000, 0.000000000000000000, 1.000000000000000000 ) ) ;
#3143 = ORIENTED_EDGE ( 'NONE', *, *, #2535, .F. ) ;
#3144 = CARTESIAN_POINT ( 'NONE',  ( -4.000000000000000000, 3.660526280069732294E-17, -2.600000000000000089 ) ) ;
#3145 = ORIENTED_EDGE ( 'NONE', *, *, #1730, .F. ) ;
#3146 = CARTESIAN_POINT ( 'NONE',  ( 3.950000000000000178, -0.1000000000000000056, 2.949999999999999734 ) ) ;
#3147 = CARTESIAN_POINT ( 'NONE',  ( 3.422649730810370272, 1.000000000000000000, -2.600000000000000089 ) ) ;
#3148 = VECTOR ( 'NONE', #1525, 1000.000000000000000 ) ;
#3149 = DIRECTION ( 'NONE',  ( -0.5000000000000038858, 0.8660254037844363761, 0.000000000000000000 ) ) ;
#3150 = PLANE ( 'NONE',  #1625 ) ;
#3151 = EDGE_CURVE ( 'NONE', #2599, #322, #3262, .T. ) ;
#3152 = EDGE_CURVE ( 'NONE', #3301, #2197, #624, .T. ) ;
#3153 = ORIENTED_EDGE ( 'NONE', *, *, #1032, .F. ) ;
#3154 = DIRECTION ( 'NONE',  ( 0.000000000000000000, 0.000000000000000000, 1.000000000000000000 ) ) ;
#3155 = EDGE_LOOP ( 'NONE', ( #1507, #1926, #773, #1044 ) ) ;
#3156 = LINE ( 'NONE', #2904, #1646 ) ;
#3157 = EDGE_CURVE ( 'NONE', #14, #2962, #110, .T. ) ;
#3158 = ORIENTED_EDGE ( 'NONE', *, *, #2229, .T. ) ;
#3159 = DIRECTION ( 'NONE',  ( -2.065146995210484941E-16, 0.000000000000000000, -1.000000000000000000 ) ) ;
#3160 = ORIENTED_EDGE ( 'NONE', *, *, #452, .F. ) ;
#3161 = CARTESIAN_POINT ( 'NONE',  ( -3.950000000000000178, -0.1000000000000000056, 2.949999999999999734 ) ) ;
#3162 = CARTESIAN_POINT ( 'NONE',  ( 5.000000000000000000, 0.2999999999999998779, 2.600000000000000089 ) ) ;
#3163 = LINE ( 'NONE', #571, #2445 ) ;
#3164 = FACE_OUTER_BOUND ( 'NONE', #2177, .T. ) ;
#3165 = CARTESIAN_POINT ( 'NONE',  ( -3.422649730810370272, 1.000000000000000000, -2.600000000000000089 ) ) ;
#3166 = ORIENTED_EDGE ( 'NONE', *, *, #340, .F. ) ;
#3167 = CIRCLE ( 'NONE', #1298, 0.4999999999999995559 ) ;
#3168 = EDGE_LOOP ( 'NONE', ( #868, #1419, #2159, #2760 ) ) ;
#3169 = CARTESIAN_POINT ( 'NONE',  ( -2.200000000000000178, 3.699999999999999734, -1.700000000000000622 ) ) ;
#3170 = AXIS2_PLACEMENT_3D ( 'NONE', #1893, #1134, #2136 ) ;
#3171 = ADVANCED_FACE ( 'NONE', ( #79 ), #2198, .T. ) ;
#3172 = ORIENTED_EDGE ( 'NONE', *, *, #2388, .F. ) ;
#3173 = EDGE_CURVE ( 'NONE', #3318, #1513, #1224, .T. ) ;
#3174 = CARTESIAN_POINT ( 'NONE',  ( 3.950000000000000178, 0.000000000000000000, 2.949999999999999734 ) ) ;
#3175 = VECTOR ( 'NONE', #1189, 1000.000000000000000 ) ;
#3176 = ORIENTED_EDGE ( 'NONE', *, *, #202, .T. ) ;
#3177 = PLANE ( 'NONE',  #2127 ) ;
#3178 = EDGE_LOOP ( 'NONE', ( #1368, #1607, #1616, #2571 ) ) ;
#3179 = AXIS2_PLACEMENT_3D ( 'NONE', #1218, #2505, #2813 ) ;
#3180 = ORIENTED_EDGE ( 'NONE', *, *, #384, .T. ) ;
#3181 = CARTESIAN_POINT ( 'NONE',  ( -3.950000000000000178, -0.1000000000000000056, -2.949999999999999734 ) ) ;
#3182 = CARTESIAN_POINT ( 'NONE',  ( -2.200000000000000178, 3.799999999999999378, -2.200000000000000178 ) ) ;
#3183 = EDGE_CURVE ( 'NONE', #1703, #986, #1921, .T. ) ;
#3184 = DIRECTION ( 'NONE',  ( 0.000000000000000000, 1.000000000000000000, 0.000000000000000000 ) ) ;
#3185 = DIRECTION ( 'NONE',  ( 0.8660254037844363761, 0.5000000000000038858, -0.000000000000000000 ) ) ;
#3186 = FACE_OUTER_BOUND ( 'NONE', #1123, .T. ) ;
#3187 = TOROIDAL_SURFACE ( 'NONE', #1093, 0.4999999999999996669, 0.1000000000000000056 ) ;
#3188 = VECTOR ( 'NONE', #189, 1000.000000000000000 ) ;
#3189 = VERTEX_POINT ( 'NONE', #1682 ) ;
#3190 = LINE ( 'NONE', #1158, #1358 ) ;
#3191 = VERTEX_POINT ( 'NONE', #365 ) ;
#3192 = LINE ( 'NONE', #1362, #955 ) ;
#3193 = EDGE_LOOP ( 'NONE', ( #973, #224, #1220, #3249 ) ) ;
#3194 = CARTESIAN_POINT ( 'NONE',  ( 4.000000000000000000, 3.660526280069732294E-17, 2.600000000000000089 ) ) ;
#3195 = VERTEX_POINT ( 'NONE', #2692 ) ;
#3196 = ORIENTED_EDGE ( 'NONE', *, *, #2281, .F. ) ;
#3197 = FILL_AREA_STYLE ('',( #1727 ) ) ;
#3198 = DIRECTION ( 'NONE',  ( 0.000000000000000000, 1.000000000000000000, 0.000000000000000000 ) ) ;
#3199 = EDGE_CURVE ( 'NONE', #1060, #2536, #200, .T. ) ;
#3200 = CARTESIAN_POINT ( 'NONE',  ( -5.000000000000000000, -9.868813240888313712E-17, -2.600000000000000089 ) ) ;
#3201 = DIRECTION ( 'NONE',  ( 0.000000000000000000, -0.000000000000000000, 1.000000000000000000 ) ) ;
#3202 = DIRECTION ( 'NONE',  ( 1.000000000000000000, 0.000000000000000000, 1.032573497605241978E-16 ) ) ;
#3203 = EDGE_CURVE ( 'NONE', #784, #2605, #383, .T. ) ;
#3204 = CIRCLE ( 'NONE', #1107, 0.2999999999999999334 ) ;
#3205 = EDGE_CURVE ( 'NONE', #2792, #1400, #2255, .T. ) ;
#3206 = AXIS2_PLACEMENT_3D ( 'NONE', #1497, #933, #666 ) ;
#3207 = ORIENTED_EDGE ( 'NONE', *, *, #455, .T. ) ;
#3208 = CARTESIAN_POINT ( 'NONE',  ( 4.086602540378442505, 0.4499999999999987899, 1.899999999999999689 ) ) ;
#3209 = ORIENTED_EDGE ( 'NONE', *, *, #278, .T. ) ;
#3210 = DIRECTION ( 'NONE',  ( 1.000000000000000000, -1.807003620809174583E-15, 0.000000000000000000 ) ) ;
#3211 = ORIENTED_EDGE ( 'NONE', *, *, #2295, .T. ) ;
#3212 = LINE ( 'NONE', #2716, #522 ) ;
#3213 = ORIENTED_EDGE ( 'NONE', *, *, #1105, .F. ) ;
#3214 = ORIENTED_EDGE ( 'NONE', *, *, #2791, .T. ) ;
#3215 = ORIENTED_EDGE ( 'NONE', *, *, #2899, .F. ) ;
#3216 = LINE ( 'NONE', #1420, #582 ) ;
#3217 = CARTESIAN_POINT ( 'NONE',  ( 6.049999999999999822, 0.000000000000000000, -2.949999999999999734 ) ) ;
#3218 = LINE ( 'NONE', #157, #2710 ) ;
#3219 = DIRECTION ( 'NONE',  ( 0.000000000000000000, 0.000000000000000000, 1.000000000000000000 ) ) ;
#3220 = DIRECTION ( 'NONE',  ( 0.000000000000000000, 0.000000000000000000, 1.000000000000000000 ) ) ;
#3221 = EDGE_CURVE ( 'NONE', #1400, #322, #3192, .T. ) ;
#3222 = FACE_OUTER_BOUND ( 'NONE', #947, .T. ) ;
#3223 = ORIENTED_EDGE ( 'NONE', *, *, #1717, .F. ) ;
#3224 = DIRECTION ( 'NONE',  ( 1.000000000000000000, -0.000000000000000000, 1.224646799147353207E-16 ) ) ;
#3225 = ORIENTED_EDGE ( 'NONE', *, *, #1600, .T. ) ;
#3226 = DIRECTION ( 'NONE',  ( 0.000000000000000000, 0.000000000000000000, 1.000000000000000000 ) ) ;
#3227 = ORIENTED_EDGE ( 'NONE', *, *, #455, .F. ) ;
#3228 = CARTESIAN_POINT ( 'NONE',  ( -6.049999999999999822, -0.1000000000000000056, -1.550000000000000044 ) ) ;
#3229 = VECTOR ( 'NONE', #1737, 1000.000000000000000 ) ;
#3230 = VERTEX_POINT ( 'NONE', #1433 ) ;
#3231 = VERTEX_POINT ( 'NONE', #2976 ) ;
#3232 = ORIENTED_EDGE ( 'NONE', *, *, #1955, .F. ) ;
#3233 = CARTESIAN_POINT ( 'NONE',  ( 2.200000000000000178, 3.799999999999999378, 2.200000000000000178 ) ) ;
#3234 = AXIS2_PLACEMENT_3D ( 'NONE', #232, #759, #2560 ) ;
#3235 = CARTESIAN_POINT ( 'NONE',  ( -2.200000000000000178, 3.799999999999999378, -2.200000000000000178 ) ) ;
#3236 = DIRECTION ( 'NONE',  ( -0.000000000000000000, 0.000000000000000000, 1.000000000000000000 ) ) ;
#3237 = DIRECTION ( 'NONE',  ( 1.000000000000000000, -1.352933952095804539E-16, 0.000000000000000000 ) ) ;
#3238 = CIRCLE ( 'NONE', #3296, 0.5999999999999998668 ) ;
#3239 = DIRECTION ( 'NONE',  ( -0.000000000000000000, -1.000000000000000000, -0.000000000000000000 ) ) ;
#3240 = CARTESIAN_POINT ( 'NONE',  ( -4.086602540378441617, 0.4499999999999988454, -1.899999999999999689 ) ) ;
#3241 = EDGE_CURVE ( 'NONE', #798, #2731, #2467, .T. ) ;
#3242 = EDGE_CURVE ( 'NONE', #1664, #14, #2414, .T. ) ;
#3243 = ORIENTED_EDGE ( 'NONE', *, *, #1021, .T. ) ;
#3244 = DIRECTION ( 'NONE',  ( -1.000000000000000000, -1.807003620809174583E-15, 0.000000000000000000 ) ) ;
#3245 = ADVANCED_FACE ( 'NONE', ( #2661 ), #415, .T. ) ;
#3246 = AXIS2_PLACEMENT_3D ( 'NONE', #119, #1116, #2149 ) ;
#3247 = TOROIDAL_SURFACE ( 'NONE', #1099, 0.4999999999999996669, 0.1000000000000000056 ) ;
#3249 = ORIENTED_EDGE ( 'NONE', *, *, #222, .F. ) ;
#3248 = VECTOR ( 'NONE', #1348, 1000.000000000000000 ) ;
#3250 = FACE_BOUND ( 'NONE', #1636, .T. ) ;
#3251 = ORIENTED_EDGE ( 'NONE', *, *, #1951, .T. ) ;
#3252 = VECTOR ( 'NONE', #697, 1000.000000000000114 ) ;
#3253 = EDGE_LOOP ( 'NONE', ( #1953, #1906, #2095, #3176 ) ) ;
#3254 = ORIENTED_EDGE ( 'NONE', *, *, #1160, .T. ) ;
#3255 = DIRECTION ( 'NONE',  ( 0.000000000000000000, -0.000000000000000000, -1.000000000000000000 ) ) ;
#3256 = CARTESIAN_POINT ( 'NONE',  ( -4.346410161513773573, -1.026174408560027516E-17, -2.600000000000000089 ) ) ;
#3257 = FACE_OUTER_BOUND ( 'NONE', #545, .T. ) ;
#3258 = CARTESIAN_POINT ( 'NONE',  ( 3.422649730810370716, 0.4000000000000001332, -1.899999999999999911 ) ) ;
#3259 = CARTESIAN_POINT ( 'NONE',  ( -4.346410161513772685, 0.2999999999999998779, 1.899999999999999689 ) ) ;
#3260 = DIRECTION ( 'NONE',  ( 0.000000000000000000, -0.000000000000000000, 1.000000000000000000 ) ) ;
#3261 = EDGE_CURVE ( 'NONE', #2858, #681, #3156, .T. ) ;
#3262 = CIRCLE ( 'NONE', #2039, 0.5999999999999998668 ) ;
#3263 = VERTEX_POINT ( 'NONE', #350 ) ;
#3264 = LINE ( 'NONE', #2285, #1890 ) ;
#3265 = EDGE_CURVE ( 'NONE', #3063, #1064, #1918, .T. ) ;
#3266 = DIRECTION ( 'NONE',  ( 1.000000000000000000, 0.000000000000000000, -2.065146995210484941E-16 ) ) ;
#3267 = ORIENTED_EDGE ( 'NONE', *, *, #1623, .T. ) ;
#3268 = CARTESIAN_POINT ( 'NONE',  ( 4.000000000000000000, -1.645975852444589161E-16, 1.899999999999999689 ) ) ;
#3269 = CARTESIAN_POINT ( 'NONE',  ( -6.049999999999999822, 0.000000000000000000, -2.949999999999999734 ) ) ;
#3270 = VERTEX_POINT ( 'NONE', #869 ) ;
#3271 = VERTEX_POINT ( 'NONE', #239 ) ;
#3272 = CYLINDRICAL_SURFACE ( 'NONE', #2408, 0.5999999999999998668 ) ;
#3273 = EDGE_CURVE ( 'NONE', #3058, #2278, #2518, .T. ) ;
#3274 = DIRECTION ( 'NONE',  ( 0.000000000000000000, 0.000000000000000000, 1.000000000000000000 ) ) ;
#3275 = LINE ( 'NONE', #935, #672 ) ;
#3276 = LINE ( 'NONE', #2948, #111 ) ;
#3277 = CARTESIAN_POINT ( 'NONE',  ( -3.422649730810370272, 1.000000000000000000, -2.600000000000000089 ) ) ;
#3278 = LINE ( 'NONE', #199, #731 ) ;
#3279 = ORIENTED_EDGE ( 'NONE', *, *, #2885, .F. ) ;
#3280 = DIRECTION ( 'NONE',  ( 0.000000000000000000, 1.000000000000000000, 0.000000000000000000 ) ) ;
#3281 = ORIENTED_EDGE ( 'NONE', *, *, #1782, .F. ) ;
#3282 = DIRECTION ( 'NONE',  ( -0.000000000000000000, -1.000000000000000000, -0.000000000000000000 ) ) ;
#3283 = EDGE_CURVE ( 'NONE', #407, #796, #995, .T. ) ;
#3284 = ORIENTED_EDGE ( 'NONE', *, *, #3331, .F. ) ;
#3285 = EDGE_LOOP ( 'NONE', ( #2993, #1940, #2234, #2462 ) ) ;
#3286 = LINE ( 'NONE', #3080, #438 ) ;
#3287 = LINE ( 'NONE', #212, #191 ) ;
#3288 = AXIS2_PLACEMENT_3D ( 'NONE', #2500, #3280, #2010 ) ;
#3289 = DIRECTION ( 'NONE',  ( 0.000000000000000000, 0.000000000000000000, -1.000000000000000000 ) ) ;
#3290 = DIRECTION ( 'NONE',  ( 0.000000000000000000, 0.000000000000000000, -1.000000000000000000 ) ) ;
#3291 = VECTOR ( 'NONE', #836, 1000.000000000000000 ) ;
#3292 = EDGE_CURVE ( 'NONE', #152, #907, #3204, .T. ) ;
#3293 = EDGE_LOOP ( 'NONE', ( #336, #2900, #95, #3077 ) ) ;
#3294 = CARTESIAN_POINT ( 'NONE',  ( -5.000000000000000000, 0.2999999999999998779, -2.600000000000000089 ) ) ;
#3295 = CARTESIAN_POINT ( 'NONE',  ( -2.850000000000000089, 3.499999999999999556, -3.000000000000000000 ) ) ;
#3296 = AXIS2_PLACEMENT_3D ( 'NONE', #3078, #780, #979 ) ;
#3297 = AXIS2_PLACEMENT_3D ( 'NONE', #3169, #2213, #921 ) ;
#3298 = VERTEX_POINT ( 'NONE', #1451 ) ;
#3299 = LINE ( 'NONE', #763, #2333 ) ;
#3300 = DIRECTION ( 'NONE',  ( 1.000000000000000000, -7.228014483236697541E-16, 0.000000000000000000 ) ) ;
#3301 = VERTEX_POINT ( 'NONE', #2031 ) ;
#3302 = DIRECTION ( 'NONE',  ( 0.000000000000000000, 0.000000000000000000, -1.000000000000000000 ) ) ;
#3303 = CIRCLE ( 'NONE', #186, 0.5999999999999998668 ) ;
#3304 = EDGE_CURVE ( 'NONE', #2175, #257, #1774, .T. ) ;
#3305 = ORIENTED_EDGE ( 'NONE', *, *, #1864, .F. ) ;
#3306 = EDGE_LOOP ( 'NONE', ( #892, #2657, #2662, #593 ) ) ;
#3307 = DIRECTION ( 'NONE',  ( 0.5000000000000038858, 0.8660254037844363761, 0.000000000000000000 ) ) ;
#3308 = DIRECTION ( 'NONE',  ( 1.000000000000000000, 0.000000000000000000, -1.032573497605241978E-16 ) ) ;
#3309 = AXIS2_PLACEMENT_3D ( 'NONE', #1065, #2604, #1592 ) ;
#3310 = DIRECTION ( 'NONE',  ( -1.000000000000000000, 0.000000000000000000, 0.000000000000000000 ) ) ;
#3311 = AXIS2_PLACEMENT_3D ( 'NONE', #3105, #2361, #2790 ) ;
#3312 = ORIENTED_EDGE ( 'NONE', *, *, #1932, .T. ) ;
#3313 = CARTESIAN_POINT ( 'NONE',  ( 3.000000000000000000, 3.499999999999999556, 2.850000000000000089 ) ) ;
#3314 = EDGE_CURVE ( 'NONE', #1778, #270, #1759, .T. ) ;
#3315 = CARTESIAN_POINT ( 'NONE',  ( 3.769059892324144290, 1.000000000000000000, -2.600000000000000089 ) ) ;
#3316 = LINE ( 'NONE', #1787, #827 ) ;
#3317 = EDGE_CURVE ( 'NONE', #638, #2821, #2269, .T. ) ;
#3318 = VERTEX_POINT ( 'NONE', #2286 ) ;
#3319 = CARTESIAN_POINT ( 'NONE',  ( 6.049999999999999822, -0.1000000000000000056, -2.949999999999999734 ) ) ;
#3320 = CARTESIAN_POINT ( 'NONE',  ( -3.826794919243111881, 0.2999999999999976019, -2.600000000000000089 ) ) ;
#3321 = VECTOR ( 'NONE', #925, 1000.000000000000000 ) ;
#3322 = VERTEX_POINT ( 'NONE', #1470 ) ;
#3323 = CARTESIAN_POINT ( 'NONE',  ( -8.050000000000000711, -0.1000000000000000056, -4.950000000000000178 ) ) ;
#3324 = ORIENTED_EDGE ( 'NONE', *, *, #2950, .T. ) ;
#3325 = LINE ( 'NONE', #534, #5 ) ;
#3326 = FACE_OUTER_BOUND ( 'NONE', #2426, .T. ) ;
#3327 = FACE_OUTER_BOUND ( 'NONE', #2781, .T. ) ;
#3328 = ORIENTED_EDGE ( 'NONE', *, *, #679, .T. ) ;
#3329 = CARTESIAN_POINT ( 'NONE',  ( 2.850000000000000089, 3.499999999999999556, 3.000000000000000000 ) ) ;
#3330 = DIRECTION ( 'NONE',  ( -1.000000000000000000, 0.000000000000000000, 0.000000000000000000 ) ) ;
#3331 = EDGE_CURVE ( 'NONE', #1165, #2386, #1994, .T. ) ;
#3332 = CARTESIAN_POINT ( 'NONE',  ( 2.200000000000000178, 3.799999999999999378, 2.200000000000000178 ) ) ;
#3333 = EDGE_CURVE ( 'NONE', #404, #1559, #1509, .T. ) ;
#3334 = ORIENTED_EDGE ( 'NONE', *, *, #1823, .T. ) ;
#3335 = CARTESIAN_POINT ( 'NONE',  ( -2.200000000000000178, 3.799999999999999378, 2.200000000000000178 ) ) ;
ENDSEC;
END-ISO-10303-21;
