ISO-10303-21;
HEADER;
FILE_DESCRIPTION(('KiCad electronic assembly'),'2;1');
FILE_NAME('Night Light remote board.step','2026-04-28T21:35:21',(
    'Pcbnew'),('Kicad'),'Open CASCADE STEP processor 7.9',
  'KiCad to STEP converter','Unknown');
FILE_SCHEMA(('AUTOMOTIVE_DESIGN { 1 0 10303 214 1 1 1 1 }'));
ENDSEC;
DATA;
#1 = APPLICATION_PROTOCOL_DEFINITION('international standard',
  'automotive_design',2000,#2);
#2 = APPLICATION_CONTEXT(
  'core data for automotive mechanical design processes');
#3 = SHAPE_DEFINITION_REPRESENTATION(#4,#10);
#4 = PRODUCT_DEFINITION_SHAPE('','',#5);
#5 = PRODUCT_DEFINITION('design','',#6,#9);
#6 = PRODUCT_DEFINITION_FORMATION('','',#7);
#7 = PRODUCT('Night Light remote board 1','Night Light remote board 1',
  '',(#8));
#8 = PRODUCT_CONTEXT('',#2,'mechanical');
#9 = PRODUCT_DEFINITION_CONTEXT('part definition',#2,'design');
#10 = SHAPE_REPRESENTATION('',(#11,#15,#19,#23,#27,#31,#35,#39,#43,#47,
    #51,#55,#59,#63,#67,#71,#75,#79,#83,#87,#91,#95,#99,#103,#107,#111,
    #115,#119,#123,#127,#131,#135),#139);
#11 = AXIS2_PLACEMENT_3D('',#12,#13,#14);
#12 = CARTESIAN_POINT('',(0.,0.,0.));
#13 = DIRECTION('',(0.,0.,1.));
#14 = DIRECTION('',(1.,0.,-0.));
#15 = AXIS2_PLACEMENT_3D('',#16,#17,#18);
#16 = CARTESIAN_POINT('',(257.1496,-82.384,1.6012));
#17 = DIRECTION('',(0.,0.,1.));
#18 = DIRECTION('',(1.,0.,0.));
#19 = AXIS2_PLACEMENT_3D('',#20,#21,#22);
#20 = CARTESIAN_POINT('',(248.1496,-85.398,1.6012));
#21 = DIRECTION('',(0.,0.,1.));
#22 = DIRECTION('',(1.,0.,0.));
#23 = AXIS2_PLACEMENT_3D('',#24,#25,#26);
#24 = CARTESIAN_POINT('',(254.673,-88.945,1.6012));
#25 = DIRECTION('',(0.,0.,1.));
#26 = DIRECTION('',(1.,0.,0.));
#27 = AXIS2_PLACEMENT_3D('',#28,#29,#30);
#28 = CARTESIAN_POINT('',(253.2176,-79.174,1.6012));
#29 = DIRECTION('',(0.,0.,1.));
#30 = DIRECTION('',(1.,0.,0.));
#31 = AXIS2_PLACEMENT_3D('',#32,#33,#34);
#32 = CARTESIAN_POINT('',(253.754,-96.806,1.6012));
#33 = DIRECTION('',(-1.359631073447E-32,1.,-1.110223024625E-16));
#34 = DIRECTION('',(-1.,0.,1.224646799147E-16));
#35 = AXIS2_PLACEMENT_3D('',#36,#37,#38);
#36 = CARTESIAN_POINT('',(250.5996,-89.761,1.6012));
#37 = DIRECTION('',(0.,0.,1.));
#38 = DIRECTION('',(-1.,1.224646799147E-16,0.));
#39 = AXIS2_PLACEMENT_3D('',#40,#41,#42);
#40 = CARTESIAN_POINT('',(227.83,-80.244,1.6012));
#41 = DIRECTION('',(-1.359631073447E-32,1.,-1.110223024625E-16));
#42 = DIRECTION('',(-1.,0.,1.224646799147E-16));
#43 = AXIS2_PLACEMENT_3D('',#44,#45,#46);
#44 = CARTESIAN_POINT('',(258.1136,-85.303,1.6012));
#45 = DIRECTION('',(0.,0.,1.));
#46 = DIRECTION('',(1.,0.,0.));
#47 = AXIS2_PLACEMENT_3D('',#48,#49,#50);
#48 = CARTESIAN_POINT('',(248.373,-90.2,1.6012));
#49 = DIRECTION('',(-0.,0.,1.));
#50 = DIRECTION('',(1.110223024625E-16,-1.,0.));
#51 = AXIS2_PLACEMENT_3D('',#52,#53,#54);
#52 = CARTESIAN_POINT('',(258.1136,-84.324,1.6012));
#53 = DIRECTION('',(0.,0.,1.));
#54 = DIRECTION('',(1.,0.,0.));
#55 = AXIS2_PLACEMENT_3D('',#56,#57,#58);
#56 = CARTESIAN_POINT('',(260.4876,-81.924,1.6012));
#57 = DIRECTION('',(0.,-0.,1.));
#58 = DIRECTION('',(1.110223024625E-16,1.,0.));
#59 = AXIS2_PLACEMENT_3D('',#60,#61,#62);
#60 = CARTESIAN_POINT('',(253.2016,-78.182,1.6012));
#61 = DIRECTION('',(0.,0.,1.));
#62 = DIRECTION('',(1.,0.,0.));
#63 = AXIS2_PLACEMENT_3D('',#64,#65,#66);
#64 = CARTESIAN_POINT('',(248.2756,-86.537,1.6012));
#65 = DIRECTION('',(0.,0.,1.));
#66 = DIRECTION('',(-1.,1.224646799147E-16,0.));
#67 = AXIS2_PLACEMENT_3D('',#68,#69,#70);
#68 = CARTESIAN_POINT('',(227.83,-112.864,1.6012));
#69 = DIRECTION('',(-1.359631073447E-32,1.,-1.110223024625E-16));
#70 = DIRECTION('',(-1.,0.,1.224646799147E-16));
#71 = AXIS2_PLACEMENT_3D('',#72,#73,#74);
#72 = CARTESIAN_POINT('',(254.2786,-85.863,1.6012));
#73 = DIRECTION('',(0.,0.,1.));
#74 = DIRECTION('',(-1.,1.224646799147E-16,0.));
#75 = AXIS2_PLACEMENT_3D('',#76,#77,#78);
#76 = CARTESIAN_POINT('',(258.517,-88.106,1.6012));
#77 = DIRECTION('',(0.,0.,1.));
#78 = DIRECTION('',(1.,0.,0.));
#79 = AXIS2_PLACEMENT_3D('',#80,#81,#82);
#80 = CARTESIAN_POINT('',(245.3866,-93.533,1.6012));
#81 = DIRECTION('',(0.,0.,1.));
#82 = DIRECTION('',(-1.,1.224646799147E-16,0.));
#83 = AXIS2_PLACEMENT_3D('',#84,#85,#86);
#84 = CARTESIAN_POINT('',(255.6606,-83.044,1.6012));
#85 = DIRECTION('',(-0.,0.,1.));
#86 = DIRECTION('',(1.110223024625E-16,-1.,0.));
#87 = AXIS2_PLACEMENT_3D('',#88,#89,#90);
#88 = CARTESIAN_POINT('',(256.6686,-83.851,1.6012));
#89 = DIRECTION('',(-0.,0.,1.));
#90 = DIRECTION('',(1.110223024625E-16,-1.,0.));
#91 = AXIS2_PLACEMENT_3D('',#92,#93,#94);
#92 = CARTESIAN_POINT('',(255.1326,-79.118,1.6012));
#93 = DIRECTION('',(0.,0.,1.));
#94 = DIRECTION('',(1.,0.,0.));
#95 = AXIS2_PLACEMENT_3D('',#96,#97,#98);
#96 = CARTESIAN_POINT('',(251.3316,-79.338,1.6012));
#97 = DIRECTION('',(0.,0.,1.));
#98 = DIRECTION('',(-1.,1.224646799147E-16,0.));
#99 = AXIS2_PLACEMENT_3D('',#100,#101,#102);
#100 = CARTESIAN_POINT('',(233.9276,-90.412,1.6012));
#101 = DIRECTION('',(0.,0.,1.));
#102 = DIRECTION('',(1.,0.,0.));
#103 = AXIS2_PLACEMENT_3D('',#104,#105,#106);
#104 = CARTESIAN_POINT('',(237.058,-78.211,1.6012));
#105 = DIRECTION('',(0.,0.,1.));
#106 = DIRECTION('',(1.,0.,0.));
#107 = AXIS2_PLACEMENT_3D('',#108,#109,#110);
#108 = CARTESIAN_POINT('',(252.4336,-82.534,1.6012));
#109 = DIRECTION('',(0.,0.,1.));
#110 = DIRECTION('',(1.,0.,0.));
#111 = AXIS2_PLACEMENT_3D('',#112,#113,#114);
#112 = CARTESIAN_POINT('',(248.2716,-87.934,1.6012));
#113 = DIRECTION('',(0.,0.,1.));
#114 = DIRECTION('',(-1.,1.224646799147E-16,0.));
#115 = AXIS2_PLACEMENT_3D('',#116,#117,#118);
#116 = CARTESIAN_POINT('',(237.061,-76.145,1.6012));
#117 = DIRECTION('',(0.,0.,1.));
#118 = DIRECTION('',(-1.,1.224646799147E-16,0.));
#119 = AXIS2_PLACEMENT_3D('',#120,#121,#122);
#120 = CARTESIAN_POINT('',(255.6766,-80.559,1.6012));
#121 = DIRECTION('',(0.,-0.,1.));
#122 = DIRECTION('',(1.110223024625E-16,1.,0.));
#123 = AXIS2_PLACEMENT_3D('',#124,#125,#126);
#124 = CARTESIAN_POINT('',(259.0536,-82.38,1.6012));
#125 = DIRECTION('',(0.,0.,1.));
#126 = DIRECTION('',(-1.,1.224646799147E-16,0.));
#127 = AXIS2_PLACEMENT_3D('',#128,#129,#130);
#128 = CARTESIAN_POINT('',(234.0056,-91.748,1.6012));
#129 = DIRECTION('',(0.,0.,1.));
#130 = DIRECTION('',(1.,0.,0.));
#131 = AXIS2_PLACEMENT_3D('',#132,#133,#134);
#132 = CARTESIAN_POINT('',(211.816,-111.37,-8.5E-02));
#133 = DIRECTION('',(0.,-1.224646799147E-16,-1.));
#134 = DIRECTION('',(1.,0.,0.));
#135 = AXIS2_PLACEMENT_3D('',#136,#137,#138);
#136 = CARTESIAN_POINT('',(0.,0.,0.));
#137 = DIRECTION('',(0.,0.,1.));
#138 = DIRECTION('',(1.,0.,-0.));
#139 = ( GEOMETRIC_REPRESENTATION_CONTEXT(3) 
GLOBAL_UNCERTAINTY_ASSIGNED_CONTEXT((#143)) GLOBAL_UNIT_ASSIGNED_CONTEXT
((#140,#141,#142)) REPRESENTATION_CONTEXT('Context #1',
  '3D Context with UNIT and UNCERTAINTY') );
#140 = ( LENGTH_UNIT() NAMED_UNIT(*) SI_UNIT(.MILLI.,.METRE.) );
#141 = ( NAMED_UNIT(*) PLANE_ANGLE_UNIT() SI_UNIT($,.RADIAN.) );
#142 = ( NAMED_UNIT(*) SI_UNIT($,.STERADIAN.) SOLID_ANGLE_UNIT() );
#143 = UNCERTAINTY_MEASURE_WITH_UNIT(LENGTH_MEASURE(1.E-07),#140,
  'distance_accuracy_value','confusion accuracy');
#144 = PRODUCT_RELATED_PRODUCT_CATEGORY('part',$,(#7));
#145 = SHAPE_DEFINITION_REPRESENTATION(#146,#152);
#146 = PRODUCT_DEFINITION_SHAPE('','',#147);
#147 = PRODUCT_DEFINITION('design','',#148,#151);
#148 = PRODUCT_DEFINITION_FORMATION('','',#149);
#149 = PRODUCT('L_0402_1005Metric','L_0402_1005Metric','',(#150));
#150 = PRODUCT_CONTEXT('',#2,'mechanical');
#151 = PRODUCT_DEFINITION_CONTEXT('part definition',#2,'design');
#152 = ADVANCED_BREP_SHAPE_REPRESENTATION('',(#11,#153),#1007);
#153 = MANIFOLD_SOLID_BREP('',#154);
#154 = CLOSED_SHELL('',(#155,#231,#262,#287,#312,#336,#360,#385,#410,
    #427,#513,#545,#569,#594,#618,#643,#667,#692,#709,#795,#826,#851,
    #876,#900,#924,#949,#974,#991));
#155 = ADVANCED_FACE('',(#156),#226,.F.);
#156 = FACE_BOUND('',#157,.F.);
#157 = EDGE_LOOP('',(#158,#168,#177,#185,#194,#202,#211,#219));
#158 = ORIENTED_EDGE('',*,*,#159,.F.);
#159 = EDGE_CURVE('',#160,#162,#164,.T.);
#160 = VERTEX_POINT('',#161);
#161 = CARTESIAN_POINT('',(-0.5,-0.25,2.E-02));
#162 = VERTEX_POINT('',#163);
#163 = CARTESIAN_POINT('',(-0.5,-0.25,0.48));
#164 = LINE('',#165,#166);
#165 = CARTESIAN_POINT('',(-0.5,-0.25,0.));
#166 = VECTOR('',#167,1.);
#167 = DIRECTION('',(0.,0.,1.));
#168 = ORIENTED_EDGE('',*,*,#169,.T.);
#169 = EDGE_CURVE('',#160,#170,#172,.T.);
#170 = VERTEX_POINT('',#171);
#171 = CARTESIAN_POINT('',(-0.5,-0.23,0.));
#172 = CIRCLE('',#173,2.E-02);
#173 = AXIS2_PLACEMENT_3D('',#174,#175,#176);
#174 = CARTESIAN_POINT('',(-0.5,-0.23,2.E-02));
#175 = DIRECTION('',(1.,0.,-0.));
#176 = DIRECTION('',(0.,0.,1.));
#177 = ORIENTED_EDGE('',*,*,#178,.T.);
#178 = EDGE_CURVE('',#170,#179,#181,.T.);
#179 = VERTEX_POINT('',#180);
#180 = CARTESIAN_POINT('',(-0.5,0.23,0.));
#181 = LINE('',#182,#183);
#182 = CARTESIAN_POINT('',(-0.5,-0.25,0.));
#183 = VECTOR('',#184,1.);
#184 = DIRECTION('',(0.,1.,0.));
#185 = ORIENTED_EDGE('',*,*,#186,.F.);
#186 = EDGE_CURVE('',#187,#179,#189,.T.);
#187 = VERTEX_POINT('',#188);
#188 = CARTESIAN_POINT('',(-0.5,0.25,2.E-02));
#189 = CIRCLE('',#190,2.E-02);
#190 = AXIS2_PLACEMENT_3D('',#191,#192,#193);
#191 = CARTESIAN_POINT('',(-0.5,0.23,2.E-02));
#192 = DIRECTION('',(-1.,0.,0.));
#193 = DIRECTION('',(0.,0.,1.));
#194 = ORIENTED_EDGE('',*,*,#195,.T.);
#195 = EDGE_CURVE('',#187,#196,#198,.T.);
#196 = VERTEX_POINT('',#197);
#197 = CARTESIAN_POINT('',(-0.5,0.25,0.48));
#198 = LINE('',#199,#200);
#199 = CARTESIAN_POINT('',(-0.5,0.25,0.));
#200 = VECTOR('',#201,1.);
#201 = DIRECTION('',(0.,0.,1.));
#202 = ORIENTED_EDGE('',*,*,#203,.T.);
#203 = EDGE_CURVE('',#196,#204,#206,.T.);
#204 = VERTEX_POINT('',#205);
#205 = CARTESIAN_POINT('',(-0.5,0.23,0.5));
#206 = CIRCLE('',#207,2.E-02);
#207 = AXIS2_PLACEMENT_3D('',#208,#209,#210);
#208 = CARTESIAN_POINT('',(-0.5,0.23,0.48));
#209 = DIRECTION('',(1.,0.,-0.));
#210 = DIRECTION('',(0.,0.,1.));
#211 = ORIENTED_EDGE('',*,*,#212,.F.);
#212 = EDGE_CURVE('',#213,#204,#215,.T.);
#213 = VERTEX_POINT('',#214);
#214 = CARTESIAN_POINT('',(-0.5,-0.23,0.5));
#215 = LINE('',#216,#217);
#216 = CARTESIAN_POINT('',(-0.5,-0.25,0.5));
#217 = VECTOR('',#218,1.);
#218 = DIRECTION('',(0.,1.,0.));
#219 = ORIENTED_EDGE('',*,*,#220,.F.);
#220 = EDGE_CURVE('',#162,#213,#221,.T.);
#221 = CIRCLE('',#222,2.E-02);
#222 = AXIS2_PLACEMENT_3D('',#223,#224,#225);
#223 = CARTESIAN_POINT('',(-0.5,-0.23,0.48));
#224 = DIRECTION('',(-1.,0.,0.));
#225 = DIRECTION('',(0.,0.,1.));
#226 = PLANE('',#227);
#227 = AXIS2_PLACEMENT_3D('',#228,#229,#230);
#228 = CARTESIAN_POINT('',(-0.5,-0.25,0.));
#229 = DIRECTION('',(1.,0.,0.));
#230 = DIRECTION('',(0.,0.,1.));
#231 = ADVANCED_FACE('',(#232),#257,.F.);
#232 = FACE_BOUND('',#233,.F.);
#233 = EDGE_LOOP('',(#234,#244,#250,#251));
#234 = ORIENTED_EDGE('',*,*,#235,.F.);
#235 = EDGE_CURVE('',#236,#238,#240,.T.);
#236 = VERTEX_POINT('',#237);
#237 = CARTESIAN_POINT('',(-0.3,-0.25,2.E-02));
#238 = VERTEX_POINT('',#239);
#239 = CARTESIAN_POINT('',(-0.3,-0.25,0.48));
#240 = LINE('',#241,#242);
#241 = CARTESIAN_POINT('',(-0.3,-0.25,0.));
#242 = VECTOR('',#243,1.);
#243 = DIRECTION('',(0.,0.,1.));
#244 = ORIENTED_EDGE('',*,*,#245,.F.);
#245 = EDGE_CURVE('',#160,#236,#246,.T.);
#246 = LINE('',#247,#248);
#247 = CARTESIAN_POINT('',(-0.5,-0.25,2.E-02));
#248 = VECTOR('',#249,1.);
#249 = DIRECTION('',(1.,0.,0.));
#250 = ORIENTED_EDGE('',*,*,#159,.T.);
#251 = ORIENTED_EDGE('',*,*,#252,.T.);
#252 = EDGE_CURVE('',#162,#238,#253,.T.);
#253 = LINE('',#254,#255);
#254 = CARTESIAN_POINT('',(-0.5,-0.25,0.48));
#255 = VECTOR('',#256,1.);
#256 = DIRECTION('',(1.,0.,0.));
#257 = PLANE('',#258);
#258 = AXIS2_PLACEMENT_3D('',#259,#260,#261);
#259 = CARTESIAN_POINT('',(-0.5,-0.25,0.));
#260 = DIRECTION('',(0.,1.,0.));
#261 = DIRECTION('',(0.,-0.,1.));
#262 = ADVANCED_FACE('',(#263),#282,.T.);
#263 = FACE_BOUND('',#264,.T.);
#264 = EDGE_LOOP('',(#265,#266,#274,#281));
#265 = ORIENTED_EDGE('',*,*,#169,.T.);
#266 = ORIENTED_EDGE('',*,*,#267,.T.);
#267 = EDGE_CURVE('',#170,#268,#270,.T.);
#268 = VERTEX_POINT('',#269);
#269 = CARTESIAN_POINT('',(-0.3,-0.23,0.));
#270 = LINE('',#271,#272);
#271 = CARTESIAN_POINT('',(-0.5,-0.23,0.));
#272 = VECTOR('',#273,1.);
#273 = DIRECTION('',(1.,0.,0.));
#274 = ORIENTED_EDGE('',*,*,#275,.F.);
#275 = EDGE_CURVE('',#236,#268,#276,.T.);
#276 = CIRCLE('',#277,2.E-02);
#277 = AXIS2_PLACEMENT_3D('',#278,#279,#280);
#278 = CARTESIAN_POINT('',(-0.3,-0.23,2.E-02));
#279 = DIRECTION('',(1.,0.,-0.));
#280 = DIRECTION('',(0.,0.,1.));
#281 = ORIENTED_EDGE('',*,*,#245,.F.);
#282 = CYLINDRICAL_SURFACE('',#283,2.E-02);
#283 = AXIS2_PLACEMENT_3D('',#284,#285,#286);
#284 = CARTESIAN_POINT('',(-0.5,-0.23,2.E-02));
#285 = DIRECTION('',(1.,0.,0.));
#286 = DIRECTION('',(0.,-1.,0.));
#287 = ADVANCED_FACE('',(#288),#307,.T.);
#288 = FACE_BOUND('',#289,.T.);
#289 = EDGE_LOOP('',(#290,#291,#300,#306));
#290 = ORIENTED_EDGE('',*,*,#252,.T.);
#291 = ORIENTED_EDGE('',*,*,#292,.T.);
#292 = EDGE_CURVE('',#238,#293,#295,.T.);
#293 = VERTEX_POINT('',#294);
#294 = CARTESIAN_POINT('',(-0.3,-0.23,0.5));
#295 = CIRCLE('',#296,2.E-02);
#296 = AXIS2_PLACEMENT_3D('',#297,#298,#299);
#297 = CARTESIAN_POINT('',(-0.3,-0.23,0.48));
#298 = DIRECTION('',(-1.,0.,0.));
#299 = DIRECTION('',(0.,0.,1.));
#300 = ORIENTED_EDGE('',*,*,#301,.F.);
#301 = EDGE_CURVE('',#213,#293,#302,.T.);
#302 = LINE('',#303,#304);
#303 = CARTESIAN_POINT('',(-0.5,-0.23,0.5));
#304 = VECTOR('',#305,1.);
#305 = DIRECTION('',(1.,0.,0.));
#306 = ORIENTED_EDGE('',*,*,#220,.F.);
#307 = CYLINDRICAL_SURFACE('',#308,2.E-02);
#308 = AXIS2_PLACEMENT_3D('',#309,#310,#311);
#309 = CARTESIAN_POINT('',(-0.5,-0.23,0.48));
#310 = DIRECTION('',(1.,0.,0.));
#311 = DIRECTION('',(0.,-1.,0.));
#312 = ADVANCED_FACE('',(#313),#331,.F.);
#313 = FACE_BOUND('',#314,.F.);
#314 = EDGE_LOOP('',(#315,#316,#317,#325));
#315 = ORIENTED_EDGE('',*,*,#178,.F.);
#316 = ORIENTED_EDGE('',*,*,#267,.T.);
#317 = ORIENTED_EDGE('',*,*,#318,.T.);
#318 = EDGE_CURVE('',#268,#319,#321,.T.);
#319 = VERTEX_POINT('',#320);
#320 = CARTESIAN_POINT('',(-0.3,0.23,0.));
#321 = LINE('',#322,#323);
#322 = CARTESIAN_POINT('',(-0.3,-0.25,0.));
#323 = VECTOR('',#324,1.);
#324 = DIRECTION('',(0.,1.,0.));
#325 = ORIENTED_EDGE('',*,*,#326,.F.);
#326 = EDGE_CURVE('',#179,#319,#327,.T.);
#327 = LINE('',#328,#329);
#328 = CARTESIAN_POINT('',(-0.5,0.23,0.));
#329 = VECTOR('',#330,1.);
#330 = DIRECTION('',(1.,0.,0.));
#331 = PLANE('',#332);
#332 = AXIS2_PLACEMENT_3D('',#333,#334,#335);
#333 = CARTESIAN_POINT('',(-0.5,-0.25,0.));
#334 = DIRECTION('',(0.,0.,1.));
#335 = DIRECTION('',(1.,0.,-0.));
#336 = ADVANCED_FACE('',(#337),#355,.T.);
#337 = FACE_BOUND('',#338,.T.);
#338 = EDGE_LOOP('',(#339,#340,#341,#349));
#339 = ORIENTED_EDGE('',*,*,#212,.F.);
#340 = ORIENTED_EDGE('',*,*,#301,.T.);
#341 = ORIENTED_EDGE('',*,*,#342,.T.);
#342 = EDGE_CURVE('',#293,#343,#345,.T.);
#343 = VERTEX_POINT('',#344);
#344 = CARTESIAN_POINT('',(-0.3,0.23,0.5));
#345 = LINE('',#346,#347);
#346 = CARTESIAN_POINT('',(-0.3,-0.25,0.5));
#347 = VECTOR('',#348,1.);
#348 = DIRECTION('',(0.,1.,0.));
#349 = ORIENTED_EDGE('',*,*,#350,.F.);
#350 = EDGE_CURVE('',#204,#343,#351,.T.);
#351 = LINE('',#352,#353);
#352 = CARTESIAN_POINT('',(-0.5,0.23,0.5));
#353 = VECTOR('',#354,1.);
#354 = DIRECTION('',(1.,0.,0.));
#355 = PLANE('',#356);
#356 = AXIS2_PLACEMENT_3D('',#357,#358,#359);
#357 = CARTESIAN_POINT('',(-0.5,-0.25,0.5));
#358 = DIRECTION('',(0.,0.,1.));
#359 = DIRECTION('',(1.,0.,-0.));
#360 = ADVANCED_FACE('',(#361),#380,.T.);
#361 = FACE_BOUND('',#362,.T.);
#362 = EDGE_LOOP('',(#363,#371,#378,#379));
#363 = ORIENTED_EDGE('',*,*,#364,.T.);
#364 = EDGE_CURVE('',#187,#365,#367,.T.);
#365 = VERTEX_POINT('',#366);
#366 = CARTESIAN_POINT('',(-0.3,0.25,2.E-02));
#367 = LINE('',#368,#369);
#368 = CARTESIAN_POINT('',(-0.5,0.25,2.E-02));
#369 = VECTOR('',#370,1.);
#370 = DIRECTION('',(1.,0.,0.));
#371 = ORIENTED_EDGE('',*,*,#372,.T.);
#372 = EDGE_CURVE('',#365,#319,#373,.T.);
#373 = CIRCLE('',#374,2.E-02);
#374 = AXIS2_PLACEMENT_3D('',#375,#376,#377);
#375 = CARTESIAN_POINT('',(-0.3,0.23,2.E-02));
#376 = DIRECTION('',(-1.,0.,0.));
#377 = DIRECTION('',(0.,0.,1.));
#378 = ORIENTED_EDGE('',*,*,#326,.F.);
#379 = ORIENTED_EDGE('',*,*,#186,.F.);
#380 = CYLINDRICAL_SURFACE('',#381,2.E-02);
#381 = AXIS2_PLACEMENT_3D('',#382,#383,#384);
#382 = CARTESIAN_POINT('',(-0.5,0.23,2.E-02));
#383 = DIRECTION('',(1.,0.,0.));
#384 = DIRECTION('',(-0.,1.,0.));
#385 = ADVANCED_FACE('',(#386),#405,.T.);
#386 = FACE_BOUND('',#387,.T.);
#387 = EDGE_LOOP('',(#388,#389,#390,#399));
#388 = ORIENTED_EDGE('',*,*,#203,.T.);
#389 = ORIENTED_EDGE('',*,*,#350,.T.);
#390 = ORIENTED_EDGE('',*,*,#391,.F.);
#391 = EDGE_CURVE('',#392,#343,#394,.T.);
#392 = VERTEX_POINT('',#393);
#393 = CARTESIAN_POINT('',(-0.3,0.25,0.48));
#394 = CIRCLE('',#395,2.E-02);
#395 = AXIS2_PLACEMENT_3D('',#396,#397,#398);
#396 = CARTESIAN_POINT('',(-0.3,0.23,0.48));
#397 = DIRECTION('',(1.,0.,-0.));
#398 = DIRECTION('',(0.,0.,1.));
#399 = ORIENTED_EDGE('',*,*,#400,.F.);
#400 = EDGE_CURVE('',#196,#392,#401,.T.);
#401 = LINE('',#402,#403);
#402 = CARTESIAN_POINT('',(-0.5,0.25,0.48));
#403 = VECTOR('',#404,1.);
#404 = DIRECTION('',(1.,0.,0.));
#405 = CYLINDRICAL_SURFACE('',#406,2.E-02);
#406 = AXIS2_PLACEMENT_3D('',#407,#408,#409);
#407 = CARTESIAN_POINT('',(-0.5,0.23,0.48));
#408 = DIRECTION('',(1.,0.,0.));
#409 = DIRECTION('',(-0.,1.,0.));
#410 = ADVANCED_FACE('',(#411),#422,.T.);
#411 = FACE_BOUND('',#412,.T.);
#412 = EDGE_LOOP('',(#413,#419,#420,#421));
#413 = ORIENTED_EDGE('',*,*,#414,.F.);
#414 = EDGE_CURVE('',#365,#392,#415,.T.);
#415 = LINE('',#416,#417);
#416 = CARTESIAN_POINT('',(-0.3,0.25,0.));
#417 = VECTOR('',#418,1.);
#418 = DIRECTION('',(0.,0.,1.));
#419 = ORIENTED_EDGE('',*,*,#364,.F.);
#420 = ORIENTED_EDGE('',*,*,#195,.T.);
#421 = ORIENTED_EDGE('',*,*,#400,.T.);
#422 = PLANE('',#423);
#423 = AXIS2_PLACEMENT_3D('',#424,#425,#426);
#424 = CARTESIAN_POINT('',(-0.5,0.25,0.));
#425 = DIRECTION('',(0.,1.,0.));
#426 = DIRECTION('',(0.,-0.,1.));
#427 = ADVANCED_FACE('',(#428,#438),#508,.T.);
#428 = FACE_BOUND('',#429,.T.);
#429 = EDGE_LOOP('',(#430,#431,#432,#433,#434,#435,#436,#437));
#430 = ORIENTED_EDGE('',*,*,#235,.F.);
#431 = ORIENTED_EDGE('',*,*,#275,.T.);
#432 = ORIENTED_EDGE('',*,*,#318,.T.);
#433 = ORIENTED_EDGE('',*,*,#372,.F.);
#434 = ORIENTED_EDGE('',*,*,#414,.T.);
#435 = ORIENTED_EDGE('',*,*,#391,.T.);
#436 = ORIENTED_EDGE('',*,*,#342,.F.);
#437 = ORIENTED_EDGE('',*,*,#292,.F.);
#438 = FACE_BOUND('',#439,.T.);
#439 = EDGE_LOOP('',(#440,#451,#459,#468,#476,#485,#493,#502));
#440 = ORIENTED_EDGE('',*,*,#441,.F.);
#441 = EDGE_CURVE('',#442,#444,#446,.T.);
#442 = VERTEX_POINT('',#443);
#443 = CARTESIAN_POINT('',(-0.3,-0.23,4.E-02));
#444 = VERTEX_POINT('',#445);
#445 = CARTESIAN_POINT('',(-0.3,-0.21,2.E-02));
#446 = CIRCLE('',#447,2.E-02);
#447 = AXIS2_PLACEMENT_3D('',#448,#449,#450);
#448 = CARTESIAN_POINT('',(-0.3,-0.21,4.E-02));
#449 = DIRECTION('',(1.,0.,-0.));
#450 = DIRECTION('',(0.,0.,1.));
#451 = ORIENTED_EDGE('',*,*,#452,.T.);
#452 = EDGE_CURVE('',#442,#453,#455,.T.);
#453 = VERTEX_POINT('',#454);
#454 = CARTESIAN_POINT('',(-0.3,-0.23,0.46));
#455 = LINE('',#456,#457);
#456 = CARTESIAN_POINT('',(-0.3,-0.23,2.E-02));
#457 = VECTOR('',#458,1.);
#458 = DIRECTION('',(0.,0.,1.));
#459 = ORIENTED_EDGE('',*,*,#460,.T.);
#460 = EDGE_CURVE('',#453,#461,#463,.T.);
#461 = VERTEX_POINT('',#462);
#462 = CARTESIAN_POINT('',(-0.3,-0.21,0.48));
#463 = CIRCLE('',#464,2.E-02);
#464 = AXIS2_PLACEMENT_3D('',#465,#466,#467);
#465 = CARTESIAN_POINT('',(-0.3,-0.21,0.46));
#466 = DIRECTION('',(-1.,0.,0.));
#467 = DIRECTION('',(0.,0.,1.));
#468 = ORIENTED_EDGE('',*,*,#469,.T.);
#469 = EDGE_CURVE('',#461,#470,#472,.T.);
#470 = VERTEX_POINT('',#471);
#471 = CARTESIAN_POINT('',(-0.3,0.21,0.48));
#472 = LINE('',#473,#474);
#473 = CARTESIAN_POINT('',(-0.3,-0.23,0.48));
#474 = VECTOR('',#475,1.);
#475 = DIRECTION('',(0.,1.,0.));
#476 = ORIENTED_EDGE('',*,*,#477,.F.);
#477 = EDGE_CURVE('',#478,#470,#480,.T.);
#478 = VERTEX_POINT('',#479);
#479 = CARTESIAN_POINT('',(-0.3,0.23,0.46));
#480 = CIRCLE('',#481,2.E-02);
#481 = AXIS2_PLACEMENT_3D('',#482,#483,#484);
#482 = CARTESIAN_POINT('',(-0.3,0.21,0.46));
#483 = DIRECTION('',(1.,0.,-0.));
#484 = DIRECTION('',(0.,0.,1.));
#485 = ORIENTED_EDGE('',*,*,#486,.F.);
#486 = EDGE_CURVE('',#487,#478,#489,.T.);
#487 = VERTEX_POINT('',#488);
#488 = CARTESIAN_POINT('',(-0.3,0.23,4.E-02));
#489 = LINE('',#490,#491);
#490 = CARTESIAN_POINT('',(-0.3,0.23,2.E-02));
#491 = VECTOR('',#492,1.);
#492 = DIRECTION('',(0.,0.,1.));
#493 = ORIENTED_EDGE('',*,*,#494,.T.);
#494 = EDGE_CURVE('',#487,#495,#497,.T.);
#495 = VERTEX_POINT('',#496);
#496 = CARTESIAN_POINT('',(-0.3,0.21,2.E-02));
#497 = CIRCLE('',#498,2.E-02);
#498 = AXIS2_PLACEMENT_3D('',#499,#500,#501);
#499 = CARTESIAN_POINT('',(-0.3,0.21,4.E-02));
#500 = DIRECTION('',(-1.,0.,0.));
#501 = DIRECTION('',(0.,0.,1.));
#502 = ORIENTED_EDGE('',*,*,#503,.F.);
#503 = EDGE_CURVE('',#444,#495,#504,.T.);
#504 = LINE('',#505,#506);
#505 = CARTESIAN_POINT('',(-0.3,-0.23,2.E-02));
#506 = VECTOR('',#507,1.);
#507 = DIRECTION('',(0.,1.,0.));
#508 = PLANE('',#509);
#509 = AXIS2_PLACEMENT_3D('',#510,#511,#512);
#510 = CARTESIAN_POINT('',(-0.3,-0.25,0.));
#511 = DIRECTION('',(1.,0.,0.));
#512 = DIRECTION('',(0.,0.,1.));
#513 = ADVANCED_FACE('',(#514),#540,.T.);
#514 = FACE_BOUND('',#515,.T.);
#515 = EDGE_LOOP('',(#516,#517,#525,#534));
#516 = ORIENTED_EDGE('',*,*,#441,.T.);
#517 = ORIENTED_EDGE('',*,*,#518,.T.);
#518 = EDGE_CURVE('',#444,#519,#521,.T.);
#519 = VERTEX_POINT('',#520);
#520 = CARTESIAN_POINT('',(0.3,-0.21,2.E-02));
#521 = LINE('',#522,#523);
#522 = CARTESIAN_POINT('',(-0.3,-0.21,2.E-02));
#523 = VECTOR('',#524,1.);
#524 = DIRECTION('',(1.,0.,0.));
#525 = ORIENTED_EDGE('',*,*,#526,.F.);
#526 = EDGE_CURVE('',#527,#519,#529,.T.);
#527 = VERTEX_POINT('',#528);
#528 = CARTESIAN_POINT('',(0.3,-0.23,4.E-02));
#529 = CIRCLE('',#530,2.E-02);
#530 = AXIS2_PLACEMENT_3D('',#531,#532,#533);
#531 = CARTESIAN_POINT('',(0.3,-0.21,4.E-02));
#532 = DIRECTION('',(1.,0.,-0.));
#533 = DIRECTION('',(0.,0.,1.));
#534 = ORIENTED_EDGE('',*,*,#535,.F.);
#535 = EDGE_CURVE('',#442,#527,#536,.T.);
#536 = LINE('',#537,#538);
#537 = CARTESIAN_POINT('',(-0.3,-0.23,4.E-02));
#538 = VECTOR('',#539,1.);
#539 = DIRECTION('',(1.,0.,0.));
#540 = CYLINDRICAL_SURFACE('',#541,2.E-02);
#541 = AXIS2_PLACEMENT_3D('',#542,#543,#544);
#542 = CARTESIAN_POINT('',(-0.3,-0.21,4.E-02));
#543 = DIRECTION('',(1.,0.,0.));
#544 = DIRECTION('',(0.,-1.,0.));
#545 = ADVANCED_FACE('',(#546),#564,.F.);
#546 = FACE_BOUND('',#547,.F.);
#547 = EDGE_LOOP('',(#548,#549,#550,#558));
#548 = ORIENTED_EDGE('',*,*,#503,.F.);
#549 = ORIENTED_EDGE('',*,*,#518,.T.);
#550 = ORIENTED_EDGE('',*,*,#551,.T.);
#551 = EDGE_CURVE('',#519,#552,#554,.T.);
#552 = VERTEX_POINT('',#553);
#553 = CARTESIAN_POINT('',(0.3,0.21,2.E-02));
#554 = LINE('',#555,#556);
#555 = CARTESIAN_POINT('',(0.3,-0.23,2.E-02));
#556 = VECTOR('',#557,1.);
#557 = DIRECTION('',(0.,1.,0.));
#558 = ORIENTED_EDGE('',*,*,#559,.F.);
#559 = EDGE_CURVE('',#495,#552,#560,.T.);
#560 = LINE('',#561,#562);
#561 = CARTESIAN_POINT('',(-0.3,0.21,2.E-02));
#562 = VECTOR('',#563,1.);
#563 = DIRECTION('',(1.,0.,0.));
#564 = PLANE('',#565);
#565 = AXIS2_PLACEMENT_3D('',#566,#567,#568);
#566 = CARTESIAN_POINT('',(-0.3,-0.23,2.E-02));
#567 = DIRECTION('',(0.,0.,1.));
#568 = DIRECTION('',(1.,0.,-0.));
#569 = ADVANCED_FACE('',(#570),#589,.T.);
#570 = FACE_BOUND('',#571,.T.);
#571 = EDGE_LOOP('',(#572,#580,#587,#588));
#572 = ORIENTED_EDGE('',*,*,#573,.T.);
#573 = EDGE_CURVE('',#487,#574,#576,.T.);
#574 = VERTEX_POINT('',#575);
#575 = CARTESIAN_POINT('',(0.3,0.23,4.E-02));
#576 = LINE('',#577,#578);
#577 = CARTESIAN_POINT('',(-0.3,0.23,4.E-02));
#578 = VECTOR('',#579,1.);
#579 = DIRECTION('',(1.,0.,0.));
#580 = ORIENTED_EDGE('',*,*,#581,.T.);
#581 = EDGE_CURVE('',#574,#552,#582,.T.);
#582 = CIRCLE('',#583,2.E-02);
#583 = AXIS2_PLACEMENT_3D('',#584,#585,#586);
#584 = CARTESIAN_POINT('',(0.3,0.21,4.E-02));
#585 = DIRECTION('',(-1.,0.,0.));
#586 = DIRECTION('',(0.,0.,1.));
#587 = ORIENTED_EDGE('',*,*,#559,.F.);
#588 = ORIENTED_EDGE('',*,*,#494,.F.);
#589 = CYLINDRICAL_SURFACE('',#590,2.E-02);
#590 = AXIS2_PLACEMENT_3D('',#591,#592,#593);
#591 = CARTESIAN_POINT('',(-0.3,0.21,4.E-02));
#592 = DIRECTION('',(1.,0.,0.));
#593 = DIRECTION('',(-0.,1.,0.));
#594 = ADVANCED_FACE('',(#595),#613,.T.);
#595 = FACE_BOUND('',#596,.T.);
#596 = EDGE_LOOP('',(#597,#605,#606,#607));
#597 = ORIENTED_EDGE('',*,*,#598,.F.);
#598 = EDGE_CURVE('',#574,#599,#601,.T.);
#599 = VERTEX_POINT('',#600);
#600 = CARTESIAN_POINT('',(0.3,0.23,0.46));
#601 = LINE('',#602,#603);
#602 = CARTESIAN_POINT('',(0.3,0.23,2.E-02));
#603 = VECTOR('',#604,1.);
#604 = DIRECTION('',(0.,0.,1.));
#605 = ORIENTED_EDGE('',*,*,#573,.F.);
#606 = ORIENTED_EDGE('',*,*,#486,.T.);
#607 = ORIENTED_EDGE('',*,*,#608,.T.);
#608 = EDGE_CURVE('',#478,#599,#609,.T.);
#609 = LINE('',#610,#611);
#610 = CARTESIAN_POINT('',(-0.3,0.23,0.46));
#611 = VECTOR('',#612,1.);
#612 = DIRECTION('',(1.,0.,0.));
#613 = PLANE('',#614);
#614 = AXIS2_PLACEMENT_3D('',#615,#616,#617);
#615 = CARTESIAN_POINT('',(-0.3,0.23,2.E-02));
#616 = DIRECTION('',(0.,1.,0.));
#617 = DIRECTION('',(0.,-0.,1.));
#618 = ADVANCED_FACE('',(#619),#638,.T.);
#619 = FACE_BOUND('',#620,.T.);
#620 = EDGE_LOOP('',(#621,#622,#630,#637));
#621 = ORIENTED_EDGE('',*,*,#477,.T.);
#622 = ORIENTED_EDGE('',*,*,#623,.T.);
#623 = EDGE_CURVE('',#470,#624,#626,.T.);
#624 = VERTEX_POINT('',#625);
#625 = CARTESIAN_POINT('',(0.3,0.21,0.48));
#626 = LINE('',#627,#628);
#627 = CARTESIAN_POINT('',(-0.3,0.21,0.48));
#628 = VECTOR('',#629,1.);
#629 = DIRECTION('',(1.,0.,0.));
#630 = ORIENTED_EDGE('',*,*,#631,.F.);
#631 = EDGE_CURVE('',#599,#624,#632,.T.);
#632 = CIRCLE('',#633,2.E-02);
#633 = AXIS2_PLACEMENT_3D('',#634,#635,#636);
#634 = CARTESIAN_POINT('',(0.3,0.21,0.46));
#635 = DIRECTION('',(1.,0.,-0.));
#636 = DIRECTION('',(0.,0.,1.));
#637 = ORIENTED_EDGE('',*,*,#608,.F.);
#638 = CYLINDRICAL_SURFACE('',#639,2.E-02);
#639 = AXIS2_PLACEMENT_3D('',#640,#641,#642);
#640 = CARTESIAN_POINT('',(-0.3,0.21,0.46));
#641 = DIRECTION('',(1.,0.,0.));
#642 = DIRECTION('',(-0.,1.,0.));
#643 = ADVANCED_FACE('',(#644),#662,.T.);
#644 = FACE_BOUND('',#645,.T.);
#645 = EDGE_LOOP('',(#646,#647,#655,#661));
#646 = ORIENTED_EDGE('',*,*,#469,.F.);
#647 = ORIENTED_EDGE('',*,*,#648,.T.);
#648 = EDGE_CURVE('',#461,#649,#651,.T.);
#649 = VERTEX_POINT('',#650);
#650 = CARTESIAN_POINT('',(0.3,-0.21,0.48));
#651 = LINE('',#652,#653);
#652 = CARTESIAN_POINT('',(-0.3,-0.21,0.48));
#653 = VECTOR('',#654,1.);
#654 = DIRECTION('',(1.,0.,0.));
#655 = ORIENTED_EDGE('',*,*,#656,.T.);
#656 = EDGE_CURVE('',#649,#624,#657,.T.);
#657 = LINE('',#658,#659);
#658 = CARTESIAN_POINT('',(0.3,-0.23,0.48));
#659 = VECTOR('',#660,1.);
#660 = DIRECTION('',(0.,1.,0.));
#661 = ORIENTED_EDGE('',*,*,#623,.F.);
#662 = PLANE('',#663);
#663 = AXIS2_PLACEMENT_3D('',#664,#665,#666);
#664 = CARTESIAN_POINT('',(-0.3,-0.23,0.48));
#665 = DIRECTION('',(0.,0.,1.));
#666 = DIRECTION('',(1.,0.,-0.));
#667 = ADVANCED_FACE('',(#668),#687,.T.);
#668 = FACE_BOUND('',#669,.T.);
#669 = EDGE_LOOP('',(#670,#678,#685,#686));
#670 = ORIENTED_EDGE('',*,*,#671,.T.);
#671 = EDGE_CURVE('',#453,#672,#674,.T.);
#672 = VERTEX_POINT('',#673);
#673 = CARTESIAN_POINT('',(0.3,-0.23,0.46));
#674 = LINE('',#675,#676);
#675 = CARTESIAN_POINT('',(-0.3,-0.23,0.46));
#676 = VECTOR('',#677,1.);
#677 = DIRECTION('',(1.,0.,0.));
#678 = ORIENTED_EDGE('',*,*,#679,.T.);
#679 = EDGE_CURVE('',#672,#649,#680,.T.);
#680 = CIRCLE('',#681,2.E-02);
#681 = AXIS2_PLACEMENT_3D('',#682,#683,#684);
#682 = CARTESIAN_POINT('',(0.3,-0.21,0.46));
#683 = DIRECTION('',(-1.,0.,0.));
#684 = DIRECTION('',(0.,0.,1.));
#685 = ORIENTED_EDGE('',*,*,#648,.F.);
#686 = ORIENTED_EDGE('',*,*,#460,.F.);
#687 = CYLINDRICAL_SURFACE('',#688,2.E-02);
#688 = AXIS2_PLACEMENT_3D('',#689,#690,#691);
#689 = CARTESIAN_POINT('',(-0.3,-0.21,0.46));
#690 = DIRECTION('',(1.,0.,0.));
#691 = DIRECTION('',(0.,-1.,0.));
#692 = ADVANCED_FACE('',(#693),#704,.F.);
#693 = FACE_BOUND('',#694,.F.);
#694 = EDGE_LOOP('',(#695,#701,#702,#703));
#695 = ORIENTED_EDGE('',*,*,#696,.F.);
#696 = EDGE_CURVE('',#527,#672,#697,.T.);
#697 = LINE('',#698,#699);
#698 = CARTESIAN_POINT('',(0.3,-0.23,2.E-02));
#699 = VECTOR('',#700,1.);
#700 = DIRECTION('',(0.,0.,1.));
#701 = ORIENTED_EDGE('',*,*,#535,.F.);
#702 = ORIENTED_EDGE('',*,*,#452,.T.);
#703 = ORIENTED_EDGE('',*,*,#671,.T.);
#704 = PLANE('',#705);
#705 = AXIS2_PLACEMENT_3D('',#706,#707,#708);
#706 = CARTESIAN_POINT('',(-0.3,-0.23,2.E-02));
#707 = DIRECTION('',(0.,1.,0.));
#708 = DIRECTION('',(0.,-0.,1.));
#709 = ADVANCED_FACE('',(#710,#780),#790,.F.);
#710 = FACE_BOUND('',#711,.F.);
#711 = EDGE_LOOP('',(#712,#722,#731,#739,#748,#756,#765,#773));
#712 = ORIENTED_EDGE('',*,*,#713,.F.);
#713 = EDGE_CURVE('',#714,#716,#718,.T.);
#714 = VERTEX_POINT('',#715);
#715 = CARTESIAN_POINT('',(0.3,-0.25,2.E-02));
#716 = VERTEX_POINT('',#717);
#717 = CARTESIAN_POINT('',(0.3,-0.25,0.48));
#718 = LINE('',#719,#720);
#719 = CARTESIAN_POINT('',(0.3,-0.25,0.));
#720 = VECTOR('',#721,1.);
#721 = DIRECTION('',(0.,0.,1.));
#722 = ORIENTED_EDGE('',*,*,#723,.T.);
#723 = EDGE_CURVE('',#714,#724,#726,.T.);
#724 = VERTEX_POINT('',#725);
#725 = CARTESIAN_POINT('',(0.3,-0.23,0.));
#726 = CIRCLE('',#727,2.E-02);
#727 = AXIS2_PLACEMENT_3D('',#728,#729,#730);
#728 = CARTESIAN_POINT('',(0.3,-0.23,2.E-02));
#729 = DIRECTION('',(1.,0.,-0.));
#730 = DIRECTION('',(0.,0.,1.));
#731 = ORIENTED_EDGE('',*,*,#732,.T.);
#732 = EDGE_CURVE('',#724,#733,#735,.T.);
#733 = VERTEX_POINT('',#734);
#734 = CARTESIAN_POINT('',(0.3,0.23,0.));
#735 = LINE('',#736,#737);
#736 = CARTESIAN_POINT('',(0.3,-0.25,0.));
#737 = VECTOR('',#738,1.);
#738 = DIRECTION('',(0.,1.,0.));
#739 = ORIENTED_EDGE('',*,*,#740,.F.);
#740 = EDGE_CURVE('',#741,#733,#743,.T.);
#741 = VERTEX_POINT('',#742);
#742 = CARTESIAN_POINT('',(0.3,0.25,2.E-02));
#743 = CIRCLE('',#744,2.E-02);
#744 = AXIS2_PLACEMENT_3D('',#745,#746,#747);
#745 = CARTESIAN_POINT('',(0.3,0.23,2.E-02));
#746 = DIRECTION('',(-1.,0.,0.));
#747 = DIRECTION('',(0.,0.,1.));
#748 = ORIENTED_EDGE('',*,*,#749,.T.);
#749 = EDGE_CURVE('',#741,#750,#752,.T.);
#750 = VERTEX_POINT('',#751);
#751 = CARTESIAN_POINT('',(0.3,0.25,0.48));
#752 = LINE('',#753,#754);
#753 = CARTESIAN_POINT('',(0.3,0.25,0.));
#754 = VECTOR('',#755,1.);
#755 = DIRECTION('',(0.,0.,1.));
#756 = ORIENTED_EDGE('',*,*,#757,.T.);
#757 = EDGE_CURVE('',#750,#758,#760,.T.);
#758 = VERTEX_POINT('',#759);
#759 = CARTESIAN_POINT('',(0.3,0.23,0.5));
#760 = CIRCLE('',#761,2.E-02);
#761 = AXIS2_PLACEMENT_3D('',#762,#763,#764);
#762 = CARTESIAN_POINT('',(0.3,0.23,0.48));
#763 = DIRECTION('',(1.,0.,-0.));
#764 = DIRECTION('',(0.,0.,1.));
#765 = ORIENTED_EDGE('',*,*,#766,.F.);
#766 = EDGE_CURVE('',#767,#758,#769,.T.);
#767 = VERTEX_POINT('',#768);
#768 = CARTESIAN_POINT('',(0.3,-0.23,0.5));
#769 = LINE('',#770,#771);
#770 = CARTESIAN_POINT('',(0.3,-0.25,0.5));
#771 = VECTOR('',#772,1.);
#772 = DIRECTION('',(0.,1.,0.));
#773 = ORIENTED_EDGE('',*,*,#774,.F.);
#774 = EDGE_CURVE('',#716,#767,#775,.T.);
#775 = CIRCLE('',#776,2.E-02);
#776 = AXIS2_PLACEMENT_3D('',#777,#778,#779);
#777 = CARTESIAN_POINT('',(0.3,-0.23,0.48));
#778 = DIRECTION('',(-1.,0.,0.));
#779 = DIRECTION('',(0.,0.,1.));
#780 = FACE_BOUND('',#781,.F.);
#781 = EDGE_LOOP('',(#782,#783,#784,#785,#786,#787,#788,#789));
#782 = ORIENTED_EDGE('',*,*,#526,.F.);
#783 = ORIENTED_EDGE('',*,*,#696,.T.);
#784 = ORIENTED_EDGE('',*,*,#679,.T.);
#785 = ORIENTED_EDGE('',*,*,#656,.T.);
#786 = ORIENTED_EDGE('',*,*,#631,.F.);
#787 = ORIENTED_EDGE('',*,*,#598,.F.);
#788 = ORIENTED_EDGE('',*,*,#581,.T.);
#789 = ORIENTED_EDGE('',*,*,#551,.F.);
#790 = PLANE('',#791);
#791 = AXIS2_PLACEMENT_3D('',#792,#793,#794);
#792 = CARTESIAN_POINT('',(0.3,-0.25,0.));
#793 = DIRECTION('',(1.,0.,0.));
#794 = DIRECTION('',(0.,0.,1.));
#795 = ADVANCED_FACE('',(#796),#821,.F.);
#796 = FACE_BOUND('',#797,.F.);
#797 = EDGE_LOOP('',(#798,#808,#814,#815));
#798 = ORIENTED_EDGE('',*,*,#799,.F.);
#799 = EDGE_CURVE('',#800,#802,#804,.T.);
#800 = VERTEX_POINT('',#801);
#801 = CARTESIAN_POINT('',(0.5,-0.25,2.E-02));
#802 = VERTEX_POINT('',#803);
#803 = CARTESIAN_POINT('',(0.5,-0.25,0.48));
#804 = LINE('',#805,#806);
#805 = CARTESIAN_POINT('',(0.5,-0.25,0.));
#806 = VECTOR('',#807,1.);
#807 = DIRECTION('',(0.,0.,1.));
#808 = ORIENTED_EDGE('',*,*,#809,.F.);
#809 = EDGE_CURVE('',#714,#800,#810,.T.);
#810 = LINE('',#811,#812);
#811 = CARTESIAN_POINT('',(0.3,-0.25,2.E-02));
#812 = VECTOR('',#813,1.);
#813 = DIRECTION('',(1.,0.,0.));
#814 = ORIENTED_EDGE('',*,*,#713,.T.);
#815 = ORIENTED_EDGE('',*,*,#816,.T.);
#816 = EDGE_CURVE('',#716,#802,#817,.T.);
#817 = LINE('',#818,#819);
#818 = CARTESIAN_POINT('',(0.3,-0.25,0.48));
#819 = VECTOR('',#820,1.);
#820 = DIRECTION('',(1.,0.,0.));
#821 = PLANE('',#822);
#822 = AXIS2_PLACEMENT_3D('',#823,#824,#825);
#823 = CARTESIAN_POINT('',(0.3,-0.25,0.));
#824 = DIRECTION('',(0.,1.,0.));
#825 = DIRECTION('',(0.,-0.,1.));
#826 = ADVANCED_FACE('',(#827),#846,.T.);
#827 = FACE_BOUND('',#828,.T.);
#828 = EDGE_LOOP('',(#829,#830,#838,#845));
#829 = ORIENTED_EDGE('',*,*,#723,.T.);
#830 = ORIENTED_EDGE('',*,*,#831,.T.);
#831 = EDGE_CURVE('',#724,#832,#834,.T.);
#832 = VERTEX_POINT('',#833);
#833 = CARTESIAN_POINT('',(0.5,-0.23,0.));
#834 = LINE('',#835,#836);
#835 = CARTESIAN_POINT('',(0.3,-0.23,0.));
#836 = VECTOR('',#837,1.);
#837 = DIRECTION('',(1.,0.,0.));
#838 = ORIENTED_EDGE('',*,*,#839,.F.);
#839 = EDGE_CURVE('',#800,#832,#840,.T.);
#840 = CIRCLE('',#841,2.E-02);
#841 = AXIS2_PLACEMENT_3D('',#842,#843,#844);
#842 = CARTESIAN_POINT('',(0.5,-0.23,2.E-02));
#843 = DIRECTION('',(1.,0.,-0.));
#844 = DIRECTION('',(0.,0.,1.));
#845 = ORIENTED_EDGE('',*,*,#809,.F.);
#846 = CYLINDRICAL_SURFACE('',#847,2.E-02);
#847 = AXIS2_PLACEMENT_3D('',#848,#849,#850);
#848 = CARTESIAN_POINT('',(0.3,-0.23,2.E-02));
#849 = DIRECTION('',(1.,0.,0.));
#850 = DIRECTION('',(0.,-1.,0.));
#851 = ADVANCED_FACE('',(#852),#871,.T.);
#852 = FACE_BOUND('',#853,.T.);
#853 = EDGE_LOOP('',(#854,#855,#864,#870));
#854 = ORIENTED_EDGE('',*,*,#816,.T.);
#855 = ORIENTED_EDGE('',*,*,#856,.T.);
#856 = EDGE_CURVE('',#802,#857,#859,.T.);
#857 = VERTEX_POINT('',#858);
#858 = CARTESIAN_POINT('',(0.5,-0.23,0.5));
#859 = CIRCLE('',#860,2.E-02);
#860 = AXIS2_PLACEMENT_3D('',#861,#862,#863);
#861 = CARTESIAN_POINT('',(0.5,-0.23,0.48));
#862 = DIRECTION('',(-1.,0.,0.));
#863 = DIRECTION('',(0.,0.,1.));
#864 = ORIENTED_EDGE('',*,*,#865,.F.);
#865 = EDGE_CURVE('',#767,#857,#866,.T.);
#866 = LINE('',#867,#868);
#867 = CARTESIAN_POINT('',(0.3,-0.23,0.5));
#868 = VECTOR('',#869,1.);
#869 = DIRECTION('',(1.,0.,0.));
#870 = ORIENTED_EDGE('',*,*,#774,.F.);
#871 = CYLINDRICAL_SURFACE('',#872,2.E-02);
#872 = AXIS2_PLACEMENT_3D('',#873,#874,#875);
#873 = CARTESIAN_POINT('',(0.3,-0.23,0.48));
#874 = DIRECTION('',(1.,0.,0.));
#875 = DIRECTION('',(0.,-1.,0.));
#876 = ADVANCED_FACE('',(#877),#895,.F.);
#877 = FACE_BOUND('',#878,.F.);
#878 = EDGE_LOOP('',(#879,#880,#881,#889));
#879 = ORIENTED_EDGE('',*,*,#732,.F.);
#880 = ORIENTED_EDGE('',*,*,#831,.T.);
#881 = ORIENTED_EDGE('',*,*,#882,.T.);
#882 = EDGE_CURVE('',#832,#883,#885,.T.);
#883 = VERTEX_POINT('',#884);
#884 = CARTESIAN_POINT('',(0.5,0.23,0.));
#885 = LINE('',#886,#887);
#886 = CARTESIAN_POINT('',(0.5,-0.25,0.));
#887 = VECTOR('',#888,1.);
#888 = DIRECTION('',(0.,1.,0.));
#889 = ORIENTED_EDGE('',*,*,#890,.F.);
#890 = EDGE_CURVE('',#733,#883,#891,.T.);
#891 = LINE('',#892,#893);
#892 = CARTESIAN_POINT('',(0.3,0.23,0.));
#893 = VECTOR('',#894,1.);
#894 = DIRECTION('',(1.,0.,0.));
#895 = PLANE('',#896);
#896 = AXIS2_PLACEMENT_3D('',#897,#898,#899);
#897 = CARTESIAN_POINT('',(0.3,-0.25,0.));
#898 = DIRECTION('',(0.,0.,1.));
#899 = DIRECTION('',(1.,0.,-0.));
#900 = ADVANCED_FACE('',(#901),#919,.T.);
#901 = FACE_BOUND('',#902,.T.);
#902 = EDGE_LOOP('',(#903,#904,#905,#913));
#903 = ORIENTED_EDGE('',*,*,#766,.F.);
#904 = ORIENTED_EDGE('',*,*,#865,.T.);
#905 = ORIENTED_EDGE('',*,*,#906,.T.);
#906 = EDGE_CURVE('',#857,#907,#909,.T.);
#907 = VERTEX_POINT('',#908);
#908 = CARTESIAN_POINT('',(0.5,0.23,0.5));
#909 = LINE('',#910,#911);
#910 = CARTESIAN_POINT('',(0.5,-0.25,0.5));
#911 = VECTOR('',#912,1.);
#912 = DIRECTION('',(0.,1.,0.));
#913 = ORIENTED_EDGE('',*,*,#914,.F.);
#914 = EDGE_CURVE('',#758,#907,#915,.T.);
#915 = LINE('',#916,#917);
#916 = CARTESIAN_POINT('',(0.3,0.23,0.5));
#917 = VECTOR('',#918,1.);
#918 = DIRECTION('',(1.,0.,0.));
#919 = PLANE('',#920);
#920 = AXIS2_PLACEMENT_3D('',#921,#922,#923);
#921 = CARTESIAN_POINT('',(0.3,-0.25,0.5));
#922 = DIRECTION('',(0.,0.,1.));
#923 = DIRECTION('',(1.,0.,-0.));
#924 = ADVANCED_FACE('',(#925),#944,.T.);
#925 = FACE_BOUND('',#926,.T.);
#926 = EDGE_LOOP('',(#927,#935,#942,#943));
#927 = ORIENTED_EDGE('',*,*,#928,.T.);
#928 = EDGE_CURVE('',#741,#929,#931,.T.);
#929 = VERTEX_POINT('',#930);
#930 = CARTESIAN_POINT('',(0.5,0.25,2.E-02));
#931 = LINE('',#932,#933);
#932 = CARTESIAN_POINT('',(0.3,0.25,2.E-02));
#933 = VECTOR('',#934,1.);
#934 = DIRECTION('',(1.,0.,0.));
#935 = ORIENTED_EDGE('',*,*,#936,.T.);
#936 = EDGE_CURVE('',#929,#883,#937,.T.);
#937 = CIRCLE('',#938,2.E-02);
#938 = AXIS2_PLACEMENT_3D('',#939,#940,#941);
#939 = CARTESIAN_POINT('',(0.5,0.23,2.E-02));
#940 = DIRECTION('',(-1.,0.,0.));
#941 = DIRECTION('',(0.,0.,1.));
#942 = ORIENTED_EDGE('',*,*,#890,.F.);
#943 = ORIENTED_EDGE('',*,*,#740,.F.);
#944 = CYLINDRICAL_SURFACE('',#945,2.E-02);
#945 = AXIS2_PLACEMENT_3D('',#946,#947,#948);
#946 = CARTESIAN_POINT('',(0.3,0.23,2.E-02));
#947 = DIRECTION('',(1.,0.,0.));
#948 = DIRECTION('',(-0.,1.,0.));
#949 = ADVANCED_FACE('',(#950),#969,.T.);
#950 = FACE_BOUND('',#951,.T.);
#951 = EDGE_LOOP('',(#952,#953,#954,#963));
#952 = ORIENTED_EDGE('',*,*,#757,.T.);
#953 = ORIENTED_EDGE('',*,*,#914,.T.);
#954 = ORIENTED_EDGE('',*,*,#955,.F.);
#955 = EDGE_CURVE('',#956,#907,#958,.T.);
#956 = VERTEX_POINT('',#957);
#957 = CARTESIAN_POINT('',(0.5,0.25,0.48));
#958 = CIRCLE('',#959,2.E-02);
#959 = AXIS2_PLACEMENT_3D('',#960,#961,#962);
#960 = CARTESIAN_POINT('',(0.5,0.23,0.48));
#961 = DIRECTION('',(1.,0.,-0.));
#962 = DIRECTION('',(0.,0.,1.));
#963 = ORIENTED_EDGE('',*,*,#964,.F.);
#964 = EDGE_CURVE('',#750,#956,#965,.T.);
#965 = LINE('',#966,#967);
#966 = CARTESIAN_POINT('',(0.3,0.25,0.48));
#967 = VECTOR('',#968,1.);
#968 = DIRECTION('',(1.,0.,0.));
#969 = CYLINDRICAL_SURFACE('',#970,2.E-02);
#970 = AXIS2_PLACEMENT_3D('',#971,#972,#973);
#971 = CARTESIAN_POINT('',(0.3,0.23,0.48));
#972 = DIRECTION('',(1.,0.,0.));
#973 = DIRECTION('',(-0.,1.,0.));
#974 = ADVANCED_FACE('',(#975),#986,.T.);
#975 = FACE_BOUND('',#976,.T.);
#976 = EDGE_LOOP('',(#977,#983,#984,#985));
#977 = ORIENTED_EDGE('',*,*,#978,.F.);
#978 = EDGE_CURVE('',#929,#956,#979,.T.);
#979 = LINE('',#980,#981);
#980 = CARTESIAN_POINT('',(0.5,0.25,0.));
#981 = VECTOR('',#982,1.);
#982 = DIRECTION('',(0.,0.,1.));
#983 = ORIENTED_EDGE('',*,*,#928,.F.);
#984 = ORIENTED_EDGE('',*,*,#749,.T.);
#985 = ORIENTED_EDGE('',*,*,#964,.T.);
#986 = PLANE('',#987);
#987 = AXIS2_PLACEMENT_3D('',#988,#989,#990);
#988 = CARTESIAN_POINT('',(0.3,0.25,0.));
#989 = DIRECTION('',(0.,1.,0.));
#990 = DIRECTION('',(0.,-0.,1.));
#991 = ADVANCED_FACE('',(#992),#1002,.T.);
#992 = FACE_BOUND('',#993,.T.);
#993 = EDGE_LOOP('',(#994,#995,#996,#997,#998,#999,#1000,#1001));
#994 = ORIENTED_EDGE('',*,*,#799,.F.);
#995 = ORIENTED_EDGE('',*,*,#839,.T.);
#996 = ORIENTED_EDGE('',*,*,#882,.T.);
#997 = ORIENTED_EDGE('',*,*,#936,.F.);
#998 = ORIENTED_EDGE('',*,*,#978,.T.);
#999 = ORIENTED_EDGE('',*,*,#955,.T.);
#1000 = ORIENTED_EDGE('',*,*,#906,.F.);
#1001 = ORIENTED_EDGE('',*,*,#856,.F.);
#1002 = PLANE('',#1003);
#1003 = AXIS2_PLACEMENT_3D('',#1004,#1005,#1006);
#1004 = CARTESIAN_POINT('',(0.5,-0.25,0.));
#1005 = DIRECTION('',(1.,0.,0.));
#1006 = DIRECTION('',(0.,0.,1.));
#1007 = ( GEOMETRIC_REPRESENTATION_CONTEXT(3) 
GLOBAL_UNCERTAINTY_ASSIGNED_CONTEXT((#1011)) 
GLOBAL_UNIT_ASSIGNED_CONTEXT((#1008,#1009,#1010)) REPRESENTATION_CONTEXT
('Context #1','3D Context with UNIT and UNCERTAINTY') );
#1008 = ( LENGTH_UNIT() NAMED_UNIT(*) SI_UNIT(.MILLI.,.METRE.) );
#1009 = ( NAMED_UNIT(*) PLANE_ANGLE_UNIT() SI_UNIT($,.RADIAN.) );
#1010 = ( NAMED_UNIT(*) SI_UNIT($,.STERADIAN.) SOLID_ANGLE_UNIT() );
#1011 = UNCERTAINTY_MEASURE_WITH_UNIT(LENGTH_MEASURE(1.E-07),#1008,
  'distance_accuracy_value','confusion accuracy');
#1012 = CONTEXT_DEPENDENT_SHAPE_REPRESENTATION(#1013,#1015);
#1013 = ( REPRESENTATION_RELATIONSHIP('','',#152,#10) 
REPRESENTATION_RELATIONSHIP_WITH_TRANSFORMATION(#1014) 
SHAPE_REPRESENTATION_RELATIONSHIP() );
#1014 = ITEM_DEFINED_TRANSFORMATION('','',#11,#15);
#1015 = PRODUCT_DEFINITION_SHAPE('Placement','Placement of an item',
  #1016);
#1016 = NEXT_ASSEMBLY_USAGE_OCCURRENCE('1','L9','',#5,#147,$);
#1017 = PRODUCT_RELATED_PRODUCT_CATEGORY('part',$,(#149));
#1018 = SHAPE_DEFINITION_REPRESENTATION(#1019,#1025);
#1019 = PRODUCT_DEFINITION_SHAPE('','',#1020);
#1020 = PRODUCT_DEFINITION('design','',#1021,#1024);
#1021 = PRODUCT_DEFINITION_FORMATION('','',#1022);
#1022 = PRODUCT('R_0402_1005Metric','R_0402_1005Metric','',(#1023));
#1023 = PRODUCT_CONTEXT('',#2,'mechanical');
#1024 = PRODUCT_DEFINITION_CONTEXT('part definition',#2,'design');
#1025 = ADVANCED_BREP_SHAPE_REPRESENTATION('',(#11,#1026),#1816);
#1026 = MANIFOLD_SOLID_BREP('',#1027);
#1027 = CLOSED_SHELL('',(#1028,#1068,#1151,#1176,#1201,#1268,#1285,#1302
    ,#1351,#1368,#1385,#1434,#1451,#1520,#1551,#1575,#1644,#1668,#1685,
    #1702,#1719,#1736,#1753,#1770,#1787,#1804));
#1028 = ADVANCED_FACE('',(#1029),#1063,.F.);
#1029 = FACE_BOUND('',#1030,.F.);
#1030 = EDGE_LOOP('',(#1031,#1041,#1049,#1057));
#1031 = ORIENTED_EDGE('',*,*,#1032,.F.);
#1032 = EDGE_CURVE('',#1033,#1035,#1037,.T.);
#1033 = VERTEX_POINT('',#1034);
#1034 = CARTESIAN_POINT('',(-0.5,-0.25,3.5E-02));
#1035 = VERTEX_POINT('',#1036);
#1036 = CARTESIAN_POINT('',(-0.5,-0.25,0.315));
#1037 = LINE('',#1038,#1039);
#1038 = CARTESIAN_POINT('',(-0.5,-0.25,0.));
#1039 = VECTOR('',#1040,1.);
#1040 = DIRECTION('',(0.,0.,1.));
#1041 = ORIENTED_EDGE('',*,*,#1042,.T.);
#1042 = EDGE_CURVE('',#1033,#1043,#1045,.T.);
#1043 = VERTEX_POINT('',#1044);
#1044 = CARTESIAN_POINT('',(-0.5,0.25,3.5E-02));
#1045 = LINE('',#1046,#1047);
#1046 = CARTESIAN_POINT('',(-0.5,-0.25,3.5E-02));
#1047 = VECTOR('',#1048,1.);
#1048 = DIRECTION('',(0.,1.,0.));
#1049 = ORIENTED_EDGE('',*,*,#1050,.T.);
#1050 = EDGE_CURVE('',#1043,#1051,#1053,.T.);
#1051 = VERTEX_POINT('',#1052);
#1052 = CARTESIAN_POINT('',(-0.5,0.25,0.315));
#1053 = LINE('',#1054,#1055);
#1054 = CARTESIAN_POINT('',(-0.5,0.25,0.));
#1055 = VECTOR('',#1056,1.);
#1056 = DIRECTION('',(0.,0.,1.));
#1057 = ORIENTED_EDGE('',*,*,#1058,.F.);
#1058 = EDGE_CURVE('',#1035,#1051,#1059,.T.);
#1059 = LINE('',#1060,#1061);
#1060 = CARTESIAN_POINT('',(-0.5,-0.25,0.315));
#1061 = VECTOR('',#1062,1.);
#1062 = DIRECTION('',(0.,1.,0.));
#1063 = PLANE('',#1064);
#1064 = AXIS2_PLACEMENT_3D('',#1065,#1066,#1067);
#1065 = CARTESIAN_POINT('',(-0.5,-0.25,0.));
#1066 = DIRECTION('',(1.,0.,0.));
#1067 = DIRECTION('',(0.,0.,1.));
#1068 = ADVANCED_FACE('',(#1069),#1146,.F.);
#1069 = FACE_BOUND('',#1070,.F.);
#1070 = EDGE_LOOP('',(#1071,#1081,#1088,#1089,#1098,#1106,#1115,#1123,
    #1131,#1139));
#1071 = ORIENTED_EDGE('',*,*,#1072,.F.);
#1072 = EDGE_CURVE('',#1073,#1075,#1077,.T.);
#1073 = VERTEX_POINT('',#1074);
#1074 = CARTESIAN_POINT('',(-0.465,-0.25,-2.775557561563E-17));
#1075 = VERTEX_POINT('',#1076);
#1076 = CARTESIAN_POINT('',(-0.335,-0.25,-2.775557561563E-17));
#1077 = LINE('',#1078,#1079);
#1078 = CARTESIAN_POINT('',(-0.5,-0.25,0.));
#1079 = VECTOR('',#1080,1.);
#1080 = DIRECTION('',(1.,0.,0.));
#1081 = ORIENTED_EDGE('',*,*,#1082,.F.);
#1082 = EDGE_CURVE('',#1033,#1073,#1083,.T.);
#1083 = CIRCLE('',#1084,3.5E-02);
#1084 = AXIS2_PLACEMENT_3D('',#1085,#1086,#1087);
#1085 = CARTESIAN_POINT('',(-0.465,-0.25,3.5E-02));
#1086 = DIRECTION('',(0.,-1.,0.));
#1087 = DIRECTION('',(0.,0.,1.));
#1088 = ORIENTED_EDGE('',*,*,#1032,.T.);
#1089 = ORIENTED_EDGE('',*,*,#1090,.T.);
#1090 = EDGE_CURVE('',#1035,#1091,#1093,.T.);
#1091 = VERTEX_POINT('',#1092);
#1092 = CARTESIAN_POINT('',(-0.465,-0.25,0.35));
#1093 = CIRCLE('',#1094,3.5E-02);
#1094 = AXIS2_PLACEMENT_3D('',#1095,#1096,#1097);
#1095 = CARTESIAN_POINT('',(-0.465,-0.25,0.315));
#1096 = DIRECTION('',(0.,1.,0.));
#1097 = DIRECTION('',(0.,-0.,1.));
#1098 = ORIENTED_EDGE('',*,*,#1099,.T.);
#1099 = EDGE_CURVE('',#1091,#1100,#1102,.T.);
#1100 = VERTEX_POINT('',#1101);
#1101 = CARTESIAN_POINT('',(-0.335,-0.25,0.35));
#1102 = LINE('',#1103,#1104);
#1103 = CARTESIAN_POINT('',(-0.5,-0.25,0.35));
#1104 = VECTOR('',#1105,1.);
#1105 = DIRECTION('',(1.,0.,0.));
#1106 = ORIENTED_EDGE('',*,*,#1107,.F.);
#1107 = EDGE_CURVE('',#1108,#1100,#1110,.T.);
#1108 = VERTEX_POINT('',#1109);
#1109 = CARTESIAN_POINT('',(-0.3,-0.25,0.315));
#1110 = CIRCLE('',#1111,3.5E-02);
#1111 = AXIS2_PLACEMENT_3D('',#1112,#1113,#1114);
#1112 = CARTESIAN_POINT('',(-0.335,-0.25,0.315));
#1113 = DIRECTION('',(0.,-1.,0.));
#1114 = DIRECTION('',(0.,0.,1.));
#1115 = ORIENTED_EDGE('',*,*,#1116,.F.);
#1116 = EDGE_CURVE('',#1117,#1108,#1119,.T.);
#1117 = VERTEX_POINT('',#1118);
#1118 = CARTESIAN_POINT('',(-0.465,-0.25,0.315));
#1119 = LINE('',#1120,#1121);
#1120 = CARTESIAN_POINT('',(-0.465,-0.25,0.315));
#1121 = VECTOR('',#1122,1.);
#1122 = DIRECTION('',(1.,0.,0.));
#1123 = ORIENTED_EDGE('',*,*,#1124,.F.);
#1124 = EDGE_CURVE('',#1125,#1117,#1127,.T.);
#1125 = VERTEX_POINT('',#1126);
#1126 = CARTESIAN_POINT('',(-0.465,-0.25,3.5E-02));
#1127 = LINE('',#1128,#1129);
#1128 = CARTESIAN_POINT('',(-0.465,-0.25,3.5E-02));
#1129 = VECTOR('',#1130,1.);
#1130 = DIRECTION('',(0.,0.,1.));
#1131 = ORIENTED_EDGE('',*,*,#1132,.T.);
#1132 = EDGE_CURVE('',#1125,#1133,#1135,.T.);
#1133 = VERTEX_POINT('',#1134);
#1134 = CARTESIAN_POINT('',(-0.3,-0.25,3.5E-02));
#1135 = LINE('',#1136,#1137);
#1136 = CARTESIAN_POINT('',(-0.465,-0.25,3.5E-02));
#1137 = VECTOR('',#1138,1.);
#1138 = DIRECTION('',(1.,0.,0.));
#1139 = ORIENTED_EDGE('',*,*,#1140,.T.);
#1140 = EDGE_CURVE('',#1133,#1075,#1141,.T.);
#1141 = CIRCLE('',#1142,3.5E-02);
#1142 = AXIS2_PLACEMENT_3D('',#1143,#1144,#1145);
#1143 = CARTESIAN_POINT('',(-0.335,-0.25,3.5E-02));
#1144 = DIRECTION('',(0.,1.,0.));
#1145 = DIRECTION('',(0.,-0.,1.));
#1146 = PLANE('',#1147);
#1147 = AXIS2_PLACEMENT_3D('',#1148,#1149,#1150);
#1148 = CARTESIAN_POINT('',(-0.5,-0.25,0.));
#1149 = DIRECTION('',(0.,1.,0.));
#1150 = DIRECTION('',(0.,-0.,1.));
#1151 = ADVANCED_FACE('',(#1152),#1171,.T.);
#1152 = FACE_BOUND('',#1153,.T.);
#1153 = EDGE_LOOP('',(#1154,#1155,#1164,#1170));
#1154 = ORIENTED_EDGE('',*,*,#1042,.T.);
#1155 = ORIENTED_EDGE('',*,*,#1156,.T.);
#1156 = EDGE_CURVE('',#1043,#1157,#1159,.T.);
#1157 = VERTEX_POINT('',#1158);
#1158 = CARTESIAN_POINT('',(-0.465,0.25,-2.775557561563E-17));
#1159 = CIRCLE('',#1160,3.5E-02);
#1160 = AXIS2_PLACEMENT_3D('',#1161,#1162,#1163);
#1161 = CARTESIAN_POINT('',(-0.465,0.25,3.5E-02));
#1162 = DIRECTION('',(0.,-1.,0.));
#1163 = DIRECTION('',(0.,0.,1.));
#1164 = ORIENTED_EDGE('',*,*,#1165,.F.);
#1165 = EDGE_CURVE('',#1073,#1157,#1166,.T.);
#1166 = LINE('',#1167,#1168);
#1167 = CARTESIAN_POINT('',(-0.465,-0.25,-2.775557561563E-17));
#1168 = VECTOR('',#1169,1.);
#1169 = DIRECTION('',(0.,1.,0.));
#1170 = ORIENTED_EDGE('',*,*,#1082,.F.);
#1171 = CYLINDRICAL_SURFACE('',#1172,3.5E-02);
#1172 = AXIS2_PLACEMENT_3D('',#1173,#1174,#1175);
#1173 = CARTESIAN_POINT('',(-0.465,-0.25,3.5E-02));
#1174 = DIRECTION('',(0.,1.,0.));
#1175 = DIRECTION('',(-1.,0.,0.));
#1176 = ADVANCED_FACE('',(#1177),#1196,.T.);
#1177 = FACE_BOUND('',#1178,.T.);
#1178 = EDGE_LOOP('',(#1179,#1180,#1188,#1195));
#1179 = ORIENTED_EDGE('',*,*,#1090,.T.);
#1180 = ORIENTED_EDGE('',*,*,#1181,.T.);
#1181 = EDGE_CURVE('',#1091,#1182,#1184,.T.);
#1182 = VERTEX_POINT('',#1183);
#1183 = CARTESIAN_POINT('',(-0.465,0.25,0.35));
#1184 = LINE('',#1185,#1186);
#1185 = CARTESIAN_POINT('',(-0.465,-0.25,0.35));
#1186 = VECTOR('',#1187,1.);
#1187 = DIRECTION('',(0.,1.,0.));
#1188 = ORIENTED_EDGE('',*,*,#1189,.F.);
#1189 = EDGE_CURVE('',#1051,#1182,#1190,.T.);
#1190 = CIRCLE('',#1191,3.5E-02);
#1191 = AXIS2_PLACEMENT_3D('',#1192,#1193,#1194);
#1192 = CARTESIAN_POINT('',(-0.465,0.25,0.315));
#1193 = DIRECTION('',(0.,1.,0.));
#1194 = DIRECTION('',(0.,-0.,1.));
#1195 = ORIENTED_EDGE('',*,*,#1058,.F.);
#1196 = CYLINDRICAL_SURFACE('',#1197,3.5E-02);
#1197 = AXIS2_PLACEMENT_3D('',#1198,#1199,#1200);
#1198 = CARTESIAN_POINT('',(-0.465,-0.25,0.315));
#1199 = DIRECTION('',(0.,1.,0.));
#1200 = DIRECTION('',(-1.,0.,0.));
#1201 = ADVANCED_FACE('',(#1202),#1263,.T.);
#1202 = FACE_BOUND('',#1203,.T.);
#1203 = EDGE_LOOP('',(#1204,#1212,#1213,#1214,#1215,#1223,#1232,#1240,
    #1248,#1256));
#1204 = ORIENTED_EDGE('',*,*,#1205,.F.);
#1205 = EDGE_CURVE('',#1157,#1206,#1208,.T.);
#1206 = VERTEX_POINT('',#1207);
#1207 = CARTESIAN_POINT('',(-0.335,0.25,-2.775557561563E-17));
#1208 = LINE('',#1209,#1210);
#1209 = CARTESIAN_POINT('',(-0.5,0.25,0.));
#1210 = VECTOR('',#1211,1.);
#1211 = DIRECTION('',(1.,0.,0.));
#1212 = ORIENTED_EDGE('',*,*,#1156,.F.);
#1213 = ORIENTED_EDGE('',*,*,#1050,.T.);
#1214 = ORIENTED_EDGE('',*,*,#1189,.T.);
#1215 = ORIENTED_EDGE('',*,*,#1216,.T.);
#1216 = EDGE_CURVE('',#1182,#1217,#1219,.T.);
#1217 = VERTEX_POINT('',#1218);
#1218 = CARTESIAN_POINT('',(-0.335,0.25,0.35));
#1219 = LINE('',#1220,#1221);
#1220 = CARTESIAN_POINT('',(-0.5,0.25,0.35));
#1221 = VECTOR('',#1222,1.);
#1222 = DIRECTION('',(1.,0.,0.));
#1223 = ORIENTED_EDGE('',*,*,#1224,.F.);
#1224 = EDGE_CURVE('',#1225,#1217,#1227,.T.);
#1225 = VERTEX_POINT('',#1226);
#1226 = CARTESIAN_POINT('',(-0.3,0.25,0.315));
#1227 = CIRCLE('',#1228,3.5E-02);
#1228 = AXIS2_PLACEMENT_3D('',#1229,#1230,#1231);
#1229 = CARTESIAN_POINT('',(-0.335,0.25,0.315));
#1230 = DIRECTION('',(0.,-1.,0.));
#1231 = DIRECTION('',(0.,0.,1.));
#1232 = ORIENTED_EDGE('',*,*,#1233,.F.);
#1233 = EDGE_CURVE('',#1234,#1225,#1236,.T.);
#1234 = VERTEX_POINT('',#1235);
#1235 = CARTESIAN_POINT('',(-0.465,0.25,0.315));
#1236 = LINE('',#1237,#1238);
#1237 = CARTESIAN_POINT('',(-0.465,0.25,0.315));
#1238 = VECTOR('',#1239,1.);
#1239 = DIRECTION('',(1.,0.,0.));
#1240 = ORIENTED_EDGE('',*,*,#1241,.F.);
#1241 = EDGE_CURVE('',#1242,#1234,#1244,.T.);
#1242 = VERTEX_POINT('',#1243);
#1243 = CARTESIAN_POINT('',(-0.465,0.25,3.5E-02));
#1244 = LINE('',#1245,#1246);
#1245 = CARTESIAN_POINT('',(-0.465,0.25,3.5E-02));
#1246 = VECTOR('',#1247,1.);
#1247 = DIRECTION('',(0.,0.,1.));
#1248 = ORIENTED_EDGE('',*,*,#1249,.T.);
#1249 = EDGE_CURVE('',#1242,#1250,#1252,.T.);
#1250 = VERTEX_POINT('',#1251);
#1251 = CARTESIAN_POINT('',(-0.3,0.25,3.5E-02));
#1252 = LINE('',#1253,#1254);
#1253 = CARTESIAN_POINT('',(-0.465,0.25,3.5E-02));
#1254 = VECTOR('',#1255,1.);
#1255 = DIRECTION('',(1.,0.,0.));
#1256 = ORIENTED_EDGE('',*,*,#1257,.T.);
#1257 = EDGE_CURVE('',#1250,#1206,#1258,.T.);
#1258 = CIRCLE('',#1259,3.5E-02);
#1259 = AXIS2_PLACEMENT_3D('',#1260,#1261,#1262);
#1260 = CARTESIAN_POINT('',(-0.335,0.25,3.5E-02));
#1261 = DIRECTION('',(0.,1.,0.));
#1262 = DIRECTION('',(0.,-0.,1.));
#1263 = PLANE('',#1264);
#1264 = AXIS2_PLACEMENT_3D('',#1265,#1266,#1267);
#1265 = CARTESIAN_POINT('',(-0.5,0.25,0.));
#1266 = DIRECTION('',(0.,1.,0.));
#1267 = DIRECTION('',(0.,-0.,1.));
#1268 = ADVANCED_FACE('',(#1269),#1280,.F.);
#1269 = FACE_BOUND('',#1270,.F.);
#1270 = EDGE_LOOP('',(#1271,#1272,#1273,#1274));
#1271 = ORIENTED_EDGE('',*,*,#1205,.F.);
#1272 = ORIENTED_EDGE('',*,*,#1165,.F.);
#1273 = ORIENTED_EDGE('',*,*,#1072,.T.);
#1274 = ORIENTED_EDGE('',*,*,#1275,.T.);
#1275 = EDGE_CURVE('',#1075,#1206,#1276,.T.);
#1276 = LINE('',#1277,#1278);
#1277 = CARTESIAN_POINT('',(-0.335,-0.25,-2.775557561563E-17));
#1278 = VECTOR('',#1279,1.);
#1279 = DIRECTION('',(0.,1.,0.));
#1280 = PLANE('',#1281);
#1281 = AXIS2_PLACEMENT_3D('',#1282,#1283,#1284);
#1282 = CARTESIAN_POINT('',(-0.5,-0.25,0.));
#1283 = DIRECTION('',(0.,0.,1.));
#1284 = DIRECTION('',(1.,0.,-0.));
#1285 = ADVANCED_FACE('',(#1286),#1297,.T.);
#1286 = FACE_BOUND('',#1287,.T.);
#1287 = EDGE_LOOP('',(#1288,#1289,#1290,#1291));
#1288 = ORIENTED_EDGE('',*,*,#1140,.T.);
#1289 = ORIENTED_EDGE('',*,*,#1275,.T.);
#1290 = ORIENTED_EDGE('',*,*,#1257,.F.);
#1291 = ORIENTED_EDGE('',*,*,#1292,.F.);
#1292 = EDGE_CURVE('',#1133,#1250,#1293,.T.);
#1293 = LINE('',#1294,#1295);
#1294 = CARTESIAN_POINT('',(-0.3,-0.25,3.5E-02));
#1295 = VECTOR('',#1296,1.);
#1296 = DIRECTION('',(0.,1.,0.));
#1297 = CYLINDRICAL_SURFACE('',#1298,3.5E-02);
#1298 = AXIS2_PLACEMENT_3D('',#1299,#1300,#1301);
#1299 = CARTESIAN_POINT('',(-0.335,-0.25,3.5E-02));
#1300 = DIRECTION('',(0.,1.,0.));
#1301 = DIRECTION('',(1.,0.,0.));
#1302 = ADVANCED_FACE('',(#1303),#1346,.F.);
#1303 = FACE_BOUND('',#1304,.F.);
#1304 = EDGE_LOOP('',(#1305,#1306,#1307,#1308,#1316,#1324,#1332,#1340));
#1305 = ORIENTED_EDGE('',*,*,#1132,.F.);
#1306 = ORIENTED_EDGE('',*,*,#1124,.T.);
#1307 = ORIENTED_EDGE('',*,*,#1116,.T.);
#1308 = ORIENTED_EDGE('',*,*,#1309,.T.);
#1309 = EDGE_CURVE('',#1108,#1310,#1312,.T.);
#1310 = VERTEX_POINT('',#1311);
#1311 = CARTESIAN_POINT('',(0.3,-0.25,0.315));
#1312 = LINE('',#1313,#1314);
#1313 = CARTESIAN_POINT('',(-0.3,-0.25,0.315));
#1314 = VECTOR('',#1315,1.);
#1315 = DIRECTION('',(1.,0.,0.));
#1316 = ORIENTED_EDGE('',*,*,#1317,.T.);
#1317 = EDGE_CURVE('',#1310,#1318,#1320,.T.);
#1318 = VERTEX_POINT('',#1319);
#1319 = CARTESIAN_POINT('',(0.465,-0.25,0.315));
#1320 = LINE('',#1321,#1322);
#1321 = CARTESIAN_POINT('',(-0.465,-0.25,0.315));
#1322 = VECTOR('',#1323,1.);
#1323 = DIRECTION('',(1.,0.,0.));
#1324 = ORIENTED_EDGE('',*,*,#1325,.F.);
#1325 = EDGE_CURVE('',#1326,#1318,#1328,.T.);
#1326 = VERTEX_POINT('',#1327);
#1327 = CARTESIAN_POINT('',(0.465,-0.25,3.5E-02));
#1328 = LINE('',#1329,#1330);
#1329 = CARTESIAN_POINT('',(0.465,-0.25,3.5E-02));
#1330 = VECTOR('',#1331,1.);
#1331 = DIRECTION('',(0.,0.,1.));
#1332 = ORIENTED_EDGE('',*,*,#1333,.F.);
#1333 = EDGE_CURVE('',#1334,#1326,#1336,.T.);
#1334 = VERTEX_POINT('',#1335);
#1335 = CARTESIAN_POINT('',(0.3,-0.25,3.5E-02));
#1336 = LINE('',#1337,#1338);
#1337 = CARTESIAN_POINT('',(-0.465,-0.25,3.5E-02));
#1338 = VECTOR('',#1339,1.);
#1339 = DIRECTION('',(1.,0.,0.));
#1340 = ORIENTED_EDGE('',*,*,#1341,.F.);
#1341 = EDGE_CURVE('',#1133,#1334,#1342,.T.);
#1342 = LINE('',#1343,#1344);
#1343 = CARTESIAN_POINT('',(-0.465,-0.25,3.5E-02));
#1344 = VECTOR('',#1345,1.);
#1345 = DIRECTION('',(1.,0.,0.));
#1346 = PLANE('',#1347);
#1347 = AXIS2_PLACEMENT_3D('',#1348,#1349,#1350);
#1348 = CARTESIAN_POINT('',(-0.465,-0.25,3.5E-02));
#1349 = DIRECTION('',(0.,1.,0.));
#1350 = DIRECTION('',(0.,-0.,1.));
#1351 = ADVANCED_FACE('',(#1352),#1363,.T.);
#1352 = FACE_BOUND('',#1353,.T.);
#1353 = EDGE_LOOP('',(#1354,#1355,#1356,#1357));
#1354 = ORIENTED_EDGE('',*,*,#1216,.F.);
#1355 = ORIENTED_EDGE('',*,*,#1181,.F.);
#1356 = ORIENTED_EDGE('',*,*,#1099,.T.);
#1357 = ORIENTED_EDGE('',*,*,#1358,.T.);
#1358 = EDGE_CURVE('',#1100,#1217,#1359,.T.);
#1359 = LINE('',#1360,#1361);
#1360 = CARTESIAN_POINT('',(-0.335,-0.25,0.35));
#1361 = VECTOR('',#1362,1.);
#1362 = DIRECTION('',(0.,1.,0.));
#1363 = PLANE('',#1364);
#1364 = AXIS2_PLACEMENT_3D('',#1365,#1366,#1367);
#1365 = CARTESIAN_POINT('',(-0.5,-0.25,0.35));
#1366 = DIRECTION('',(0.,0.,1.));
#1367 = DIRECTION('',(1.,0.,-0.));
#1368 = ADVANCED_FACE('',(#1369),#1380,.T.);
#1369 = FACE_BOUND('',#1370,.T.);
#1370 = EDGE_LOOP('',(#1371,#1377,#1378,#1379));
#1371 = ORIENTED_EDGE('',*,*,#1372,.T.);
#1372 = EDGE_CURVE('',#1108,#1225,#1373,.T.);
#1373 = LINE('',#1374,#1375);
#1374 = CARTESIAN_POINT('',(-0.3,-0.25,0.315));
#1375 = VECTOR('',#1376,1.);
#1376 = DIRECTION('',(0.,1.,0.));
#1377 = ORIENTED_EDGE('',*,*,#1224,.T.);
#1378 = ORIENTED_EDGE('',*,*,#1358,.F.);
#1379 = ORIENTED_EDGE('',*,*,#1107,.F.);
#1380 = CYLINDRICAL_SURFACE('',#1381,3.5E-02);
#1381 = AXIS2_PLACEMENT_3D('',#1382,#1383,#1384);
#1382 = CARTESIAN_POINT('',(-0.335,-0.25,0.315));
#1383 = DIRECTION('',(0.,1.,0.));
#1384 = DIRECTION('',(1.,0.,0.));
#1385 = ADVANCED_FACE('',(#1386),#1429,.T.);
#1386 = FACE_BOUND('',#1387,.T.);
#1387 = EDGE_LOOP('',(#1388,#1389,#1390,#1391,#1399,#1407,#1415,#1423));
#1388 = ORIENTED_EDGE('',*,*,#1249,.F.);
#1389 = ORIENTED_EDGE('',*,*,#1241,.T.);
#1390 = ORIENTED_EDGE('',*,*,#1233,.T.);
#1391 = ORIENTED_EDGE('',*,*,#1392,.T.);
#1392 = EDGE_CURVE('',#1225,#1393,#1395,.T.);
#1393 = VERTEX_POINT('',#1394);
#1394 = CARTESIAN_POINT('',(0.3,0.25,0.315));
#1395 = LINE('',#1396,#1397);
#1396 = CARTESIAN_POINT('',(-0.3,0.25,0.315));
#1397 = VECTOR('',#1398,1.);
#1398 = DIRECTION('',(1.,0.,0.));
#1399 = ORIENTED_EDGE('',*,*,#1400,.T.);
#1400 = EDGE_CURVE('',#1393,#1401,#1403,.T.);
#1401 = VERTEX_POINT('',#1402);
#1402 = CARTESIAN_POINT('',(0.465,0.25,0.315));
#1403 = LINE('',#1404,#1405);
#1404 = CARTESIAN_POINT('',(-0.465,0.25,0.315));
#1405 = VECTOR('',#1406,1.);
#1406 = DIRECTION('',(1.,0.,0.));
#1407 = ORIENTED_EDGE('',*,*,#1408,.F.);
#1408 = EDGE_CURVE('',#1409,#1401,#1411,.T.);
#1409 = VERTEX_POINT('',#1410);
#1410 = CARTESIAN_POINT('',(0.465,0.25,3.5E-02));
#1411 = LINE('',#1412,#1413);
#1412 = CARTESIAN_POINT('',(0.465,0.25,3.5E-02));
#1413 = VECTOR('',#1414,1.);
#1414 = DIRECTION('',(0.,0.,1.));
#1415 = ORIENTED_EDGE('',*,*,#1416,.F.);
#1416 = EDGE_CURVE('',#1417,#1409,#1419,.T.);
#1417 = VERTEX_POINT('',#1418);
#1418 = CARTESIAN_POINT('',(0.3,0.25,3.5E-02));
#1419 = LINE('',#1420,#1421);
#1420 = CARTESIAN_POINT('',(-0.465,0.25,3.5E-02));
#1421 = VECTOR('',#1422,1.);
#1422 = DIRECTION('',(1.,0.,0.));
#1423 = ORIENTED_EDGE('',*,*,#1424,.F.);
#1424 = EDGE_CURVE('',#1250,#1417,#1425,.T.);
#1425 = LINE('',#1426,#1427);
#1426 = CARTESIAN_POINT('',(-0.465,0.25,3.5E-02));
#1427 = VECTOR('',#1428,1.);
#1428 = DIRECTION('',(1.,0.,0.));
#1429 = PLANE('',#1430);
#1430 = AXIS2_PLACEMENT_3D('',#1431,#1432,#1433);
#1431 = CARTESIAN_POINT('',(-0.465,0.25,3.5E-02));
#1432 = DIRECTION('',(0.,1.,0.));
#1433 = DIRECTION('',(0.,-0.,1.));
#1434 = ADVANCED_FACE('',(#1435),#1446,.F.);
#1435 = FACE_BOUND('',#1436,.F.);
#1436 = EDGE_LOOP('',(#1437,#1438,#1439,#1445));
#1437 = ORIENTED_EDGE('',*,*,#1292,.F.);
#1438 = ORIENTED_EDGE('',*,*,#1341,.T.);
#1439 = ORIENTED_EDGE('',*,*,#1440,.T.);
#1440 = EDGE_CURVE('',#1334,#1417,#1441,.T.);
#1441 = LINE('',#1442,#1443);
#1442 = CARTESIAN_POINT('',(0.3,-0.25,3.5E-02));
#1443 = VECTOR('',#1444,1.);
#1444 = DIRECTION('',(0.,1.,0.));
#1445 = ORIENTED_EDGE('',*,*,#1424,.F.);
#1446 = PLANE('',#1447);
#1447 = AXIS2_PLACEMENT_3D('',#1448,#1449,#1450);
#1448 = CARTESIAN_POINT('',(-0.465,-0.25,3.5E-02));
#1449 = DIRECTION('',(0.,0.,1.));
#1450 = DIRECTION('',(1.,0.,-0.));
#1451 = ADVANCED_FACE('',(#1452),#1515,.F.);
#1452 = FACE_BOUND('',#1453,.F.);
#1453 = EDGE_LOOP('',(#1454,#1464,#1471,#1472,#1473,#1474,#1483,#1491,
    #1500,#1508));
#1454 = ORIENTED_EDGE('',*,*,#1455,.F.);
#1455 = EDGE_CURVE('',#1456,#1458,#1460,.T.);
#1456 = VERTEX_POINT('',#1457);
#1457 = CARTESIAN_POINT('',(0.335,-0.25,-2.775557561563E-17));
#1458 = VERTEX_POINT('',#1459);
#1459 = CARTESIAN_POINT('',(0.465,-0.25,-2.775557561563E-17));
#1460 = LINE('',#1461,#1462);
#1461 = CARTESIAN_POINT('',(0.3,-0.25,0.));
#1462 = VECTOR('',#1463,1.);
#1463 = DIRECTION('',(1.,0.,0.));
#1464 = ORIENTED_EDGE('',*,*,#1465,.F.);
#1465 = EDGE_CURVE('',#1334,#1456,#1466,.T.);
#1466 = CIRCLE('',#1467,3.5E-02);
#1467 = AXIS2_PLACEMENT_3D('',#1468,#1469,#1470);
#1468 = CARTESIAN_POINT('',(0.335,-0.25,3.5E-02));
#1469 = DIRECTION('',(0.,-1.,0.));
#1470 = DIRECTION('',(0.,0.,1.));
#1471 = ORIENTED_EDGE('',*,*,#1333,.T.);
#1472 = ORIENTED_EDGE('',*,*,#1325,.T.);
#1473 = ORIENTED_EDGE('',*,*,#1317,.F.);
#1474 = ORIENTED_EDGE('',*,*,#1475,.T.);
#1475 = EDGE_CURVE('',#1310,#1476,#1478,.T.);
#1476 = VERTEX_POINT('',#1477);
#1477 = CARTESIAN_POINT('',(0.335,-0.25,0.35));
#1478 = CIRCLE('',#1479,3.5E-02);
#1479 = AXIS2_PLACEMENT_3D('',#1480,#1481,#1482);
#1480 = CARTESIAN_POINT('',(0.335,-0.25,0.315));
#1481 = DIRECTION('',(0.,1.,0.));
#1482 = DIRECTION('',(0.,-0.,1.));
#1483 = ORIENTED_EDGE('',*,*,#1484,.T.);
#1484 = EDGE_CURVE('',#1476,#1485,#1487,.T.);
#1485 = VERTEX_POINT('',#1486);
#1486 = CARTESIAN_POINT('',(0.465,-0.25,0.35));
#1487 = LINE('',#1488,#1489);
#1488 = CARTESIAN_POINT('',(0.3,-0.25,0.35));
#1489 = VECTOR('',#1490,1.);
#1490 = DIRECTION('',(1.,0.,0.));
#1491 = ORIENTED_EDGE('',*,*,#1492,.F.);
#1492 = EDGE_CURVE('',#1493,#1485,#1495,.T.);
#1493 = VERTEX_POINT('',#1494);
#1494 = CARTESIAN_POINT('',(0.5,-0.25,0.315));
#1495 = CIRCLE('',#1496,3.5E-02);
#1496 = AXIS2_PLACEMENT_3D('',#1497,#1498,#1499);
#1497 = CARTESIAN_POINT('',(0.465,-0.25,0.315));
#1498 = DIRECTION('',(0.,-1.,0.));
#1499 = DIRECTION('',(0.,0.,1.));
#1500 = ORIENTED_EDGE('',*,*,#1501,.F.);
#1501 = EDGE_CURVE('',#1502,#1493,#1504,.T.);
#1502 = VERTEX_POINT('',#1503);
#1503 = CARTESIAN_POINT('',(0.5,-0.25,3.5E-02));
#1504 = LINE('',#1505,#1506);
#1505 = CARTESIAN_POINT('',(0.5,-0.25,0.));
#1506 = VECTOR('',#1507,1.);
#1507 = DIRECTION('',(0.,0.,1.));
#1508 = ORIENTED_EDGE('',*,*,#1509,.T.);
#1509 = EDGE_CURVE('',#1502,#1458,#1510,.T.);
#1510 = CIRCLE('',#1511,3.5E-02);
#1511 = AXIS2_PLACEMENT_3D('',#1512,#1513,#1514);
#1512 = CARTESIAN_POINT('',(0.465,-0.25,3.5E-02));
#1513 = DIRECTION('',(0.,1.,0.));
#1514 = DIRECTION('',(0.,-0.,1.));
#1515 = PLANE('',#1516);
#1516 = AXIS2_PLACEMENT_3D('',#1517,#1518,#1519);
#1517 = CARTESIAN_POINT('',(0.3,-0.25,0.));
#1518 = DIRECTION('',(0.,1.,0.));
#1519 = DIRECTION('',(0.,-0.,1.));
#1520 = ADVANCED_FACE('',(#1521),#1546,.F.);
#1521 = FACE_BOUND('',#1522,.F.);
#1522 = EDGE_LOOP('',(#1523,#1524,#1532,#1540));
#1523 = ORIENTED_EDGE('',*,*,#1309,.F.);
#1524 = ORIENTED_EDGE('',*,*,#1525,.T.);
#1525 = EDGE_CURVE('',#1108,#1526,#1528,.T.);
#1526 = VERTEX_POINT('',#1527);
#1527 = CARTESIAN_POINT('',(-0.3,-0.25,0.35));
#1528 = LINE('',#1529,#1530);
#1529 = CARTESIAN_POINT('',(-0.3,-0.25,0.315));
#1530 = VECTOR('',#1531,1.);
#1531 = DIRECTION('',(0.,0.,1.));
#1532 = ORIENTED_EDGE('',*,*,#1533,.T.);
#1533 = EDGE_CURVE('',#1526,#1534,#1536,.T.);
#1534 = VERTEX_POINT('',#1535);
#1535 = CARTESIAN_POINT('',(0.3,-0.25,0.35));
#1536 = LINE('',#1537,#1538);
#1537 = CARTESIAN_POINT('',(-0.3,-0.25,0.35));
#1538 = VECTOR('',#1539,1.);
#1539 = DIRECTION('',(1.,0.,0.));
#1540 = ORIENTED_EDGE('',*,*,#1541,.F.);
#1541 = EDGE_CURVE('',#1310,#1534,#1542,.T.);
#1542 = LINE('',#1543,#1544);
#1543 = CARTESIAN_POINT('',(0.3,-0.25,0.315));
#1544 = VECTOR('',#1545,1.);
#1545 = DIRECTION('',(0.,0.,1.));
#1546 = PLANE('',#1547);
#1547 = AXIS2_PLACEMENT_3D('',#1548,#1549,#1550);
#1548 = CARTESIAN_POINT('',(-0.3,-0.25,0.315));
#1549 = DIRECTION('',(0.,1.,0.));
#1550 = DIRECTION('',(0.,-0.,1.));
#1551 = ADVANCED_FACE('',(#1552),#1570,.F.);
#1552 = FACE_BOUND('',#1553,.F.);
#1553 = EDGE_LOOP('',(#1554,#1555,#1556,#1564));
#1554 = ORIENTED_EDGE('',*,*,#1525,.F.);
#1555 = ORIENTED_EDGE('',*,*,#1372,.T.);
#1556 = ORIENTED_EDGE('',*,*,#1557,.T.);
#1557 = EDGE_CURVE('',#1225,#1558,#1560,.T.);
#1558 = VERTEX_POINT('',#1559);
#1559 = CARTESIAN_POINT('',(-0.3,0.25,0.35));
#1560 = LINE('',#1561,#1562);
#1561 = CARTESIAN_POINT('',(-0.3,0.25,0.315));
#1562 = VECTOR('',#1563,1.);
#1563 = DIRECTION('',(0.,0.,1.));
#1564 = ORIENTED_EDGE('',*,*,#1565,.F.);
#1565 = EDGE_CURVE('',#1526,#1558,#1566,.T.);
#1566 = LINE('',#1567,#1568);
#1567 = CARTESIAN_POINT('',(-0.3,-0.25,0.35));
#1568 = VECTOR('',#1569,1.);
#1569 = DIRECTION('',(0.,1.,0.));
#1570 = PLANE('',#1571);
#1571 = AXIS2_PLACEMENT_3D('',#1572,#1573,#1574);
#1572 = CARTESIAN_POINT('',(-0.3,-0.25,0.315));
#1573 = DIRECTION('',(1.,0.,0.));
#1574 = DIRECTION('',(0.,0.,1.));
#1575 = ADVANCED_FACE('',(#1576),#1639,.T.);
#1576 = FACE_BOUND('',#1577,.T.);
#1577 = EDGE_LOOP('',(#1578,#1588,#1595,#1596,#1597,#1598,#1607,#1615,
    #1624,#1632));
#1578 = ORIENTED_EDGE('',*,*,#1579,.F.);
#1579 = EDGE_CURVE('',#1580,#1582,#1584,.T.);
#1580 = VERTEX_POINT('',#1581);
#1581 = CARTESIAN_POINT('',(0.335,0.25,-2.775557561563E-17));
#1582 = VERTEX_POINT('',#1583);
#1583 = CARTESIAN_POINT('',(0.465,0.25,-2.775557561563E-17));
#1584 = LINE('',#1585,#1586);
#1585 = CARTESIAN_POINT('',(0.3,0.25,0.));
#1586 = VECTOR('',#1587,1.);
#1587 = DIRECTION('',(1.,0.,0.));
#1588 = ORIENTED_EDGE('',*,*,#1589,.F.);
#1589 = EDGE_CURVE('',#1417,#1580,#1590,.T.);
#1590 = CIRCLE('',#1591,3.5E-02);
#1591 = AXIS2_PLACEMENT_3D('',#1592,#1593,#1594);
#1592 = CARTESIAN_POINT('',(0.335,0.25,3.5E-02));
#1593 = DIRECTION('',(0.,-1.,0.));
#1594 = DIRECTION('',(0.,0.,1.));
#1595 = ORIENTED_EDGE('',*,*,#1416,.T.);
#1596 = ORIENTED_EDGE('',*,*,#1408,.T.);
#1597 = ORIENTED_EDGE('',*,*,#1400,.F.);
#1598 = ORIENTED_EDGE('',*,*,#1599,.T.);
#1599 = EDGE_CURVE('',#1393,#1600,#1602,.T.);
#1600 = VERTEX_POINT('',#1601);
#1601 = CARTESIAN_POINT('',(0.335,0.25,0.35));
#1602 = CIRCLE('',#1603,3.5E-02);
#1603 = AXIS2_PLACEMENT_3D('',#1604,#1605,#1606);
#1604 = CARTESIAN_POINT('',(0.335,0.25,0.315));
#1605 = DIRECTION('',(0.,1.,0.));
#1606 = DIRECTION('',(0.,-0.,1.));
#1607 = ORIENTED_EDGE('',*,*,#1608,.T.);
#1608 = EDGE_CURVE('',#1600,#1609,#1611,.T.);
#1609 = VERTEX_POINT('',#1610);
#1610 = CARTESIAN_POINT('',(0.465,0.25,0.35));
#1611 = LINE('',#1612,#1613);
#1612 = CARTESIAN_POINT('',(0.3,0.25,0.35));
#1613 = VECTOR('',#1614,1.);
#1614 = DIRECTION('',(1.,0.,0.));
#1615 = ORIENTED_EDGE('',*,*,#1616,.F.);
#1616 = EDGE_CURVE('',#1617,#1609,#1619,.T.);
#1617 = VERTEX_POINT('',#1618);
#1618 = CARTESIAN_POINT('',(0.5,0.25,0.315));
#1619 = CIRCLE('',#1620,3.5E-02);
#1620 = AXIS2_PLACEMENT_3D('',#1621,#1622,#1623);
#1621 = CARTESIAN_POINT('',(0.465,0.25,0.315));
#1622 = DIRECTION('',(0.,-1.,0.));
#1623 = DIRECTION('',(0.,0.,1.));
#1624 = ORIENTED_EDGE('',*,*,#1625,.F.);
#1625 = EDGE_CURVE('',#1626,#1617,#1628,.T.);
#1626 = VERTEX_POINT('',#1627);
#1627 = CARTESIAN_POINT('',(0.5,0.25,3.5E-02));
#1628 = LINE('',#1629,#1630);
#1629 = CARTESIAN_POINT('',(0.5,0.25,0.));
#1630 = VECTOR('',#1631,1.);
#1631 = DIRECTION('',(0.,0.,1.));
#1632 = ORIENTED_EDGE('',*,*,#1633,.T.);
#1633 = EDGE_CURVE('',#1626,#1582,#1634,.T.);
#1634 = CIRCLE('',#1635,3.5E-02);
#1635 = AXIS2_PLACEMENT_3D('',#1636,#1637,#1638);
#1636 = CARTESIAN_POINT('',(0.465,0.25,3.5E-02));
#1637 = DIRECTION('',(0.,1.,0.));
#1638 = DIRECTION('',(0.,-0.,1.));
#1639 = PLANE('',#1640);
#1640 = AXIS2_PLACEMENT_3D('',#1641,#1642,#1643);
#1641 = CARTESIAN_POINT('',(0.3,0.25,0.));
#1642 = DIRECTION('',(0.,1.,0.));
#1643 = DIRECTION('',(0.,-0.,1.));
#1644 = ADVANCED_FACE('',(#1645),#1663,.T.);
#1645 = FACE_BOUND('',#1646,.T.);
#1646 = EDGE_LOOP('',(#1647,#1648,#1649,#1657));
#1647 = ORIENTED_EDGE('',*,*,#1392,.F.);
#1648 = ORIENTED_EDGE('',*,*,#1557,.T.);
#1649 = ORIENTED_EDGE('',*,*,#1650,.T.);
#1650 = EDGE_CURVE('',#1558,#1651,#1653,.T.);
#1651 = VERTEX_POINT('',#1652);
#1652 = CARTESIAN_POINT('',(0.3,0.25,0.35));
#1653 = LINE('',#1654,#1655);
#1654 = CARTESIAN_POINT('',(-0.3,0.25,0.35));
#1655 = VECTOR('',#1656,1.);
#1656 = DIRECTION('',(1.,0.,0.));
#1657 = ORIENTED_EDGE('',*,*,#1658,.F.);
#1658 = EDGE_CURVE('',#1393,#1651,#1659,.T.);
#1659 = LINE('',#1660,#1661);
#1660 = CARTESIAN_POINT('',(0.3,0.25,0.315));
#1661 = VECTOR('',#1662,1.);
#1662 = DIRECTION('',(0.,0.,1.));
#1663 = PLANE('',#1664);
#1664 = AXIS2_PLACEMENT_3D('',#1665,#1666,#1667);
#1665 = CARTESIAN_POINT('',(-0.3,0.25,0.315));
#1666 = DIRECTION('',(0.,1.,0.));
#1667 = DIRECTION('',(0.,-0.,1.));
#1668 = ADVANCED_FACE('',(#1669),#1680,.T.);
#1669 = FACE_BOUND('',#1670,.T.);
#1670 = EDGE_LOOP('',(#1671,#1672,#1673,#1679));
#1671 = ORIENTED_EDGE('',*,*,#1440,.T.);
#1672 = ORIENTED_EDGE('',*,*,#1589,.T.);
#1673 = ORIENTED_EDGE('',*,*,#1674,.F.);
#1674 = EDGE_CURVE('',#1456,#1580,#1675,.T.);
#1675 = LINE('',#1676,#1677);
#1676 = CARTESIAN_POINT('',(0.335,-0.25,-2.775557561563E-17));
#1677 = VECTOR('',#1678,1.);
#1678 = DIRECTION('',(0.,1.,0.));
#1679 = ORIENTED_EDGE('',*,*,#1465,.F.);
#1680 = CYLINDRICAL_SURFACE('',#1681,3.5E-02);
#1681 = AXIS2_PLACEMENT_3D('',#1682,#1683,#1684);
#1682 = CARTESIAN_POINT('',(0.335,-0.25,3.5E-02));
#1683 = DIRECTION('',(0.,1.,0.));
#1684 = DIRECTION('',(-1.,0.,0.));
#1685 = ADVANCED_FACE('',(#1686),#1697,.F.);
#1686 = FACE_BOUND('',#1687,.F.);
#1687 = EDGE_LOOP('',(#1688,#1689,#1690,#1691));
#1688 = ORIENTED_EDGE('',*,*,#1579,.F.);
#1689 = ORIENTED_EDGE('',*,*,#1674,.F.);
#1690 = ORIENTED_EDGE('',*,*,#1455,.T.);
#1691 = ORIENTED_EDGE('',*,*,#1692,.T.);
#1692 = EDGE_CURVE('',#1458,#1582,#1693,.T.);
#1693 = LINE('',#1694,#1695);
#1694 = CARTESIAN_POINT('',(0.465,-0.25,-2.775557561563E-17));
#1695 = VECTOR('',#1696,1.);
#1696 = DIRECTION('',(0.,1.,0.));
#1697 = PLANE('',#1698);
#1698 = AXIS2_PLACEMENT_3D('',#1699,#1700,#1701);
#1699 = CARTESIAN_POINT('',(0.3,-0.25,0.));
#1700 = DIRECTION('',(0.,0.,1.));
#1701 = DIRECTION('',(1.,0.,-0.));
#1702 = ADVANCED_FACE('',(#1703),#1714,.T.);
#1703 = FACE_BOUND('',#1704,.T.);
#1704 = EDGE_LOOP('',(#1705,#1706,#1707,#1708));
#1705 = ORIENTED_EDGE('',*,*,#1509,.T.);
#1706 = ORIENTED_EDGE('',*,*,#1692,.T.);
#1707 = ORIENTED_EDGE('',*,*,#1633,.F.);
#1708 = ORIENTED_EDGE('',*,*,#1709,.F.);
#1709 = EDGE_CURVE('',#1502,#1626,#1710,.T.);
#1710 = LINE('',#1711,#1712);
#1711 = CARTESIAN_POINT('',(0.5,-0.25,3.5E-02));
#1712 = VECTOR('',#1713,1.);
#1713 = DIRECTION('',(0.,1.,0.));
#1714 = CYLINDRICAL_SURFACE('',#1715,3.5E-02);
#1715 = AXIS2_PLACEMENT_3D('',#1716,#1717,#1718);
#1716 = CARTESIAN_POINT('',(0.465,-0.25,3.5E-02));
#1717 = DIRECTION('',(0.,1.,0.));
#1718 = DIRECTION('',(1.,0.,0.));
#1719 = ADVANCED_FACE('',(#1720),#1731,.T.);
#1720 = FACE_BOUND('',#1721,.T.);
#1721 = EDGE_LOOP('',(#1722,#1723,#1724,#1725));
#1722 = ORIENTED_EDGE('',*,*,#1501,.F.);
#1723 = ORIENTED_EDGE('',*,*,#1709,.T.);
#1724 = ORIENTED_EDGE('',*,*,#1625,.T.);
#1725 = ORIENTED_EDGE('',*,*,#1726,.F.);
#1726 = EDGE_CURVE('',#1493,#1617,#1727,.T.);
#1727 = LINE('',#1728,#1729);
#1728 = CARTESIAN_POINT('',(0.5,-0.25,0.315));
#1729 = VECTOR('',#1730,1.);
#1730 = DIRECTION('',(0.,1.,0.));
#1731 = PLANE('',#1732);
#1732 = AXIS2_PLACEMENT_3D('',#1733,#1734,#1735);
#1733 = CARTESIAN_POINT('',(0.5,-0.25,0.));
#1734 = DIRECTION('',(1.,0.,0.));
#1735 = DIRECTION('',(0.,0.,1.));
#1736 = ADVANCED_FACE('',(#1737),#1748,.T.);
#1737 = FACE_BOUND('',#1738,.T.);
#1738 = EDGE_LOOP('',(#1739,#1740,#1741,#1747));
#1739 = ORIENTED_EDGE('',*,*,#1726,.T.);
#1740 = ORIENTED_EDGE('',*,*,#1616,.T.);
#1741 = ORIENTED_EDGE('',*,*,#1742,.F.);
#1742 = EDGE_CURVE('',#1485,#1609,#1743,.T.);
#1743 = LINE('',#1744,#1745);
#1744 = CARTESIAN_POINT('',(0.465,-0.25,0.35));
#1745 = VECTOR('',#1746,1.);
#1746 = DIRECTION('',(0.,1.,0.));
#1747 = ORIENTED_EDGE('',*,*,#1492,.F.);
#1748 = CYLINDRICAL_SURFACE('',#1749,3.5E-02);
#1749 = AXIS2_PLACEMENT_3D('',#1750,#1751,#1752);
#1750 = CARTESIAN_POINT('',(0.465,-0.25,0.315));
#1751 = DIRECTION('',(0.,1.,0.));
#1752 = DIRECTION('',(1.,0.,0.));
#1753 = ADVANCED_FACE('',(#1754),#1765,.T.);
#1754 = FACE_BOUND('',#1755,.T.);
#1755 = EDGE_LOOP('',(#1756,#1757,#1763,#1764));
#1756 = ORIENTED_EDGE('',*,*,#1608,.F.);
#1757 = ORIENTED_EDGE('',*,*,#1758,.F.);
#1758 = EDGE_CURVE('',#1476,#1600,#1759,.T.);
#1759 = LINE('',#1760,#1761);
#1760 = CARTESIAN_POINT('',(0.335,-0.25,0.35));
#1761 = VECTOR('',#1762,1.);
#1762 = DIRECTION('',(0.,1.,0.));
#1763 = ORIENTED_EDGE('',*,*,#1484,.T.);
#1764 = ORIENTED_EDGE('',*,*,#1742,.T.);
#1765 = PLANE('',#1766);
#1766 = AXIS2_PLACEMENT_3D('',#1767,#1768,#1769);
#1767 = CARTESIAN_POINT('',(0.3,-0.25,0.35));
#1768 = DIRECTION('',(0.,0.,1.));
#1769 = DIRECTION('',(1.,0.,-0.));
#1770 = ADVANCED_FACE('',(#1771),#1782,.T.);
#1771 = FACE_BOUND('',#1772,.T.);
#1772 = EDGE_LOOP('',(#1773,#1774,#1775,#1776));
#1773 = ORIENTED_EDGE('',*,*,#1475,.T.);
#1774 = ORIENTED_EDGE('',*,*,#1758,.T.);
#1775 = ORIENTED_EDGE('',*,*,#1599,.F.);
#1776 = ORIENTED_EDGE('',*,*,#1777,.F.);
#1777 = EDGE_CURVE('',#1310,#1393,#1778,.T.);
#1778 = LINE('',#1779,#1780);
#1779 = CARTESIAN_POINT('',(0.3,-0.25,0.315));
#1780 = VECTOR('',#1781,1.);
#1781 = DIRECTION('',(0.,1.,0.));
#1782 = CYLINDRICAL_SURFACE('',#1783,3.5E-02);
#1783 = AXIS2_PLACEMENT_3D('',#1784,#1785,#1786);
#1784 = CARTESIAN_POINT('',(0.335,-0.25,0.315));
#1785 = DIRECTION('',(0.,1.,0.));
#1786 = DIRECTION('',(-1.,0.,0.));
#1787 = ADVANCED_FACE('',(#1788),#1799,.T.);
#1788 = FACE_BOUND('',#1789,.T.);
#1789 = EDGE_LOOP('',(#1790,#1791,#1792,#1793));
#1790 = ORIENTED_EDGE('',*,*,#1541,.F.);
#1791 = ORIENTED_EDGE('',*,*,#1777,.T.);
#1792 = ORIENTED_EDGE('',*,*,#1658,.T.);
#1793 = ORIENTED_EDGE('',*,*,#1794,.F.);
#1794 = EDGE_CURVE('',#1534,#1651,#1795,.T.);
#1795 = LINE('',#1796,#1797);
#1796 = CARTESIAN_POINT('',(0.3,-0.25,0.35));
#1797 = VECTOR('',#1798,1.);
#1798 = DIRECTION('',(0.,1.,0.));
#1799 = PLANE('',#1800);
#1800 = AXIS2_PLACEMENT_3D('',#1801,#1802,#1803);
#1801 = CARTESIAN_POINT('',(0.3,-0.25,0.315));
#1802 = DIRECTION('',(1.,0.,0.));
#1803 = DIRECTION('',(0.,0.,1.));
#1804 = ADVANCED_FACE('',(#1805),#1811,.T.);
#1805 = FACE_BOUND('',#1806,.T.);
#1806 = EDGE_LOOP('',(#1807,#1808,#1809,#1810));
#1807 = ORIENTED_EDGE('',*,*,#1565,.F.);
#1808 = ORIENTED_EDGE('',*,*,#1533,.T.);
#1809 = ORIENTED_EDGE('',*,*,#1794,.T.);
#1810 = ORIENTED_EDGE('',*,*,#1650,.F.);
#1811 = PLANE('',#1812);
#1812 = AXIS2_PLACEMENT_3D('',#1813,#1814,#1815);
#1813 = CARTESIAN_POINT('',(-0.3,-0.25,0.35));
#1814 = DIRECTION('',(0.,0.,1.));
#1815 = DIRECTION('',(1.,0.,-0.));
#1816 = ( GEOMETRIC_REPRESENTATION_CONTEXT(3) 
GLOBAL_UNCERTAINTY_ASSIGNED_CONTEXT((#1820)) 
GLOBAL_UNIT_ASSIGNED_CONTEXT((#1817,#1818,#1819)) REPRESENTATION_CONTEXT
('Context #1','3D Context with UNIT and UNCERTAINTY') );
#1817 = ( LENGTH_UNIT() NAMED_UNIT(*) SI_UNIT(.MILLI.,.METRE.) );
#1818 = ( NAMED_UNIT(*) PLANE_ANGLE_UNIT() SI_UNIT($,.RADIAN.) );
#1819 = ( NAMED_UNIT(*) SI_UNIT($,.STERADIAN.) SOLID_ANGLE_UNIT() );
#1820 = UNCERTAINTY_MEASURE_WITH_UNIT(LENGTH_MEASURE(1.E-07),#1817,
  'distance_accuracy_value','confusion accuracy');
#1821 = CONTEXT_DEPENDENT_SHAPE_REPRESENTATION(#1822,#1824);
#1822 = ( REPRESENTATION_RELATIONSHIP('','',#1025,#10) 
REPRESENTATION_RELATIONSHIP_WITH_TRANSFORMATION(#1823) 
SHAPE_REPRESENTATION_RELATIONSHIP() );
#1823 = ITEM_DEFINED_TRANSFORMATION('','',#11,#19);
#1824 = PRODUCT_DEFINITION_SHAPE('Placement','Placement of an item',
  #1825);
#1825 = NEXT_ASSEMBLY_USAGE_OCCURRENCE('2','R7','',#5,#1020,$);
#1826 = PRODUCT_RELATED_PRODUCT_CATEGORY('part',$,(#1022));
#1827 = SHAPE_DEFINITION_REPRESENTATION(#1828,#1834);
#1828 = PRODUCT_DEFINITION_SHAPE('','',#1829);
#1829 = PRODUCT_DEFINITION('design','',#1830,#1833);
#1830 = PRODUCT_DEFINITION_FORMATION('','',#1831);
#1831 = PRODUCT('crystal  X322516MOB4SI','crystal  X322516MOB4SI','',(
    #1832));
#1832 = PRODUCT_CONTEXT('',#2,'mechanical');
#1833 = PRODUCT_DEFINITION_CONTEXT('part definition',#2,'design');
#1834 = SHAPE_REPRESENTATION('',(#11,#1835,#1839),#1843);
#1835 = AXIS2_PLACEMENT_3D('',#1836,#1837,#1838);
#1836 = CARTESIAN_POINT('',(0.,0.,0.1));
#1837 = DIRECTION('',(0.,0.,1.));
#1838 = DIRECTION('',(1.,0.,0.));
#1839 = AXIS2_PLACEMENT_3D('',#1840,#1841,#1842);
#1840 = CARTESIAN_POINT('',(0.,0.,0.));
#1841 = DIRECTION('',(0.,0.,1.));
#1842 = DIRECTION('',(1.,0.,0.));
#1843 = ( GEOMETRIC_REPRESENTATION_CONTEXT(3) 
GLOBAL_UNCERTAINTY_ASSIGNED_CONTEXT((#1847)) 
GLOBAL_UNIT_ASSIGNED_CONTEXT((#1844,#1845,#1846)) REPRESENTATION_CONTEXT
('Context #1','3D Context with UNIT and UNCERTAINTY') );
#1844 = ( LENGTH_UNIT() NAMED_UNIT(*) SI_UNIT(.MILLI.,.METRE.) );
#1845 = ( NAMED_UNIT(*) PLANE_ANGLE_UNIT() SI_UNIT($,.RADIAN.) );
#1846 = ( NAMED_UNIT(*) SI_UNIT($,.STERADIAN.) SOLID_ANGLE_UNIT() );
#1847 = UNCERTAINTY_MEASURE_WITH_UNIT(LENGTH_MEASURE(1.E-07),#1844,
  'distance_accuracy_value','confusion accuracy');
#1848 = CONTEXT_DEPENDENT_SHAPE_REPRESENTATION(#1849,#1851);
#1849 = ( REPRESENTATION_RELATIONSHIP('','',#1834,#10) 
REPRESENTATION_RELATIONSHIP_WITH_TRANSFORMATION(#1850) 
SHAPE_REPRESENTATION_RELATIONSHIP() );
#1850 = ITEM_DEFINED_TRANSFORMATION('','',#11,#23);
#1851 = PRODUCT_DEFINITION_SHAPE('Placement','Placement of an item',
  #1852);
#1852 = NEXT_ASSEMBLY_USAGE_OCCURRENCE('5','Y1','',#5,#1829,$);
#1853 = PRODUCT_RELATED_PRODUCT_CATEGORY('part',$,(#1831));
#1854 = SHAPE_DEFINITION_REPRESENTATION(#1855,#1861);
#1855 = PRODUCT_DEFINITION_SHAPE('','',#1856);
#1856 = PRODUCT_DEFINITION('design','',#1857,#1860);
#1857 = PRODUCT_DEFINITION_FORMATION('','',#1858);
#1858 = PRODUCT('Body','Body','',(#1859));
#1859 = PRODUCT_CONTEXT('',#2,'mechanical');
#1860 = PRODUCT_DEFINITION_CONTEXT('part definition',#2,'design');
#1861 = ADVANCED_BREP_SHAPE_REPRESENTATION('',(#11,#1862),#2012);
#1862 = MANIFOLD_SOLID_BREP('',#1863);
#1863 = CLOSED_SHELL('',(#1864,#1904,#1935,#1966,#1988,#2000));
#1864 = ADVANCED_FACE('',(#1865),#1899,.F.);
#1865 = FACE_BOUND('',#1866,.F.);
#1866 = EDGE_LOOP('',(#1867,#1877,#1885,#1893));
#1867 = ORIENTED_EDGE('',*,*,#1868,.T.);
#1868 = EDGE_CURVE('',#1869,#1871,#1873,.T.);
#1869 = VERTEX_POINT('',#1870);
#1870 = CARTESIAN_POINT('',(-1.6,-1.25,0.));
#1871 = VERTEX_POINT('',#1872);
#1872 = CARTESIAN_POINT('',(-1.6,-1.25,0.8));
#1873 = LINE('',#1874,#1875);
#1874 = CARTESIAN_POINT('',(-1.6,-1.25,0.));
#1875 = VECTOR('',#1876,1.);
#1876 = DIRECTION('',(0.,0.,1.));
#1877 = ORIENTED_EDGE('',*,*,#1878,.T.);
#1878 = EDGE_CURVE('',#1871,#1879,#1881,.T.);
#1879 = VERTEX_POINT('',#1880);
#1880 = CARTESIAN_POINT('',(1.6,-1.25,0.8));
#1881 = LINE('',#1882,#1883);
#1882 = CARTESIAN_POINT('',(-1.6,-1.25,0.8));
#1883 = VECTOR('',#1884,1.);
#1884 = DIRECTION('',(1.,0.,0.));
#1885 = ORIENTED_EDGE('',*,*,#1886,.F.);
#1886 = EDGE_CURVE('',#1887,#1879,#1889,.T.);
#1887 = VERTEX_POINT('',#1888);
#1888 = CARTESIAN_POINT('',(1.6,-1.25,0.));
#1889 = LINE('',#1890,#1891);
#1890 = CARTESIAN_POINT('',(1.6,-1.25,0.));
#1891 = VECTOR('',#1892,1.);
#1892 = DIRECTION('',(0.,0.,1.));
#1893 = ORIENTED_EDGE('',*,*,#1894,.F.);
#1894 = EDGE_CURVE('',#1869,#1887,#1895,.T.);
#1895 = LINE('',#1896,#1897);
#1896 = CARTESIAN_POINT('',(-1.6,-1.25,0.));
#1897 = VECTOR('',#1898,1.);
#1898 = DIRECTION('',(1.,0.,0.));
#1899 = PLANE('',#1900);
#1900 = AXIS2_PLACEMENT_3D('',#1901,#1902,#1903);
#1901 = CARTESIAN_POINT('',(-1.6,-1.25,0.));
#1902 = DIRECTION('',(0.,1.,0.));
#1903 = DIRECTION('',(1.,0.,0.));
#1904 = ADVANCED_FACE('',(#1905),#1930,.F.);
#1905 = FACE_BOUND('',#1906,.F.);
#1906 = EDGE_LOOP('',(#1907,#1908,#1916,#1924));
#1907 = ORIENTED_EDGE('',*,*,#1886,.T.);
#1908 = ORIENTED_EDGE('',*,*,#1909,.T.);
#1909 = EDGE_CURVE('',#1879,#1910,#1912,.T.);
#1910 = VERTEX_POINT('',#1911);
#1911 = CARTESIAN_POINT('',(1.6,1.25,0.8));
#1912 = LINE('',#1913,#1914);
#1913 = CARTESIAN_POINT('',(1.6,-1.25,0.8));
#1914 = VECTOR('',#1915,1.);
#1915 = DIRECTION('',(0.,1.,0.));
#1916 = ORIENTED_EDGE('',*,*,#1917,.F.);
#1917 = EDGE_CURVE('',#1918,#1910,#1920,.T.);
#1918 = VERTEX_POINT('',#1919);
#1919 = CARTESIAN_POINT('',(1.6,1.25,0.));
#1920 = LINE('',#1921,#1922);
#1921 = CARTESIAN_POINT('',(1.6,1.25,0.));
#1922 = VECTOR('',#1923,1.);
#1923 = DIRECTION('',(0.,0.,1.));
#1924 = ORIENTED_EDGE('',*,*,#1925,.F.);
#1925 = EDGE_CURVE('',#1887,#1918,#1926,.T.);
#1926 = LINE('',#1927,#1928);
#1927 = CARTESIAN_POINT('',(1.6,-1.25,0.));
#1928 = VECTOR('',#1929,1.);
#1929 = DIRECTION('',(0.,1.,0.));
#1930 = PLANE('',#1931);
#1931 = AXIS2_PLACEMENT_3D('',#1932,#1933,#1934);
#1932 = CARTESIAN_POINT('',(1.6,-1.25,0.));
#1933 = DIRECTION('',(-1.,0.,0.));
#1934 = DIRECTION('',(0.,1.,0.));
#1935 = ADVANCED_FACE('',(#1936),#1961,.F.);
#1936 = FACE_BOUND('',#1937,.F.);
#1937 = EDGE_LOOP('',(#1938,#1939,#1947,#1955));
#1938 = ORIENTED_EDGE('',*,*,#1917,.T.);
#1939 = ORIENTED_EDGE('',*,*,#1940,.T.);
#1940 = EDGE_CURVE('',#1910,#1941,#1943,.T.);
#1941 = VERTEX_POINT('',#1942);
#1942 = CARTESIAN_POINT('',(-1.6,1.25,0.8));
#1943 = LINE('',#1944,#1945);
#1944 = CARTESIAN_POINT('',(1.6,1.25,0.8));
#1945 = VECTOR('',#1946,1.);
#1946 = DIRECTION('',(-1.,0.,0.));
#1947 = ORIENTED_EDGE('',*,*,#1948,.F.);
#1948 = EDGE_CURVE('',#1949,#1941,#1951,.T.);
#1949 = VERTEX_POINT('',#1950);
#1950 = CARTESIAN_POINT('',(-1.6,1.25,0.));
#1951 = LINE('',#1952,#1953);
#1952 = CARTESIAN_POINT('',(-1.6,1.25,0.));
#1953 = VECTOR('',#1954,1.);
#1954 = DIRECTION('',(0.,0.,1.));
#1955 = ORIENTED_EDGE('',*,*,#1956,.F.);
#1956 = EDGE_CURVE('',#1918,#1949,#1957,.T.);
#1957 = LINE('',#1958,#1959);
#1958 = CARTESIAN_POINT('',(1.6,1.25,0.));
#1959 = VECTOR('',#1960,1.);
#1960 = DIRECTION('',(-1.,0.,0.));
#1961 = PLANE('',#1962);
#1962 = AXIS2_PLACEMENT_3D('',#1963,#1964,#1965);
#1963 = CARTESIAN_POINT('',(1.6,1.25,0.));
#1964 = DIRECTION('',(0.,-1.,0.));
#1965 = DIRECTION('',(-1.,0.,0.));
#1966 = ADVANCED_FACE('',(#1967),#1983,.F.);
#1967 = FACE_BOUND('',#1968,.F.);
#1968 = EDGE_LOOP('',(#1969,#1970,#1976,#1977));
#1969 = ORIENTED_EDGE('',*,*,#1948,.T.);
#1970 = ORIENTED_EDGE('',*,*,#1971,.T.);
#1971 = EDGE_CURVE('',#1941,#1871,#1972,.T.);
#1972 = LINE('',#1973,#1974);
#1973 = CARTESIAN_POINT('',(-1.6,1.25,0.8));
#1974 = VECTOR('',#1975,1.);
#1975 = DIRECTION('',(0.,-1.,0.));
#1976 = ORIENTED_EDGE('',*,*,#1868,.F.);
#1977 = ORIENTED_EDGE('',*,*,#1978,.F.);
#1978 = EDGE_CURVE('',#1949,#1869,#1979,.T.);
#1979 = LINE('',#1980,#1981);
#1980 = CARTESIAN_POINT('',(-1.6,1.25,0.));
#1981 = VECTOR('',#1982,1.);
#1982 = DIRECTION('',(0.,-1.,0.));
#1983 = PLANE('',#1984);
#1984 = AXIS2_PLACEMENT_3D('',#1985,#1986,#1987);
#1985 = CARTESIAN_POINT('',(-1.6,1.25,0.));
#1986 = DIRECTION('',(1.,0.,-0.));
#1987 = DIRECTION('',(0.,-1.,0.));
#1988 = ADVANCED_FACE('',(#1989),#1995,.F.);
#1989 = FACE_BOUND('',#1990,.F.);
#1990 = EDGE_LOOP('',(#1991,#1992,#1993,#1994));
#1991 = ORIENTED_EDGE('',*,*,#1894,.T.);
#1992 = ORIENTED_EDGE('',*,*,#1925,.T.);
#1993 = ORIENTED_EDGE('',*,*,#1956,.T.);
#1994 = ORIENTED_EDGE('',*,*,#1978,.T.);
#1995 = PLANE('',#1996);
#1996 = AXIS2_PLACEMENT_3D('',#1997,#1998,#1999);
#1997 = CARTESIAN_POINT('',(0.,0.,0.));
#1998 = DIRECTION('',(0.,0.,1.));
#1999 = DIRECTION('',(1.,0.,-0.));
#2000 = ADVANCED_FACE('',(#2001),#2007,.T.);
#2001 = FACE_BOUND('',#2002,.T.);
#2002 = EDGE_LOOP('',(#2003,#2004,#2005,#2006));
#2003 = ORIENTED_EDGE('',*,*,#1878,.T.);
#2004 = ORIENTED_EDGE('',*,*,#1909,.T.);
#2005 = ORIENTED_EDGE('',*,*,#1940,.T.);
#2006 = ORIENTED_EDGE('',*,*,#1971,.T.);
#2007 = PLANE('',#2008);
#2008 = AXIS2_PLACEMENT_3D('',#2009,#2010,#2011);
#2009 = CARTESIAN_POINT('',(0.,0.,0.8));
#2010 = DIRECTION('',(0.,0.,1.));
#2011 = DIRECTION('',(1.,0.,-0.));
#2012 = ( GEOMETRIC_REPRESENTATION_CONTEXT(3) 
GLOBAL_UNCERTAINTY_ASSIGNED_CONTEXT((#2016)) 
GLOBAL_UNIT_ASSIGNED_CONTEXT((#2013,#2014,#2015)) REPRESENTATION_CONTEXT
('Context #1','3D Context with UNIT and UNCERTAINTY') );
#2013 = ( LENGTH_UNIT() NAMED_UNIT(*) SI_UNIT(.MILLI.,.METRE.) );
#2014 = ( NAMED_UNIT(*) PLANE_ANGLE_UNIT() SI_UNIT($,.RADIAN.) );
#2015 = ( NAMED_UNIT(*) SI_UNIT($,.STERADIAN.) SOLID_ANGLE_UNIT() );
#2016 = UNCERTAINTY_MEASURE_WITH_UNIT(LENGTH_MEASURE(1.E-07),#2013,
  'distance_accuracy_value','confusion accuracy');
#2017 = CONTEXT_DEPENDENT_SHAPE_REPRESENTATION(#2018,#2020);
#2018 = ( REPRESENTATION_RELATIONSHIP('','',#1861,#1834) 
REPRESENTATION_RELATIONSHIP_WITH_TRANSFORMATION(#2019) 
SHAPE_REPRESENTATION_RELATIONSHIP() );
#2019 = ITEM_DEFINED_TRANSFORMATION('','',#11,#1835);
#2020 = PRODUCT_DEFINITION_SHAPE('Placement','Placement of an item',
  #2021);
#2021 = NEXT_ASSEMBLY_USAGE_OCCURRENCE('3','=>[0:1:1:2]','',#1829,#1856,
  $);
#2022 = PRODUCT_RELATED_PRODUCT_CATEGORY('part',$,(#1858));
#2023 = SHAPE_DEFINITION_REPRESENTATION(#2024,#2030);
#2024 = PRODUCT_DEFINITION_SHAPE('','',#2025);
#2025 = PRODUCT_DEFINITION('design','',#2026,#2029);
#2026 = PRODUCT_DEFINITION_FORMATION('','',#2027);
#2027 = PRODUCT('Pins','Pins','',(#2028));
#2028 = PRODUCT_CONTEXT('',#2,'mechanical');
#2029 = PRODUCT_DEFINITION_CONTEXT('part definition',#2,'design');
#2030 = SHAPE_REPRESENTATION('',(#11,#2031,#2181,#2331,#2481),#2631);
#2031 = MANIFOLD_SOLID_BREP('',#2032);
#2032 = CLOSED_SHELL('',(#2033,#2073,#2113,#2135,#2157,#2169));
#2033 = ADVANCED_FACE('',(#2034),#2068,.F.);
#2034 = FACE_BOUND('',#2035,.F.);
#2035 = EDGE_LOOP('',(#2036,#2046,#2054,#2062));
#2036 = ORIENTED_EDGE('',*,*,#2037,.F.);
#2037 = EDGE_CURVE('',#2038,#2040,#2042,.T.);
#2038 = VERTEX_POINT('',#2039);
#2039 = CARTESIAN_POINT('',(-1.68,-1.33,0.));
#2040 = VERTEX_POINT('',#2041);
#2041 = CARTESIAN_POINT('',(-1.68,-1.33,0.1));
#2042 = LINE('',#2043,#2044);
#2043 = CARTESIAN_POINT('',(-1.68,-1.33,0.));
#2044 = VECTOR('',#2045,1.);
#2045 = DIRECTION('',(0.,0.,1.));
#2046 = ORIENTED_EDGE('',*,*,#2047,.T.);
#2047 = EDGE_CURVE('',#2038,#2048,#2050,.T.);
#2048 = VERTEX_POINT('',#2049);
#2049 = CARTESIAN_POINT('',(-1.68,-0.37,0.));
#2050 = LINE('',#2051,#2052);
#2051 = CARTESIAN_POINT('',(-1.68,-1.33,0.));
#2052 = VECTOR('',#2053,1.);
#2053 = DIRECTION('',(0.,1.,0.));
#2054 = ORIENTED_EDGE('',*,*,#2055,.T.);
#2055 = EDGE_CURVE('',#2048,#2056,#2058,.T.);
#2056 = VERTEX_POINT('',#2057);
#2057 = CARTESIAN_POINT('',(-1.68,-0.37,0.1));
#2058 = LINE('',#2059,#2060);
#2059 = CARTESIAN_POINT('',(-1.68,-0.37,0.));
#2060 = VECTOR('',#2061,1.);
#2061 = DIRECTION('',(0.,0.,1.));
#2062 = ORIENTED_EDGE('',*,*,#2063,.F.);
#2063 = EDGE_CURVE('',#2040,#2056,#2064,.T.);
#2064 = LINE('',#2065,#2066);
#2065 = CARTESIAN_POINT('',(-1.68,-1.33,0.1));
#2066 = VECTOR('',#2067,1.);
#2067 = DIRECTION('',(0.,1.,0.));
#2068 = PLANE('',#2069);
#2069 = AXIS2_PLACEMENT_3D('',#2070,#2071,#2072);
#2070 = CARTESIAN_POINT('',(-1.68,-1.33,0.));
#2071 = DIRECTION('',(1.,0.,0.));
#2072 = DIRECTION('',(0.,0.,1.));
#2073 = ADVANCED_FACE('',(#2074),#2108,.T.);
#2074 = FACE_BOUND('',#2075,.T.);
#2075 = EDGE_LOOP('',(#2076,#2086,#2094,#2102));
#2076 = ORIENTED_EDGE('',*,*,#2077,.F.);
#2077 = EDGE_CURVE('',#2078,#2080,#2082,.T.);
#2078 = VERTEX_POINT('',#2079);
#2079 = CARTESIAN_POINT('',(-0.52,-1.33,0.));
#2080 = VERTEX_POINT('',#2081);
#2081 = CARTESIAN_POINT('',(-0.52,-1.33,0.1));
#2082 = LINE('',#2083,#2084);
#2083 = CARTESIAN_POINT('',(-0.52,-1.33,0.));
#2084 = VECTOR('',#2085,1.);
#2085 = DIRECTION('',(0.,0.,1.));
#2086 = ORIENTED_EDGE('',*,*,#2087,.T.);
#2087 = EDGE_CURVE('',#2078,#2088,#2090,.T.);
#2088 = VERTEX_POINT('',#2089);
#2089 = CARTESIAN_POINT('',(-0.52,-0.37,0.));
#2090 = LINE('',#2091,#2092);
#2091 = CARTESIAN_POINT('',(-0.52,-1.33,0.));
#2092 = VECTOR('',#2093,1.);
#2093 = DIRECTION('',(0.,1.,0.));
#2094 = ORIENTED_EDGE('',*,*,#2095,.T.);
#2095 = EDGE_CURVE('',#2088,#2096,#2098,.T.);
#2096 = VERTEX_POINT('',#2097);
#2097 = CARTESIAN_POINT('',(-0.52,-0.37,0.1));
#2098 = LINE('',#2099,#2100);
#2099 = CARTESIAN_POINT('',(-0.52,-0.37,0.));
#2100 = VECTOR('',#2101,1.);
#2101 = DIRECTION('',(0.,0.,1.));
#2102 = ORIENTED_EDGE('',*,*,#2103,.F.);
#2103 = EDGE_CURVE('',#2080,#2096,#2104,.T.);
#2104 = LINE('',#2105,#2106);
#2105 = CARTESIAN_POINT('',(-0.52,-1.33,0.1));
#2106 = VECTOR('',#2107,1.);
#2107 = DIRECTION('',(0.,1.,0.));
#2108 = PLANE('',#2109);
#2109 = AXIS2_PLACEMENT_3D('',#2110,#2111,#2112);
#2110 = CARTESIAN_POINT('',(-0.52,-1.33,0.));
#2111 = DIRECTION('',(1.,0.,0.));
#2112 = DIRECTION('',(0.,0.,1.));
#2113 = ADVANCED_FACE('',(#2114),#2130,.F.);
#2114 = FACE_BOUND('',#2115,.F.);
#2115 = EDGE_LOOP('',(#2116,#2122,#2123,#2129));
#2116 = ORIENTED_EDGE('',*,*,#2117,.F.);
#2117 = EDGE_CURVE('',#2038,#2078,#2118,.T.);
#2118 = LINE('',#2119,#2120);
#2119 = CARTESIAN_POINT('',(-1.68,-1.33,0.));
#2120 = VECTOR('',#2121,1.);
#2121 = DIRECTION('',(1.,0.,0.));
#2122 = ORIENTED_EDGE('',*,*,#2037,.T.);
#2123 = ORIENTED_EDGE('',*,*,#2124,.T.);
#2124 = EDGE_CURVE('',#2040,#2080,#2125,.T.);
#2125 = LINE('',#2126,#2127);
#2126 = CARTESIAN_POINT('',(-1.68,-1.33,0.1));
#2127 = VECTOR('',#2128,1.);
#2128 = DIRECTION('',(1.,0.,0.));
#2129 = ORIENTED_EDGE('',*,*,#2077,.F.);
#2130 = PLANE('',#2131);
#2131 = AXIS2_PLACEMENT_3D('',#2132,#2133,#2134);
#2132 = CARTESIAN_POINT('',(-1.68,-1.33,0.));
#2133 = DIRECTION('',(0.,1.,0.));
#2134 = DIRECTION('',(0.,-0.,1.));
#2135 = ADVANCED_FACE('',(#2136),#2152,.T.);
#2136 = FACE_BOUND('',#2137,.T.);
#2137 = EDGE_LOOP('',(#2138,#2144,#2145,#2151));
#2138 = ORIENTED_EDGE('',*,*,#2139,.F.);
#2139 = EDGE_CURVE('',#2048,#2088,#2140,.T.);
#2140 = LINE('',#2141,#2142);
#2141 = CARTESIAN_POINT('',(-1.68,-0.37,0.));
#2142 = VECTOR('',#2143,1.);
#2143 = DIRECTION('',(1.,0.,0.));
#2144 = ORIENTED_EDGE('',*,*,#2055,.T.);
#2145 = ORIENTED_EDGE('',*,*,#2146,.T.);
#2146 = EDGE_CURVE('',#2056,#2096,#2147,.T.);
#2147 = LINE('',#2148,#2149);
#2148 = CARTESIAN_POINT('',(-1.68,-0.37,0.1));
#2149 = VECTOR('',#2150,1.);
#2150 = DIRECTION('',(1.,0.,0.));
#2151 = ORIENTED_EDGE('',*,*,#2095,.F.);
#2152 = PLANE('',#2153);
#2153 = AXIS2_PLACEMENT_3D('',#2154,#2155,#2156);
#2154 = CARTESIAN_POINT('',(-1.68,-0.37,0.));
#2155 = DIRECTION('',(0.,1.,0.));
#2156 = DIRECTION('',(0.,-0.,1.));
#2157 = ADVANCED_FACE('',(#2158),#2164,.F.);
#2158 = FACE_BOUND('',#2159,.F.);
#2159 = EDGE_LOOP('',(#2160,#2161,#2162,#2163));
#2160 = ORIENTED_EDGE('',*,*,#2047,.F.);
#2161 = ORIENTED_EDGE('',*,*,#2117,.T.);
#2162 = ORIENTED_EDGE('',*,*,#2087,.T.);
#2163 = ORIENTED_EDGE('',*,*,#2139,.F.);
#2164 = PLANE('',#2165);
#2165 = AXIS2_PLACEMENT_3D('',#2166,#2167,#2168);
#2166 = CARTESIAN_POINT('',(-1.68,-1.33,0.));
#2167 = DIRECTION('',(0.,0.,1.));
#2168 = DIRECTION('',(1.,0.,-0.));
#2169 = ADVANCED_FACE('',(#2170),#2176,.T.);
#2170 = FACE_BOUND('',#2171,.T.);
#2171 = EDGE_LOOP('',(#2172,#2173,#2174,#2175));
#2172 = ORIENTED_EDGE('',*,*,#2063,.F.);
#2173 = ORIENTED_EDGE('',*,*,#2124,.T.);
#2174 = ORIENTED_EDGE('',*,*,#2103,.T.);
#2175 = ORIENTED_EDGE('',*,*,#2146,.F.);
#2176 = PLANE('',#2177);
#2177 = AXIS2_PLACEMENT_3D('',#2178,#2179,#2180);
#2178 = CARTESIAN_POINT('',(-1.68,-1.33,0.1));
#2179 = DIRECTION('',(0.,0.,1.));
#2180 = DIRECTION('',(1.,0.,-0.));
#2181 = MANIFOLD_SOLID_BREP('',#2182);
#2182 = CLOSED_SHELL('',(#2183,#2223,#2263,#2285,#2307,#2319));
#2183 = ADVANCED_FACE('',(#2184),#2218,.F.);
#2184 = FACE_BOUND('',#2185,.F.);
#2185 = EDGE_LOOP('',(#2186,#2196,#2204,#2212));
#2186 = ORIENTED_EDGE('',*,*,#2187,.F.);
#2187 = EDGE_CURVE('',#2188,#2190,#2192,.T.);
#2188 = VERTEX_POINT('',#2189);
#2189 = CARTESIAN_POINT('',(0.52,-1.33,0.));
#2190 = VERTEX_POINT('',#2191);
#2191 = CARTESIAN_POINT('',(0.52,-1.33,0.1));
#2192 = LINE('',#2193,#2194);
#2193 = CARTESIAN_POINT('',(0.52,-1.33,0.));
#2194 = VECTOR('',#2195,1.);
#2195 = DIRECTION('',(0.,0.,1.));
#2196 = ORIENTED_EDGE('',*,*,#2197,.T.);
#2197 = EDGE_CURVE('',#2188,#2198,#2200,.T.);
#2198 = VERTEX_POINT('',#2199);
#2199 = CARTESIAN_POINT('',(0.52,-0.37,0.));
#2200 = LINE('',#2201,#2202);
#2201 = CARTESIAN_POINT('',(0.52,-1.33,0.));
#2202 = VECTOR('',#2203,1.);
#2203 = DIRECTION('',(0.,1.,0.));
#2204 = ORIENTED_EDGE('',*,*,#2205,.T.);
#2205 = EDGE_CURVE('',#2198,#2206,#2208,.T.);
#2206 = VERTEX_POINT('',#2207);
#2207 = CARTESIAN_POINT('',(0.52,-0.37,0.1));
#2208 = LINE('',#2209,#2210);
#2209 = CARTESIAN_POINT('',(0.52,-0.37,0.));
#2210 = VECTOR('',#2211,1.);
#2211 = DIRECTION('',(0.,0.,1.));
#2212 = ORIENTED_EDGE('',*,*,#2213,.F.);
#2213 = EDGE_CURVE('',#2190,#2206,#2214,.T.);
#2214 = LINE('',#2215,#2216);
#2215 = CARTESIAN_POINT('',(0.52,-1.33,0.1));
#2216 = VECTOR('',#2217,1.);
#2217 = DIRECTION('',(0.,1.,0.));
#2218 = PLANE('',#2219);
#2219 = AXIS2_PLACEMENT_3D('',#2220,#2221,#2222);
#2220 = CARTESIAN_POINT('',(0.52,-1.33,0.));
#2221 = DIRECTION('',(1.,0.,0.));
#2222 = DIRECTION('',(0.,0.,1.));
#2223 = ADVANCED_FACE('',(#2224),#2258,.T.);
#2224 = FACE_BOUND('',#2225,.T.);
#2225 = EDGE_LOOP('',(#2226,#2236,#2244,#2252));
#2226 = ORIENTED_EDGE('',*,*,#2227,.F.);
#2227 = EDGE_CURVE('',#2228,#2230,#2232,.T.);
#2228 = VERTEX_POINT('',#2229);
#2229 = CARTESIAN_POINT('',(1.68,-1.33,0.));
#2230 = VERTEX_POINT('',#2231);
#2231 = CARTESIAN_POINT('',(1.68,-1.33,0.1));
#2232 = LINE('',#2233,#2234);
#2233 = CARTESIAN_POINT('',(1.68,-1.33,0.));
#2234 = VECTOR('',#2235,1.);
#2235 = DIRECTION('',(0.,0.,1.));
#2236 = ORIENTED_EDGE('',*,*,#2237,.T.);
#2237 = EDGE_CURVE('',#2228,#2238,#2240,.T.);
#2238 = VERTEX_POINT('',#2239);
#2239 = CARTESIAN_POINT('',(1.68,-0.37,0.));
#2240 = LINE('',#2241,#2242);
#2241 = CARTESIAN_POINT('',(1.68,-1.33,0.));
#2242 = VECTOR('',#2243,1.);
#2243 = DIRECTION('',(0.,1.,0.));
#2244 = ORIENTED_EDGE('',*,*,#2245,.T.);
#2245 = EDGE_CURVE('',#2238,#2246,#2248,.T.);
#2246 = VERTEX_POINT('',#2247);
#2247 = CARTESIAN_POINT('',(1.68,-0.37,0.1));
#2248 = LINE('',#2249,#2250);
#2249 = CARTESIAN_POINT('',(1.68,-0.37,0.));
#2250 = VECTOR('',#2251,1.);
#2251 = DIRECTION('',(0.,0.,1.));
#2252 = ORIENTED_EDGE('',*,*,#2253,.F.);
#2253 = EDGE_CURVE('',#2230,#2246,#2254,.T.);
#2254 = LINE('',#2255,#2256);
#2255 = CARTESIAN_POINT('',(1.68,-1.33,0.1));
#2256 = VECTOR('',#2257,1.);
#2257 = DIRECTION('',(0.,1.,0.));
#2258 = PLANE('',#2259);
#2259 = AXIS2_PLACEMENT_3D('',#2260,#2261,#2262);
#2260 = CARTESIAN_POINT('',(1.68,-1.33,0.));
#2261 = DIRECTION('',(1.,0.,0.));
#2262 = DIRECTION('',(0.,0.,1.));
#2263 = ADVANCED_FACE('',(#2264),#2280,.F.);
#2264 = FACE_BOUND('',#2265,.F.);
#2265 = EDGE_LOOP('',(#2266,#2272,#2273,#2279));
#2266 = ORIENTED_EDGE('',*,*,#2267,.F.);
#2267 = EDGE_CURVE('',#2188,#2228,#2268,.T.);
#2268 = LINE('',#2269,#2270);
#2269 = CARTESIAN_POINT('',(0.52,-1.33,0.));
#2270 = VECTOR('',#2271,1.);
#2271 = DIRECTION('',(1.,0.,0.));
#2272 = ORIENTED_EDGE('',*,*,#2187,.T.);
#2273 = ORIENTED_EDGE('',*,*,#2274,.T.);
#2274 = EDGE_CURVE('',#2190,#2230,#2275,.T.);
#2275 = LINE('',#2276,#2277);
#2276 = CARTESIAN_POINT('',(0.52,-1.33,0.1));
#2277 = VECTOR('',#2278,1.);
#2278 = DIRECTION('',(1.,0.,0.));
#2279 = ORIENTED_EDGE('',*,*,#2227,.F.);
#2280 = PLANE('',#2281);
#2281 = AXIS2_PLACEMENT_3D('',#2282,#2283,#2284);
#2282 = CARTESIAN_POINT('',(0.52,-1.33,0.));
#2283 = DIRECTION('',(0.,1.,0.));
#2284 = DIRECTION('',(0.,-0.,1.));
#2285 = ADVANCED_FACE('',(#2286),#2302,.T.);
#2286 = FACE_BOUND('',#2287,.T.);
#2287 = EDGE_LOOP('',(#2288,#2294,#2295,#2301));
#2288 = ORIENTED_EDGE('',*,*,#2289,.F.);
#2289 = EDGE_CURVE('',#2198,#2238,#2290,.T.);
#2290 = LINE('',#2291,#2292);
#2291 = CARTESIAN_POINT('',(0.52,-0.37,0.));
#2292 = VECTOR('',#2293,1.);
#2293 = DIRECTION('',(1.,0.,0.));
#2294 = ORIENTED_EDGE('',*,*,#2205,.T.);
#2295 = ORIENTED_EDGE('',*,*,#2296,.T.);
#2296 = EDGE_CURVE('',#2206,#2246,#2297,.T.);
#2297 = LINE('',#2298,#2299);
#2298 = CARTESIAN_POINT('',(0.52,-0.37,0.1));
#2299 = VECTOR('',#2300,1.);
#2300 = DIRECTION('',(1.,0.,0.));
#2301 = ORIENTED_EDGE('',*,*,#2245,.F.);
#2302 = PLANE('',#2303);
#2303 = AXIS2_PLACEMENT_3D('',#2304,#2305,#2306);
#2304 = CARTESIAN_POINT('',(0.52,-0.37,0.));
#2305 = DIRECTION('',(0.,1.,0.));
#2306 = DIRECTION('',(0.,-0.,1.));
#2307 = ADVANCED_FACE('',(#2308),#2314,.F.);
#2308 = FACE_BOUND('',#2309,.F.);
#2309 = EDGE_LOOP('',(#2310,#2311,#2312,#2313));
#2310 = ORIENTED_EDGE('',*,*,#2197,.F.);
#2311 = ORIENTED_EDGE('',*,*,#2267,.T.);
#2312 = ORIENTED_EDGE('',*,*,#2237,.T.);
#2313 = ORIENTED_EDGE('',*,*,#2289,.F.);
#2314 = PLANE('',#2315);
#2315 = AXIS2_PLACEMENT_3D('',#2316,#2317,#2318);
#2316 = CARTESIAN_POINT('',(0.52,-1.33,0.));
#2317 = DIRECTION('',(0.,0.,1.));
#2318 = DIRECTION('',(1.,0.,-0.));
#2319 = ADVANCED_FACE('',(#2320),#2326,.T.);
#2320 = FACE_BOUND('',#2321,.T.);
#2321 = EDGE_LOOP('',(#2322,#2323,#2324,#2325));
#2322 = ORIENTED_EDGE('',*,*,#2213,.F.);
#2323 = ORIENTED_EDGE('',*,*,#2274,.T.);
#2324 = ORIENTED_EDGE('',*,*,#2253,.T.);
#2325 = ORIENTED_EDGE('',*,*,#2296,.F.);
#2326 = PLANE('',#2327);
#2327 = AXIS2_PLACEMENT_3D('',#2328,#2329,#2330);
#2328 = CARTESIAN_POINT('',(0.52,-1.33,0.1));
#2329 = DIRECTION('',(0.,0.,1.));
#2330 = DIRECTION('',(1.,0.,-0.));
#2331 = MANIFOLD_SOLID_BREP('',#2332);
#2332 = CLOSED_SHELL('',(#2333,#2373,#2413,#2435,#2457,#2469));
#2333 = ADVANCED_FACE('',(#2334),#2368,.F.);
#2334 = FACE_BOUND('',#2335,.F.);
#2335 = EDGE_LOOP('',(#2336,#2346,#2354,#2362));
#2336 = ORIENTED_EDGE('',*,*,#2337,.F.);
#2337 = EDGE_CURVE('',#2338,#2340,#2342,.T.);
#2338 = VERTEX_POINT('',#2339);
#2339 = CARTESIAN_POINT('',(0.52,0.37,0.));
#2340 = VERTEX_POINT('',#2341);
#2341 = CARTESIAN_POINT('',(0.52,0.37,0.1));
#2342 = LINE('',#2343,#2344);
#2343 = CARTESIAN_POINT('',(0.52,0.37,0.));
#2344 = VECTOR('',#2345,1.);
#2345 = DIRECTION('',(0.,0.,1.));
#2346 = ORIENTED_EDGE('',*,*,#2347,.T.);
#2347 = EDGE_CURVE('',#2338,#2348,#2350,.T.);
#2348 = VERTEX_POINT('',#2349);
#2349 = CARTESIAN_POINT('',(0.52,1.33,0.));
#2350 = LINE('',#2351,#2352);
#2351 = CARTESIAN_POINT('',(0.52,0.37,0.));
#2352 = VECTOR('',#2353,1.);
#2353 = DIRECTION('',(0.,1.,0.));
#2354 = ORIENTED_EDGE('',*,*,#2355,.T.);
#2355 = EDGE_CURVE('',#2348,#2356,#2358,.T.);
#2356 = VERTEX_POINT('',#2357);
#2357 = CARTESIAN_POINT('',(0.52,1.33,0.1));
#2358 = LINE('',#2359,#2360);
#2359 = CARTESIAN_POINT('',(0.52,1.33,0.));
#2360 = VECTOR('',#2361,1.);
#2361 = DIRECTION('',(0.,0.,1.));
#2362 = ORIENTED_EDGE('',*,*,#2363,.F.);
#2363 = EDGE_CURVE('',#2340,#2356,#2364,.T.);
#2364 = LINE('',#2365,#2366);
#2365 = CARTESIAN_POINT('',(0.52,0.37,0.1));
#2366 = VECTOR('',#2367,1.);
#2367 = DIRECTION('',(0.,1.,0.));
#2368 = PLANE('',#2369);
#2369 = AXIS2_PLACEMENT_3D('',#2370,#2371,#2372);
#2370 = CARTESIAN_POINT('',(0.52,0.37,0.));
#2371 = DIRECTION('',(1.,0.,0.));
#2372 = DIRECTION('',(0.,0.,1.));
#2373 = ADVANCED_FACE('',(#2374),#2408,.T.);
#2374 = FACE_BOUND('',#2375,.T.);
#2375 = EDGE_LOOP('',(#2376,#2386,#2394,#2402));
#2376 = ORIENTED_EDGE('',*,*,#2377,.F.);
#2377 = EDGE_CURVE('',#2378,#2380,#2382,.T.);
#2378 = VERTEX_POINT('',#2379);
#2379 = CARTESIAN_POINT('',(1.68,0.37,0.));
#2380 = VERTEX_POINT('',#2381);
#2381 = CARTESIAN_POINT('',(1.68,0.37,0.1));
#2382 = LINE('',#2383,#2384);
#2383 = CARTESIAN_POINT('',(1.68,0.37,0.));
#2384 = VECTOR('',#2385,1.);
#2385 = DIRECTION('',(0.,0.,1.));
#2386 = ORIENTED_EDGE('',*,*,#2387,.T.);
#2387 = EDGE_CURVE('',#2378,#2388,#2390,.T.);
#2388 = VERTEX_POINT('',#2389);
#2389 = CARTESIAN_POINT('',(1.68,1.33,0.));
#2390 = LINE('',#2391,#2392);
#2391 = CARTESIAN_POINT('',(1.68,0.37,0.));
#2392 = VECTOR('',#2393,1.);
#2393 = DIRECTION('',(0.,1.,0.));
#2394 = ORIENTED_EDGE('',*,*,#2395,.T.);
#2395 = EDGE_CURVE('',#2388,#2396,#2398,.T.);
#2396 = VERTEX_POINT('',#2397);
#2397 = CARTESIAN_POINT('',(1.68,1.33,0.1));
#2398 = LINE('',#2399,#2400);
#2399 = CARTESIAN_POINT('',(1.68,1.33,0.));
#2400 = VECTOR('',#2401,1.);
#2401 = DIRECTION('',(0.,0.,1.));
#2402 = ORIENTED_EDGE('',*,*,#2403,.F.);
#2403 = EDGE_CURVE('',#2380,#2396,#2404,.T.);
#2404 = LINE('',#2405,#2406);
#2405 = CARTESIAN_POINT('',(1.68,0.37,0.1));
#2406 = VECTOR('',#2407,1.);
#2407 = DIRECTION('',(0.,1.,0.));
#2408 = PLANE('',#2409);
#2409 = AXIS2_PLACEMENT_3D('',#2410,#2411,#2412);
#2410 = CARTESIAN_POINT('',(1.68,0.37,0.));
#2411 = DIRECTION('',(1.,0.,0.));
#2412 = DIRECTION('',(0.,0.,1.));
#2413 = ADVANCED_FACE('',(#2414),#2430,.F.);
#2414 = FACE_BOUND('',#2415,.F.);
#2415 = EDGE_LOOP('',(#2416,#2422,#2423,#2429));
#2416 = ORIENTED_EDGE('',*,*,#2417,.F.);
#2417 = EDGE_CURVE('',#2338,#2378,#2418,.T.);
#2418 = LINE('',#2419,#2420);
#2419 = CARTESIAN_POINT('',(0.52,0.37,0.));
#2420 = VECTOR('',#2421,1.);
#2421 = DIRECTION('',(1.,0.,0.));
#2422 = ORIENTED_EDGE('',*,*,#2337,.T.);
#2423 = ORIENTED_EDGE('',*,*,#2424,.T.);
#2424 = EDGE_CURVE('',#2340,#2380,#2425,.T.);
#2425 = LINE('',#2426,#2427);
#2426 = CARTESIAN_POINT('',(0.52,0.37,0.1));
#2427 = VECTOR('',#2428,1.);
#2428 = DIRECTION('',(1.,0.,0.));
#2429 = ORIENTED_EDGE('',*,*,#2377,.F.);
#2430 = PLANE('',#2431);
#2431 = AXIS2_PLACEMENT_3D('',#2432,#2433,#2434);
#2432 = CARTESIAN_POINT('',(0.52,0.37,0.));
#2433 = DIRECTION('',(0.,1.,0.));
#2434 = DIRECTION('',(0.,-0.,1.));
#2435 = ADVANCED_FACE('',(#2436),#2452,.T.);
#2436 = FACE_BOUND('',#2437,.T.);
#2437 = EDGE_LOOP('',(#2438,#2444,#2445,#2451));
#2438 = ORIENTED_EDGE('',*,*,#2439,.F.);
#2439 = EDGE_CURVE('',#2348,#2388,#2440,.T.);
#2440 = LINE('',#2441,#2442);
#2441 = CARTESIAN_POINT('',(0.52,1.33,0.));
#2442 = VECTOR('',#2443,1.);
#2443 = DIRECTION('',(1.,0.,0.));
#2444 = ORIENTED_EDGE('',*,*,#2355,.T.);
#2445 = ORIENTED_EDGE('',*,*,#2446,.T.);
#2446 = EDGE_CURVE('',#2356,#2396,#2447,.T.);
#2447 = LINE('',#2448,#2449);
#2448 = CARTESIAN_POINT('',(0.52,1.33,0.1));
#2449 = VECTOR('',#2450,1.);
#2450 = DIRECTION('',(1.,0.,0.));
#2451 = ORIENTED_EDGE('',*,*,#2395,.F.);
#2452 = PLANE('',#2453);
#2453 = AXIS2_PLACEMENT_3D('',#2454,#2455,#2456);
#2454 = CARTESIAN_POINT('',(0.52,1.33,0.));
#2455 = DIRECTION('',(0.,1.,0.));
#2456 = DIRECTION('',(0.,-0.,1.));
#2457 = ADVANCED_FACE('',(#2458),#2464,.F.);
#2458 = FACE_BOUND('',#2459,.F.);
#2459 = EDGE_LOOP('',(#2460,#2461,#2462,#2463));
#2460 = ORIENTED_EDGE('',*,*,#2347,.F.);
#2461 = ORIENTED_EDGE('',*,*,#2417,.T.);
#2462 = ORIENTED_EDGE('',*,*,#2387,.T.);
#2463 = ORIENTED_EDGE('',*,*,#2439,.F.);
#2464 = PLANE('',#2465);
#2465 = AXIS2_PLACEMENT_3D('',#2466,#2467,#2468);
#2466 = CARTESIAN_POINT('',(0.52,0.37,0.));
#2467 = DIRECTION('',(0.,0.,1.));
#2468 = DIRECTION('',(1.,0.,-0.));
#2469 = ADVANCED_FACE('',(#2470),#2476,.T.);
#2470 = FACE_BOUND('',#2471,.T.);
#2471 = EDGE_LOOP('',(#2472,#2473,#2474,#2475));
#2472 = ORIENTED_EDGE('',*,*,#2363,.F.);
#2473 = ORIENTED_EDGE('',*,*,#2424,.T.);
#2474 = ORIENTED_EDGE('',*,*,#2403,.T.);
#2475 = ORIENTED_EDGE('',*,*,#2446,.F.);
#2476 = PLANE('',#2477);
#2477 = AXIS2_PLACEMENT_3D('',#2478,#2479,#2480);
#2478 = CARTESIAN_POINT('',(0.52,0.37,0.1));
#2479 = DIRECTION('',(0.,0.,1.));
#2480 = DIRECTION('',(1.,0.,-0.));
#2481 = MANIFOLD_SOLID_BREP('',#2482);
#2482 = CLOSED_SHELL('',(#2483,#2523,#2563,#2585,#2607,#2619));
#2483 = ADVANCED_FACE('',(#2484),#2518,.F.);
#2484 = FACE_BOUND('',#2485,.F.);
#2485 = EDGE_LOOP('',(#2486,#2496,#2504,#2512));
#2486 = ORIENTED_EDGE('',*,*,#2487,.F.);
#2487 = EDGE_CURVE('',#2488,#2490,#2492,.T.);
#2488 = VERTEX_POINT('',#2489);
#2489 = CARTESIAN_POINT('',(-1.68,0.37,0.));
#2490 = VERTEX_POINT('',#2491);
#2491 = CARTESIAN_POINT('',(-1.68,0.37,0.1));
#2492 = LINE('',#2493,#2494);
#2493 = CARTESIAN_POINT('',(-1.68,0.37,0.));
#2494 = VECTOR('',#2495,1.);
#2495 = DIRECTION('',(0.,0.,1.));
#2496 = ORIENTED_EDGE('',*,*,#2497,.T.);
#2497 = EDGE_CURVE('',#2488,#2498,#2500,.T.);
#2498 = VERTEX_POINT('',#2499);
#2499 = CARTESIAN_POINT('',(-1.68,1.33,0.));
#2500 = LINE('',#2501,#2502);
#2501 = CARTESIAN_POINT('',(-1.68,0.37,0.));
#2502 = VECTOR('',#2503,1.);
#2503 = DIRECTION('',(0.,1.,0.));
#2504 = ORIENTED_EDGE('',*,*,#2505,.T.);
#2505 = EDGE_CURVE('',#2498,#2506,#2508,.T.);
#2506 = VERTEX_POINT('',#2507);
#2507 = CARTESIAN_POINT('',(-1.68,1.33,0.1));
#2508 = LINE('',#2509,#2510);
#2509 = CARTESIAN_POINT('',(-1.68,1.33,0.));
#2510 = VECTOR('',#2511,1.);
#2511 = DIRECTION('',(0.,0.,1.));
#2512 = ORIENTED_EDGE('',*,*,#2513,.F.);
#2513 = EDGE_CURVE('',#2490,#2506,#2514,.T.);
#2514 = LINE('',#2515,#2516);
#2515 = CARTESIAN_POINT('',(-1.68,0.37,0.1));
#2516 = VECTOR('',#2517,1.);
#2517 = DIRECTION('',(0.,1.,0.));
#2518 = PLANE('',#2519);
#2519 = AXIS2_PLACEMENT_3D('',#2520,#2521,#2522);
#2520 = CARTESIAN_POINT('',(-1.68,0.37,0.));
#2521 = DIRECTION('',(1.,0.,0.));
#2522 = DIRECTION('',(0.,0.,1.));
#2523 = ADVANCED_FACE('',(#2524),#2558,.T.);
#2524 = FACE_BOUND('',#2525,.T.);
#2525 = EDGE_LOOP('',(#2526,#2536,#2544,#2552));
#2526 = ORIENTED_EDGE('',*,*,#2527,.F.);
#2527 = EDGE_CURVE('',#2528,#2530,#2532,.T.);
#2528 = VERTEX_POINT('',#2529);
#2529 = CARTESIAN_POINT('',(-0.52,0.37,0.));
#2530 = VERTEX_POINT('',#2531);
#2531 = CARTESIAN_POINT('',(-0.52,0.37,0.1));
#2532 = LINE('',#2533,#2534);
#2533 = CARTESIAN_POINT('',(-0.52,0.37,0.));
#2534 = VECTOR('',#2535,1.);
#2535 = DIRECTION('',(0.,0.,1.));
#2536 = ORIENTED_EDGE('',*,*,#2537,.T.);
#2537 = EDGE_CURVE('',#2528,#2538,#2540,.T.);
#2538 = VERTEX_POINT('',#2539);
#2539 = CARTESIAN_POINT('',(-0.52,1.33,0.));
#2540 = LINE('',#2541,#2542);
#2541 = CARTESIAN_POINT('',(-0.52,0.37,0.));
#2542 = VECTOR('',#2543,1.);
#2543 = DIRECTION('',(0.,1.,0.));
#2544 = ORIENTED_EDGE('',*,*,#2545,.T.);
#2545 = EDGE_CURVE('',#2538,#2546,#2548,.T.);
#2546 = VERTEX_POINT('',#2547);
#2547 = CARTESIAN_POINT('',(-0.52,1.33,0.1));
#2548 = LINE('',#2549,#2550);
#2549 = CARTESIAN_POINT('',(-0.52,1.33,0.));
#2550 = VECTOR('',#2551,1.);
#2551 = DIRECTION('',(0.,0.,1.));
#2552 = ORIENTED_EDGE('',*,*,#2553,.F.);
#2553 = EDGE_CURVE('',#2530,#2546,#2554,.T.);
#2554 = LINE('',#2555,#2556);
#2555 = CARTESIAN_POINT('',(-0.52,0.37,0.1));
#2556 = VECTOR('',#2557,1.);
#2557 = DIRECTION('',(0.,1.,0.));
#2558 = PLANE('',#2559);
#2559 = AXIS2_PLACEMENT_3D('',#2560,#2561,#2562);
#2560 = CARTESIAN_POINT('',(-0.52,0.37,0.));
#2561 = DIRECTION('',(1.,0.,0.));
#2562 = DIRECTION('',(0.,0.,1.));
#2563 = ADVANCED_FACE('',(#2564),#2580,.F.);
#2564 = FACE_BOUND('',#2565,.F.);
#2565 = EDGE_LOOP('',(#2566,#2572,#2573,#2579));
#2566 = ORIENTED_EDGE('',*,*,#2567,.F.);
#2567 = EDGE_CURVE('',#2488,#2528,#2568,.T.);
#2568 = LINE('',#2569,#2570);
#2569 = CARTESIAN_POINT('',(-1.68,0.37,0.));
#2570 = VECTOR('',#2571,1.);
#2571 = DIRECTION('',(1.,0.,0.));
#2572 = ORIENTED_EDGE('',*,*,#2487,.T.);
#2573 = ORIENTED_EDGE('',*,*,#2574,.T.);
#2574 = EDGE_CURVE('',#2490,#2530,#2575,.T.);
#2575 = LINE('',#2576,#2577);
#2576 = CARTESIAN_POINT('',(-1.68,0.37,0.1));
#2577 = VECTOR('',#2578,1.);
#2578 = DIRECTION('',(1.,0.,0.));
#2579 = ORIENTED_EDGE('',*,*,#2527,.F.);
#2580 = PLANE('',#2581);
#2581 = AXIS2_PLACEMENT_3D('',#2582,#2583,#2584);
#2582 = CARTESIAN_POINT('',(-1.68,0.37,0.));
#2583 = DIRECTION('',(0.,1.,0.));
#2584 = DIRECTION('',(0.,-0.,1.));
#2585 = ADVANCED_FACE('',(#2586),#2602,.T.);
#2586 = FACE_BOUND('',#2587,.T.);
#2587 = EDGE_LOOP('',(#2588,#2594,#2595,#2601));
#2588 = ORIENTED_EDGE('',*,*,#2589,.F.);
#2589 = EDGE_CURVE('',#2498,#2538,#2590,.T.);
#2590 = LINE('',#2591,#2592);
#2591 = CARTESIAN_POINT('',(-1.68,1.33,0.));
#2592 = VECTOR('',#2593,1.);
#2593 = DIRECTION('',(1.,0.,0.));
#2594 = ORIENTED_EDGE('',*,*,#2505,.T.);
#2595 = ORIENTED_EDGE('',*,*,#2596,.T.);
#2596 = EDGE_CURVE('',#2506,#2546,#2597,.T.);
#2597 = LINE('',#2598,#2599);
#2598 = CARTESIAN_POINT('',(-1.68,1.33,0.1));
#2599 = VECTOR('',#2600,1.);
#2600 = DIRECTION('',(1.,0.,0.));
#2601 = ORIENTED_EDGE('',*,*,#2545,.F.);
#2602 = PLANE('',#2603);
#2603 = AXIS2_PLACEMENT_3D('',#2604,#2605,#2606);
#2604 = CARTESIAN_POINT('',(-1.68,1.33,0.));
#2605 = DIRECTION('',(0.,1.,0.));
#2606 = DIRECTION('',(0.,-0.,1.));
#2607 = ADVANCED_FACE('',(#2608),#2614,.F.);
#2608 = FACE_BOUND('',#2609,.F.);
#2609 = EDGE_LOOP('',(#2610,#2611,#2612,#2613));
#2610 = ORIENTED_EDGE('',*,*,#2497,.F.);
#2611 = ORIENTED_EDGE('',*,*,#2567,.T.);
#2612 = ORIENTED_EDGE('',*,*,#2537,.T.);
#2613 = ORIENTED_EDGE('',*,*,#2589,.F.);
#2614 = PLANE('',#2615);
#2615 = AXIS2_PLACEMENT_3D('',#2616,#2617,#2618);
#2616 = CARTESIAN_POINT('',(-1.68,0.37,0.));
#2617 = DIRECTION('',(0.,0.,1.));
#2618 = DIRECTION('',(1.,0.,-0.));
#2619 = ADVANCED_FACE('',(#2620),#2626,.T.);
#2620 = FACE_BOUND('',#2621,.T.);
#2621 = EDGE_LOOP('',(#2622,#2623,#2624,#2625));
#2622 = ORIENTED_EDGE('',*,*,#2513,.F.);
#2623 = ORIENTED_EDGE('',*,*,#2574,.T.);
#2624 = ORIENTED_EDGE('',*,*,#2553,.T.);
#2625 = ORIENTED_EDGE('',*,*,#2596,.F.);
#2626 = PLANE('',#2627);
#2627 = AXIS2_PLACEMENT_3D('',#2628,#2629,#2630);
#2628 = CARTESIAN_POINT('',(-1.68,0.37,0.1));
#2629 = DIRECTION('',(0.,0.,1.));
#2630 = DIRECTION('',(1.,0.,-0.));
#2631 = ( GEOMETRIC_REPRESENTATION_CONTEXT(3) 
GLOBAL_UNCERTAINTY_ASSIGNED_CONTEXT((#2635)) 
GLOBAL_UNIT_ASSIGNED_CONTEXT((#2632,#2633,#2634)) REPRESENTATION_CONTEXT
('Context #1','3D Context with UNIT and UNCERTAINTY') );
#2632 = ( LENGTH_UNIT() NAMED_UNIT(*) SI_UNIT(.MILLI.,.METRE.) );
#2633 = ( NAMED_UNIT(*) PLANE_ANGLE_UNIT() SI_UNIT($,.RADIAN.) );
#2634 = ( NAMED_UNIT(*) SI_UNIT($,.STERADIAN.) SOLID_ANGLE_UNIT() );
#2635 = UNCERTAINTY_MEASURE_WITH_UNIT(LENGTH_MEASURE(1.E-07),#2632,
  'distance_accuracy_value','confusion accuracy');
#2636 = CONTEXT_DEPENDENT_SHAPE_REPRESENTATION(#2637,#2639);
#2637 = ( REPRESENTATION_RELATIONSHIP('','',#2030,#1834) 
REPRESENTATION_RELATIONSHIP_WITH_TRANSFORMATION(#2638) 
SHAPE_REPRESENTATION_RELATIONSHIP() );
#2638 = ITEM_DEFINED_TRANSFORMATION('','',#11,#1839);
#2639 = PRODUCT_DEFINITION_SHAPE('Placement','Placement of an item',
  #2640);
#2640 = NEXT_ASSEMBLY_USAGE_OCCURRENCE('4','=>[0:1:1:3]','',#1829,#2025,
  $);
#2641 = PRODUCT_RELATED_PRODUCT_CATEGORY('part',$,(#2027));
#2642 = SHAPE_DEFINITION_REPRESENTATION(#2643,#2649);
#2643 = PRODUCT_DEFINITION_SHAPE('','',#2644);
#2644 = PRODUCT_DEFINITION('design','',#2645,#2648);
#2645 = PRODUCT_DEFINITION_FORMATION('','',#2646);
#2646 = PRODUCT('C_0402_1005Metric','C_0402_1005Metric','',(#2647));
#2647 = PRODUCT_CONTEXT('',#2,'mechanical');
#2648 = PRODUCT_DEFINITION_CONTEXT('part definition',#2,'design');
#2649 = ADVANCED_BREP_SHAPE_REPRESENTATION('',(#11,#2650),#3504);
#2650 = MANIFOLD_SOLID_BREP('',#2651);
#2651 = CLOSED_SHELL('',(#2652,#2728,#2759,#2784,#2809,#2833,#2857,#2882
    ,#2907,#2924,#3010,#3042,#3066,#3091,#3115,#3140,#3164,#3189,#3206,
    #3292,#3323,#3348,#3373,#3397,#3421,#3446,#3471,#3488));
#2652 = ADVANCED_FACE('',(#2653),#2723,.F.);
#2653 = FACE_BOUND('',#2654,.F.);
#2654 = EDGE_LOOP('',(#2655,#2665,#2674,#2682,#2691,#2699,#2708,#2716));
#2655 = ORIENTED_EDGE('',*,*,#2656,.F.);
#2656 = EDGE_CURVE('',#2657,#2659,#2661,.T.);
#2657 = VERTEX_POINT('',#2658);
#2658 = CARTESIAN_POINT('',(-0.5,-0.25,2.E-02));
#2659 = VERTEX_POINT('',#2660);
#2660 = CARTESIAN_POINT('',(-0.5,-0.25,0.48));
#2661 = LINE('',#2662,#2663);
#2662 = CARTESIAN_POINT('',(-0.5,-0.25,0.));
#2663 = VECTOR('',#2664,1.);
#2664 = DIRECTION('',(0.,0.,1.));
#2665 = ORIENTED_EDGE('',*,*,#2666,.T.);
#2666 = EDGE_CURVE('',#2657,#2667,#2669,.T.);
#2667 = VERTEX_POINT('',#2668);
#2668 = CARTESIAN_POINT('',(-0.5,-0.23,0.));
#2669 = CIRCLE('',#2670,2.E-02);
#2670 = AXIS2_PLACEMENT_3D('',#2671,#2672,#2673);
#2671 = CARTESIAN_POINT('',(-0.5,-0.23,2.E-02));
#2672 = DIRECTION('',(1.,0.,-0.));
#2673 = DIRECTION('',(0.,0.,1.));
#2674 = ORIENTED_EDGE('',*,*,#2675,.T.);
#2675 = EDGE_CURVE('',#2667,#2676,#2678,.T.);
#2676 = VERTEX_POINT('',#2677);
#2677 = CARTESIAN_POINT('',(-0.5,0.23,0.));
#2678 = LINE('',#2679,#2680);
#2679 = CARTESIAN_POINT('',(-0.5,-0.25,0.));
#2680 = VECTOR('',#2681,1.);
#2681 = DIRECTION('',(0.,1.,0.));
#2682 = ORIENTED_EDGE('',*,*,#2683,.F.);
#2683 = EDGE_CURVE('',#2684,#2676,#2686,.T.);
#2684 = VERTEX_POINT('',#2685);
#2685 = CARTESIAN_POINT('',(-0.5,0.25,2.E-02));
#2686 = CIRCLE('',#2687,2.E-02);
#2687 = AXIS2_PLACEMENT_3D('',#2688,#2689,#2690);
#2688 = CARTESIAN_POINT('',(-0.5,0.23,2.E-02));
#2689 = DIRECTION('',(-1.,0.,0.));
#2690 = DIRECTION('',(0.,0.,1.));
#2691 = ORIENTED_EDGE('',*,*,#2692,.T.);
#2692 = EDGE_CURVE('',#2684,#2693,#2695,.T.);
#2693 = VERTEX_POINT('',#2694);
#2694 = CARTESIAN_POINT('',(-0.5,0.25,0.48));
#2695 = LINE('',#2696,#2697);
#2696 = CARTESIAN_POINT('',(-0.5,0.25,0.));
#2697 = VECTOR('',#2698,1.);
#2698 = DIRECTION('',(0.,0.,1.));
#2699 = ORIENTED_EDGE('',*,*,#2700,.T.);
#2700 = EDGE_CURVE('',#2693,#2701,#2703,.T.);
#2701 = VERTEX_POINT('',#2702);
#2702 = CARTESIAN_POINT('',(-0.5,0.23,0.5));
#2703 = CIRCLE('',#2704,2.E-02);
#2704 = AXIS2_PLACEMENT_3D('',#2705,#2706,#2707);
#2705 = CARTESIAN_POINT('',(-0.5,0.23,0.48));
#2706 = DIRECTION('',(1.,0.,-0.));
#2707 = DIRECTION('',(0.,0.,1.));
#2708 = ORIENTED_EDGE('',*,*,#2709,.F.);
#2709 = EDGE_CURVE('',#2710,#2701,#2712,.T.);
#2710 = VERTEX_POINT('',#2711);
#2711 = CARTESIAN_POINT('',(-0.5,-0.23,0.5));
#2712 = LINE('',#2713,#2714);
#2713 = CARTESIAN_POINT('',(-0.5,-0.25,0.5));
#2714 = VECTOR('',#2715,1.);
#2715 = DIRECTION('',(0.,1.,0.));
#2716 = ORIENTED_EDGE('',*,*,#2717,.F.);
#2717 = EDGE_CURVE('',#2659,#2710,#2718,.T.);
#2718 = CIRCLE('',#2719,2.E-02);
#2719 = AXIS2_PLACEMENT_3D('',#2720,#2721,#2722);
#2720 = CARTESIAN_POINT('',(-0.5,-0.23,0.48));
#2721 = DIRECTION('',(-1.,0.,0.));
#2722 = DIRECTION('',(0.,0.,1.));
#2723 = PLANE('',#2724);
#2724 = AXIS2_PLACEMENT_3D('',#2725,#2726,#2727);
#2725 = CARTESIAN_POINT('',(-0.5,-0.25,0.));
#2726 = DIRECTION('',(1.,0.,0.));
#2727 = DIRECTION('',(0.,0.,1.));
#2728 = ADVANCED_FACE('',(#2729),#2754,.F.);
#2729 = FACE_BOUND('',#2730,.F.);
#2730 = EDGE_LOOP('',(#2731,#2741,#2747,#2748));
#2731 = ORIENTED_EDGE('',*,*,#2732,.F.);
#2732 = EDGE_CURVE('',#2733,#2735,#2737,.T.);
#2733 = VERTEX_POINT('',#2734);
#2734 = CARTESIAN_POINT('',(-0.3,-0.25,2.E-02));
#2735 = VERTEX_POINT('',#2736);
#2736 = CARTESIAN_POINT('',(-0.3,-0.25,0.48));
#2737 = LINE('',#2738,#2739);
#2738 = CARTESIAN_POINT('',(-0.3,-0.25,0.));
#2739 = VECTOR('',#2740,1.);
#2740 = DIRECTION('',(0.,0.,1.));
#2741 = ORIENTED_EDGE('',*,*,#2742,.F.);
#2742 = EDGE_CURVE('',#2657,#2733,#2743,.T.);
#2743 = LINE('',#2744,#2745);
#2744 = CARTESIAN_POINT('',(-0.5,-0.25,2.E-02));
#2745 = VECTOR('',#2746,1.);
#2746 = DIRECTION('',(1.,0.,0.));
#2747 = ORIENTED_EDGE('',*,*,#2656,.T.);
#2748 = ORIENTED_EDGE('',*,*,#2749,.T.);
#2749 = EDGE_CURVE('',#2659,#2735,#2750,.T.);
#2750 = LINE('',#2751,#2752);
#2751 = CARTESIAN_POINT('',(-0.5,-0.25,0.48));
#2752 = VECTOR('',#2753,1.);
#2753 = DIRECTION('',(1.,0.,0.));
#2754 = PLANE('',#2755);
#2755 = AXIS2_PLACEMENT_3D('',#2756,#2757,#2758);
#2756 = CARTESIAN_POINT('',(-0.5,-0.25,0.));
#2757 = DIRECTION('',(0.,1.,0.));
#2758 = DIRECTION('',(0.,-0.,1.));
#2759 = ADVANCED_FACE('',(#2760),#2779,.T.);
#2760 = FACE_BOUND('',#2761,.T.);
#2761 = EDGE_LOOP('',(#2762,#2763,#2771,#2778));
#2762 = ORIENTED_EDGE('',*,*,#2666,.T.);
#2763 = ORIENTED_EDGE('',*,*,#2764,.T.);
#2764 = EDGE_CURVE('',#2667,#2765,#2767,.T.);
#2765 = VERTEX_POINT('',#2766);
#2766 = CARTESIAN_POINT('',(-0.3,-0.23,0.));
#2767 = LINE('',#2768,#2769);
#2768 = CARTESIAN_POINT('',(-0.5,-0.23,0.));
#2769 = VECTOR('',#2770,1.);
#2770 = DIRECTION('',(1.,0.,0.));
#2771 = ORIENTED_EDGE('',*,*,#2772,.F.);
#2772 = EDGE_CURVE('',#2733,#2765,#2773,.T.);
#2773 = CIRCLE('',#2774,2.E-02);
#2774 = AXIS2_PLACEMENT_3D('',#2775,#2776,#2777);
#2775 = CARTESIAN_POINT('',(-0.3,-0.23,2.E-02));
#2776 = DIRECTION('',(1.,0.,-0.));
#2777 = DIRECTION('',(0.,0.,1.));
#2778 = ORIENTED_EDGE('',*,*,#2742,.F.);
#2779 = CYLINDRICAL_SURFACE('',#2780,2.E-02);
#2780 = AXIS2_PLACEMENT_3D('',#2781,#2782,#2783);
#2781 = CARTESIAN_POINT('',(-0.5,-0.23,2.E-02));
#2782 = DIRECTION('',(1.,0.,0.));
#2783 = DIRECTION('',(0.,-1.,0.));
#2784 = ADVANCED_FACE('',(#2785),#2804,.T.);
#2785 = FACE_BOUND('',#2786,.T.);
#2786 = EDGE_LOOP('',(#2787,#2788,#2797,#2803));
#2787 = ORIENTED_EDGE('',*,*,#2749,.T.);
#2788 = ORIENTED_EDGE('',*,*,#2789,.T.);
#2789 = EDGE_CURVE('',#2735,#2790,#2792,.T.);
#2790 = VERTEX_POINT('',#2791);
#2791 = CARTESIAN_POINT('',(-0.3,-0.23,0.5));
#2792 = CIRCLE('',#2793,2.E-02);
#2793 = AXIS2_PLACEMENT_3D('',#2794,#2795,#2796);
#2794 = CARTESIAN_POINT('',(-0.3,-0.23,0.48));
#2795 = DIRECTION('',(-1.,0.,0.));
#2796 = DIRECTION('',(0.,0.,1.));
#2797 = ORIENTED_EDGE('',*,*,#2798,.F.);
#2798 = EDGE_CURVE('',#2710,#2790,#2799,.T.);
#2799 = LINE('',#2800,#2801);
#2800 = CARTESIAN_POINT('',(-0.5,-0.23,0.5));
#2801 = VECTOR('',#2802,1.);
#2802 = DIRECTION('',(1.,0.,0.));
#2803 = ORIENTED_EDGE('',*,*,#2717,.F.);
#2804 = CYLINDRICAL_SURFACE('',#2805,2.E-02);
#2805 = AXIS2_PLACEMENT_3D('',#2806,#2807,#2808);
#2806 = CARTESIAN_POINT('',(-0.5,-0.23,0.48));
#2807 = DIRECTION('',(1.,0.,0.));
#2808 = DIRECTION('',(0.,-1.,0.));
#2809 = ADVANCED_FACE('',(#2810),#2828,.F.);
#2810 = FACE_BOUND('',#2811,.F.);
#2811 = EDGE_LOOP('',(#2812,#2813,#2814,#2822));
#2812 = ORIENTED_EDGE('',*,*,#2675,.F.);
#2813 = ORIENTED_EDGE('',*,*,#2764,.T.);
#2814 = ORIENTED_EDGE('',*,*,#2815,.T.);
#2815 = EDGE_CURVE('',#2765,#2816,#2818,.T.);
#2816 = VERTEX_POINT('',#2817);
#2817 = CARTESIAN_POINT('',(-0.3,0.23,0.));
#2818 = LINE('',#2819,#2820);
#2819 = CARTESIAN_POINT('',(-0.3,-0.25,0.));
#2820 = VECTOR('',#2821,1.);
#2821 = DIRECTION('',(0.,1.,0.));
#2822 = ORIENTED_EDGE('',*,*,#2823,.F.);
#2823 = EDGE_CURVE('',#2676,#2816,#2824,.T.);
#2824 = LINE('',#2825,#2826);
#2825 = CARTESIAN_POINT('',(-0.5,0.23,0.));
#2826 = VECTOR('',#2827,1.);
#2827 = DIRECTION('',(1.,0.,0.));
#2828 = PLANE('',#2829);
#2829 = AXIS2_PLACEMENT_3D('',#2830,#2831,#2832);
#2830 = CARTESIAN_POINT('',(-0.5,-0.25,0.));
#2831 = DIRECTION('',(0.,0.,1.));
#2832 = DIRECTION('',(1.,0.,-0.));
#2833 = ADVANCED_FACE('',(#2834),#2852,.T.);
#2834 = FACE_BOUND('',#2835,.T.);
#2835 = EDGE_LOOP('',(#2836,#2837,#2838,#2846));
#2836 = ORIENTED_EDGE('',*,*,#2709,.F.);
#2837 = ORIENTED_EDGE('',*,*,#2798,.T.);
#2838 = ORIENTED_EDGE('',*,*,#2839,.T.);
#2839 = EDGE_CURVE('',#2790,#2840,#2842,.T.);
#2840 = VERTEX_POINT('',#2841);
#2841 = CARTESIAN_POINT('',(-0.3,0.23,0.5));
#2842 = LINE('',#2843,#2844);
#2843 = CARTESIAN_POINT('',(-0.3,-0.25,0.5));
#2844 = VECTOR('',#2845,1.);
#2845 = DIRECTION('',(0.,1.,0.));
#2846 = ORIENTED_EDGE('',*,*,#2847,.F.);
#2847 = EDGE_CURVE('',#2701,#2840,#2848,.T.);
#2848 = LINE('',#2849,#2850);
#2849 = CARTESIAN_POINT('',(-0.5,0.23,0.5));
#2850 = VECTOR('',#2851,1.);
#2851 = DIRECTION('',(1.,0.,0.));
#2852 = PLANE('',#2853);
#2853 = AXIS2_PLACEMENT_3D('',#2854,#2855,#2856);
#2854 = CARTESIAN_POINT('',(-0.5,-0.25,0.5));
#2855 = DIRECTION('',(0.,0.,1.));
#2856 = DIRECTION('',(1.,0.,-0.));
#2857 = ADVANCED_FACE('',(#2858),#2877,.T.);
#2858 = FACE_BOUND('',#2859,.T.);
#2859 = EDGE_LOOP('',(#2860,#2868,#2875,#2876));
#2860 = ORIENTED_EDGE('',*,*,#2861,.T.);
#2861 = EDGE_CURVE('',#2684,#2862,#2864,.T.);
#2862 = VERTEX_POINT('',#2863);
#2863 = CARTESIAN_POINT('',(-0.3,0.25,2.E-02));
#2864 = LINE('',#2865,#2866);
#2865 = CARTESIAN_POINT('',(-0.5,0.25,2.E-02));
#2866 = VECTOR('',#2867,1.);
#2867 = DIRECTION('',(1.,0.,0.));
#2868 = ORIENTED_EDGE('',*,*,#2869,.T.);
#2869 = EDGE_CURVE('',#2862,#2816,#2870,.T.);
#2870 = CIRCLE('',#2871,2.E-02);
#2871 = AXIS2_PLACEMENT_3D('',#2872,#2873,#2874);
#2872 = CARTESIAN_POINT('',(-0.3,0.23,2.E-02));
#2873 = DIRECTION('',(-1.,0.,0.));
#2874 = DIRECTION('',(0.,0.,1.));
#2875 = ORIENTED_EDGE('',*,*,#2823,.F.);
#2876 = ORIENTED_EDGE('',*,*,#2683,.F.);
#2877 = CYLINDRICAL_SURFACE('',#2878,2.E-02);
#2878 = AXIS2_PLACEMENT_3D('',#2879,#2880,#2881);
#2879 = CARTESIAN_POINT('',(-0.5,0.23,2.E-02));
#2880 = DIRECTION('',(1.,0.,0.));
#2881 = DIRECTION('',(-0.,1.,0.));
#2882 = ADVANCED_FACE('',(#2883),#2902,.T.);
#2883 = FACE_BOUND('',#2884,.T.);
#2884 = EDGE_LOOP('',(#2885,#2886,#2887,#2896));
#2885 = ORIENTED_EDGE('',*,*,#2700,.T.);
#2886 = ORIENTED_EDGE('',*,*,#2847,.T.);
#2887 = ORIENTED_EDGE('',*,*,#2888,.F.);
#2888 = EDGE_CURVE('',#2889,#2840,#2891,.T.);
#2889 = VERTEX_POINT('',#2890);
#2890 = CARTESIAN_POINT('',(-0.3,0.25,0.48));
#2891 = CIRCLE('',#2892,2.E-02);
#2892 = AXIS2_PLACEMENT_3D('',#2893,#2894,#2895);
#2893 = CARTESIAN_POINT('',(-0.3,0.23,0.48));
#2894 = DIRECTION('',(1.,0.,-0.));
#2895 = DIRECTION('',(0.,0.,1.));
#2896 = ORIENTED_EDGE('',*,*,#2897,.F.);
#2897 = EDGE_CURVE('',#2693,#2889,#2898,.T.);
#2898 = LINE('',#2899,#2900);
#2899 = CARTESIAN_POINT('',(-0.5,0.25,0.48));
#2900 = VECTOR('',#2901,1.);
#2901 = DIRECTION('',(1.,0.,0.));
#2902 = CYLINDRICAL_SURFACE('',#2903,2.E-02);
#2903 = AXIS2_PLACEMENT_3D('',#2904,#2905,#2906);
#2904 = CARTESIAN_POINT('',(-0.5,0.23,0.48));
#2905 = DIRECTION('',(1.,0.,0.));
#2906 = DIRECTION('',(-0.,1.,0.));
#2907 = ADVANCED_FACE('',(#2908),#2919,.T.);
#2908 = FACE_BOUND('',#2909,.T.);
#2909 = EDGE_LOOP('',(#2910,#2916,#2917,#2918));
#2910 = ORIENTED_EDGE('',*,*,#2911,.F.);
#2911 = EDGE_CURVE('',#2862,#2889,#2912,.T.);
#2912 = LINE('',#2913,#2914);
#2913 = CARTESIAN_POINT('',(-0.3,0.25,0.));
#2914 = VECTOR('',#2915,1.);
#2915 = DIRECTION('',(0.,0.,1.));
#2916 = ORIENTED_EDGE('',*,*,#2861,.F.);
#2917 = ORIENTED_EDGE('',*,*,#2692,.T.);
#2918 = ORIENTED_EDGE('',*,*,#2897,.T.);
#2919 = PLANE('',#2920);
#2920 = AXIS2_PLACEMENT_3D('',#2921,#2922,#2923);
#2921 = CARTESIAN_POINT('',(-0.5,0.25,0.));
#2922 = DIRECTION('',(0.,1.,0.));
#2923 = DIRECTION('',(0.,-0.,1.));
#2924 = ADVANCED_FACE('',(#2925,#2935),#3005,.T.);
#2925 = FACE_BOUND('',#2926,.T.);
#2926 = EDGE_LOOP('',(#2927,#2928,#2929,#2930,#2931,#2932,#2933,#2934));
#2927 = ORIENTED_EDGE('',*,*,#2732,.F.);
#2928 = ORIENTED_EDGE('',*,*,#2772,.T.);
#2929 = ORIENTED_EDGE('',*,*,#2815,.T.);
#2930 = ORIENTED_EDGE('',*,*,#2869,.F.);
#2931 = ORIENTED_EDGE('',*,*,#2911,.T.);
#2932 = ORIENTED_EDGE('',*,*,#2888,.T.);
#2933 = ORIENTED_EDGE('',*,*,#2839,.F.);
#2934 = ORIENTED_EDGE('',*,*,#2789,.F.);
#2935 = FACE_BOUND('',#2936,.T.);
#2936 = EDGE_LOOP('',(#2937,#2948,#2956,#2965,#2973,#2982,#2990,#2999));
#2937 = ORIENTED_EDGE('',*,*,#2938,.F.);
#2938 = EDGE_CURVE('',#2939,#2941,#2943,.T.);
#2939 = VERTEX_POINT('',#2940);
#2940 = CARTESIAN_POINT('',(-0.3,-0.23,4.E-02));
#2941 = VERTEX_POINT('',#2942);
#2942 = CARTESIAN_POINT('',(-0.3,-0.21,2.E-02));
#2943 = CIRCLE('',#2944,2.E-02);
#2944 = AXIS2_PLACEMENT_3D('',#2945,#2946,#2947);
#2945 = CARTESIAN_POINT('',(-0.3,-0.21,4.E-02));
#2946 = DIRECTION('',(1.,0.,-0.));
#2947 = DIRECTION('',(0.,0.,1.));
#2948 = ORIENTED_EDGE('',*,*,#2949,.T.);
#2949 = EDGE_CURVE('',#2939,#2950,#2952,.T.);
#2950 = VERTEX_POINT('',#2951);
#2951 = CARTESIAN_POINT('',(-0.3,-0.23,0.46));
#2952 = LINE('',#2953,#2954);
#2953 = CARTESIAN_POINT('',(-0.3,-0.23,2.E-02));
#2954 = VECTOR('',#2955,1.);
#2955 = DIRECTION('',(0.,0.,1.));
#2956 = ORIENTED_EDGE('',*,*,#2957,.T.);
#2957 = EDGE_CURVE('',#2950,#2958,#2960,.T.);
#2958 = VERTEX_POINT('',#2959);
#2959 = CARTESIAN_POINT('',(-0.3,-0.21,0.48));
#2960 = CIRCLE('',#2961,2.E-02);
#2961 = AXIS2_PLACEMENT_3D('',#2962,#2963,#2964);
#2962 = CARTESIAN_POINT('',(-0.3,-0.21,0.46));
#2963 = DIRECTION('',(-1.,0.,0.));
#2964 = DIRECTION('',(0.,0.,1.));
#2965 = ORIENTED_EDGE('',*,*,#2966,.T.);
#2966 = EDGE_CURVE('',#2958,#2967,#2969,.T.);
#2967 = VERTEX_POINT('',#2968);
#2968 = CARTESIAN_POINT('',(-0.3,0.21,0.48));
#2969 = LINE('',#2970,#2971);
#2970 = CARTESIAN_POINT('',(-0.3,-0.23,0.48));
#2971 = VECTOR('',#2972,1.);
#2972 = DIRECTION('',(0.,1.,0.));
#2973 = ORIENTED_EDGE('',*,*,#2974,.F.);
#2974 = EDGE_CURVE('',#2975,#2967,#2977,.T.);
#2975 = VERTEX_POINT('',#2976);
#2976 = CARTESIAN_POINT('',(-0.3,0.23,0.46));
#2977 = CIRCLE('',#2978,2.E-02);
#2978 = AXIS2_PLACEMENT_3D('',#2979,#2980,#2981);
#2979 = CARTESIAN_POINT('',(-0.3,0.21,0.46));
#2980 = DIRECTION('',(1.,0.,-0.));
#2981 = DIRECTION('',(0.,0.,1.));
#2982 = ORIENTED_EDGE('',*,*,#2983,.F.);
#2983 = EDGE_CURVE('',#2984,#2975,#2986,.T.);
#2984 = VERTEX_POINT('',#2985);
#2985 = CARTESIAN_POINT('',(-0.3,0.23,4.E-02));
#2986 = LINE('',#2987,#2988);
#2987 = CARTESIAN_POINT('',(-0.3,0.23,2.E-02));
#2988 = VECTOR('',#2989,1.);
#2989 = DIRECTION('',(0.,0.,1.));
#2990 = ORIENTED_EDGE('',*,*,#2991,.T.);
#2991 = EDGE_CURVE('',#2984,#2992,#2994,.T.);
#2992 = VERTEX_POINT('',#2993);
#2993 = CARTESIAN_POINT('',(-0.3,0.21,2.E-02));
#2994 = CIRCLE('',#2995,2.E-02);
#2995 = AXIS2_PLACEMENT_3D('',#2996,#2997,#2998);
#2996 = CARTESIAN_POINT('',(-0.3,0.21,4.E-02));
#2997 = DIRECTION('',(-1.,0.,0.));
#2998 = DIRECTION('',(0.,0.,1.));
#2999 = ORIENTED_EDGE('',*,*,#3000,.F.);
#3000 = EDGE_CURVE('',#2941,#2992,#3001,.T.);
#3001 = LINE('',#3002,#3003);
#3002 = CARTESIAN_POINT('',(-0.3,-0.23,2.E-02));
#3003 = VECTOR('',#3004,1.);
#3004 = DIRECTION('',(0.,1.,0.));
#3005 = PLANE('',#3006);
#3006 = AXIS2_PLACEMENT_3D('',#3007,#3008,#3009);
#3007 = CARTESIAN_POINT('',(-0.3,-0.25,0.));
#3008 = DIRECTION('',(1.,0.,0.));
#3009 = DIRECTION('',(0.,0.,1.));
#3010 = ADVANCED_FACE('',(#3011),#3037,.T.);
#3011 = FACE_BOUND('',#3012,.T.);
#3012 = EDGE_LOOP('',(#3013,#3014,#3022,#3031));
#3013 = ORIENTED_EDGE('',*,*,#2938,.T.);
#3014 = ORIENTED_EDGE('',*,*,#3015,.T.);
#3015 = EDGE_CURVE('',#2941,#3016,#3018,.T.);
#3016 = VERTEX_POINT('',#3017);
#3017 = CARTESIAN_POINT('',(0.3,-0.21,2.E-02));
#3018 = LINE('',#3019,#3020);
#3019 = CARTESIAN_POINT('',(-0.3,-0.21,2.E-02));
#3020 = VECTOR('',#3021,1.);
#3021 = DIRECTION('',(1.,0.,0.));
#3022 = ORIENTED_EDGE('',*,*,#3023,.F.);
#3023 = EDGE_CURVE('',#3024,#3016,#3026,.T.);
#3024 = VERTEX_POINT('',#3025);
#3025 = CARTESIAN_POINT('',(0.3,-0.23,4.E-02));
#3026 = CIRCLE('',#3027,2.E-02);
#3027 = AXIS2_PLACEMENT_3D('',#3028,#3029,#3030);
#3028 = CARTESIAN_POINT('',(0.3,-0.21,4.E-02));
#3029 = DIRECTION('',(1.,0.,-0.));
#3030 = DIRECTION('',(0.,0.,1.));
#3031 = ORIENTED_EDGE('',*,*,#3032,.F.);
#3032 = EDGE_CURVE('',#2939,#3024,#3033,.T.);
#3033 = LINE('',#3034,#3035);
#3034 = CARTESIAN_POINT('',(-0.3,-0.23,4.E-02));
#3035 = VECTOR('',#3036,1.);
#3036 = DIRECTION('',(1.,0.,0.));
#3037 = CYLINDRICAL_SURFACE('',#3038,2.E-02);
#3038 = AXIS2_PLACEMENT_3D('',#3039,#3040,#3041);
#3039 = CARTESIAN_POINT('',(-0.3,-0.21,4.E-02));
#3040 = DIRECTION('',(1.,0.,0.));
#3041 = DIRECTION('',(0.,-1.,0.));
#3042 = ADVANCED_FACE('',(#3043),#3061,.F.);
#3043 = FACE_BOUND('',#3044,.F.);
#3044 = EDGE_LOOP('',(#3045,#3046,#3047,#3055));
#3045 = ORIENTED_EDGE('',*,*,#3000,.F.);
#3046 = ORIENTED_EDGE('',*,*,#3015,.T.);
#3047 = ORIENTED_EDGE('',*,*,#3048,.T.);
#3048 = EDGE_CURVE('',#3016,#3049,#3051,.T.);
#3049 = VERTEX_POINT('',#3050);
#3050 = CARTESIAN_POINT('',(0.3,0.21,2.E-02));
#3051 = LINE('',#3052,#3053);
#3052 = CARTESIAN_POINT('',(0.3,-0.23,2.E-02));
#3053 = VECTOR('',#3054,1.);
#3054 = DIRECTION('',(0.,1.,0.));
#3055 = ORIENTED_EDGE('',*,*,#3056,.F.);
#3056 = EDGE_CURVE('',#2992,#3049,#3057,.T.);
#3057 = LINE('',#3058,#3059);
#3058 = CARTESIAN_POINT('',(-0.3,0.21,2.E-02));
#3059 = VECTOR('',#3060,1.);
#3060 = DIRECTION('',(1.,0.,0.));
#3061 = PLANE('',#3062);
#3062 = AXIS2_PLACEMENT_3D('',#3063,#3064,#3065);
#3063 = CARTESIAN_POINT('',(-0.3,-0.23,2.E-02));
#3064 = DIRECTION('',(0.,0.,1.));
#3065 = DIRECTION('',(1.,0.,-0.));
#3066 = ADVANCED_FACE('',(#3067),#3086,.T.);
#3067 = FACE_BOUND('',#3068,.T.);
#3068 = EDGE_LOOP('',(#3069,#3077,#3084,#3085));
#3069 = ORIENTED_EDGE('',*,*,#3070,.T.);
#3070 = EDGE_CURVE('',#2984,#3071,#3073,.T.);
#3071 = VERTEX_POINT('',#3072);
#3072 = CARTESIAN_POINT('',(0.3,0.23,4.E-02));
#3073 = LINE('',#3074,#3075);
#3074 = CARTESIAN_POINT('',(-0.3,0.23,4.E-02));
#3075 = VECTOR('',#3076,1.);
#3076 = DIRECTION('',(1.,0.,0.));
#3077 = ORIENTED_EDGE('',*,*,#3078,.T.);
#3078 = EDGE_CURVE('',#3071,#3049,#3079,.T.);
#3079 = CIRCLE('',#3080,2.E-02);
#3080 = AXIS2_PLACEMENT_3D('',#3081,#3082,#3083);
#3081 = CARTESIAN_POINT('',(0.3,0.21,4.E-02));
#3082 = DIRECTION('',(-1.,0.,0.));
#3083 = DIRECTION('',(0.,0.,1.));
#3084 = ORIENTED_EDGE('',*,*,#3056,.F.);
#3085 = ORIENTED_EDGE('',*,*,#2991,.F.);
#3086 = CYLINDRICAL_SURFACE('',#3087,2.E-02);
#3087 = AXIS2_PLACEMENT_3D('',#3088,#3089,#3090);
#3088 = CARTESIAN_POINT('',(-0.3,0.21,4.E-02));
#3089 = DIRECTION('',(1.,0.,0.));
#3090 = DIRECTION('',(-0.,1.,0.));
#3091 = ADVANCED_FACE('',(#3092),#3110,.T.);
#3092 = FACE_BOUND('',#3093,.T.);
#3093 = EDGE_LOOP('',(#3094,#3102,#3103,#3104));
#3094 = ORIENTED_EDGE('',*,*,#3095,.F.);
#3095 = EDGE_CURVE('',#3071,#3096,#3098,.T.);
#3096 = VERTEX_POINT('',#3097);
#3097 = CARTESIAN_POINT('',(0.3,0.23,0.46));
#3098 = LINE('',#3099,#3100);
#3099 = CARTESIAN_POINT('',(0.3,0.23,2.E-02));
#3100 = VECTOR('',#3101,1.);
#3101 = DIRECTION('',(0.,0.,1.));
#3102 = ORIENTED_EDGE('',*,*,#3070,.F.);
#3103 = ORIENTED_EDGE('',*,*,#2983,.T.);
#3104 = ORIENTED_EDGE('',*,*,#3105,.T.);
#3105 = EDGE_CURVE('',#2975,#3096,#3106,.T.);
#3106 = LINE('',#3107,#3108);
#3107 = CARTESIAN_POINT('',(-0.3,0.23,0.46));
#3108 = VECTOR('',#3109,1.);
#3109 = DIRECTION('',(1.,0.,0.));
#3110 = PLANE('',#3111);
#3111 = AXIS2_PLACEMENT_3D('',#3112,#3113,#3114);
#3112 = CARTESIAN_POINT('',(-0.3,0.23,2.E-02));
#3113 = DIRECTION('',(0.,1.,0.));
#3114 = DIRECTION('',(0.,-0.,1.));
#3115 = ADVANCED_FACE('',(#3116),#3135,.T.);
#3116 = FACE_BOUND('',#3117,.T.);
#3117 = EDGE_LOOP('',(#3118,#3119,#3127,#3134));
#3118 = ORIENTED_EDGE('',*,*,#2974,.T.);
#3119 = ORIENTED_EDGE('',*,*,#3120,.T.);
#3120 = EDGE_CURVE('',#2967,#3121,#3123,.T.);
#3121 = VERTEX_POINT('',#3122);
#3122 = CARTESIAN_POINT('',(0.3,0.21,0.48));
#3123 = LINE('',#3124,#3125);
#3124 = CARTESIAN_POINT('',(-0.3,0.21,0.48));
#3125 = VECTOR('',#3126,1.);
#3126 = DIRECTION('',(1.,0.,0.));
#3127 = ORIENTED_EDGE('',*,*,#3128,.F.);
#3128 = EDGE_CURVE('',#3096,#3121,#3129,.T.);
#3129 = CIRCLE('',#3130,2.E-02);
#3130 = AXIS2_PLACEMENT_3D('',#3131,#3132,#3133);
#3131 = CARTESIAN_POINT('',(0.3,0.21,0.46));
#3132 = DIRECTION('',(1.,0.,-0.));
#3133 = DIRECTION('',(0.,0.,1.));
#3134 = ORIENTED_EDGE('',*,*,#3105,.F.);
#3135 = CYLINDRICAL_SURFACE('',#3136,2.E-02);
#3136 = AXIS2_PLACEMENT_3D('',#3137,#3138,#3139);
#3137 = CARTESIAN_POINT('',(-0.3,0.21,0.46));
#3138 = DIRECTION('',(1.,0.,0.));
#3139 = DIRECTION('',(-0.,1.,0.));
#3140 = ADVANCED_FACE('',(#3141),#3159,.T.);
#3141 = FACE_BOUND('',#3142,.T.);
#3142 = EDGE_LOOP('',(#3143,#3144,#3152,#3158));
#3143 = ORIENTED_EDGE('',*,*,#2966,.F.);
#3144 = ORIENTED_EDGE('',*,*,#3145,.T.);
#3145 = EDGE_CURVE('',#2958,#3146,#3148,.T.);
#3146 = VERTEX_POINT('',#3147);
#3147 = CARTESIAN_POINT('',(0.3,-0.21,0.48));
#3148 = LINE('',#3149,#3150);
#3149 = CARTESIAN_POINT('',(-0.3,-0.21,0.48));
#3150 = VECTOR('',#3151,1.);
#3151 = DIRECTION('',(1.,0.,0.));
#3152 = ORIENTED_EDGE('',*,*,#3153,.T.);
#3153 = EDGE_CURVE('',#3146,#3121,#3154,.T.);
#3154 = LINE('',#3155,#3156);
#3155 = CARTESIAN_POINT('',(0.3,-0.23,0.48));
#3156 = VECTOR('',#3157,1.);
#3157 = DIRECTION('',(0.,1.,0.));
#3158 = ORIENTED_EDGE('',*,*,#3120,.F.);
#3159 = PLANE('',#3160);
#3160 = AXIS2_PLACEMENT_3D('',#3161,#3162,#3163);
#3161 = CARTESIAN_POINT('',(-0.3,-0.23,0.48));
#3162 = DIRECTION('',(0.,0.,1.));
#3163 = DIRECTION('',(1.,0.,-0.));
#3164 = ADVANCED_FACE('',(#3165),#3184,.T.);
#3165 = FACE_BOUND('',#3166,.T.);
#3166 = EDGE_LOOP('',(#3167,#3175,#3182,#3183));
#3167 = ORIENTED_EDGE('',*,*,#3168,.T.);
#3168 = EDGE_CURVE('',#2950,#3169,#3171,.T.);
#3169 = VERTEX_POINT('',#3170);
#3170 = CARTESIAN_POINT('',(0.3,-0.23,0.46));
#3171 = LINE('',#3172,#3173);
#3172 = CARTESIAN_POINT('',(-0.3,-0.23,0.46));
#3173 = VECTOR('',#3174,1.);
#3174 = DIRECTION('',(1.,0.,0.));
#3175 = ORIENTED_EDGE('',*,*,#3176,.T.);
#3176 = EDGE_CURVE('',#3169,#3146,#3177,.T.);
#3177 = CIRCLE('',#3178,2.E-02);
#3178 = AXIS2_PLACEMENT_3D('',#3179,#3180,#3181);
#3179 = CARTESIAN_POINT('',(0.3,-0.21,0.46));
#3180 = DIRECTION('',(-1.,0.,0.));
#3181 = DIRECTION('',(0.,0.,1.));
#3182 = ORIENTED_EDGE('',*,*,#3145,.F.);
#3183 = ORIENTED_EDGE('',*,*,#2957,.F.);
#3184 = CYLINDRICAL_SURFACE('',#3185,2.E-02);
#3185 = AXIS2_PLACEMENT_3D('',#3186,#3187,#3188);
#3186 = CARTESIAN_POINT('',(-0.3,-0.21,0.46));
#3187 = DIRECTION('',(1.,0.,0.));
#3188 = DIRECTION('',(0.,-1.,0.));
#3189 = ADVANCED_FACE('',(#3190),#3201,.F.);
#3190 = FACE_BOUND('',#3191,.F.);
#3191 = EDGE_LOOP('',(#3192,#3198,#3199,#3200));
#3192 = ORIENTED_EDGE('',*,*,#3193,.F.);
#3193 = EDGE_CURVE('',#3024,#3169,#3194,.T.);
#3194 = LINE('',#3195,#3196);
#3195 = CARTESIAN_POINT('',(0.3,-0.23,2.E-02));
#3196 = VECTOR('',#3197,1.);
#3197 = DIRECTION('',(0.,0.,1.));
#3198 = ORIENTED_EDGE('',*,*,#3032,.F.);
#3199 = ORIENTED_EDGE('',*,*,#2949,.T.);
#3200 = ORIENTED_EDGE('',*,*,#3168,.T.);
#3201 = PLANE('',#3202);
#3202 = AXIS2_PLACEMENT_3D('',#3203,#3204,#3205);
#3203 = CARTESIAN_POINT('',(-0.3,-0.23,2.E-02));
#3204 = DIRECTION('',(0.,1.,0.));
#3205 = DIRECTION('',(0.,-0.,1.));
#3206 = ADVANCED_FACE('',(#3207,#3277),#3287,.F.);
#3207 = FACE_BOUND('',#3208,.F.);
#3208 = EDGE_LOOP('',(#3209,#3219,#3228,#3236,#3245,#3253,#3262,#3270));
#3209 = ORIENTED_EDGE('',*,*,#3210,.F.);
#3210 = EDGE_CURVE('',#3211,#3213,#3215,.T.);
#3211 = VERTEX_POINT('',#3212);
#3212 = CARTESIAN_POINT('',(0.3,-0.25,2.E-02));
#3213 = VERTEX_POINT('',#3214);
#3214 = CARTESIAN_POINT('',(0.3,-0.25,0.48));
#3215 = LINE('',#3216,#3217);
#3216 = CARTESIAN_POINT('',(0.3,-0.25,0.));
#3217 = VECTOR('',#3218,1.);
#3218 = DIRECTION('',(0.,0.,1.));
#3219 = ORIENTED_EDGE('',*,*,#3220,.T.);
#3220 = EDGE_CURVE('',#3211,#3221,#3223,.T.);
#3221 = VERTEX_POINT('',#3222);
#3222 = CARTESIAN_POINT('',(0.3,-0.23,0.));
#3223 = CIRCLE('',#3224,2.E-02);
#3224 = AXIS2_PLACEMENT_3D('',#3225,#3226,#3227);
#3225 = CARTESIAN_POINT('',(0.3,-0.23,2.E-02));
#3226 = DIRECTION('',(1.,0.,-0.));
#3227 = DIRECTION('',(0.,0.,1.));
#3228 = ORIENTED_EDGE('',*,*,#3229,.T.);
#3229 = EDGE_CURVE('',#3221,#3230,#3232,.T.);
#3230 = VERTEX_POINT('',#3231);
#3231 = CARTESIAN_POINT('',(0.3,0.23,0.));
#3232 = LINE('',#3233,#3234);
#3233 = CARTESIAN_POINT('',(0.3,-0.25,0.));
#3234 = VECTOR('',#3235,1.);
#3235 = DIRECTION('',(0.,1.,0.));
#3236 = ORIENTED_EDGE('',*,*,#3237,.F.);
#3237 = EDGE_CURVE('',#3238,#3230,#3240,.T.);
#3238 = VERTEX_POINT('',#3239);
#3239 = CARTESIAN_POINT('',(0.3,0.25,2.E-02));
#3240 = CIRCLE('',#3241,2.E-02);
#3241 = AXIS2_PLACEMENT_3D('',#3242,#3243,#3244);
#3242 = CARTESIAN_POINT('',(0.3,0.23,2.E-02));
#3243 = DIRECTION('',(-1.,0.,0.));
#3244 = DIRECTION('',(0.,0.,1.));
#3245 = ORIENTED_EDGE('',*,*,#3246,.T.);
#3246 = EDGE_CURVE('',#3238,#3247,#3249,.T.);
#3247 = VERTEX_POINT('',#3248);
#3248 = CARTESIAN_POINT('',(0.3,0.25,0.48));
#3249 = LINE('',#3250,#3251);
#3250 = CARTESIAN_POINT('',(0.3,0.25,0.));
#3251 = VECTOR('',#3252,1.);
#3252 = DIRECTION('',(0.,0.,1.));
#3253 = ORIENTED_EDGE('',*,*,#3254,.T.);
#3254 = EDGE_CURVE('',#3247,#3255,#3257,.T.);
#3255 = VERTEX_POINT('',#3256);
#3256 = CARTESIAN_POINT('',(0.3,0.23,0.5));
#3257 = CIRCLE('',#3258,2.E-02);
#3258 = AXIS2_PLACEMENT_3D('',#3259,#3260,#3261);
#3259 = CARTESIAN_POINT('',(0.3,0.23,0.48));
#3260 = DIRECTION('',(1.,0.,-0.));
#3261 = DIRECTION('',(0.,0.,1.));
#3262 = ORIENTED_EDGE('',*,*,#3263,.F.);
#3263 = EDGE_CURVE('',#3264,#3255,#3266,.T.);
#3264 = VERTEX_POINT('',#3265);
#3265 = CARTESIAN_POINT('',(0.3,-0.23,0.5));
#3266 = LINE('',#3267,#3268);
#3267 = CARTESIAN_POINT('',(0.3,-0.25,0.5));
#3268 = VECTOR('',#3269,1.);
#3269 = DIRECTION('',(0.,1.,0.));
#3270 = ORIENTED_EDGE('',*,*,#3271,.F.);
#3271 = EDGE_CURVE('',#3213,#3264,#3272,.T.);
#3272 = CIRCLE('',#3273,2.E-02);
#3273 = AXIS2_PLACEMENT_3D('',#3274,#3275,#3276);
#3274 = CARTESIAN_POINT('',(0.3,-0.23,0.48));
#3275 = DIRECTION('',(-1.,0.,0.));
#3276 = DIRECTION('',(0.,0.,1.));
#3277 = FACE_BOUND('',#3278,.F.);
#3278 = EDGE_LOOP('',(#3279,#3280,#3281,#3282,#3283,#3284,#3285,#3286));
#3279 = ORIENTED_EDGE('',*,*,#3023,.F.);
#3280 = ORIENTED_EDGE('',*,*,#3193,.T.);
#3281 = ORIENTED_EDGE('',*,*,#3176,.T.);
#3282 = ORIENTED_EDGE('',*,*,#3153,.T.);
#3283 = ORIENTED_EDGE('',*,*,#3128,.F.);
#3284 = ORIENTED_EDGE('',*,*,#3095,.F.);
#3285 = ORIENTED_EDGE('',*,*,#3078,.T.);
#3286 = ORIENTED_EDGE('',*,*,#3048,.F.);
#3287 = PLANE('',#3288);
#3288 = AXIS2_PLACEMENT_3D('',#3289,#3290,#3291);
#3289 = CARTESIAN_POINT('',(0.3,-0.25,0.));
#3290 = DIRECTION('',(1.,0.,0.));
#3291 = DIRECTION('',(0.,0.,1.));
#3292 = ADVANCED_FACE('',(#3293),#3318,.F.);
#3293 = FACE_BOUND('',#3294,.F.);
#3294 = EDGE_LOOP('',(#3295,#3305,#3311,#3312));
#3295 = ORIENTED_EDGE('',*,*,#3296,.F.);
#3296 = EDGE_CURVE('',#3297,#3299,#3301,.T.);
#3297 = VERTEX_POINT('',#3298);
#3298 = CARTESIAN_POINT('',(0.5,-0.25,2.E-02));
#3299 = VERTEX_POINT('',#3300);
#3300 = CARTESIAN_POINT('',(0.5,-0.25,0.48));
#3301 = LINE('',#3302,#3303);
#3302 = CARTESIAN_POINT('',(0.5,-0.25,0.));
#3303 = VECTOR('',#3304,1.);
#3304 = DIRECTION('',(0.,0.,1.));
#3305 = ORIENTED_EDGE('',*,*,#3306,.F.);
#3306 = EDGE_CURVE('',#3211,#3297,#3307,.T.);
#3307 = LINE('',#3308,#3309);
#3308 = CARTESIAN_POINT('',(0.3,-0.25,2.E-02));
#3309 = VECTOR('',#3310,1.);
#3310 = DIRECTION('',(1.,0.,0.));
#3311 = ORIENTED_EDGE('',*,*,#3210,.T.);
#3312 = ORIENTED_EDGE('',*,*,#3313,.T.);
#3313 = EDGE_CURVE('',#3213,#3299,#3314,.T.);
#3314 = LINE('',#3315,#3316);
#3315 = CARTESIAN_POINT('',(0.3,-0.25,0.48));
#3316 = VECTOR('',#3317,1.);
#3317 = DIRECTION('',(1.,0.,0.));
#3318 = PLANE('',#3319);
#3319 = AXIS2_PLACEMENT_3D('',#3320,#3321,#3322);
#3320 = CARTESIAN_POINT('',(0.3,-0.25,0.));
#3321 = DIRECTION('',(0.,1.,0.));
#3322 = DIRECTION('',(0.,-0.,1.));
#3323 = ADVANCED_FACE('',(#3324),#3343,.T.);
#3324 = FACE_BOUND('',#3325,.T.);
#3325 = EDGE_LOOP('',(#3326,#3327,#3335,#3342));
#3326 = ORIENTED_EDGE('',*,*,#3220,.T.);
#3327 = ORIENTED_EDGE('',*,*,#3328,.T.);
#3328 = EDGE_CURVE('',#3221,#3329,#3331,.T.);
#3329 = VERTEX_POINT('',#3330);
#3330 = CARTESIAN_POINT('',(0.5,-0.23,0.));
#3331 = LINE('',#3332,#3333);
#3332 = CARTESIAN_POINT('',(0.3,-0.23,0.));
#3333 = VECTOR('',#3334,1.);
#3334 = DIRECTION('',(1.,0.,0.));
#3335 = ORIENTED_EDGE('',*,*,#3336,.F.);
#3336 = EDGE_CURVE('',#3297,#3329,#3337,.T.);
#3337 = CIRCLE('',#3338,2.E-02);
#3338 = AXIS2_PLACEMENT_3D('',#3339,#3340,#3341);
#3339 = CARTESIAN_POINT('',(0.5,-0.23,2.E-02));
#3340 = DIRECTION('',(1.,0.,-0.));
#3341 = DIRECTION('',(0.,0.,1.));
#3342 = ORIENTED_EDGE('',*,*,#3306,.F.);
#3343 = CYLINDRICAL_SURFACE('',#3344,2.E-02);
#3344 = AXIS2_PLACEMENT_3D('',#3345,#3346,#3347);
#3345 = CARTESIAN_POINT('',(0.3,-0.23,2.E-02));
#3346 = DIRECTION('',(1.,0.,0.));
#3347 = DIRECTION('',(0.,-1.,0.));
#3348 = ADVANCED_FACE('',(#3349),#3368,.T.);
#3349 = FACE_BOUND('',#3350,.T.);
#3350 = EDGE_LOOP('',(#3351,#3352,#3361,#3367));
#3351 = ORIENTED_EDGE('',*,*,#3313,.T.);
#3352 = ORIENTED_EDGE('',*,*,#3353,.T.);
#3353 = EDGE_CURVE('',#3299,#3354,#3356,.T.);
#3354 = VERTEX_POINT('',#3355);
#3355 = CARTESIAN_POINT('',(0.5,-0.23,0.5));
#3356 = CIRCLE('',#3357,2.E-02);
#3357 = AXIS2_PLACEMENT_3D('',#3358,#3359,#3360);
#3358 = CARTESIAN_POINT('',(0.5,-0.23,0.48));
#3359 = DIRECTION('',(-1.,0.,0.));
#3360 = DIRECTION('',(0.,0.,1.));
#3361 = ORIENTED_EDGE('',*,*,#3362,.F.);
#3362 = EDGE_CURVE('',#3264,#3354,#3363,.T.);
#3363 = LINE('',#3364,#3365);
#3364 = CARTESIAN_POINT('',(0.3,-0.23,0.5));
#3365 = VECTOR('',#3366,1.);
#3366 = DIRECTION('',(1.,0.,0.));
#3367 = ORIENTED_EDGE('',*,*,#3271,.F.);
#3368 = CYLINDRICAL_SURFACE('',#3369,2.E-02);
#3369 = AXIS2_PLACEMENT_3D('',#3370,#3371,#3372);
#3370 = CARTESIAN_POINT('',(0.3,-0.23,0.48));
#3371 = DIRECTION('',(1.,0.,0.));
#3372 = DIRECTION('',(0.,-1.,0.));
#3373 = ADVANCED_FACE('',(#3374),#3392,.F.);
#3374 = FACE_BOUND('',#3375,.F.);
#3375 = EDGE_LOOP('',(#3376,#3377,#3378,#3386));
#3376 = ORIENTED_EDGE('',*,*,#3229,.F.);
#3377 = ORIENTED_EDGE('',*,*,#3328,.T.);
#3378 = ORIENTED_EDGE('',*,*,#3379,.T.);
#3379 = EDGE_CURVE('',#3329,#3380,#3382,.T.);
#3380 = VERTEX_POINT('',#3381);
#3381 = CARTESIAN_POINT('',(0.5,0.23,0.));
#3382 = LINE('',#3383,#3384);
#3383 = CARTESIAN_POINT('',(0.5,-0.25,0.));
#3384 = VECTOR('',#3385,1.);
#3385 = DIRECTION('',(0.,1.,0.));
#3386 = ORIENTED_EDGE('',*,*,#3387,.F.);
#3387 = EDGE_CURVE('',#3230,#3380,#3388,.T.);
#3388 = LINE('',#3389,#3390);
#3389 = CARTESIAN_POINT('',(0.3,0.23,0.));
#3390 = VECTOR('',#3391,1.);
#3391 = DIRECTION('',(1.,0.,0.));
#3392 = PLANE('',#3393);
#3393 = AXIS2_PLACEMENT_3D('',#3394,#3395,#3396);
#3394 = CARTESIAN_POINT('',(0.3,-0.25,0.));
#3395 = DIRECTION('',(0.,0.,1.));
#3396 = DIRECTION('',(1.,0.,-0.));
#3397 = ADVANCED_FACE('',(#3398),#3416,.T.);
#3398 = FACE_BOUND('',#3399,.T.);
#3399 = EDGE_LOOP('',(#3400,#3401,#3402,#3410));
#3400 = ORIENTED_EDGE('',*,*,#3263,.F.);
#3401 = ORIENTED_EDGE('',*,*,#3362,.T.);
#3402 = ORIENTED_EDGE('',*,*,#3403,.T.);
#3403 = EDGE_CURVE('',#3354,#3404,#3406,.T.);
#3404 = VERTEX_POINT('',#3405);
#3405 = CARTESIAN_POINT('',(0.5,0.23,0.5));
#3406 = LINE('',#3407,#3408);
#3407 = CARTESIAN_POINT('',(0.5,-0.25,0.5));
#3408 = VECTOR('',#3409,1.);
#3409 = DIRECTION('',(0.,1.,0.));
#3410 = ORIENTED_EDGE('',*,*,#3411,.F.);
#3411 = EDGE_CURVE('',#3255,#3404,#3412,.T.);
#3412 = LINE('',#3413,#3414);
#3413 = CARTESIAN_POINT('',(0.3,0.23,0.5));
#3414 = VECTOR('',#3415,1.);
#3415 = DIRECTION('',(1.,0.,0.));
#3416 = PLANE('',#3417);
#3417 = AXIS2_PLACEMENT_3D('',#3418,#3419,#3420);
#3418 = CARTESIAN_POINT('',(0.3,-0.25,0.5));
#3419 = DIRECTION('',(0.,0.,1.));
#3420 = DIRECTION('',(1.,0.,-0.));
#3421 = ADVANCED_FACE('',(#3422),#3441,.T.);
#3422 = FACE_BOUND('',#3423,.T.);
#3423 = EDGE_LOOP('',(#3424,#3432,#3439,#3440));
#3424 = ORIENTED_EDGE('',*,*,#3425,.T.);
#3425 = EDGE_CURVE('',#3238,#3426,#3428,.T.);
#3426 = VERTEX_POINT('',#3427);
#3427 = CARTESIAN_POINT('',(0.5,0.25,2.E-02));
#3428 = LINE('',#3429,#3430);
#3429 = CARTESIAN_POINT('',(0.3,0.25,2.E-02));
#3430 = VECTOR('',#3431,1.);
#3431 = DIRECTION('',(1.,0.,0.));
#3432 = ORIENTED_EDGE('',*,*,#3433,.T.);
#3433 = EDGE_CURVE('',#3426,#3380,#3434,.T.);
#3434 = CIRCLE('',#3435,2.E-02);
#3435 = AXIS2_PLACEMENT_3D('',#3436,#3437,#3438);
#3436 = CARTESIAN_POINT('',(0.5,0.23,2.E-02));
#3437 = DIRECTION('',(-1.,0.,0.));
#3438 = DIRECTION('',(0.,0.,1.));
#3439 = ORIENTED_EDGE('',*,*,#3387,.F.);
#3440 = ORIENTED_EDGE('',*,*,#3237,.F.);
#3441 = CYLINDRICAL_SURFACE('',#3442,2.E-02);
#3442 = AXIS2_PLACEMENT_3D('',#3443,#3444,#3445);
#3443 = CARTESIAN_POINT('',(0.3,0.23,2.E-02));
#3444 = DIRECTION('',(1.,0.,0.));
#3445 = DIRECTION('',(-0.,1.,0.));
#3446 = ADVANCED_FACE('',(#3447),#3466,.T.);
#3447 = FACE_BOUND('',#3448,.T.);
#3448 = EDGE_LOOP('',(#3449,#3450,#3451,#3460));
#3449 = ORIENTED_EDGE('',*,*,#3254,.T.);
#3450 = ORIENTED_EDGE('',*,*,#3411,.T.);
#3451 = ORIENTED_EDGE('',*,*,#3452,.F.);
#3452 = EDGE_CURVE('',#3453,#3404,#3455,.T.);
#3453 = VERTEX_POINT('',#3454);
#3454 = CARTESIAN_POINT('',(0.5,0.25,0.48));
#3455 = CIRCLE('',#3456,2.E-02);
#3456 = AXIS2_PLACEMENT_3D('',#3457,#3458,#3459);
#3457 = CARTESIAN_POINT('',(0.5,0.23,0.48));
#3458 = DIRECTION('',(1.,0.,-0.));
#3459 = DIRECTION('',(0.,0.,1.));
#3460 = ORIENTED_EDGE('',*,*,#3461,.F.);
#3461 = EDGE_CURVE('',#3247,#3453,#3462,.T.);
#3462 = LINE('',#3463,#3464);
#3463 = CARTESIAN_POINT('',(0.3,0.25,0.48));
#3464 = VECTOR('',#3465,1.);
#3465 = DIRECTION('',(1.,0.,0.));
#3466 = CYLINDRICAL_SURFACE('',#3467,2.E-02);
#3467 = AXIS2_PLACEMENT_3D('',#3468,#3469,#3470);
#3468 = CARTESIAN_POINT('',(0.3,0.23,0.48));
#3469 = DIRECTION('',(1.,0.,0.));
#3470 = DIRECTION('',(-0.,1.,0.));
#3471 = ADVANCED_FACE('',(#3472),#3483,.T.);
#3472 = FACE_BOUND('',#3473,.T.);
#3473 = EDGE_LOOP('',(#3474,#3480,#3481,#3482));
#3474 = ORIENTED_EDGE('',*,*,#3475,.F.);
#3475 = EDGE_CURVE('',#3426,#3453,#3476,.T.);
#3476 = LINE('',#3477,#3478);
#3477 = CARTESIAN_POINT('',(0.5,0.25,0.));
#3478 = VECTOR('',#3479,1.);
#3479 = DIRECTION('',(0.,0.,1.));
#3480 = ORIENTED_EDGE('',*,*,#3425,.F.);
#3481 = ORIENTED_EDGE('',*,*,#3246,.T.);
#3482 = ORIENTED_EDGE('',*,*,#3461,.T.);
#3483 = PLANE('',#3484);
#3484 = AXIS2_PLACEMENT_3D('',#3485,#3486,#3487);
#3485 = CARTESIAN_POINT('',(0.3,0.25,0.));
#3486 = DIRECTION('',(0.,1.,0.));
#3487 = DIRECTION('',(0.,-0.,1.));
#3488 = ADVANCED_FACE('',(#3489),#3499,.T.);
#3489 = FACE_BOUND('',#3490,.T.);
#3490 = EDGE_LOOP('',(#3491,#3492,#3493,#3494,#3495,#3496,#3497,#3498));
#3491 = ORIENTED_EDGE('',*,*,#3296,.F.);
#3492 = ORIENTED_EDGE('',*,*,#3336,.T.);
#3493 = ORIENTED_EDGE('',*,*,#3379,.T.);
#3494 = ORIENTED_EDGE('',*,*,#3433,.F.);
#3495 = ORIENTED_EDGE('',*,*,#3475,.T.);
#3496 = ORIENTED_EDGE('',*,*,#3452,.T.);
#3497 = ORIENTED_EDGE('',*,*,#3403,.F.);
#3498 = ORIENTED_EDGE('',*,*,#3353,.F.);
#3499 = PLANE('',#3500);
#3500 = AXIS2_PLACEMENT_3D('',#3501,#3502,#3503);
#3501 = CARTESIAN_POINT('',(0.5,-0.25,0.));
#3502 = DIRECTION('',(1.,0.,0.));
#3503 = DIRECTION('',(0.,0.,1.));
#3504 = ( GEOMETRIC_REPRESENTATION_CONTEXT(3) 
GLOBAL_UNCERTAINTY_ASSIGNED_CONTEXT((#3508)) 
GLOBAL_UNIT_ASSIGNED_CONTEXT((#3505,#3506,#3507)) REPRESENTATION_CONTEXT
('Context #1','3D Context with UNIT and UNCERTAINTY') );
#3505 = ( LENGTH_UNIT() NAMED_UNIT(*) SI_UNIT(.MILLI.,.METRE.) );
#3506 = ( NAMED_UNIT(*) PLANE_ANGLE_UNIT() SI_UNIT($,.RADIAN.) );
#3507 = ( NAMED_UNIT(*) SI_UNIT($,.STERADIAN.) SOLID_ANGLE_UNIT() );
#3508 = UNCERTAINTY_MEASURE_WITH_UNIT(LENGTH_MEASURE(1.E-07),#3505,
  'distance_accuracy_value','confusion accuracy');
#3509 = CONTEXT_DEPENDENT_SHAPE_REPRESENTATION(#3510,#3512);
#3510 = ( REPRESENTATION_RELATIONSHIP('','',#2649,#10) 
REPRESENTATION_RELATIONSHIP_WITH_TRANSFORMATION(#3511) 
SHAPE_REPRESENTATION_RELATIONSHIP() );
#3511 = ITEM_DEFINED_TRANSFORMATION('','',#11,#27);
#3512 = PRODUCT_DEFINITION_SHAPE('Placement','Placement of an item',
  #3513);
#3513 = NEXT_ASSEMBLY_USAGE_OCCURRENCE('6','C50','',#5,#2644,$);
#3514 = PRODUCT_RELATED_PRODUCT_CATEGORY('part',$,(#2646));
#3515 = SHAPE_DEFINITION_REPRESENTATION(#3516,#3522);
#3516 = PRODUCT_DEFINITION_SHAPE('','',#3517);
#3517 = PRODUCT_DEFINITION('design','',#3518,#3521);
#3518 = PRODUCT_DEFINITION_FORMATION('','',#3519);
#3519 = PRODUCT('Switch  1301.9314.24','Switch  1301.9314.24','',(#3520)
  );
#3520 = PRODUCT_CONTEXT('',#2,'mechanical');
#3521 = PRODUCT_DEFINITION_CONTEXT('part definition',#2,'design');
#3522 = ADVANCED_BREP_SHAPE_REPRESENTATION('',(#11,#3523),#6821);
#3523 = MANIFOLD_SOLID_BREP('',#3524);
#3524 = CLOSED_SHELL('',(#3525,#3569,#3613,#3657,#3701,#3733,#3765,#3797
    ,#3829,#3873,#3905,#3979,#4053,#4084,#4108,#4132,#4149,#4180,#4204,
    #4228,#4245,#4319,#4350,#4374,#4398,#4415,#4489,#4520,#4544,#4568,
    #4585,#4625,#4656,#4680,#4704,#4721,#4757,#4883,#4982,#5013,#5112,
    #5143,#5161,#5179,#5189,#5207,#5223,#5241,#5257,#5275,#5291,#5309,
    #5325,#5343,#5361,#5379,#5397,#5409,#5421,#5433,#5445,#5476,#5507,
    #5547,#5587,#5627,#5667,#5689,#5711,#5751,#5791,#5822,#5853,#5884,
    #5915,#5955,#5995,#6026,#6057,#6088,#6119,#6159,#6199,#6230,#6261,
    #6277,#6321,#6365,#6409,#6453,#6497,#6541,#6585,#6629,#6641,#6653,
    #6665,#6677,#6689,#6701,#6713,#6725,#6737,#6749,#6761,#6773,#6785,
    #6797,#6809));
#3525 = ADVANCED_FACE('',(#3526),#3564,.T.);
#3526 = FACE_BOUND('',#3527,.T.);
#3527 = EDGE_LOOP('',(#3528,#3539,#3548,#3557));
#3528 = ORIENTED_EDGE('',*,*,#3529,.F.);
#3529 = EDGE_CURVE('',#3530,#3532,#3534,.T.);
#3530 = VERTEX_POINT('',#3531);
#3531 = CARTESIAN_POINT('',(2.2,3.7,-2.8));
#3532 = VERTEX_POINT('',#3533);
#3533 = CARTESIAN_POINT('',(2.2,3.7,-1.6));
#3534 = CIRCLE('',#3535,0.6);
#3535 = AXIS2_PLACEMENT_3D('',#3536,#3537,#3538);
#3536 = CARTESIAN_POINT('',(2.2,3.7,-2.2));
#3537 = DIRECTION('',(0.,-1.,0.));
#3538 = DIRECTION('',(0.,0.,1.));
#3539 = ORIENTED_EDGE('',*,*,#3540,.T.);
#3540 = EDGE_CURVE('',#3530,#3541,#3543,.T.);
#3541 = VERTEX_POINT('',#3542);
#3542 = CARTESIAN_POINT('',(2.2,3.8,-2.7));
#3543 = CIRCLE('',#3544,1.E-01);
#3544 = AXIS2_PLACEMENT_3D('',#3545,#3546,#3547);
#3545 = CARTESIAN_POINT('',(2.2,3.7,-2.7));
#3546 = DIRECTION('',(1.,-0.,1.224646799147E-16));
#3547 = DIRECTION('',(1.224646799147E-16,0.,-1.));
#3548 = ORIENTED_EDGE('',*,*,#3549,.F.);
#3549 = EDGE_CURVE('',#3550,#3541,#3552,.T.);
#3550 = VERTEX_POINT('',#3551);
#3551 = CARTESIAN_POINT('',(2.2,3.8,-1.7));
#3552 = CIRCLE('',#3553,0.5);
#3553 = AXIS2_PLACEMENT_3D('',#3554,#3555,#3556);
#3554 = CARTESIAN_POINT('',(2.2,3.8,-2.2));
#3555 = DIRECTION('',(0.,1.,0.));
#3556 = DIRECTION('',(0.,-0.,1.));
#3557 = ORIENTED_EDGE('',*,*,#3558,.F.);
#3558 = EDGE_CURVE('',#3532,#3550,#3559,.T.);
#3559 = CIRCLE('',#3560,0.1);
#3560 = AXIS2_PLACEMENT_3D('',#3561,#3562,#3563);
#3561 = CARTESIAN_POINT('',(2.2,3.7,-1.7));
#3562 = DIRECTION('',(-1.,0.,0.));
#3563 = DIRECTION('',(0.,0.,1.));
#3564 = TOROIDAL_SURFACE('',#3565,0.5,0.1);
#3565 = AXIS2_PLACEMENT_3D('',#3566,#3567,#3568);
#3566 = CARTESIAN_POINT('',(2.2,3.7,-2.2));
#3567 = DIRECTION('',(0.,1.,0.));
#3568 = DIRECTION('',(0.,-0.,1.));
#3569 = ADVANCED_FACE('',(#3570),#3608,.T.);
#3570 = FACE_BOUND('',#3571,.T.);
#3571 = EDGE_LOOP('',(#3572,#3583,#3592,#3601));
#3572 = ORIENTED_EDGE('',*,*,#3573,.F.);
#3573 = EDGE_CURVE('',#3574,#3576,#3578,.T.);
#3574 = VERTEX_POINT('',#3575);
#3575 = CARTESIAN_POINT('',(-2.2,3.7,-2.8));
#3576 = VERTEX_POINT('',#3577);
#3577 = CARTESIAN_POINT('',(-2.2,3.7,-1.6));
#3578 = CIRCLE('',#3579,0.6);
#3579 = AXIS2_PLACEMENT_3D('',#3580,#3581,#3582);
#3580 = CARTESIAN_POINT('',(-2.2,3.7,-2.2));
#3581 = DIRECTION('',(0.,-1.,0.));
#3582 = DIRECTION('',(0.,0.,1.));
#3583 = ORIENTED_EDGE('',*,*,#3584,.T.);
#3584 = EDGE_CURVE('',#3574,#3585,#3587,.T.);
#3585 = VERTEX_POINT('',#3586);
#3586 = CARTESIAN_POINT('',(-2.2,3.8,-2.7));
#3587 = CIRCLE('',#3588,1.E-01);
#3588 = AXIS2_PLACEMENT_3D('',#3589,#3590,#3591);
#3589 = CARTESIAN_POINT('',(-2.2,3.7,-2.7));
#3590 = DIRECTION('',(1.,-0.,1.224646799147E-16));
#3591 = DIRECTION('',(1.224646799147E-16,0.,-1.));
#3592 = ORIENTED_EDGE('',*,*,#3593,.F.);
#3593 = EDGE_CURVE('',#3594,#3585,#3596,.T.);
#3594 = VERTEX_POINT('',#3595);
#3595 = CARTESIAN_POINT('',(-2.2,3.8,-1.7));
#3596 = CIRCLE('',#3597,0.5);
#3597 = AXIS2_PLACEMENT_3D('',#3598,#3599,#3600);
#3598 = CARTESIAN_POINT('',(-2.2,3.8,-2.2));
#3599 = DIRECTION('',(0.,1.,0.));
#3600 = DIRECTION('',(0.,-0.,1.));
#3601 = ORIENTED_EDGE('',*,*,#3602,.F.);
#3602 = EDGE_CURVE('',#3576,#3594,#3603,.T.);
#3603 = CIRCLE('',#3604,0.1);
#3604 = AXIS2_PLACEMENT_3D('',#3605,#3606,#3607);
#3605 = CARTESIAN_POINT('',(-2.2,3.7,-1.7));
#3606 = DIRECTION('',(-1.,0.,0.));
#3607 = DIRECTION('',(0.,0.,1.));
#3608 = TOROIDAL_SURFACE('',#3609,0.5,0.1);
#3609 = AXIS2_PLACEMENT_3D('',#3610,#3611,#3612);
#3610 = CARTESIAN_POINT('',(-2.2,3.7,-2.2));
#3611 = DIRECTION('',(0.,1.,0.));
#3612 = DIRECTION('',(0.,-0.,1.));
#3613 = ADVANCED_FACE('',(#3614),#3652,.T.);
#3614 = FACE_BOUND('',#3615,.T.);
#3615 = EDGE_LOOP('',(#3616,#3627,#3636,#3645));
#3616 = ORIENTED_EDGE('',*,*,#3617,.F.);
#3617 = EDGE_CURVE('',#3618,#3620,#3622,.T.);
#3618 = VERTEX_POINT('',#3619);
#3619 = CARTESIAN_POINT('',(-2.2,3.7,1.6));
#3620 = VERTEX_POINT('',#3621);
#3621 = CARTESIAN_POINT('',(-2.2,3.7,2.8));
#3622 = CIRCLE('',#3623,0.6);
#3623 = AXIS2_PLACEMENT_3D('',#3624,#3625,#3626);
#3624 = CARTESIAN_POINT('',(-2.2,3.7,2.2));
#3625 = DIRECTION('',(0.,-1.,0.));
#3626 = DIRECTION('',(0.,0.,1.));
#3627 = ORIENTED_EDGE('',*,*,#3628,.T.);
#3628 = EDGE_CURVE('',#3618,#3629,#3631,.T.);
#3629 = VERTEX_POINT('',#3630);
#3630 = CARTESIAN_POINT('',(-2.2,3.8,1.7));
#3631 = CIRCLE('',#3632,0.1);
#3632 = AXIS2_PLACEMENT_3D('',#3633,#3634,#3635);
#3633 = CARTESIAN_POINT('',(-2.2,3.7,1.7));
#3634 = DIRECTION('',(1.,-0.,1.224646799147E-16));
#3635 = DIRECTION('',(1.224646799147E-16,0.,-1.));
#3636 = ORIENTED_EDGE('',*,*,#3637,.F.);
#3637 = EDGE_CURVE('',#3638,#3629,#3640,.T.);
#3638 = VERTEX_POINT('',#3639);
#3639 = CARTESIAN_POINT('',(-2.2,3.8,2.7));
#3640 = CIRCLE('',#3641,0.5);
#3641 = AXIS2_PLACEMENT_3D('',#3642,#3643,#3644);
#3642 = CARTESIAN_POINT('',(-2.2,3.8,2.2));
#3643 = DIRECTION('',(0.,1.,0.));
#3644 = DIRECTION('',(0.,-0.,1.));
#3645 = ORIENTED_EDGE('',*,*,#3646,.F.);
#3646 = EDGE_CURVE('',#3620,#3638,#3647,.T.);
#3647 = CIRCLE('',#3648,1.E-01);
#3648 = AXIS2_PLACEMENT_3D('',#3649,#3650,#3651);
#3649 = CARTESIAN_POINT('',(-2.2,3.7,2.7));
#3650 = DIRECTION('',(-1.,0.,0.));
#3651 = DIRECTION('',(0.,0.,1.));
#3652 = TOROIDAL_SURFACE('',#3653,0.5,0.1);
#3653 = AXIS2_PLACEMENT_3D('',#3654,#3655,#3656);
#3654 = CARTESIAN_POINT('',(-2.2,3.7,2.2));
#3655 = DIRECTION('',(0.,1.,0.));
#3656 = DIRECTION('',(0.,-0.,1.));
#3657 = ADVANCED_FACE('',(#3658),#3696,.T.);
#3658 = FACE_BOUND('',#3659,.T.);
#3659 = EDGE_LOOP('',(#3660,#3671,#3680,#3689));
#3660 = ORIENTED_EDGE('',*,*,#3661,.F.);
#3661 = EDGE_CURVE('',#3662,#3664,#3666,.T.);
#3662 = VERTEX_POINT('',#3663);
#3663 = CARTESIAN_POINT('',(2.2,3.7,1.6));
#3664 = VERTEX_POINT('',#3665);
#3665 = CARTESIAN_POINT('',(2.2,3.7,2.8));
#3666 = CIRCLE('',#3667,0.6);
#3667 = AXIS2_PLACEMENT_3D('',#3668,#3669,#3670);
#3668 = CARTESIAN_POINT('',(2.2,3.7,2.2));
#3669 = DIRECTION('',(0.,-1.,0.));
#3670 = DIRECTION('',(0.,0.,1.));
#3671 = ORIENTED_EDGE('',*,*,#3672,.T.);
#3672 = EDGE_CURVE('',#3662,#3673,#3675,.T.);
#3673 = VERTEX_POINT('',#3674);
#3674 = CARTESIAN_POINT('',(2.2,3.8,1.7));
#3675 = CIRCLE('',#3676,0.1);
#3676 = AXIS2_PLACEMENT_3D('',#3677,#3678,#3679);
#3677 = CARTESIAN_POINT('',(2.2,3.7,1.7));
#3678 = DIRECTION('',(1.,-0.,1.224646799147E-16));
#3679 = DIRECTION('',(1.224646799147E-16,0.,-1.));
#3680 = ORIENTED_EDGE('',*,*,#3681,.F.);
#3681 = EDGE_CURVE('',#3682,#3673,#3684,.T.);
#3682 = VERTEX_POINT('',#3683);
#3683 = CARTESIAN_POINT('',(2.2,3.8,2.7));
#3684 = CIRCLE('',#3685,0.5);
#3685 = AXIS2_PLACEMENT_3D('',#3686,#3687,#3688);
#3686 = CARTESIAN_POINT('',(2.2,3.8,2.2));
#3687 = DIRECTION('',(0.,1.,0.));
#3688 = DIRECTION('',(0.,-0.,1.));
#3689 = ORIENTED_EDGE('',*,*,#3690,.F.);
#3690 = EDGE_CURVE('',#3664,#3682,#3691,.T.);
#3691 = CIRCLE('',#3692,1.E-01);
#3692 = AXIS2_PLACEMENT_3D('',#3693,#3694,#3695);
#3693 = CARTESIAN_POINT('',(2.2,3.7,2.7));
#3694 = DIRECTION('',(-1.,0.,0.));
#3695 = DIRECTION('',(0.,0.,1.));
#3696 = TOROIDAL_SURFACE('',#3697,0.5,0.1);
#3697 = AXIS2_PLACEMENT_3D('',#3698,#3699,#3700);
#3698 = CARTESIAN_POINT('',(2.2,3.7,2.2));
#3699 = DIRECTION('',(0.,1.,0.));
#3700 = DIRECTION('',(0.,-0.,1.));
#3701 = ADVANCED_FACE('',(#3702),#3728,.T.);
#3702 = FACE_BOUND('',#3703,.T.);
#3703 = EDGE_LOOP('',(#3704,#3705,#3713,#3722));
#3704 = ORIENTED_EDGE('',*,*,#3661,.T.);
#3705 = ORIENTED_EDGE('',*,*,#3706,.T.);
#3706 = EDGE_CURVE('',#3664,#3707,#3709,.T.);
#3707 = VERTEX_POINT('',#3708);
#3708 = CARTESIAN_POINT('',(2.2,3.5,2.8));
#3709 = LINE('',#3710,#3711);
#3710 = CARTESIAN_POINT('',(2.2,3.8,2.8));
#3711 = VECTOR('',#3712,1.);
#3712 = DIRECTION('',(-0.,-1.,-0.));
#3713 = ORIENTED_EDGE('',*,*,#3714,.T.);
#3714 = EDGE_CURVE('',#3707,#3715,#3717,.T.);
#3715 = VERTEX_POINT('',#3716);
#3716 = CARTESIAN_POINT('',(2.2,3.5,1.6));
#3717 = CIRCLE('',#3718,0.6);
#3718 = AXIS2_PLACEMENT_3D('',#3719,#3720,#3721);
#3719 = CARTESIAN_POINT('',(2.2,3.5,2.2));
#3720 = DIRECTION('',(0.,1.,0.));
#3721 = DIRECTION('',(0.,-0.,1.));
#3722 = ORIENTED_EDGE('',*,*,#3723,.F.);
#3723 = EDGE_CURVE('',#3662,#3715,#3724,.T.);
#3724 = LINE('',#3725,#3726);
#3725 = CARTESIAN_POINT('',(2.2,3.8,1.6));
#3726 = VECTOR('',#3727,1.);
#3727 = DIRECTION('',(-0.,-1.,-0.));
#3728 = CYLINDRICAL_SURFACE('',#3729,0.6);
#3729 = AXIS2_PLACEMENT_3D('',#3730,#3731,#3732);
#3730 = CARTESIAN_POINT('',(2.2,3.8,2.2));
#3731 = DIRECTION('',(-0.,-1.,-0.));
#3732 = DIRECTION('',(0.,0.,-1.));
#3733 = ADVANCED_FACE('',(#3734),#3760,.T.);
#3734 = FACE_BOUND('',#3735,.T.);
#3735 = EDGE_LOOP('',(#3736,#3737,#3745,#3754));
#3736 = ORIENTED_EDGE('',*,*,#3529,.T.);
#3737 = ORIENTED_EDGE('',*,*,#3738,.T.);
#3738 = EDGE_CURVE('',#3532,#3739,#3741,.T.);
#3739 = VERTEX_POINT('',#3740);
#3740 = CARTESIAN_POINT('',(2.2,3.5,-1.6));
#3741 = LINE('',#3742,#3743);
#3742 = CARTESIAN_POINT('',(2.2,3.8,-1.6));
#3743 = VECTOR('',#3744,1.);
#3744 = DIRECTION('',(-0.,-1.,-0.));
#3745 = ORIENTED_EDGE('',*,*,#3746,.T.);
#3746 = EDGE_CURVE('',#3739,#3747,#3749,.T.);
#3747 = VERTEX_POINT('',#3748);
#3748 = CARTESIAN_POINT('',(2.2,3.5,-2.8));
#3749 = CIRCLE('',#3750,0.6);
#3750 = AXIS2_PLACEMENT_3D('',#3751,#3752,#3753);
#3751 = CARTESIAN_POINT('',(2.2,3.5,-2.2));
#3752 = DIRECTION('',(0.,1.,0.));
#3753 = DIRECTION('',(0.,-0.,1.));
#3754 = ORIENTED_EDGE('',*,*,#3755,.F.);
#3755 = EDGE_CURVE('',#3530,#3747,#3756,.T.);
#3756 = LINE('',#3757,#3758);
#3757 = CARTESIAN_POINT('',(2.2,3.8,-2.8));
#3758 = VECTOR('',#3759,1.);
#3759 = DIRECTION('',(-0.,-1.,-0.));
#3760 = CYLINDRICAL_SURFACE('',#3761,0.6);
#3761 = AXIS2_PLACEMENT_3D('',#3762,#3763,#3764);
#3762 = CARTESIAN_POINT('',(2.2,3.8,-2.2));
#3763 = DIRECTION('',(-0.,-1.,-0.));
#3764 = DIRECTION('',(0.,0.,-1.));
#3765 = ADVANCED_FACE('',(#3766),#3792,.T.);
#3766 = FACE_BOUND('',#3767,.T.);
#3767 = EDGE_LOOP('',(#3768,#3769,#3777,#3786));
#3768 = ORIENTED_EDGE('',*,*,#3617,.T.);
#3769 = ORIENTED_EDGE('',*,*,#3770,.T.);
#3770 = EDGE_CURVE('',#3620,#3771,#3773,.T.);
#3771 = VERTEX_POINT('',#3772);
#3772 = CARTESIAN_POINT('',(-2.2,3.5,2.8));
#3773 = LINE('',#3774,#3775);
#3774 = CARTESIAN_POINT('',(-2.2,3.8,2.8));
#3775 = VECTOR('',#3776,1.);
#3776 = DIRECTION('',(-0.,-1.,-0.));
#3777 = ORIENTED_EDGE('',*,*,#3778,.T.);
#3778 = EDGE_CURVE('',#3771,#3779,#3781,.T.);
#3779 = VERTEX_POINT('',#3780);
#3780 = CARTESIAN_POINT('',(-2.2,3.5,1.6));
#3781 = CIRCLE('',#3782,0.6);
#3782 = AXIS2_PLACEMENT_3D('',#3783,#3784,#3785);
#3783 = CARTESIAN_POINT('',(-2.2,3.5,2.2));
#3784 = DIRECTION('',(0.,1.,0.));
#3785 = DIRECTION('',(0.,-0.,1.));
#3786 = ORIENTED_EDGE('',*,*,#3787,.F.);
#3787 = EDGE_CURVE('',#3618,#3779,#3788,.T.);
#3788 = LINE('',#3789,#3790);
#3789 = CARTESIAN_POINT('',(-2.2,3.8,1.6));
#3790 = VECTOR('',#3791,1.);
#3791 = DIRECTION('',(-0.,-1.,-0.));
#3792 = CYLINDRICAL_SURFACE('',#3793,0.6);
#3793 = AXIS2_PLACEMENT_3D('',#3794,#3795,#3796);
#3794 = CARTESIAN_POINT('',(-2.2,3.8,2.2));
#3795 = DIRECTION('',(-0.,-1.,-0.));
#3796 = DIRECTION('',(0.,0.,-1.));
#3797 = ADVANCED_FACE('',(#3798),#3824,.T.);
#3798 = FACE_BOUND('',#3799,.T.);
#3799 = EDGE_LOOP('',(#3800,#3801,#3809,#3818));
#3800 = ORIENTED_EDGE('',*,*,#3573,.T.);
#3801 = ORIENTED_EDGE('',*,*,#3802,.T.);
#3802 = EDGE_CURVE('',#3576,#3803,#3805,.T.);
#3803 = VERTEX_POINT('',#3804);
#3804 = CARTESIAN_POINT('',(-2.2,3.5,-1.6));
#3805 = LINE('',#3806,#3807);
#3806 = CARTESIAN_POINT('',(-2.2,3.8,-1.6));
#3807 = VECTOR('',#3808,1.);
#3808 = DIRECTION('',(-0.,-1.,-0.));
#3809 = ORIENTED_EDGE('',*,*,#3810,.T.);
#3810 = EDGE_CURVE('',#3803,#3811,#3813,.T.);
#3811 = VERTEX_POINT('',#3812);
#3812 = CARTESIAN_POINT('',(-2.2,3.5,-2.8));
#3813 = CIRCLE('',#3814,0.6);
#3814 = AXIS2_PLACEMENT_3D('',#3815,#3816,#3817);
#3815 = CARTESIAN_POINT('',(-2.2,3.5,-2.2));
#3816 = DIRECTION('',(0.,1.,0.));
#3817 = DIRECTION('',(0.,-0.,1.));
#3818 = ORIENTED_EDGE('',*,*,#3819,.F.);
#3819 = EDGE_CURVE('',#3574,#3811,#3820,.T.);
#3820 = LINE('',#3821,#3822);
#3821 = CARTESIAN_POINT('',(-2.2,3.8,-2.8));
#3822 = VECTOR('',#3823,1.);
#3823 = DIRECTION('',(-0.,-1.,-0.));
#3824 = CYLINDRICAL_SURFACE('',#3825,0.6);
#3825 = AXIS2_PLACEMENT_3D('',#3826,#3827,#3828);
#3826 = CARTESIAN_POINT('',(-2.2,3.8,-2.2));
#3827 = DIRECTION('',(-0.,-1.,-0.));
#3828 = DIRECTION('',(0.,0.,-1.));
#3829 = ADVANCED_FACE('',(#3830),#3868,.T.);
#3830 = FACE_BOUND('',#3831,.T.);
#3831 = EDGE_LOOP('',(#3832,#3843,#3852,#3861));
#3832 = ORIENTED_EDGE('',*,*,#3833,.T.);
#3833 = EDGE_CURVE('',#3834,#3836,#3838,.T.);
#3834 = VERTEX_POINT('',#3835);
#3835 = CARTESIAN_POINT('',(0.,4.3,-1.465137194658));
#3836 = VERTEX_POINT('',#3837);
#3837 = CARTESIAN_POINT('',(1.947058312702E-16,4.3,1.465137194658));
#3838 = CIRCLE('',#3839,1.465137194658);
#3839 = AXIS2_PLACEMENT_3D('',#3840,#3841,#3842);
#3840 = CARTESIAN_POINT('',(0.,4.3,0.));
#3841 = DIRECTION('',(0.,-1.,-0.));
#3842 = DIRECTION('',(0.,0.,-1.));
#3843 = ORIENTED_EDGE('',*,*,#3844,.T.);
#3844 = EDGE_CURVE('',#3836,#3845,#3847,.T.);
#3845 = VERTEX_POINT('',#3846);
#3846 = CARTESIAN_POINT('',(2.121486474081E-16,4.065594571539,
    1.714650339279));
#3847 = CIRCLE('',#3848,0.25);
#3848 = AXIS2_PLACEMENT_3D('',#3849,#3850,#3851);
#3849 = CARTESIAN_POINT('',(1.79427557575E-16,4.05,1.465137194658));
#3850 = DIRECTION('',(1.,0.,-1.224646799147E-16));
#3851 = DIRECTION('',(-1.224646799147E-16,0.,-1.));
#3852 = ORIENTED_EDGE('',*,*,#3853,.F.);
#3853 = EDGE_CURVE('',#3854,#3845,#3856,.T.);
#3854 = VERTEX_POINT('',#3855);
#3855 = CARTESIAN_POINT('',(0.,4.065594571539,-1.714650339279));
#3856 = CIRCLE('',#3857,1.714650339279);
#3857 = AXIS2_PLACEMENT_3D('',#3858,#3859,#3860);
#3858 = CARTESIAN_POINT('',(0.,4.065594571539,0.));
#3859 = DIRECTION('',(0.,-1.,-0.));
#3860 = DIRECTION('',(0.,0.,-1.));
#3861 = ORIENTED_EDGE('',*,*,#3862,.F.);
#3862 = EDGE_CURVE('',#3834,#3854,#3863,.T.);
#3863 = CIRCLE('',#3864,0.25);
#3864 = AXIS2_PLACEMENT_3D('',#3865,#3866,#3867);
#3865 = CARTESIAN_POINT('',(0.,4.05,-1.465137194658));
#3866 = DIRECTION('',(-1.,0.,0.));
#3867 = DIRECTION('',(0.,0.,1.));
#3868 = TOROIDAL_SURFACE('',#3869,1.465137194658,0.25);
#3869 = AXIS2_PLACEMENT_3D('',#3870,#3871,#3872);
#3870 = CARTESIAN_POINT('',(0.,4.05,0.));
#3871 = DIRECTION('',(-0.,-1.,-0.));
#3872 = DIRECTION('',(0.,0.,-1.));
#3873 = ADVANCED_FACE('',(#3874),#3900,.T.);
#3874 = FACE_BOUND('',#3875,.T.);
#3875 = EDGE_LOOP('',(#3876,#3877,#3885,#3894));
#3876 = ORIENTED_EDGE('',*,*,#3853,.T.);
#3877 = ORIENTED_EDGE('',*,*,#3878,.T.);
#3878 = EDGE_CURVE('',#3845,#3879,#3881,.T.);
#3879 = VERTEX_POINT('',#3880);
#3880 = CARTESIAN_POINT('',(2.143131898508E-16,3.5,1.75));
#3881 = LINE('',#3882,#3883);
#3882 = CARTESIAN_POINT('',(2.143131898508E-16,3.5,1.75));
#3883 = VECTOR('',#3884,1.);
#3884 = DIRECTION('',(7.639136847624E-18,-0.998052578483,
    6.237828615518E-02));
#3885 = ORIENTED_EDGE('',*,*,#3886,.F.);
#3886 = EDGE_CURVE('',#3887,#3879,#3889,.T.);
#3887 = VERTEX_POINT('',#3888);
#3888 = CARTESIAN_POINT('',(0.,3.5,-1.75));
#3889 = CIRCLE('',#3890,1.75);
#3890 = AXIS2_PLACEMENT_3D('',#3891,#3892,#3893);
#3891 = CARTESIAN_POINT('',(0.,3.5,0.));
#3892 = DIRECTION('',(0.,-1.,-0.));
#3893 = DIRECTION('',(0.,0.,-1.));
#3894 = ORIENTED_EDGE('',*,*,#3895,.F.);
#3895 = EDGE_CURVE('',#3854,#3887,#3896,.T.);
#3896 = LINE('',#3897,#3898);
#3897 = CARTESIAN_POINT('',(0.,3.5,-1.75));
#3898 = VECTOR('',#3899,1.);
#3899 = DIRECTION('',(0.,-0.998052578483,-6.237828615518E-02));
#3900 = CONICAL_SURFACE('',#3901,1.75,6.241880999596E-02);
#3901 = AXIS2_PLACEMENT_3D('',#3902,#3903,#3904);
#3902 = CARTESIAN_POINT('',(0.,3.5,0.));
#3903 = DIRECTION('',(-0.,-1.,-0.));
#3904 = DIRECTION('',(0.,0.,-1.));
#3905 = ADVANCED_FACE('',(#3906,#3940),#3974,.F.);
#3906 = FACE_BOUND('',#3907,.T.);
#3907 = EDGE_LOOP('',(#3908,#3918,#3926,#3934));
#3908 = ORIENTED_EDGE('',*,*,#3909,.F.);
#3909 = EDGE_CURVE('',#3910,#3912,#3914,.T.);
#3910 = VERTEX_POINT('',#3911);
#3911 = CARTESIAN_POINT('',(3.95,0.,2.95));
#3912 = VERTEX_POINT('',#3913);
#3913 = CARTESIAN_POINT('',(3.95,0.,1.55));
#3914 = LINE('',#3915,#3916);
#3915 = CARTESIAN_POINT('',(3.95,0.,2.95));
#3916 = VECTOR('',#3917,1.);
#3917 = DIRECTION('',(0.,0.,-1.));
#3918 = ORIENTED_EDGE('',*,*,#3919,.F.);
#3919 = EDGE_CURVE('',#3920,#3910,#3922,.T.);
#3920 = VERTEX_POINT('',#3921);
#3921 = CARTESIAN_POINT('',(6.05,0.,2.95));
#3922 = LINE('',#3923,#3924);
#3923 = CARTESIAN_POINT('',(6.05,0.,2.95));
#3924 = VECTOR('',#3925,1.);
#3925 = DIRECTION('',(-1.,0.,-2.06514699521E-16));
#3926 = ORIENTED_EDGE('',*,*,#3927,.F.);
#3927 = EDGE_CURVE('',#3928,#3920,#3930,.T.);
#3928 = VERTEX_POINT('',#3929);
#3929 = CARTESIAN_POINT('',(6.05,0.,1.55));
#3930 = LINE('',#3931,#3932);
#3931 = CARTESIAN_POINT('',(6.05,0.,2.95));
#3932 = VECTOR('',#3933,1.);
#3933 = DIRECTION('',(0.,0.,1.));
#3934 = ORIENTED_EDGE('',*,*,#3935,.F.);
#3935 = EDGE_CURVE('',#3912,#3928,#3936,.T.);
#3936 = LINE('',#3937,#3938);
#3937 = CARTESIAN_POINT('',(6.05,0.,1.55));
#3938 = VECTOR('',#3939,1.);
#3939 = DIRECTION('',(1.,0.,0.));
#3940 = FACE_BOUND('',#3941,.T.);
#3941 = EDGE_LOOP('',(#3942,#3952,#3960,#3968));
#3942 = ORIENTED_EDGE('',*,*,#3943,.F.);
#3943 = EDGE_CURVE('',#3944,#3946,#3948,.T.);
#3944 = VERTEX_POINT('',#3945);
#3945 = CARTESIAN_POINT('',(4.346410161514,-1.02617440856E-17,2.6));
#3946 = VERTEX_POINT('',#3947);
#3947 = CARTESIAN_POINT('',(5.,-9.868813240888E-17,2.6));
#3948 = LINE('',#3949,#3950);
#3949 = CARTESIAN_POINT('',(4.,3.66052628007E-17,2.6));
#3950 = VECTOR('',#3951,1.);
#3951 = DIRECTION('',(1.,-1.352933952096E-16,0.));
#3952 = ORIENTED_EDGE('',*,*,#3953,.T.);
#3953 = EDGE_CURVE('',#3944,#3954,#3956,.T.);
#3954 = VERTEX_POINT('',#3955);
#3955 = CARTESIAN_POINT('',(4.346410161514,0.,1.9));
#3956 = LINE('',#3957,#3958);
#3957 = CARTESIAN_POINT('',(4.346410161514,-1.02617440856E-17,-2.6));
#3958 = VECTOR('',#3959,1.);
#3959 = DIRECTION('',(-0.,-0.,-1.));
#3960 = ORIENTED_EDGE('',*,*,#3961,.T.);
#3961 = EDGE_CURVE('',#3954,#3962,#3964,.T.);
#3962 = VERTEX_POINT('',#3963);
#3963 = CARTESIAN_POINT('',(5.,0.,1.9));
#3964 = LINE('',#3965,#3966);
#3965 = CARTESIAN_POINT('',(3.,0.,1.9));
#3966 = VECTOR('',#3967,1.);
#3967 = DIRECTION('',(1.,0.,-1.032573497605E-16));
#3968 = ORIENTED_EDGE('',*,*,#3969,.T.);
#3969 = EDGE_CURVE('',#3962,#3946,#3970,.T.);
#3970 = LINE('',#3971,#3972);
#3971 = CARTESIAN_POINT('',(5.,-9.868813240888E-17,-2.6));
#3972 = VECTOR('',#3973,1.);
#3973 = DIRECTION('',(0.,0.,1.));
#3974 = PLANE('',#3975);
#3975 = AXIS2_PLACEMENT_3D('',#3976,#3977,#3978);
#3976 = CARTESIAN_POINT('',(0.,0.,0.));
#3977 = DIRECTION('',(0.,-1.,0.));
#3978 = DIRECTION('',(0.,0.,-1.));
#3979 = ADVANCED_FACE('',(#3980,#4014),#4048,.F.);
#3980 = FACE_BOUND('',#3981,.T.);
#3981 = EDGE_LOOP('',(#3982,#3992,#4000,#4008));
#3982 = ORIENTED_EDGE('',*,*,#3983,.T.);
#3983 = EDGE_CURVE('',#3984,#3986,#3988,.T.);
#3984 = VERTEX_POINT('',#3985);
#3985 = CARTESIAN_POINT('',(4.346410161514,0.,-1.9));
#3986 = VERTEX_POINT('',#3987);
#3987 = CARTESIAN_POINT('',(4.346410161514,-1.02617440856E-17,-2.6));
#3988 = LINE('',#3989,#3990);
#3989 = CARTESIAN_POINT('',(4.346410161514,-1.02617440856E-17,-2.6));
#3990 = VECTOR('',#3991,1.);
#3991 = DIRECTION('',(-0.,-0.,-1.));
#3992 = ORIENTED_EDGE('',*,*,#3993,.T.);
#3993 = EDGE_CURVE('',#3986,#3994,#3996,.T.);
#3994 = VERTEX_POINT('',#3995);
#3995 = CARTESIAN_POINT('',(5.,-9.868813240888E-17,-2.6));
#3996 = LINE('',#3997,#3998);
#3997 = CARTESIAN_POINT('',(4.,3.66052628007E-17,-2.6));
#3998 = VECTOR('',#3999,1.);
#3999 = DIRECTION('',(1.,-1.352933952096E-16,0.));
#4000 = ORIENTED_EDGE('',*,*,#4001,.T.);
#4001 = EDGE_CURVE('',#3994,#4002,#4004,.T.);
#4002 = VERTEX_POINT('',#4003);
#4003 = CARTESIAN_POINT('',(5.,0.,-1.9));
#4004 = LINE('',#4005,#4006);
#4005 = CARTESIAN_POINT('',(5.,-9.868813240888E-17,-2.6));
#4006 = VECTOR('',#4007,1.);
#4007 = DIRECTION('',(0.,0.,1.));
#4008 = ORIENTED_EDGE('',*,*,#4009,.T.);
#4009 = EDGE_CURVE('',#4002,#3984,#4010,.T.);
#4010 = LINE('',#4011,#4012);
#4011 = CARTESIAN_POINT('',(3.,0.,-1.9));
#4012 = VECTOR('',#4013,1.);
#4013 = DIRECTION('',(-1.,-0.,-1.032573497605E-16));
#4014 = FACE_BOUND('',#4015,.T.);
#4015 = EDGE_LOOP('',(#4016,#4026,#4034,#4042));
#4016 = ORIENTED_EDGE('',*,*,#4017,.T.);
#4017 = EDGE_CURVE('',#4018,#4020,#4022,.T.);
#4018 = VERTEX_POINT('',#4019);
#4019 = CARTESIAN_POINT('',(3.95,0.,-2.95));
#4020 = VERTEX_POINT('',#4021);
#4021 = CARTESIAN_POINT('',(3.95,0.,-1.55));
#4022 = LINE('',#4023,#4024);
#4023 = CARTESIAN_POINT('',(3.95,0.,-2.95));
#4024 = VECTOR('',#4025,1.);
#4025 = DIRECTION('',(0.,0.,1.));
#4026 = ORIENTED_EDGE('',*,*,#4027,.T.);
#4027 = EDGE_CURVE('',#4020,#4028,#4030,.T.);
#4028 = VERTEX_POINT('',#4029);
#4029 = CARTESIAN_POINT('',(6.05,0.,-1.55));
#4030 = LINE('',#4031,#4032);
#4031 = CARTESIAN_POINT('',(6.05,0.,-1.55));
#4032 = VECTOR('',#4033,1.);
#4033 = DIRECTION('',(1.,0.,0.));
#4034 = ORIENTED_EDGE('',*,*,#4035,.T.);
#4035 = EDGE_CURVE('',#4028,#4036,#4038,.T.);
#4036 = VERTEX_POINT('',#4037);
#4037 = CARTESIAN_POINT('',(6.05,0.,-2.95));
#4038 = LINE('',#4039,#4040);
#4039 = CARTESIAN_POINT('',(6.05,0.,-2.95));
#4040 = VECTOR('',#4041,1.);
#4041 = DIRECTION('',(0.,0.,-1.));
#4042 = ORIENTED_EDGE('',*,*,#4043,.T.);
#4043 = EDGE_CURVE('',#4036,#4018,#4044,.T.);
#4044 = LINE('',#4045,#4046);
#4045 = CARTESIAN_POINT('',(6.05,0.,-2.95));
#4046 = VECTOR('',#4047,1.);
#4047 = DIRECTION('',(-1.,0.,2.06514699521E-16));
#4048 = PLANE('',#4049);
#4049 = AXIS2_PLACEMENT_3D('',#4050,#4051,#4052);
#4050 = CARTESIAN_POINT('',(0.,0.,0.));
#4051 = DIRECTION('',(0.,-1.,0.));
#4052 = DIRECTION('',(0.,0.,-1.));
#4053 = ADVANCED_FACE('',(#4054),#4079,.T.);
#4054 = FACE_BOUND('',#4055,.T.);
#4055 = EDGE_LOOP('',(#4056,#4057,#4065,#4073));
#4056 = ORIENTED_EDGE('',*,*,#4027,.F.);
#4057 = ORIENTED_EDGE('',*,*,#4058,.F.);
#4058 = EDGE_CURVE('',#4059,#4020,#4061,.T.);
#4059 = VERTEX_POINT('',#4060);
#4060 = CARTESIAN_POINT('',(3.95,-0.1,-1.55));
#4061 = LINE('',#4062,#4063);
#4062 = CARTESIAN_POINT('',(3.95,-0.1,-1.55));
#4063 = VECTOR('',#4064,1.);
#4064 = DIRECTION('',(0.,1.,0.));
#4065 = ORIENTED_EDGE('',*,*,#4066,.T.);
#4066 = EDGE_CURVE('',#4059,#4067,#4069,.T.);
#4067 = VERTEX_POINT('',#4068);
#4068 = CARTESIAN_POINT('',(6.05,-0.1,-1.55));
#4069 = LINE('',#4070,#4071);
#4070 = CARTESIAN_POINT('',(6.05,-0.1,-1.55));
#4071 = VECTOR('',#4072,1.);
#4072 = DIRECTION('',(1.,0.,0.));
#4073 = ORIENTED_EDGE('',*,*,#4074,.T.);
#4074 = EDGE_CURVE('',#4067,#4028,#4075,.T.);
#4075 = LINE('',#4076,#4077);
#4076 = CARTESIAN_POINT('',(6.05,-0.1,-1.55));
#4077 = VECTOR('',#4078,1.);
#4078 = DIRECTION('',(0.,1.,0.));
#4079 = PLANE('',#4080);
#4080 = AXIS2_PLACEMENT_3D('',#4081,#4082,#4083);
#4081 = CARTESIAN_POINT('',(6.05,-0.1,-1.55));
#4082 = DIRECTION('',(0.,0.,1.));
#4083 = DIRECTION('',(1.,0.,-0.));
#4084 = ADVANCED_FACE('',(#4085),#4103,.T.);
#4085 = FACE_BOUND('',#4086,.T.);
#4086 = EDGE_LOOP('',(#4087,#4088,#4089,#4097));
#4087 = ORIENTED_EDGE('',*,*,#4035,.F.);
#4088 = ORIENTED_EDGE('',*,*,#4074,.F.);
#4089 = ORIENTED_EDGE('',*,*,#4090,.T.);
#4090 = EDGE_CURVE('',#4067,#4091,#4093,.T.);
#4091 = VERTEX_POINT('',#4092);
#4092 = CARTESIAN_POINT('',(6.05,-0.1,-2.95));
#4093 = LINE('',#4094,#4095);
#4094 = CARTESIAN_POINT('',(6.05,-0.1,-2.95));
#4095 = VECTOR('',#4096,1.);
#4096 = DIRECTION('',(0.,0.,-1.));
#4097 = ORIENTED_EDGE('',*,*,#4098,.T.);
#4098 = EDGE_CURVE('',#4091,#4036,#4099,.T.);
#4099 = LINE('',#4100,#4101);
#4100 = CARTESIAN_POINT('',(6.05,-0.1,-2.95));
#4101 = VECTOR('',#4102,1.);
#4102 = DIRECTION('',(0.,1.,0.));
#4103 = PLANE('',#4104);
#4104 = AXIS2_PLACEMENT_3D('',#4105,#4106,#4107);
#4105 = CARTESIAN_POINT('',(6.05,-0.1,-2.95));
#4106 = DIRECTION('',(1.,0.,0.));
#4107 = DIRECTION('',(-0.,1.,0.));
#4108 = ADVANCED_FACE('',(#4109),#4127,.T.);
#4109 = FACE_BOUND('',#4110,.T.);
#4110 = EDGE_LOOP('',(#4111,#4112,#4113,#4121));
#4111 = ORIENTED_EDGE('',*,*,#4043,.F.);
#4112 = ORIENTED_EDGE('',*,*,#4098,.F.);
#4113 = ORIENTED_EDGE('',*,*,#4114,.T.);
#4114 = EDGE_CURVE('',#4091,#4115,#4117,.T.);
#4115 = VERTEX_POINT('',#4116);
#4116 = CARTESIAN_POINT('',(3.95,-0.1,-2.95));
#4117 = LINE('',#4118,#4119);
#4118 = CARTESIAN_POINT('',(6.05,-0.1,-2.95));
#4119 = VECTOR('',#4120,1.);
#4120 = DIRECTION('',(-1.,0.,2.06514699521E-16));
#4121 = ORIENTED_EDGE('',*,*,#4122,.T.);
#4122 = EDGE_CURVE('',#4115,#4018,#4123,.T.);
#4123 = LINE('',#4124,#4125);
#4124 = CARTESIAN_POINT('',(3.95,-0.1,-2.95));
#4125 = VECTOR('',#4126,1.);
#4126 = DIRECTION('',(0.,1.,0.));
#4127 = PLANE('',#4128);
#4128 = AXIS2_PLACEMENT_3D('',#4129,#4130,#4131);
#4129 = CARTESIAN_POINT('',(6.05,-0.1,-2.95));
#4130 = DIRECTION('',(-2.06514699521E-16,0.,-1.));
#4131 = DIRECTION('',(-1.,0.,2.06514699521E-16));
#4132 = ADVANCED_FACE('',(#4133),#4144,.T.);
#4133 = FACE_BOUND('',#4134,.T.);
#4134 = EDGE_LOOP('',(#4135,#4136,#4137,#4143));
#4135 = ORIENTED_EDGE('',*,*,#4017,.F.);
#4136 = ORIENTED_EDGE('',*,*,#4122,.F.);
#4137 = ORIENTED_EDGE('',*,*,#4138,.T.);
#4138 = EDGE_CURVE('',#4115,#4059,#4139,.T.);
#4139 = LINE('',#4140,#4141);
#4140 = CARTESIAN_POINT('',(3.95,-0.1,-2.95));
#4141 = VECTOR('',#4142,1.);
#4142 = DIRECTION('',(0.,0.,1.));
#4143 = ORIENTED_EDGE('',*,*,#4058,.T.);
#4144 = PLANE('',#4145);
#4145 = AXIS2_PLACEMENT_3D('',#4146,#4147,#4148);
#4146 = CARTESIAN_POINT('',(3.95,-0.1,-2.95));
#4147 = DIRECTION('',(-1.,0.,0.));
#4148 = DIRECTION('',(0.,0.,1.));
#4149 = ADVANCED_FACE('',(#4150),#4175,.F.);
#4150 = FACE_BOUND('',#4151,.T.);
#4151 = EDGE_LOOP('',(#4152,#4153,#4161,#4169));
#4152 = ORIENTED_EDGE('',*,*,#3919,.T.);
#4153 = ORIENTED_EDGE('',*,*,#4154,.F.);
#4154 = EDGE_CURVE('',#4155,#3910,#4157,.T.);
#4155 = VERTEX_POINT('',#4156);
#4156 = CARTESIAN_POINT('',(3.95,-0.1,2.95));
#4157 = LINE('',#4158,#4159);
#4158 = CARTESIAN_POINT('',(3.95,-0.1,2.95));
#4159 = VECTOR('',#4160,1.);
#4160 = DIRECTION('',(0.,1.,0.));
#4161 = ORIENTED_EDGE('',*,*,#4162,.F.);
#4162 = EDGE_CURVE('',#4163,#4155,#4165,.T.);
#4163 = VERTEX_POINT('',#4164);
#4164 = CARTESIAN_POINT('',(6.05,-0.1,2.95));
#4165 = LINE('',#4166,#4167);
#4166 = CARTESIAN_POINT('',(6.05,-0.1,2.95));
#4167 = VECTOR('',#4168,1.);
#4168 = DIRECTION('',(-1.,0.,-2.06514699521E-16));
#4169 = ORIENTED_EDGE('',*,*,#4170,.T.);
#4170 = EDGE_CURVE('',#4163,#3920,#4171,.T.);
#4171 = LINE('',#4172,#4173);
#4172 = CARTESIAN_POINT('',(6.05,-0.1,2.95));
#4173 = VECTOR('',#4174,1.);
#4174 = DIRECTION('',(0.,1.,0.));
#4175 = PLANE('',#4176);
#4176 = AXIS2_PLACEMENT_3D('',#4177,#4178,#4179);
#4177 = CARTESIAN_POINT('',(6.05,-0.1,2.95));
#4178 = DIRECTION('',(2.06514699521E-16,0.,-1.));
#4179 = DIRECTION('',(0.,-1.,0.));
#4180 = ADVANCED_FACE('',(#4181),#4199,.F.);
#4181 = FACE_BOUND('',#4182,.T.);
#4182 = EDGE_LOOP('',(#4183,#4184,#4185,#4193));
#4183 = ORIENTED_EDGE('',*,*,#3927,.T.);
#4184 = ORIENTED_EDGE('',*,*,#4170,.F.);
#4185 = ORIENTED_EDGE('',*,*,#4186,.F.);
#4186 = EDGE_CURVE('',#4187,#4163,#4189,.T.);
#4187 = VERTEX_POINT('',#4188);
#4188 = CARTESIAN_POINT('',(6.05,-0.1,1.55));
#4189 = LINE('',#4190,#4191);
#4190 = CARTESIAN_POINT('',(6.05,-0.1,2.95));
#4191 = VECTOR('',#4192,1.);
#4192 = DIRECTION('',(0.,0.,1.));
#4193 = ORIENTED_EDGE('',*,*,#4194,.T.);
#4194 = EDGE_CURVE('',#4187,#3928,#4195,.T.);
#4195 = LINE('',#4196,#4197);
#4196 = CARTESIAN_POINT('',(6.05,-0.1,1.55));
#4197 = VECTOR('',#4198,1.);
#4198 = DIRECTION('',(0.,1.,0.));
#4199 = PLANE('',#4200);
#4200 = AXIS2_PLACEMENT_3D('',#4201,#4202,#4203);
#4201 = CARTESIAN_POINT('',(6.05,-0.1,2.95));
#4202 = DIRECTION('',(-1.,0.,0.));
#4203 = DIRECTION('',(0.,0.,1.));
#4204 = ADVANCED_FACE('',(#4205),#4223,.F.);
#4205 = FACE_BOUND('',#4206,.T.);
#4206 = EDGE_LOOP('',(#4207,#4208,#4209,#4217));
#4207 = ORIENTED_EDGE('',*,*,#3935,.T.);
#4208 = ORIENTED_EDGE('',*,*,#4194,.F.);
#4209 = ORIENTED_EDGE('',*,*,#4210,.F.);
#4210 = EDGE_CURVE('',#4211,#4187,#4213,.T.);
#4211 = VERTEX_POINT('',#4212);
#4212 = CARTESIAN_POINT('',(3.95,-0.1,1.55));
#4213 = LINE('',#4214,#4215);
#4214 = CARTESIAN_POINT('',(6.05,-0.1,1.55));
#4215 = VECTOR('',#4216,1.);
#4216 = DIRECTION('',(1.,0.,0.));
#4217 = ORIENTED_EDGE('',*,*,#4218,.T.);
#4218 = EDGE_CURVE('',#4211,#3912,#4219,.T.);
#4219 = LINE('',#4220,#4221);
#4220 = CARTESIAN_POINT('',(3.95,-0.1,1.55));
#4221 = VECTOR('',#4222,1.);
#4222 = DIRECTION('',(0.,1.,0.));
#4223 = PLANE('',#4224);
#4224 = AXIS2_PLACEMENT_3D('',#4225,#4226,#4227);
#4225 = CARTESIAN_POINT('',(6.05,-0.1,1.55));
#4226 = DIRECTION('',(0.,0.,1.));
#4227 = DIRECTION('',(1.,0.,-0.));
#4228 = ADVANCED_FACE('',(#4229),#4240,.F.);
#4229 = FACE_BOUND('',#4230,.T.);
#4230 = EDGE_LOOP('',(#4231,#4232,#4233,#4239));
#4231 = ORIENTED_EDGE('',*,*,#3909,.T.);
#4232 = ORIENTED_EDGE('',*,*,#4218,.F.);
#4233 = ORIENTED_EDGE('',*,*,#4234,.F.);
#4234 = EDGE_CURVE('',#4155,#4211,#4235,.T.);
#4235 = LINE('',#4236,#4237);
#4236 = CARTESIAN_POINT('',(3.95,-0.1,2.95));
#4237 = VECTOR('',#4238,1.);
#4238 = DIRECTION('',(0.,0.,-1.));
#4239 = ORIENTED_EDGE('',*,*,#4154,.T.);
#4240 = PLANE('',#4241);
#4241 = AXIS2_PLACEMENT_3D('',#4242,#4243,#4244);
#4242 = CARTESIAN_POINT('',(3.95,-0.1,2.95));
#4243 = DIRECTION('',(1.,0.,0.));
#4244 = DIRECTION('',(-0.,1.,0.));
#4245 = ADVANCED_FACE('',(#4246,#4280),#4314,.F.);
#4246 = FACE_BOUND('',#4247,.T.);
#4247 = EDGE_LOOP('',(#4248,#4258,#4266,#4274));
#4248 = ORIENTED_EDGE('',*,*,#4249,.F.);
#4249 = EDGE_CURVE('',#4250,#4252,#4254,.T.);
#4250 = VERTEX_POINT('',#4251);
#4251 = CARTESIAN_POINT('',(-5.,-9.868813240888E-17,-2.6));
#4252 = VERTEX_POINT('',#4253);
#4253 = CARTESIAN_POINT('',(-5.,0.,-1.9));
#4254 = LINE('',#4255,#4256);
#4255 = CARTESIAN_POINT('',(-5.,-9.868813240888E-17,-2.6));
#4256 = VECTOR('',#4257,1.);
#4257 = DIRECTION('',(0.,0.,1.));
#4258 = ORIENTED_EDGE('',*,*,#4259,.T.);
#4259 = EDGE_CURVE('',#4250,#4260,#4262,.T.);
#4260 = VERTEX_POINT('',#4261);
#4261 = CARTESIAN_POINT('',(-4.346410161514,-1.02617440856E-17,-2.6));
#4262 = LINE('',#4263,#4264);
#4263 = CARTESIAN_POINT('',(-4.,3.66052628007E-17,-2.6));
#4264 = VECTOR('',#4265,1.);
#4265 = DIRECTION('',(1.,1.352933952096E-16,-0.));
#4266 = ORIENTED_EDGE('',*,*,#4267,.T.);
#4267 = EDGE_CURVE('',#4260,#4268,#4270,.T.);
#4268 = VERTEX_POINT('',#4269);
#4269 = CARTESIAN_POINT('',(-4.346410161514,0.,-1.9));
#4270 = LINE('',#4271,#4272);
#4271 = CARTESIAN_POINT('',(-4.346410161514,-1.02617440856E-17,-2.6));
#4272 = VECTOR('',#4273,1.);
#4273 = DIRECTION('',(0.,0.,1.));
#4274 = ORIENTED_EDGE('',*,*,#4275,.T.);
#4275 = EDGE_CURVE('',#4268,#4252,#4276,.T.);
#4276 = LINE('',#4277,#4278);
#4277 = CARTESIAN_POINT('',(-3.,0.,-1.9));
#4278 = VECTOR('',#4279,1.);
#4279 = DIRECTION('',(-1.,0.,1.032573497605E-16));
#4280 = FACE_BOUND('',#4281,.T.);
#4281 = EDGE_LOOP('',(#4282,#4292,#4300,#4308));
#4282 = ORIENTED_EDGE('',*,*,#4283,.F.);
#4283 = EDGE_CURVE('',#4284,#4286,#4288,.T.);
#4284 = VERTEX_POINT('',#4285);
#4285 = CARTESIAN_POINT('',(-3.95,0.,-2.95));
#4286 = VERTEX_POINT('',#4287);
#4287 = CARTESIAN_POINT('',(-3.95,0.,-1.55));
#4288 = LINE('',#4289,#4290);
#4289 = CARTESIAN_POINT('',(-3.95,0.,-2.95));
#4290 = VECTOR('',#4291,1.);
#4291 = DIRECTION('',(0.,0.,1.));
#4292 = ORIENTED_EDGE('',*,*,#4293,.F.);
#4293 = EDGE_CURVE('',#4294,#4284,#4296,.T.);
#4294 = VERTEX_POINT('',#4295);
#4295 = CARTESIAN_POINT('',(-6.05,0.,-2.95));
#4296 = LINE('',#4297,#4298);
#4297 = CARTESIAN_POINT('',(-6.05,0.,-2.95));
#4298 = VECTOR('',#4299,1.);
#4299 = DIRECTION('',(1.,0.,2.06514699521E-16));
#4300 = ORIENTED_EDGE('',*,*,#4301,.F.);
#4301 = EDGE_CURVE('',#4302,#4294,#4304,.T.);
#4302 = VERTEX_POINT('',#4303);
#4303 = CARTESIAN_POINT('',(-6.05,0.,-1.55));
#4304 = LINE('',#4305,#4306);
#4305 = CARTESIAN_POINT('',(-6.05,0.,-2.95));
#4306 = VECTOR('',#4307,1.);
#4307 = DIRECTION('',(0.,0.,-1.));
#4308 = ORIENTED_EDGE('',*,*,#4309,.F.);
#4309 = EDGE_CURVE('',#4286,#4302,#4310,.T.);
#4310 = LINE('',#4311,#4312);
#4311 = CARTESIAN_POINT('',(-6.05,0.,-1.55));
#4312 = VECTOR('',#4313,1.);
#4313 = DIRECTION('',(-1.,0.,0.));
#4314 = PLANE('',#4315);
#4315 = AXIS2_PLACEMENT_3D('',#4316,#4317,#4318);
#4316 = CARTESIAN_POINT('',(0.,0.,0.));
#4317 = DIRECTION('',(0.,-1.,0.));
#4318 = DIRECTION('',(0.,0.,-1.));
#4319 = ADVANCED_FACE('',(#4320),#4345,.F.);
#4320 = FACE_BOUND('',#4321,.T.);
#4321 = EDGE_LOOP('',(#4322,#4323,#4331,#4339));
#4322 = ORIENTED_EDGE('',*,*,#4293,.T.);
#4323 = ORIENTED_EDGE('',*,*,#4324,.F.);
#4324 = EDGE_CURVE('',#4325,#4284,#4327,.T.);
#4325 = VERTEX_POINT('',#4326);
#4326 = CARTESIAN_POINT('',(-3.95,-0.1,-2.95));
#4327 = LINE('',#4328,#4329);
#4328 = CARTESIAN_POINT('',(-3.95,-0.1,-2.95));
#4329 = VECTOR('',#4330,1.);
#4330 = DIRECTION('',(0.,1.,0.));
#4331 = ORIENTED_EDGE('',*,*,#4332,.F.);
#4332 = EDGE_CURVE('',#4333,#4325,#4335,.T.);
#4333 = VERTEX_POINT('',#4334);
#4334 = CARTESIAN_POINT('',(-6.05,-0.1,-2.95));
#4335 = LINE('',#4336,#4337);
#4336 = CARTESIAN_POINT('',(-6.05,-0.1,-2.95));
#4337 = VECTOR('',#4338,1.);
#4338 = DIRECTION('',(1.,0.,2.06514699521E-16));
#4339 = ORIENTED_EDGE('',*,*,#4340,.T.);
#4340 = EDGE_CURVE('',#4333,#4294,#4341,.T.);
#4341 = LINE('',#4342,#4343);
#4342 = CARTESIAN_POINT('',(-6.05,-0.1,-2.95));
#4343 = VECTOR('',#4344,1.);
#4344 = DIRECTION('',(0.,1.,0.));
#4345 = PLANE('',#4346);
#4346 = AXIS2_PLACEMENT_3D('',#4347,#4348,#4349);
#4347 = CARTESIAN_POINT('',(-6.05,-0.1,-2.95));
#4348 = DIRECTION('',(-2.06514699521E-16,0.,1.));
#4349 = DIRECTION('',(1.,0.,2.06514699521E-16));
#4350 = ADVANCED_FACE('',(#4351),#4369,.F.);
#4351 = FACE_BOUND('',#4352,.T.);
#4352 = EDGE_LOOP('',(#4353,#4354,#4355,#4363));
#4353 = ORIENTED_EDGE('',*,*,#4301,.T.);
#4354 = ORIENTED_EDGE('',*,*,#4340,.F.);
#4355 = ORIENTED_EDGE('',*,*,#4356,.F.);
#4356 = EDGE_CURVE('',#4357,#4333,#4359,.T.);
#4357 = VERTEX_POINT('',#4358);
#4358 = CARTESIAN_POINT('',(-6.05,-0.1,-1.55));
#4359 = LINE('',#4360,#4361);
#4360 = CARTESIAN_POINT('',(-6.05,-0.1,-2.95));
#4361 = VECTOR('',#4362,1.);
#4362 = DIRECTION('',(0.,0.,-1.));
#4363 = ORIENTED_EDGE('',*,*,#4364,.T.);
#4364 = EDGE_CURVE('',#4357,#4302,#4365,.T.);
#4365 = LINE('',#4366,#4367);
#4366 = CARTESIAN_POINT('',(-6.05,-0.1,-1.55));
#4367 = VECTOR('',#4368,1.);
#4368 = DIRECTION('',(0.,1.,0.));
#4369 = PLANE('',#4370);
#4370 = AXIS2_PLACEMENT_3D('',#4371,#4372,#4373);
#4371 = CARTESIAN_POINT('',(-6.05,-0.1,-2.95));
#4372 = DIRECTION('',(1.,0.,0.));
#4373 = DIRECTION('',(-0.,1.,0.));
#4374 = ADVANCED_FACE('',(#4375),#4393,.F.);
#4375 = FACE_BOUND('',#4376,.T.);
#4376 = EDGE_LOOP('',(#4377,#4378,#4379,#4387));
#4377 = ORIENTED_EDGE('',*,*,#4309,.T.);
#4378 = ORIENTED_EDGE('',*,*,#4364,.F.);
#4379 = ORIENTED_EDGE('',*,*,#4380,.F.);
#4380 = EDGE_CURVE('',#4381,#4357,#4383,.T.);
#4381 = VERTEX_POINT('',#4382);
#4382 = CARTESIAN_POINT('',(-3.95,-0.1,-1.55));
#4383 = LINE('',#4384,#4385);
#4384 = CARTESIAN_POINT('',(-6.05,-0.1,-1.55));
#4385 = VECTOR('',#4386,1.);
#4386 = DIRECTION('',(-1.,0.,0.));
#4387 = ORIENTED_EDGE('',*,*,#4388,.T.);
#4388 = EDGE_CURVE('',#4381,#4286,#4389,.T.);
#4389 = LINE('',#4390,#4391);
#4390 = CARTESIAN_POINT('',(-3.95,-0.1,-1.55));
#4391 = VECTOR('',#4392,1.);
#4392 = DIRECTION('',(0.,1.,0.));
#4393 = PLANE('',#4394);
#4394 = AXIS2_PLACEMENT_3D('',#4395,#4396,#4397);
#4395 = CARTESIAN_POINT('',(-6.05,-0.1,-1.55));
#4396 = DIRECTION('',(0.,0.,-1.));
#4397 = DIRECTION('',(0.,-1.,0.));
#4398 = ADVANCED_FACE('',(#4399),#4410,.F.);
#4399 = FACE_BOUND('',#4400,.T.);
#4400 = EDGE_LOOP('',(#4401,#4402,#4403,#4409));
#4401 = ORIENTED_EDGE('',*,*,#4283,.T.);
#4402 = ORIENTED_EDGE('',*,*,#4388,.F.);
#4403 = ORIENTED_EDGE('',*,*,#4404,.F.);
#4404 = EDGE_CURVE('',#4325,#4381,#4405,.T.);
#4405 = LINE('',#4406,#4407);
#4406 = CARTESIAN_POINT('',(-3.95,-0.1,-2.95));
#4407 = VECTOR('',#4408,1.);
#4408 = DIRECTION('',(0.,0.,1.));
#4409 = ORIENTED_EDGE('',*,*,#4324,.T.);
#4410 = PLANE('',#4411);
#4411 = AXIS2_PLACEMENT_3D('',#4412,#4413,#4414);
#4412 = CARTESIAN_POINT('',(-3.95,-0.1,-2.95));
#4413 = DIRECTION('',(-1.,0.,0.));
#4414 = DIRECTION('',(0.,0.,1.));
#4415 = ADVANCED_FACE('',(#4416,#4450),#4484,.F.);
#4416 = FACE_BOUND('',#4417,.T.);
#4417 = EDGE_LOOP('',(#4418,#4428,#4436,#4444));
#4418 = ORIENTED_EDGE('',*,*,#4419,.T.);
#4419 = EDGE_CURVE('',#4420,#4422,#4424,.T.);
#4420 = VERTEX_POINT('',#4421);
#4421 = CARTESIAN_POINT('',(-4.346410161514,0.,1.9));
#4422 = VERTEX_POINT('',#4423);
#4423 = CARTESIAN_POINT('',(-4.346410161514,-1.02617440856E-17,2.6));
#4424 = LINE('',#4425,#4426);
#4425 = CARTESIAN_POINT('',(-4.346410161514,-1.02617440856E-17,-2.6));
#4426 = VECTOR('',#4427,1.);
#4427 = DIRECTION('',(0.,0.,1.));
#4428 = ORIENTED_EDGE('',*,*,#4429,.F.);
#4429 = EDGE_CURVE('',#4430,#4422,#4432,.T.);
#4430 = VERTEX_POINT('',#4431);
#4431 = CARTESIAN_POINT('',(-5.,-9.868813240888E-17,2.6));
#4432 = LINE('',#4433,#4434);
#4433 = CARTESIAN_POINT('',(-4.,3.66052628007E-17,2.6));
#4434 = VECTOR('',#4435,1.);
#4435 = DIRECTION('',(1.,1.352933952096E-16,-0.));
#4436 = ORIENTED_EDGE('',*,*,#4437,.F.);
#4437 = EDGE_CURVE('',#4438,#4430,#4440,.T.);
#4438 = VERTEX_POINT('',#4439);
#4439 = CARTESIAN_POINT('',(-5.,0.,1.9));
#4440 = LINE('',#4441,#4442);
#4441 = CARTESIAN_POINT('',(-5.,-9.868813240888E-17,-2.6));
#4442 = VECTOR('',#4443,1.);
#4443 = DIRECTION('',(0.,0.,1.));
#4444 = ORIENTED_EDGE('',*,*,#4445,.T.);
#4445 = EDGE_CURVE('',#4438,#4420,#4446,.T.);
#4446 = LINE('',#4447,#4448);
#4447 = CARTESIAN_POINT('',(-3.,0.,1.9));
#4448 = VECTOR('',#4449,1.);
#4449 = DIRECTION('',(1.,-0.,1.032573497605E-16));
#4450 = FACE_BOUND('',#4451,.T.);
#4451 = EDGE_LOOP('',(#4452,#4462,#4470,#4478));
#4452 = ORIENTED_EDGE('',*,*,#4453,.T.);
#4453 = EDGE_CURVE('',#4454,#4456,#4458,.T.);
#4454 = VERTEX_POINT('',#4455);
#4455 = CARTESIAN_POINT('',(-3.95,0.,2.95));
#4456 = VERTEX_POINT('',#4457);
#4457 = CARTESIAN_POINT('',(-3.95,0.,1.55));
#4458 = LINE('',#4459,#4460);
#4459 = CARTESIAN_POINT('',(-3.95,0.,2.95));
#4460 = VECTOR('',#4461,1.);
#4461 = DIRECTION('',(0.,0.,-1.));
#4462 = ORIENTED_EDGE('',*,*,#4463,.T.);
#4463 = EDGE_CURVE('',#4456,#4464,#4466,.T.);
#4464 = VERTEX_POINT('',#4465);
#4465 = CARTESIAN_POINT('',(-6.05,0.,1.55));
#4466 = LINE('',#4467,#4468);
#4467 = CARTESIAN_POINT('',(-6.05,0.,1.55));
#4468 = VECTOR('',#4469,1.);
#4469 = DIRECTION('',(-1.,0.,0.));
#4470 = ORIENTED_EDGE('',*,*,#4471,.T.);
#4471 = EDGE_CURVE('',#4464,#4472,#4474,.T.);
#4472 = VERTEX_POINT('',#4473);
#4473 = CARTESIAN_POINT('',(-6.05,0.,2.95));
#4474 = LINE('',#4475,#4476);
#4475 = CARTESIAN_POINT('',(-6.05,0.,2.95));
#4476 = VECTOR('',#4477,1.);
#4477 = DIRECTION('',(0.,0.,1.));
#4478 = ORIENTED_EDGE('',*,*,#4479,.T.);
#4479 = EDGE_CURVE('',#4472,#4454,#4480,.T.);
#4480 = LINE('',#4481,#4482);
#4481 = CARTESIAN_POINT('',(-6.05,0.,2.95));
#4482 = VECTOR('',#4483,1.);
#4483 = DIRECTION('',(1.,0.,-2.06514699521E-16));
#4484 = PLANE('',#4485);
#4485 = AXIS2_PLACEMENT_3D('',#4486,#4487,#4488);
#4486 = CARTESIAN_POINT('',(0.,0.,0.));
#4487 = DIRECTION('',(0.,-1.,0.));
#4488 = DIRECTION('',(0.,0.,-1.));
#4489 = ADVANCED_FACE('',(#4490),#4515,.T.);
#4490 = FACE_BOUND('',#4491,.T.);
#4491 = EDGE_LOOP('',(#4492,#4493,#4501,#4509));
#4492 = ORIENTED_EDGE('',*,*,#4463,.F.);
#4493 = ORIENTED_EDGE('',*,*,#4494,.F.);
#4494 = EDGE_CURVE('',#4495,#4456,#4497,.T.);
#4495 = VERTEX_POINT('',#4496);
#4496 = CARTESIAN_POINT('',(-3.95,-0.1,1.55));
#4497 = LINE('',#4498,#4499);
#4498 = CARTESIAN_POINT('',(-3.95,-0.1,1.55));
#4499 = VECTOR('',#4500,1.);
#4500 = DIRECTION('',(0.,1.,0.));
#4501 = ORIENTED_EDGE('',*,*,#4502,.T.);
#4502 = EDGE_CURVE('',#4495,#4503,#4505,.T.);
#4503 = VERTEX_POINT('',#4504);
#4504 = CARTESIAN_POINT('',(-6.05,-0.1,1.55));
#4505 = LINE('',#4506,#4507);
#4506 = CARTESIAN_POINT('',(-6.05,-0.1,1.55));
#4507 = VECTOR('',#4508,1.);
#4508 = DIRECTION('',(-1.,0.,0.));
#4509 = ORIENTED_EDGE('',*,*,#4510,.T.);
#4510 = EDGE_CURVE('',#4503,#4464,#4511,.T.);
#4511 = LINE('',#4512,#4513);
#4512 = CARTESIAN_POINT('',(-6.05,-0.1,1.55));
#4513 = VECTOR('',#4514,1.);
#4514 = DIRECTION('',(0.,1.,0.));
#4515 = PLANE('',#4516);
#4516 = AXIS2_PLACEMENT_3D('',#4517,#4518,#4519);
#4517 = CARTESIAN_POINT('',(-6.05,-0.1,1.55));
#4518 = DIRECTION('',(0.,0.,-1.));
#4519 = DIRECTION('',(0.,-1.,0.));
#4520 = ADVANCED_FACE('',(#4521),#4539,.T.);
#4521 = FACE_BOUND('',#4522,.T.);
#4522 = EDGE_LOOP('',(#4523,#4524,#4525,#4533));
#4523 = ORIENTED_EDGE('',*,*,#4471,.F.);
#4524 = ORIENTED_EDGE('',*,*,#4510,.F.);
#4525 = ORIENTED_EDGE('',*,*,#4526,.T.);
#4526 = EDGE_CURVE('',#4503,#4527,#4529,.T.);
#4527 = VERTEX_POINT('',#4528);
#4528 = CARTESIAN_POINT('',(-6.05,-0.1,2.95));
#4529 = LINE('',#4530,#4531);
#4530 = CARTESIAN_POINT('',(-6.05,-0.1,2.95));
#4531 = VECTOR('',#4532,1.);
#4532 = DIRECTION('',(0.,0.,1.));
#4533 = ORIENTED_EDGE('',*,*,#4534,.T.);
#4534 = EDGE_CURVE('',#4527,#4472,#4535,.T.);
#4535 = LINE('',#4536,#4537);
#4536 = CARTESIAN_POINT('',(-6.05,-0.1,2.95));
#4537 = VECTOR('',#4538,1.);
#4538 = DIRECTION('',(0.,1.,0.));
#4539 = PLANE('',#4540);
#4540 = AXIS2_PLACEMENT_3D('',#4541,#4542,#4543);
#4541 = CARTESIAN_POINT('',(-6.05,-0.1,2.95));
#4542 = DIRECTION('',(-1.,0.,0.));
#4543 = DIRECTION('',(0.,0.,1.));
#4544 = ADVANCED_FACE('',(#4545),#4563,.T.);
#4545 = FACE_BOUND('',#4546,.T.);
#4546 = EDGE_LOOP('',(#4547,#4548,#4549,#4557));
#4547 = ORIENTED_EDGE('',*,*,#4479,.F.);
#4548 = ORIENTED_EDGE('',*,*,#4534,.F.);
#4549 = ORIENTED_EDGE('',*,*,#4550,.T.);
#4550 = EDGE_CURVE('',#4527,#4551,#4553,.T.);
#4551 = VERTEX_POINT('',#4552);
#4552 = CARTESIAN_POINT('',(-3.95,-0.1,2.95));
#4553 = LINE('',#4554,#4555);
#4554 = CARTESIAN_POINT('',(-6.05,-0.1,2.95));
#4555 = VECTOR('',#4556,1.);
#4556 = DIRECTION('',(1.,0.,-2.06514699521E-16));
#4557 = ORIENTED_EDGE('',*,*,#4558,.T.);
#4558 = EDGE_CURVE('',#4551,#4454,#4559,.T.);
#4559 = LINE('',#4560,#4561);
#4560 = CARTESIAN_POINT('',(-3.95,-0.1,2.95));
#4561 = VECTOR('',#4562,1.);
#4562 = DIRECTION('',(0.,1.,0.));
#4563 = PLANE('',#4564);
#4564 = AXIS2_PLACEMENT_3D('',#4565,#4566,#4567);
#4565 = CARTESIAN_POINT('',(-6.05,-0.1,2.95));
#4566 = DIRECTION('',(2.06514699521E-16,0.,1.));
#4567 = DIRECTION('',(1.,0.,-2.06514699521E-16));
#4568 = ADVANCED_FACE('',(#4569),#4580,.T.);
#4569 = FACE_BOUND('',#4570,.T.);
#4570 = EDGE_LOOP('',(#4571,#4572,#4573,#4579));
#4571 = ORIENTED_EDGE('',*,*,#4453,.F.);
#4572 = ORIENTED_EDGE('',*,*,#4558,.F.);
#4573 = ORIENTED_EDGE('',*,*,#4574,.T.);
#4574 = EDGE_CURVE('',#4551,#4495,#4575,.T.);
#4575 = LINE('',#4576,#4577);
#4576 = CARTESIAN_POINT('',(-3.95,-0.1,2.95));
#4577 = VECTOR('',#4578,1.);
#4578 = DIRECTION('',(0.,0.,-1.));
#4579 = ORIENTED_EDGE('',*,*,#4494,.T.);
#4580 = PLANE('',#4581);
#4581 = AXIS2_PLACEMENT_3D('',#4582,#4583,#4584);
#4582 = CARTESIAN_POINT('',(-3.95,-0.1,2.95));
#4583 = DIRECTION('',(1.,0.,0.));
#4584 = DIRECTION('',(-0.,1.,0.));
#4585 = ADVANCED_FACE('',(#4586),#4620,.T.);
#4586 = FACE_BOUND('',#4587,.T.);
#4587 = EDGE_LOOP('',(#4588,#4598,#4606,#4614));
#4588 = ORIENTED_EDGE('',*,*,#4589,.F.);
#4589 = EDGE_CURVE('',#4590,#4592,#4594,.T.);
#4590 = VERTEX_POINT('',#4591);
#4591 = CARTESIAN_POINT('',(-8.05,-1.7,-4.95));
#4592 = VERTEX_POINT('',#4593);
#4593 = CARTESIAN_POINT('',(-8.05,-1.7,4.95));
#4594 = LINE('',#4595,#4596);
#4595 = CARTESIAN_POINT('',(-8.05,-1.7,-4.95));
#4596 = VECTOR('',#4597,1.);
#4597 = DIRECTION('',(1.75224593533E-16,0.,1.));
#4598 = ORIENTED_EDGE('',*,*,#4599,.F.);
#4599 = EDGE_CURVE('',#4600,#4590,#4602,.T.);
#4600 = VERTEX_POINT('',#4601);
#4601 = CARTESIAN_POINT('',(8.05,-1.7,-4.95));
#4602 = LINE('',#4603,#4604);
#4603 = CARTESIAN_POINT('',(8.05,-1.7,-4.95));
#4604 = VECTOR('',#4605,1.);
#4605 = DIRECTION('',(-1.,0.,1.077467997501E-16));
#4606 = ORIENTED_EDGE('',*,*,#4607,.F.);
#4607 = EDGE_CURVE('',#4608,#4600,#4610,.T.);
#4608 = VERTEX_POINT('',#4609);
#4609 = CARTESIAN_POINT('',(8.05,-1.7,4.95));
#4610 = LINE('',#4611,#4612);
#4611 = CARTESIAN_POINT('',(8.05,-1.7,-4.95));
#4612 = VECTOR('',#4613,1.);
#4613 = DIRECTION('',(-1.75224593533E-16,0.,-1.));
#4614 = ORIENTED_EDGE('',*,*,#4615,.F.);
#4615 = EDGE_CURVE('',#4592,#4608,#4616,.T.);
#4616 = LINE('',#4617,#4618);
#4617 = CARTESIAN_POINT('',(8.05,-1.7,4.95));
#4618 = VECTOR('',#4619,1.);
#4619 = DIRECTION('',(1.,0.,-1.077467997501E-16));
#4620 = PLANE('',#4621);
#4621 = AXIS2_PLACEMENT_3D('',#4622,#4623,#4624);
#4622 = CARTESIAN_POINT('',(0.,-1.7,0.));
#4623 = DIRECTION('',(0.,-1.,0.));
#4624 = DIRECTION('',(0.,0.,-1.));
#4625 = ADVANCED_FACE('',(#4626),#4651,.T.);
#4626 = FACE_BOUND('',#4627,.T.);
#4627 = EDGE_LOOP('',(#4628,#4638,#4644,#4645));
#4628 = ORIENTED_EDGE('',*,*,#4629,.F.);
#4629 = EDGE_CURVE('',#4630,#4632,#4634,.T.);
#4630 = VERTEX_POINT('',#4631);
#4631 = CARTESIAN_POINT('',(-8.05,-0.1,4.95));
#4632 = VERTEX_POINT('',#4633);
#4633 = CARTESIAN_POINT('',(8.05,-0.1,4.95));
#4634 = LINE('',#4635,#4636);
#4635 = CARTESIAN_POINT('',(8.05,-0.1,4.95));
#4636 = VECTOR('',#4637,1.);
#4637 = DIRECTION('',(1.,0.,-1.077467997501E-16));
#4638 = ORIENTED_EDGE('',*,*,#4639,.F.);
#4639 = EDGE_CURVE('',#4592,#4630,#4640,.T.);
#4640 = LINE('',#4641,#4642);
#4641 = CARTESIAN_POINT('',(-8.05,-1.7,4.95));
#4642 = VECTOR('',#4643,1.);
#4643 = DIRECTION('',(0.,1.,0.));
#4644 = ORIENTED_EDGE('',*,*,#4615,.T.);
#4645 = ORIENTED_EDGE('',*,*,#4646,.T.);
#4646 = EDGE_CURVE('',#4608,#4632,#4647,.T.);
#4647 = LINE('',#4648,#4649);
#4648 = CARTESIAN_POINT('',(8.05,-1.7,4.95));
#4649 = VECTOR('',#4650,1.);
#4650 = DIRECTION('',(0.,1.,0.));
#4651 = PLANE('',#4652);
#4652 = AXIS2_PLACEMENT_3D('',#4653,#4654,#4655);
#4653 = CARTESIAN_POINT('',(8.05,-1.7,4.95));
#4654 = DIRECTION('',(1.077467997501E-16,0.,1.));
#4655 = DIRECTION('',(1.,0.,-1.077467997501E-16));
#4656 = ADVANCED_FACE('',(#4657),#4675,.T.);
#4657 = FACE_BOUND('',#4658,.T.);
#4658 = EDGE_LOOP('',(#4659,#4667,#4668,#4669));
#4659 = ORIENTED_EDGE('',*,*,#4660,.F.);
#4660 = EDGE_CURVE('',#4632,#4661,#4663,.T.);
#4661 = VERTEX_POINT('',#4662);
#4662 = CARTESIAN_POINT('',(8.05,-0.1,-4.95));
#4663 = LINE('',#4664,#4665);
#4664 = CARTESIAN_POINT('',(8.05,-0.1,-4.95));
#4665 = VECTOR('',#4666,1.);
#4666 = DIRECTION('',(-1.75224593533E-16,0.,-1.));
#4667 = ORIENTED_EDGE('',*,*,#4646,.F.);
#4668 = ORIENTED_EDGE('',*,*,#4607,.T.);
#4669 = ORIENTED_EDGE('',*,*,#4670,.T.);
#4670 = EDGE_CURVE('',#4600,#4661,#4671,.T.);
#4671 = LINE('',#4672,#4673);
#4672 = CARTESIAN_POINT('',(8.05,-1.7,-4.95));
#4673 = VECTOR('',#4674,1.);
#4674 = DIRECTION('',(0.,1.,0.));
#4675 = PLANE('',#4676);
#4676 = AXIS2_PLACEMENT_3D('',#4677,#4678,#4679);
#4677 = CARTESIAN_POINT('',(8.05,-1.7,-4.95));
#4678 = DIRECTION('',(1.,0.,-1.75224593533E-16));
#4679 = DIRECTION('',(-1.75224593533E-16,0.,-1.));
#4680 = ADVANCED_FACE('',(#4681),#4699,.T.);
#4681 = FACE_BOUND('',#4682,.T.);
#4682 = EDGE_LOOP('',(#4683,#4691,#4692,#4693));
#4683 = ORIENTED_EDGE('',*,*,#4684,.F.);
#4684 = EDGE_CURVE('',#4661,#4685,#4687,.T.);
#4685 = VERTEX_POINT('',#4686);
#4686 = CARTESIAN_POINT('',(-8.05,-0.1,-4.95));
#4687 = LINE('',#4688,#4689);
#4688 = CARTESIAN_POINT('',(8.05,-0.1,-4.95));
#4689 = VECTOR('',#4690,1.);
#4690 = DIRECTION('',(-1.,0.,1.077467997501E-16));
#4691 = ORIENTED_EDGE('',*,*,#4670,.F.);
#4692 = ORIENTED_EDGE('',*,*,#4599,.T.);
#4693 = ORIENTED_EDGE('',*,*,#4694,.T.);
#4694 = EDGE_CURVE('',#4590,#4685,#4695,.T.);
#4695 = LINE('',#4696,#4697);
#4696 = CARTESIAN_POINT('',(-8.05,-1.7,-4.95));
#4697 = VECTOR('',#4698,1.);
#4698 = DIRECTION('',(0.,1.,0.));
#4699 = PLANE('',#4700);
#4700 = AXIS2_PLACEMENT_3D('',#4701,#4702,#4703);
#4701 = CARTESIAN_POINT('',(8.05,-1.7,-4.95));
#4702 = DIRECTION('',(-1.077467997501E-16,0.,-1.));
#4703 = DIRECTION('',(-1.,0.,1.077467997501E-16));
#4704 = ADVANCED_FACE('',(#4705),#4716,.T.);
#4705 = FACE_BOUND('',#4706,.T.);
#4706 = EDGE_LOOP('',(#4707,#4713,#4714,#4715));
#4707 = ORIENTED_EDGE('',*,*,#4708,.F.);
#4708 = EDGE_CURVE('',#4685,#4630,#4709,.T.);
#4709 = LINE('',#4710,#4711);
#4710 = CARTESIAN_POINT('',(-8.05,-0.1,-4.95));
#4711 = VECTOR('',#4712,1.);
#4712 = DIRECTION('',(1.75224593533E-16,0.,1.));
#4713 = ORIENTED_EDGE('',*,*,#4694,.F.);
#4714 = ORIENTED_EDGE('',*,*,#4589,.T.);
#4715 = ORIENTED_EDGE('',*,*,#4639,.T.);
#4716 = PLANE('',#4717);
#4717 = AXIS2_PLACEMENT_3D('',#4718,#4719,#4720);
#4718 = CARTESIAN_POINT('',(-8.05,-1.7,-4.95));
#4719 = DIRECTION('',(-1.,0.,1.75224593533E-16));
#4720 = DIRECTION('',(0.,1.,0.));
#4721 = ADVANCED_FACE('',(#4722,#4728,#4734,#4740,#4746),#4752,.F.);
#4722 = FACE_BOUND('',#4723,.T.);
#4723 = EDGE_LOOP('',(#4724,#4725,#4726,#4727));
#4724 = ORIENTED_EDGE('',*,*,#4234,.T.);
#4725 = ORIENTED_EDGE('',*,*,#4210,.T.);
#4726 = ORIENTED_EDGE('',*,*,#4186,.T.);
#4727 = ORIENTED_EDGE('',*,*,#4162,.T.);
#4728 = FACE_BOUND('',#4729,.T.);
#4729 = EDGE_LOOP('',(#4730,#4731,#4732,#4733));
#4730 = ORIENTED_EDGE('',*,*,#4502,.F.);
#4731 = ORIENTED_EDGE('',*,*,#4574,.F.);
#4732 = ORIENTED_EDGE('',*,*,#4550,.F.);
#4733 = ORIENTED_EDGE('',*,*,#4526,.F.);
#4734 = FACE_BOUND('',#4735,.T.);
#4735 = EDGE_LOOP('',(#4736,#4737,#4738,#4739));
#4736 = ORIENTED_EDGE('',*,*,#4404,.T.);
#4737 = ORIENTED_EDGE('',*,*,#4380,.T.);
#4738 = ORIENTED_EDGE('',*,*,#4356,.T.);
#4739 = ORIENTED_EDGE('',*,*,#4332,.T.);
#4740 = FACE_BOUND('',#4741,.T.);
#4741 = EDGE_LOOP('',(#4742,#4743,#4744,#4745));
#4742 = ORIENTED_EDGE('',*,*,#4066,.F.);
#4743 = ORIENTED_EDGE('',*,*,#4138,.F.);
#4744 = ORIENTED_EDGE('',*,*,#4114,.F.);
#4745 = ORIENTED_EDGE('',*,*,#4090,.F.);
#4746 = FACE_BOUND('',#4747,.T.);
#4747 = EDGE_LOOP('',(#4748,#4749,#4750,#4751));
#4748 = ORIENTED_EDGE('',*,*,#4708,.T.);
#4749 = ORIENTED_EDGE('',*,*,#4629,.T.);
#4750 = ORIENTED_EDGE('',*,*,#4660,.T.);
#4751 = ORIENTED_EDGE('',*,*,#4684,.T.);
#4752 = PLANE('',#4753);
#4753 = AXIS2_PLACEMENT_3D('',#4754,#4755,#4756);
#4754 = CARTESIAN_POINT('',(0.,-0.1,0.));
#4755 = DIRECTION('',(0.,-1.,0.));
#4756 = DIRECTION('',(0.,0.,-1.));
#4757 = ADVANCED_FACE('',(#4758,#4768,#4778,#4788,#4858,#4868),#4878,.T.
  );
#4758 = FACE_BOUND('',#4759,.T.);
#4759 = EDGE_LOOP('',(#4760,#4767));
#4760 = ORIENTED_EDGE('',*,*,#4761,.F.);
#4761 = EDGE_CURVE('',#3747,#3739,#4762,.T.);
#4762 = CIRCLE('',#4763,0.6);
#4763 = AXIS2_PLACEMENT_3D('',#4764,#4765,#4766);
#4764 = CARTESIAN_POINT('',(2.2,3.5,-2.2));
#4765 = DIRECTION('',(0.,1.,0.));
#4766 = DIRECTION('',(0.,-0.,1.));
#4767 = ORIENTED_EDGE('',*,*,#3746,.F.);
#4768 = FACE_BOUND('',#4769,.T.);
#4769 = EDGE_LOOP('',(#4770,#4777));
#4770 = ORIENTED_EDGE('',*,*,#4771,.F.);
#4771 = EDGE_CURVE('',#3811,#3803,#4772,.T.);
#4772 = CIRCLE('',#4773,0.6);
#4773 = AXIS2_PLACEMENT_3D('',#4774,#4775,#4776);
#4774 = CARTESIAN_POINT('',(-2.2,3.5,-2.2));
#4775 = DIRECTION('',(0.,1.,0.));
#4776 = DIRECTION('',(0.,-0.,1.));
#4777 = ORIENTED_EDGE('',*,*,#3810,.F.);
#4778 = FACE_BOUND('',#4779,.T.);
#4779 = EDGE_LOOP('',(#4780,#4781));
#4780 = ORIENTED_EDGE('',*,*,#3886,.T.);
#4781 = ORIENTED_EDGE('',*,*,#4782,.T.);
#4782 = EDGE_CURVE('',#3879,#3887,#4783,.T.);
#4783 = CIRCLE('',#4784,1.75);
#4784 = AXIS2_PLACEMENT_3D('',#4785,#4786,#4787);
#4785 = CARTESIAN_POINT('',(0.,3.5,0.));
#4786 = DIRECTION('',(0.,-1.,-0.));
#4787 = DIRECTION('',(0.,0.,-1.));
#4788 = FACE_BOUND('',#4789,.T.);
#4789 = EDGE_LOOP('',(#4790,#4800,#4809,#4817,#4826,#4834,#4843,#4851));
#4790 = ORIENTED_EDGE('',*,*,#4791,.T.);
#4791 = EDGE_CURVE('',#4792,#4794,#4796,.T.);
#4792 = VERTEX_POINT('',#4793);
#4793 = CARTESIAN_POINT('',(-2.85,3.5,3.));
#4794 = VERTEX_POINT('',#4795);
#4795 = CARTESIAN_POINT('',(2.85,3.5,3.));
#4796 = LINE('',#4797,#4798);
#4797 = CARTESIAN_POINT('',(-3.,3.5,3.));
#4798 = VECTOR('',#4799,1.);
#4799 = DIRECTION('',(1.,0.,0.));
#4800 = ORIENTED_EDGE('',*,*,#4801,.T.);
#4801 = EDGE_CURVE('',#4794,#4802,#4804,.T.);
#4802 = VERTEX_POINT('',#4803);
#4803 = CARTESIAN_POINT('',(3.,3.5,2.85));
#4804 = CIRCLE('',#4805,0.15);
#4805 = AXIS2_PLACEMENT_3D('',#4806,#4807,#4808);
#4806 = CARTESIAN_POINT('',(2.85,3.5,2.85));
#4807 = DIRECTION('',(0.,1.,0.));
#4808 = DIRECTION('',(0.,-0.,1.));
#4809 = ORIENTED_EDGE('',*,*,#4810,.T.);
#4810 = EDGE_CURVE('',#4802,#4811,#4813,.T.);
#4811 = VERTEX_POINT('',#4812);
#4812 = CARTESIAN_POINT('',(3.,3.5,-2.85));
#4813 = LINE('',#4814,#4815);
#4814 = CARTESIAN_POINT('',(3.,3.5,3.));
#4815 = VECTOR('',#4816,1.);
#4816 = DIRECTION('',(0.,0.,-1.));
#4817 = ORIENTED_EDGE('',*,*,#4818,.T.);
#4818 = EDGE_CURVE('',#4811,#4819,#4821,.T.);
#4819 = VERTEX_POINT('',#4820);
#4820 = CARTESIAN_POINT('',(2.85,3.5,-3.));
#4821 = CIRCLE('',#4822,0.15);
#4822 = AXIS2_PLACEMENT_3D('',#4823,#4824,#4825);
#4823 = CARTESIAN_POINT('',(2.85,3.5,-2.85));
#4824 = DIRECTION('',(0.,1.,0.));
#4825 = DIRECTION('',(0.,-0.,1.));
#4826 = ORIENTED_EDGE('',*,*,#4827,.T.);
#4827 = EDGE_CURVE('',#4819,#4828,#4830,.T.);
#4828 = VERTEX_POINT('',#4829);
#4829 = CARTESIAN_POINT('',(-2.85,3.5,-3.));
#4830 = LINE('',#4831,#4832);
#4831 = CARTESIAN_POINT('',(3.,3.5,-3.));
#4832 = VECTOR('',#4833,1.);
#4833 = DIRECTION('',(-1.,0.,0.));
#4834 = ORIENTED_EDGE('',*,*,#4835,.T.);
#4835 = EDGE_CURVE('',#4828,#4836,#4838,.T.);
#4836 = VERTEX_POINT('',#4837);
#4837 = CARTESIAN_POINT('',(-3.,3.5,-2.85));
#4838 = CIRCLE('',#4839,0.15);
#4839 = AXIS2_PLACEMENT_3D('',#4840,#4841,#4842);
#4840 = CARTESIAN_POINT('',(-2.85,3.5,-2.85));
#4841 = DIRECTION('',(0.,1.,0.));
#4842 = DIRECTION('',(0.,-0.,1.));
#4843 = ORIENTED_EDGE('',*,*,#4844,.T.);
#4844 = EDGE_CURVE('',#4836,#4845,#4847,.T.);
#4845 = VERTEX_POINT('',#4846);
#4846 = CARTESIAN_POINT('',(-3.,3.5,2.85));
#4847 = LINE('',#4848,#4849);
#4848 = CARTESIAN_POINT('',(-3.,3.5,-3.));
#4849 = VECTOR('',#4850,1.);
#4850 = DIRECTION('',(0.,0.,1.));
#4851 = ORIENTED_EDGE('',*,*,#4852,.T.);
#4852 = EDGE_CURVE('',#4845,#4792,#4853,.T.);
#4853 = CIRCLE('',#4854,0.15);
#4854 = AXIS2_PLACEMENT_3D('',#4855,#4856,#4857);
#4855 = CARTESIAN_POINT('',(-2.85,3.5,2.85));
#4856 = DIRECTION('',(0.,1.,0.));
#4857 = DIRECTION('',(0.,-0.,1.));
#4858 = FACE_BOUND('',#4859,.T.);
#4859 = EDGE_LOOP('',(#4860,#4867));
#4860 = ORIENTED_EDGE('',*,*,#4861,.F.);
#4861 = EDGE_CURVE('',#3779,#3771,#4862,.T.);
#4862 = CIRCLE('',#4863,0.6);
#4863 = AXIS2_PLACEMENT_3D('',#4864,#4865,#4866);
#4864 = CARTESIAN_POINT('',(-2.2,3.5,2.2));
#4865 = DIRECTION('',(0.,1.,0.));
#4866 = DIRECTION('',(0.,-0.,1.));
#4867 = ORIENTED_EDGE('',*,*,#3778,.F.);
#4868 = FACE_BOUND('',#4869,.T.);
#4869 = EDGE_LOOP('',(#4870,#4877));
#4870 = ORIENTED_EDGE('',*,*,#4871,.F.);
#4871 = EDGE_CURVE('',#3715,#3707,#4872,.T.);
#4872 = CIRCLE('',#4873,0.6);
#4873 = AXIS2_PLACEMENT_3D('',#4874,#4875,#4876);
#4874 = CARTESIAN_POINT('',(2.2,3.5,2.2));
#4875 = DIRECTION('',(0.,1.,0.));
#4876 = DIRECTION('',(0.,-0.,1.));
#4877 = ORIENTED_EDGE('',*,*,#3714,.F.);
#4878 = PLANE('',#4879);
#4879 = AXIS2_PLACEMENT_3D('',#4880,#4881,#4882);
#4880 = CARTESIAN_POINT('',(0.,3.5,0.));
#4881 = DIRECTION('',(0.,1.,0.));
#4882 = DIRECTION('',(0.,-0.,1.));
#4883 = ADVANCED_FACE('',(#4884,#4909,#4943),#4977,.F.);
#4884 = FACE_BOUND('',#4885,.T.);
#4885 = EDGE_LOOP('',(#4886,#4887,#4895,#4903));
#4886 = ORIENTED_EDGE('',*,*,#4810,.F.);
#4887 = ORIENTED_EDGE('',*,*,#4888,.T.);
#4888 = EDGE_CURVE('',#4802,#4889,#4891,.T.);
#4889 = VERTEX_POINT('',#4890);
#4890 = CARTESIAN_POINT('',(3.,0.,2.85));
#4891 = LINE('',#4892,#4893);
#4892 = CARTESIAN_POINT('',(3.,3.5,2.85));
#4893 = VECTOR('',#4894,1.);
#4894 = DIRECTION('',(0.,-1.,0.));
#4895 = ORIENTED_EDGE('',*,*,#4896,.T.);
#4896 = EDGE_CURVE('',#4889,#4897,#4899,.T.);
#4897 = VERTEX_POINT('',#4898);
#4898 = CARTESIAN_POINT('',(3.,0.,-2.85));
#4899 = LINE('',#4900,#4901);
#4900 = CARTESIAN_POINT('',(3.,0.,3.));
#4901 = VECTOR('',#4902,1.);
#4902 = DIRECTION('',(-0.,-0.,-1.));
#4903 = ORIENTED_EDGE('',*,*,#4904,.T.);
#4904 = EDGE_CURVE('',#4897,#4811,#4905,.T.);
#4905 = LINE('',#4906,#4907);
#4906 = CARTESIAN_POINT('',(3.,3.5,-2.85));
#4907 = VECTOR('',#4908,1.);
#4908 = DIRECTION('',(-0.,1.,-0.));
#4909 = FACE_BOUND('',#4910,.T.);
#4910 = EDGE_LOOP('',(#4911,#4921,#4929,#4937));
#4911 = ORIENTED_EDGE('',*,*,#4912,.T.);
#4912 = EDGE_CURVE('',#4913,#4915,#4917,.T.);
#4913 = VERTEX_POINT('',#4914);
#4914 = CARTESIAN_POINT('',(3.,0.7,-2.6));
#4915 = VERTEX_POINT('',#4916);
#4916 = CARTESIAN_POINT('',(3.,0.7,-1.9));
#4917 = LINE('',#4918,#4919);
#4918 = CARTESIAN_POINT('',(3.,0.7,-2.6));
#4919 = VECTOR('',#4920,1.);
#4920 = DIRECTION('',(0.,0.,1.));
#4921 = ORIENTED_EDGE('',*,*,#4922,.F.);
#4922 = EDGE_CURVE('',#4923,#4915,#4925,.T.);
#4923 = VERTEX_POINT('',#4924);
#4924 = CARTESIAN_POINT('',(3.,1.,-1.9));
#4925 = LINE('',#4926,#4927);
#4926 = CARTESIAN_POINT('',(3.,1.,-1.9));
#4927 = VECTOR('',#4928,1.);
#4928 = DIRECTION('',(0.,-1.,-0.));
#4929 = ORIENTED_EDGE('',*,*,#4930,.F.);
#4930 = EDGE_CURVE('',#4931,#4923,#4933,.T.);
#4931 = VERTEX_POINT('',#4932);
#4932 = CARTESIAN_POINT('',(3.,1.,-2.6));
#4933 = LINE('',#4934,#4935);
#4934 = CARTESIAN_POINT('',(3.,1.,-2.6));
#4935 = VECTOR('',#4936,1.);
#4936 = DIRECTION('',(0.,0.,1.));
#4937 = ORIENTED_EDGE('',*,*,#4938,.T.);
#4938 = EDGE_CURVE('',#4931,#4913,#4939,.T.);
#4939 = LINE('',#4940,#4941);
#4940 = CARTESIAN_POINT('',(3.,1.,-2.6));
#4941 = VECTOR('',#4942,1.);
#4942 = DIRECTION('',(1.445602896647E-15,-1.,0.));
#4943 = FACE_BOUND('',#4944,.T.);
#4944 = EDGE_LOOP('',(#4945,#4955,#4963,#4971));
#4945 = ORIENTED_EDGE('',*,*,#4946,.T.);
#4946 = EDGE_CURVE('',#4947,#4949,#4951,.T.);
#4947 = VERTEX_POINT('',#4948);
#4948 = CARTESIAN_POINT('',(3.,1.,1.9));
#4949 = VERTEX_POINT('',#4950);
#4950 = CARTESIAN_POINT('',(3.,0.7,1.9));
#4951 = LINE('',#4952,#4953);
#4952 = CARTESIAN_POINT('',(3.,1.,1.9));
#4953 = VECTOR('',#4954,1.);
#4954 = DIRECTION('',(0.,-1.,-0.));
#4955 = ORIENTED_EDGE('',*,*,#4956,.T.);
#4956 = EDGE_CURVE('',#4949,#4957,#4959,.T.);
#4957 = VERTEX_POINT('',#4958);
#4958 = CARTESIAN_POINT('',(3.,0.7,2.6));
#4959 = LINE('',#4960,#4961);
#4960 = CARTESIAN_POINT('',(3.,0.7,-2.6));
#4961 = VECTOR('',#4962,1.);
#4962 = DIRECTION('',(0.,0.,1.));
#4963 = ORIENTED_EDGE('',*,*,#4964,.F.);
#4964 = EDGE_CURVE('',#4965,#4957,#4967,.T.);
#4965 = VERTEX_POINT('',#4966);
#4966 = CARTESIAN_POINT('',(3.,1.,2.6));
#4967 = LINE('',#4968,#4969);
#4968 = CARTESIAN_POINT('',(3.,1.,2.6));
#4969 = VECTOR('',#4970,1.);
#4970 = DIRECTION('',(1.445602896647E-15,-1.,0.));
#4971 = ORIENTED_EDGE('',*,*,#4972,.F.);
#4972 = EDGE_CURVE('',#4947,#4965,#4973,.T.);
#4973 = LINE('',#4974,#4975);
#4974 = CARTESIAN_POINT('',(3.,1.,-2.6));
#4975 = VECTOR('',#4976,1.);
#4976 = DIRECTION('',(0.,0.,1.));
#4977 = PLANE('',#4978);
#4978 = AXIS2_PLACEMENT_3D('',#4979,#4980,#4981);
#4979 = CARTESIAN_POINT('',(3.,3.5,3.));
#4980 = DIRECTION('',(-1.,0.,0.));
#4981 = DIRECTION('',(0.,0.,1.));
#4982 = ADVANCED_FACE('',(#4983),#5008,.F.);
#4983 = FACE_BOUND('',#4984,.T.);
#4984 = EDGE_LOOP('',(#4985,#4986,#4994,#5002));
#4985 = ORIENTED_EDGE('',*,*,#4827,.F.);
#4986 = ORIENTED_EDGE('',*,*,#4987,.T.);
#4987 = EDGE_CURVE('',#4819,#4988,#4990,.T.);
#4988 = VERTEX_POINT('',#4989);
#4989 = CARTESIAN_POINT('',(2.85,0.,-3.));
#4990 = LINE('',#4991,#4992);
#4991 = CARTESIAN_POINT('',(2.85,3.5,-3.));
#4992 = VECTOR('',#4993,1.);
#4993 = DIRECTION('',(0.,-1.,0.));
#4994 = ORIENTED_EDGE('',*,*,#4995,.F.);
#4995 = EDGE_CURVE('',#4996,#4988,#4998,.T.);
#4996 = VERTEX_POINT('',#4997);
#4997 = CARTESIAN_POINT('',(-2.85,0.,-3.));
#4998 = LINE('',#4999,#5000);
#4999 = CARTESIAN_POINT('',(-3.,0.,-3.));
#5000 = VECTOR('',#5001,1.);
#5001 = DIRECTION('',(1.,0.,0.));
#5002 = ORIENTED_EDGE('',*,*,#5003,.T.);
#5003 = EDGE_CURVE('',#4996,#4828,#5004,.T.);
#5004 = LINE('',#5005,#5006);
#5005 = CARTESIAN_POINT('',(-2.85,3.5,-3.));
#5006 = VECTOR('',#5007,1.);
#5007 = DIRECTION('',(-0.,1.,0.));
#5008 = PLANE('',#5009);
#5009 = AXIS2_PLACEMENT_3D('',#5010,#5011,#5012);
#5010 = CARTESIAN_POINT('',(3.,3.5,-3.));
#5011 = DIRECTION('',(0.,-0.,1.));
#5012 = DIRECTION('',(1.,0.,0.));
#5013 = ADVANCED_FACE('',(#5014,#5039,#5073),#5107,.F.);
#5014 = FACE_BOUND('',#5015,.T.);
#5015 = EDGE_LOOP('',(#5016,#5017,#5025,#5033));
#5016 = ORIENTED_EDGE('',*,*,#4844,.F.);
#5017 = ORIENTED_EDGE('',*,*,#5018,.T.);
#5018 = EDGE_CURVE('',#4836,#5019,#5021,.T.);
#5019 = VERTEX_POINT('',#5020);
#5020 = CARTESIAN_POINT('',(-3.,0.,-2.85));
#5021 = LINE('',#5022,#5023);
#5022 = CARTESIAN_POINT('',(-3.,3.5,-2.85));
#5023 = VECTOR('',#5024,1.);
#5024 = DIRECTION('',(0.,-1.,-0.));
#5025 = ORIENTED_EDGE('',*,*,#5026,.F.);
#5026 = EDGE_CURVE('',#5027,#5019,#5029,.T.);
#5027 = VERTEX_POINT('',#5028);
#5028 = CARTESIAN_POINT('',(-3.,0.,2.85));
#5029 = LINE('',#5030,#5031);
#5030 = CARTESIAN_POINT('',(-3.,0.,3.));
#5031 = VECTOR('',#5032,1.);
#5032 = DIRECTION('',(-0.,-0.,-1.));
#5033 = ORIENTED_EDGE('',*,*,#5034,.T.);
#5034 = EDGE_CURVE('',#5027,#4845,#5035,.T.);
#5035 = LINE('',#5036,#5037);
#5036 = CARTESIAN_POINT('',(-3.,3.5,2.85));
#5037 = VECTOR('',#5038,1.);
#5038 = DIRECTION('',(-0.,1.,-0.));
#5039 = FACE_BOUND('',#5040,.T.);
#5040 = EDGE_LOOP('',(#5041,#5051,#5059,#5067));
#5041 = ORIENTED_EDGE('',*,*,#5042,.F.);
#5042 = EDGE_CURVE('',#5043,#5045,#5047,.T.);
#5043 = VERTEX_POINT('',#5044);
#5044 = CARTESIAN_POINT('',(-3.,0.7,1.9));
#5045 = VERTEX_POINT('',#5046);
#5046 = CARTESIAN_POINT('',(-3.,0.7,2.6));
#5047 = LINE('',#5048,#5049);
#5048 = CARTESIAN_POINT('',(-3.,0.7,-2.6));
#5049 = VECTOR('',#5050,1.);
#5050 = DIRECTION('',(0.,0.,1.));
#5051 = ORIENTED_EDGE('',*,*,#5052,.F.);
#5052 = EDGE_CURVE('',#5053,#5043,#5055,.T.);
#5053 = VERTEX_POINT('',#5054);
#5054 = CARTESIAN_POINT('',(-3.,1.,1.9));
#5055 = LINE('',#5056,#5057);
#5056 = CARTESIAN_POINT('',(-3.,1.,1.9));
#5057 = VECTOR('',#5058,1.);
#5058 = DIRECTION('',(0.,-1.,-0.));
#5059 = ORIENTED_EDGE('',*,*,#5060,.T.);
#5060 = EDGE_CURVE('',#5053,#5061,#5063,.T.);
#5061 = VERTEX_POINT('',#5062);
#5062 = CARTESIAN_POINT('',(-3.,1.,2.6));
#5063 = LINE('',#5064,#5065);
#5064 = CARTESIAN_POINT('',(-3.,1.,-2.6));
#5065 = VECTOR('',#5066,1.);
#5066 = DIRECTION('',(0.,0.,1.));
#5067 = ORIENTED_EDGE('',*,*,#5068,.F.);
#5068 = EDGE_CURVE('',#5045,#5061,#5069,.T.);
#5069 = LINE('',#5070,#5071);
#5070 = CARTESIAN_POINT('',(-3.,1.,2.6));
#5071 = VECTOR('',#5072,1.);
#5072 = DIRECTION('',(1.445602896647E-15,1.,-0.));
#5073 = FACE_BOUND('',#5074,.T.);
#5074 = EDGE_LOOP('',(#5075,#5085,#5093,#5101));
#5075 = ORIENTED_EDGE('',*,*,#5076,.T.);
#5076 = EDGE_CURVE('',#5077,#5079,#5081,.T.);
#5077 = VERTEX_POINT('',#5078);
#5078 = CARTESIAN_POINT('',(-3.,1.,-1.9));
#5079 = VERTEX_POINT('',#5080);
#5080 = CARTESIAN_POINT('',(-3.,0.7,-1.9));
#5081 = LINE('',#5082,#5083);
#5082 = CARTESIAN_POINT('',(-3.,1.,-1.9));
#5083 = VECTOR('',#5084,1.);
#5084 = DIRECTION('',(0.,-1.,-0.));
#5085 = ORIENTED_EDGE('',*,*,#5086,.F.);
#5086 = EDGE_CURVE('',#5087,#5079,#5089,.T.);
#5087 = VERTEX_POINT('',#5088);
#5088 = CARTESIAN_POINT('',(-3.,0.7,-2.6));
#5089 = LINE('',#5090,#5091);
#5090 = CARTESIAN_POINT('',(-3.,0.7,-2.6));
#5091 = VECTOR('',#5092,1.);
#5092 = DIRECTION('',(0.,0.,1.));
#5093 = ORIENTED_EDGE('',*,*,#5094,.T.);
#5094 = EDGE_CURVE('',#5087,#5095,#5097,.T.);
#5095 = VERTEX_POINT('',#5096);
#5096 = CARTESIAN_POINT('',(-3.,1.,-2.6));
#5097 = LINE('',#5098,#5099);
#5098 = CARTESIAN_POINT('',(-3.,1.,-2.6));
#5099 = VECTOR('',#5100,1.);
#5100 = DIRECTION('',(1.445602896647E-15,1.,-0.));
#5101 = ORIENTED_EDGE('',*,*,#5102,.T.);
#5102 = EDGE_CURVE('',#5095,#5077,#5103,.T.);
#5103 = LINE('',#5104,#5105);
#5104 = CARTESIAN_POINT('',(-3.,1.,-2.6));
#5105 = VECTOR('',#5106,1.);
#5106 = DIRECTION('',(0.,0.,1.));
#5107 = PLANE('',#5108);
#5108 = AXIS2_PLACEMENT_3D('',#5109,#5110,#5111);
#5109 = CARTESIAN_POINT('',(-3.,3.5,-3.));
#5110 = DIRECTION('',(1.,0.,0.));
#5111 = DIRECTION('',(0.,0.,-1.));
#5112 = ADVANCED_FACE('',(#5113),#5138,.F.);
#5113 = FACE_BOUND('',#5114,.T.);
#5114 = EDGE_LOOP('',(#5115,#5123,#5131,#5137));
#5115 = ORIENTED_EDGE('',*,*,#5116,.T.);
#5116 = EDGE_CURVE('',#4792,#5117,#5119,.T.);
#5117 = VERTEX_POINT('',#5118);
#5118 = CARTESIAN_POINT('',(-2.85,0.,3.));
#5119 = LINE('',#5120,#5121);
#5120 = CARTESIAN_POINT('',(-2.85,3.5,3.));
#5121 = VECTOR('',#5122,1.);
#5122 = DIRECTION('',(0.,-1.,0.));
#5123 = ORIENTED_EDGE('',*,*,#5124,.T.);
#5124 = EDGE_CURVE('',#5117,#5125,#5127,.T.);
#5125 = VERTEX_POINT('',#5126);
#5126 = CARTESIAN_POINT('',(2.85,0.,3.));
#5127 = LINE('',#5128,#5129);
#5128 = CARTESIAN_POINT('',(-3.,0.,3.));
#5129 = VECTOR('',#5130,1.);
#5130 = DIRECTION('',(1.,0.,0.));
#5131 = ORIENTED_EDGE('',*,*,#5132,.T.);
#5132 = EDGE_CURVE('',#5125,#4794,#5133,.T.);
#5133 = LINE('',#5134,#5135);
#5134 = CARTESIAN_POINT('',(2.85,3.5,3.));
#5135 = VECTOR('',#5136,1.);
#5136 = DIRECTION('',(-0.,1.,-0.));
#5137 = ORIENTED_EDGE('',*,*,#4791,.F.);
#5138 = PLANE('',#5139);
#5139 = AXIS2_PLACEMENT_3D('',#5140,#5141,#5142);
#5140 = CARTESIAN_POINT('',(-3.,3.5,3.));
#5141 = DIRECTION('',(0.,0.,-1.));
#5142 = DIRECTION('',(-1.,0.,-0.));
#5143 = ADVANCED_FACE('',(#5144),#5156,.T.);
#5144 = FACE_BOUND('',#5145,.T.);
#5145 = EDGE_LOOP('',(#5146,#5147,#5154,#5155));
#5146 = ORIENTED_EDGE('',*,*,#3878,.F.);
#5147 = ORIENTED_EDGE('',*,*,#5148,.T.);
#5148 = EDGE_CURVE('',#3845,#3854,#5149,.T.);
#5149 = CIRCLE('',#5150,1.714650339279);
#5150 = AXIS2_PLACEMENT_3D('',#5151,#5152,#5153);
#5151 = CARTESIAN_POINT('',(0.,4.065594571539,0.));
#5152 = DIRECTION('',(0.,-1.,-0.));
#5153 = DIRECTION('',(0.,0.,-1.));
#5154 = ORIENTED_EDGE('',*,*,#3895,.T.);
#5155 = ORIENTED_EDGE('',*,*,#4782,.F.);
#5156 = CONICAL_SURFACE('',#5157,1.75,6.241880999596E-02);
#5157 = AXIS2_PLACEMENT_3D('',#5158,#5159,#5160);
#5158 = CARTESIAN_POINT('',(0.,3.5,0.));
#5159 = DIRECTION('',(-0.,-1.,-0.));
#5160 = DIRECTION('',(0.,0.,-1.));
#5161 = ADVANCED_FACE('',(#5162),#5174,.T.);
#5162 = FACE_BOUND('',#5163,.T.);
#5163 = EDGE_LOOP('',(#5164,#5165,#5172,#5173));
#5164 = ORIENTED_EDGE('',*,*,#3844,.F.);
#5165 = ORIENTED_EDGE('',*,*,#5166,.T.);
#5166 = EDGE_CURVE('',#3836,#3834,#5167,.T.);
#5167 = CIRCLE('',#5168,1.465137194658);
#5168 = AXIS2_PLACEMENT_3D('',#5169,#5170,#5171);
#5169 = CARTESIAN_POINT('',(0.,4.3,0.));
#5170 = DIRECTION('',(0.,-1.,-0.));
#5171 = DIRECTION('',(0.,0.,-1.));
#5172 = ORIENTED_EDGE('',*,*,#3862,.T.);
#5173 = ORIENTED_EDGE('',*,*,#5148,.F.);
#5174 = TOROIDAL_SURFACE('',#5175,1.465137194658,0.25);
#5175 = AXIS2_PLACEMENT_3D('',#5176,#5177,#5178);
#5176 = CARTESIAN_POINT('',(0.,4.05,0.));
#5177 = DIRECTION('',(-0.,-1.,-0.));
#5178 = DIRECTION('',(0.,0.,-1.));
#5179 = ADVANCED_FACE('',(#5180),#5184,.T.);
#5180 = FACE_BOUND('',#5181,.T.);
#5181 = EDGE_LOOP('',(#5182,#5183));
#5182 = ORIENTED_EDGE('',*,*,#3833,.F.);
#5183 = ORIENTED_EDGE('',*,*,#5166,.F.);
#5184 = PLANE('',#5185);
#5185 = AXIS2_PLACEMENT_3D('',#5186,#5187,#5188);
#5186 = CARTESIAN_POINT('',(1.465137194658,4.3,0.));
#5187 = DIRECTION('',(0.,1.,0.));
#5188 = DIRECTION('',(0.,-0.,1.));
#5189 = ADVANCED_FACE('',(#5190),#5202,.T.);
#5190 = FACE_BOUND('',#5191,.T.);
#5191 = EDGE_LOOP('',(#5192,#5193,#5200,#5201));
#5192 = ORIENTED_EDGE('',*,*,#3802,.F.);
#5193 = ORIENTED_EDGE('',*,*,#5194,.T.);
#5194 = EDGE_CURVE('',#3576,#3574,#5195,.T.);
#5195 = CIRCLE('',#5196,0.6);
#5196 = AXIS2_PLACEMENT_3D('',#5197,#5198,#5199);
#5197 = CARTESIAN_POINT('',(-2.2,3.7,-2.2));
#5198 = DIRECTION('',(0.,-1.,0.));
#5199 = DIRECTION('',(0.,0.,1.));
#5200 = ORIENTED_EDGE('',*,*,#3819,.T.);
#5201 = ORIENTED_EDGE('',*,*,#4771,.T.);
#5202 = CYLINDRICAL_SURFACE('',#5203,0.6);
#5203 = AXIS2_PLACEMENT_3D('',#5204,#5205,#5206);
#5204 = CARTESIAN_POINT('',(-2.2,3.8,-2.2));
#5205 = DIRECTION('',(-0.,-1.,-0.));
#5206 = DIRECTION('',(0.,0.,-1.));
#5207 = ADVANCED_FACE('',(#5208),#5218,.T.);
#5208 = FACE_BOUND('',#5209,.T.);
#5209 = EDGE_LOOP('',(#5210,#5211));
#5210 = ORIENTED_EDGE('',*,*,#3593,.T.);
#5211 = ORIENTED_EDGE('',*,*,#5212,.T.);
#5212 = EDGE_CURVE('',#3585,#3594,#5213,.T.);
#5213 = CIRCLE('',#5214,0.5);
#5214 = AXIS2_PLACEMENT_3D('',#5215,#5216,#5217);
#5215 = CARTESIAN_POINT('',(-2.2,3.8,-2.2));
#5216 = DIRECTION('',(0.,1.,0.));
#5217 = DIRECTION('',(0.,-0.,1.));
#5218 = PLANE('',#5219);
#5219 = AXIS2_PLACEMENT_3D('',#5220,#5221,#5222);
#5220 = CARTESIAN_POINT('',(-2.2,3.8,-2.2));
#5221 = DIRECTION('',(0.,1.,0.));
#5222 = DIRECTION('',(0.,-0.,1.));
#5223 = ADVANCED_FACE('',(#5224),#5236,.T.);
#5224 = FACE_BOUND('',#5225,.T.);
#5225 = EDGE_LOOP('',(#5226,#5227,#5234,#5235));
#5226 = ORIENTED_EDGE('',*,*,#3770,.F.);
#5227 = ORIENTED_EDGE('',*,*,#5228,.T.);
#5228 = EDGE_CURVE('',#3620,#3618,#5229,.T.);
#5229 = CIRCLE('',#5230,0.6);
#5230 = AXIS2_PLACEMENT_3D('',#5231,#5232,#5233);
#5231 = CARTESIAN_POINT('',(-2.2,3.7,2.2));
#5232 = DIRECTION('',(0.,-1.,0.));
#5233 = DIRECTION('',(0.,0.,1.));
#5234 = ORIENTED_EDGE('',*,*,#3787,.T.);
#5235 = ORIENTED_EDGE('',*,*,#4861,.T.);
#5236 = CYLINDRICAL_SURFACE('',#5237,0.6);
#5237 = AXIS2_PLACEMENT_3D('',#5238,#5239,#5240);
#5238 = CARTESIAN_POINT('',(-2.2,3.8,2.2));
#5239 = DIRECTION('',(-0.,-1.,-0.));
#5240 = DIRECTION('',(0.,0.,-1.));
#5241 = ADVANCED_FACE('',(#5242),#5252,.T.);
#5242 = FACE_BOUND('',#5243,.T.);
#5243 = EDGE_LOOP('',(#5244,#5245));
#5244 = ORIENTED_EDGE('',*,*,#3637,.T.);
#5245 = ORIENTED_EDGE('',*,*,#5246,.T.);
#5246 = EDGE_CURVE('',#3629,#3638,#5247,.T.);
#5247 = CIRCLE('',#5248,0.5);
#5248 = AXIS2_PLACEMENT_3D('',#5249,#5250,#5251);
#5249 = CARTESIAN_POINT('',(-2.2,3.8,2.2));
#5250 = DIRECTION('',(0.,1.,0.));
#5251 = DIRECTION('',(0.,-0.,1.));
#5252 = PLANE('',#5253);
#5253 = AXIS2_PLACEMENT_3D('',#5254,#5255,#5256);
#5254 = CARTESIAN_POINT('',(-2.2,3.8,2.2));
#5255 = DIRECTION('',(0.,1.,0.));
#5256 = DIRECTION('',(0.,-0.,1.));
#5257 = ADVANCED_FACE('',(#5258),#5270,.T.);
#5258 = FACE_BOUND('',#5259,.T.);
#5259 = EDGE_LOOP('',(#5260,#5261,#5268,#5269));
#5260 = ORIENTED_EDGE('',*,*,#3738,.F.);
#5261 = ORIENTED_EDGE('',*,*,#5262,.T.);
#5262 = EDGE_CURVE('',#3532,#3530,#5263,.T.);
#5263 = CIRCLE('',#5264,0.6);
#5264 = AXIS2_PLACEMENT_3D('',#5265,#5266,#5267);
#5265 = CARTESIAN_POINT('',(2.2,3.7,-2.2));
#5266 = DIRECTION('',(0.,-1.,0.));
#5267 = DIRECTION('',(0.,0.,1.));
#5268 = ORIENTED_EDGE('',*,*,#3755,.T.);
#5269 = ORIENTED_EDGE('',*,*,#4761,.T.);
#5270 = CYLINDRICAL_SURFACE('',#5271,0.6);
#5271 = AXIS2_PLACEMENT_3D('',#5272,#5273,#5274);
#5272 = CARTESIAN_POINT('',(2.2,3.8,-2.2));
#5273 = DIRECTION('',(-0.,-1.,-0.));
#5274 = DIRECTION('',(0.,0.,-1.));
#5275 = ADVANCED_FACE('',(#5276),#5286,.T.);
#5276 = FACE_BOUND('',#5277,.T.);
#5277 = EDGE_LOOP('',(#5278,#5279));
#5278 = ORIENTED_EDGE('',*,*,#3549,.T.);
#5279 = ORIENTED_EDGE('',*,*,#5280,.T.);
#5280 = EDGE_CURVE('',#3541,#3550,#5281,.T.);
#5281 = CIRCLE('',#5282,0.5);
#5282 = AXIS2_PLACEMENT_3D('',#5283,#5284,#5285);
#5283 = CARTESIAN_POINT('',(2.2,3.8,-2.2));
#5284 = DIRECTION('',(0.,1.,0.));
#5285 = DIRECTION('',(0.,-0.,1.));
#5286 = PLANE('',#5287);
#5287 = AXIS2_PLACEMENT_3D('',#5288,#5289,#5290);
#5288 = CARTESIAN_POINT('',(2.2,3.8,-2.2));
#5289 = DIRECTION('',(0.,1.,0.));
#5290 = DIRECTION('',(0.,-0.,1.));
#5291 = ADVANCED_FACE('',(#5292),#5304,.T.);
#5292 = FACE_BOUND('',#5293,.T.);
#5293 = EDGE_LOOP('',(#5294,#5295,#5302,#5303));
#5294 = ORIENTED_EDGE('',*,*,#3706,.F.);
#5295 = ORIENTED_EDGE('',*,*,#5296,.T.);
#5296 = EDGE_CURVE('',#3664,#3662,#5297,.T.);
#5297 = CIRCLE('',#5298,0.6);
#5298 = AXIS2_PLACEMENT_3D('',#5299,#5300,#5301);
#5299 = CARTESIAN_POINT('',(2.2,3.7,2.2));
#5300 = DIRECTION('',(0.,-1.,0.));
#5301 = DIRECTION('',(0.,0.,1.));
#5302 = ORIENTED_EDGE('',*,*,#3723,.T.);
#5303 = ORIENTED_EDGE('',*,*,#4871,.T.);
#5304 = CYLINDRICAL_SURFACE('',#5305,0.6);
#5305 = AXIS2_PLACEMENT_3D('',#5306,#5307,#5308);
#5306 = CARTESIAN_POINT('',(2.2,3.8,2.2));
#5307 = DIRECTION('',(-0.,-1.,-0.));
#5308 = DIRECTION('',(0.,0.,-1.));
#5309 = ADVANCED_FACE('',(#5310),#5320,.T.);
#5310 = FACE_BOUND('',#5311,.T.);
#5311 = EDGE_LOOP('',(#5312,#5313));
#5312 = ORIENTED_EDGE('',*,*,#3681,.T.);
#5313 = ORIENTED_EDGE('',*,*,#5314,.T.);
#5314 = EDGE_CURVE('',#3673,#3682,#5315,.T.);
#5315 = CIRCLE('',#5316,0.5);
#5316 = AXIS2_PLACEMENT_3D('',#5317,#5318,#5319);
#5317 = CARTESIAN_POINT('',(2.2,3.8,2.2));
#5318 = DIRECTION('',(0.,1.,0.));
#5319 = DIRECTION('',(0.,-0.,1.));
#5320 = PLANE('',#5321);
#5321 = AXIS2_PLACEMENT_3D('',#5322,#5323,#5324);
#5322 = CARTESIAN_POINT('',(2.2,3.8,2.2));
#5323 = DIRECTION('',(0.,1.,0.));
#5324 = DIRECTION('',(0.,-0.,1.));
#5325 = ADVANCED_FACE('',(#5326),#5338,.T.);
#5326 = FACE_BOUND('',#5327,.T.);
#5327 = EDGE_LOOP('',(#5328,#5329,#5330,#5337));
#5328 = ORIENTED_EDGE('',*,*,#4801,.F.);
#5329 = ORIENTED_EDGE('',*,*,#5132,.F.);
#5330 = ORIENTED_EDGE('',*,*,#5331,.F.);
#5331 = EDGE_CURVE('',#4889,#5125,#5332,.T.);
#5332 = CIRCLE('',#5333,0.15);
#5333 = AXIS2_PLACEMENT_3D('',#5334,#5335,#5336);
#5334 = CARTESIAN_POINT('',(2.85,0.,2.85));
#5335 = DIRECTION('',(0.,-1.,0.));
#5336 = DIRECTION('',(0.,0.,1.));
#5337 = ORIENTED_EDGE('',*,*,#4888,.F.);
#5338 = CYLINDRICAL_SURFACE('',#5339,0.15);
#5339 = AXIS2_PLACEMENT_3D('',#5340,#5341,#5342);
#5340 = CARTESIAN_POINT('',(2.85,3.5,2.85));
#5341 = DIRECTION('',(0.,-1.,0.));
#5342 = DIRECTION('',(0.,0.,-1.));
#5343 = ADVANCED_FACE('',(#5344),#5356,.T.);
#5344 = FACE_BOUND('',#5345,.T.);
#5345 = EDGE_LOOP('',(#5346,#5347,#5348,#5355));
#5346 = ORIENTED_EDGE('',*,*,#4818,.F.);
#5347 = ORIENTED_EDGE('',*,*,#4904,.F.);
#5348 = ORIENTED_EDGE('',*,*,#5349,.F.);
#5349 = EDGE_CURVE('',#4988,#4897,#5350,.T.);
#5350 = CIRCLE('',#5351,0.15);
#5351 = AXIS2_PLACEMENT_3D('',#5352,#5353,#5354);
#5352 = CARTESIAN_POINT('',(2.85,0.,-2.85));
#5353 = DIRECTION('',(0.,-1.,0.));
#5354 = DIRECTION('',(0.,0.,1.));
#5355 = ORIENTED_EDGE('',*,*,#4987,.F.);
#5356 = CYLINDRICAL_SURFACE('',#5357,0.15);
#5357 = AXIS2_PLACEMENT_3D('',#5358,#5359,#5360);
#5358 = CARTESIAN_POINT('',(2.85,3.5,-2.85));
#5359 = DIRECTION('',(0.,-1.,0.));
#5360 = DIRECTION('',(0.,0.,-1.));
#5361 = ADVANCED_FACE('',(#5362),#5374,.T.);
#5362 = FACE_BOUND('',#5363,.T.);
#5363 = EDGE_LOOP('',(#5364,#5365,#5366,#5373));
#5364 = ORIENTED_EDGE('',*,*,#4835,.F.);
#5365 = ORIENTED_EDGE('',*,*,#5003,.F.);
#5366 = ORIENTED_EDGE('',*,*,#5367,.F.);
#5367 = EDGE_CURVE('',#5019,#4996,#5368,.T.);
#5368 = CIRCLE('',#5369,0.15);
#5369 = AXIS2_PLACEMENT_3D('',#5370,#5371,#5372);
#5370 = CARTESIAN_POINT('',(-2.85,0.,-2.85));
#5371 = DIRECTION('',(0.,-1.,0.));
#5372 = DIRECTION('',(0.,0.,1.));
#5373 = ORIENTED_EDGE('',*,*,#5018,.F.);
#5374 = CYLINDRICAL_SURFACE('',#5375,0.15);
#5375 = AXIS2_PLACEMENT_3D('',#5376,#5377,#5378);
#5376 = CARTESIAN_POINT('',(-2.85,3.5,-2.85));
#5377 = DIRECTION('',(0.,-1.,-0.));
#5378 = DIRECTION('',(0.,0.,-1.));
#5379 = ADVANCED_FACE('',(#5380),#5392,.T.);
#5380 = FACE_BOUND('',#5381,.T.);
#5381 = EDGE_LOOP('',(#5382,#5383,#5384,#5391));
#5382 = ORIENTED_EDGE('',*,*,#4852,.F.);
#5383 = ORIENTED_EDGE('',*,*,#5034,.F.);
#5384 = ORIENTED_EDGE('',*,*,#5385,.F.);
#5385 = EDGE_CURVE('',#5117,#5027,#5386,.T.);
#5386 = CIRCLE('',#5387,0.15);
#5387 = AXIS2_PLACEMENT_3D('',#5388,#5389,#5390);
#5388 = CARTESIAN_POINT('',(-2.85,0.,2.85));
#5389 = DIRECTION('',(0.,-1.,0.));
#5390 = DIRECTION('',(0.,0.,1.));
#5391 = ORIENTED_EDGE('',*,*,#5116,.F.);
#5392 = CYLINDRICAL_SURFACE('',#5393,0.15);
#5393 = AXIS2_PLACEMENT_3D('',#5394,#5395,#5396);
#5394 = CARTESIAN_POINT('',(-2.85,3.5,2.85));
#5395 = DIRECTION('',(0.,-1.,0.));
#5396 = DIRECTION('',(0.,0.,-1.));
#5397 = ADVANCED_FACE('',(#5398),#5404,.T.);
#5398 = FACE_BOUND('',#5399,.T.);
#5399 = EDGE_LOOP('',(#5400,#5401,#5402,#5403));
#5400 = ORIENTED_EDGE('',*,*,#3672,.F.);
#5401 = ORIENTED_EDGE('',*,*,#5296,.F.);
#5402 = ORIENTED_EDGE('',*,*,#3690,.T.);
#5403 = ORIENTED_EDGE('',*,*,#5314,.F.);
#5404 = TOROIDAL_SURFACE('',#5405,0.5,0.1);
#5405 = AXIS2_PLACEMENT_3D('',#5406,#5407,#5408);
#5406 = CARTESIAN_POINT('',(2.2,3.7,2.2));
#5407 = DIRECTION('',(0.,1.,0.));
#5408 = DIRECTION('',(0.,-0.,1.));
#5409 = ADVANCED_FACE('',(#5410),#5416,.T.);
#5410 = FACE_BOUND('',#5411,.T.);
#5411 = EDGE_LOOP('',(#5412,#5413,#5414,#5415));
#5412 = ORIENTED_EDGE('',*,*,#3628,.F.);
#5413 = ORIENTED_EDGE('',*,*,#5228,.F.);
#5414 = ORIENTED_EDGE('',*,*,#3646,.T.);
#5415 = ORIENTED_EDGE('',*,*,#5246,.F.);
#5416 = TOROIDAL_SURFACE('',#5417,0.5,0.1);
#5417 = AXIS2_PLACEMENT_3D('',#5418,#5419,#5420);
#5418 = CARTESIAN_POINT('',(-2.2,3.7,2.2));
#5419 = DIRECTION('',(0.,1.,0.));
#5420 = DIRECTION('',(0.,-0.,1.));
#5421 = ADVANCED_FACE('',(#5422),#5428,.T.);
#5422 = FACE_BOUND('',#5423,.T.);
#5423 = EDGE_LOOP('',(#5424,#5425,#5426,#5427));
#5424 = ORIENTED_EDGE('',*,*,#3584,.F.);
#5425 = ORIENTED_EDGE('',*,*,#5194,.F.);
#5426 = ORIENTED_EDGE('',*,*,#3602,.T.);
#5427 = ORIENTED_EDGE('',*,*,#5212,.F.);
#5428 = TOROIDAL_SURFACE('',#5429,0.5,0.1);
#5429 = AXIS2_PLACEMENT_3D('',#5430,#5431,#5432);
#5430 = CARTESIAN_POINT('',(-2.2,3.7,-2.2));
#5431 = DIRECTION('',(0.,1.,0.));
#5432 = DIRECTION('',(0.,-0.,1.));
#5433 = ADVANCED_FACE('',(#5434),#5440,.T.);
#5434 = FACE_BOUND('',#5435,.T.);
#5435 = EDGE_LOOP('',(#5436,#5437,#5438,#5439));
#5436 = ORIENTED_EDGE('',*,*,#3540,.F.);
#5437 = ORIENTED_EDGE('',*,*,#5262,.F.);
#5438 = ORIENTED_EDGE('',*,*,#3558,.T.);
#5439 = ORIENTED_EDGE('',*,*,#5280,.F.);
#5440 = TOROIDAL_SURFACE('',#5441,0.5,0.1);
#5441 = AXIS2_PLACEMENT_3D('',#5442,#5443,#5444);
#5442 = CARTESIAN_POINT('',(2.2,3.7,-2.2));
#5443 = DIRECTION('',(0.,1.,0.));
#5444 = DIRECTION('',(0.,-0.,1.));
#5445 = ADVANCED_FACE('',(#5446),#5471,.T.);
#5446 = FACE_BOUND('',#5447,.T.);
#5447 = EDGE_LOOP('',(#5448,#5456,#5464,#5470));
#5448 = ORIENTED_EDGE('',*,*,#5449,.F.);
#5449 = EDGE_CURVE('',#5450,#4923,#5452,.T.);
#5450 = VERTEX_POINT('',#5451);
#5451 = CARTESIAN_POINT('',(3.42264973081,1.,-1.9));
#5452 = LINE('',#5453,#5454);
#5453 = CARTESIAN_POINT('',(3.,1.,-1.9));
#5454 = VECTOR('',#5455,1.);
#5455 = DIRECTION('',(-1.,-0.,-1.032573497605E-16));
#5456 = ORIENTED_EDGE('',*,*,#5457,.T.);
#5457 = EDGE_CURVE('',#5450,#5458,#5460,.T.);
#5458 = VERTEX_POINT('',#5459);
#5459 = CARTESIAN_POINT('',(3.42264973081,1.,-2.6));
#5460 = LINE('',#5461,#5462);
#5461 = CARTESIAN_POINT('',(3.42264973081,1.,-2.6));
#5462 = VECTOR('',#5463,1.);
#5463 = DIRECTION('',(-0.,0.,-1.));
#5464 = ORIENTED_EDGE('',*,*,#5465,.T.);
#5465 = EDGE_CURVE('',#5458,#4931,#5466,.T.);
#5466 = LINE('',#5467,#5468);
#5467 = CARTESIAN_POINT('',(3.,1.,-2.6));
#5468 = VECTOR('',#5469,1.);
#5469 = DIRECTION('',(-1.,-0.,-0.));
#5470 = ORIENTED_EDGE('',*,*,#4930,.T.);
#5471 = PLANE('',#5472);
#5472 = AXIS2_PLACEMENT_3D('',#5473,#5474,#5475);
#5473 = CARTESIAN_POINT('',(3.,1.,-2.6));
#5474 = DIRECTION('',(0.,1.,0.));
#5475 = DIRECTION('',(0.,-0.,1.));
#5476 = ADVANCED_FACE('',(#5477),#5502,.T.);
#5477 = FACE_BOUND('',#5478,.T.);
#5478 = EDGE_LOOP('',(#5479,#5487,#5495,#5501));
#5479 = ORIENTED_EDGE('',*,*,#5480,.F.);
#5480 = EDGE_CURVE('',#5481,#4965,#5483,.T.);
#5481 = VERTEX_POINT('',#5482);
#5482 = CARTESIAN_POINT('',(3.42264973081,1.,2.6));
#5483 = LINE('',#5484,#5485);
#5484 = CARTESIAN_POINT('',(3.,1.,2.6));
#5485 = VECTOR('',#5486,1.);
#5486 = DIRECTION('',(-1.,-0.,-0.));
#5487 = ORIENTED_EDGE('',*,*,#5488,.T.);
#5488 = EDGE_CURVE('',#5481,#5489,#5491,.T.);
#5489 = VERTEX_POINT('',#5490);
#5490 = CARTESIAN_POINT('',(3.42264973081,1.,1.9));
#5491 = LINE('',#5492,#5493);
#5492 = CARTESIAN_POINT('',(3.42264973081,1.,-2.6));
#5493 = VECTOR('',#5494,1.);
#5494 = DIRECTION('',(-0.,0.,-1.));
#5495 = ORIENTED_EDGE('',*,*,#5496,.F.);
#5496 = EDGE_CURVE('',#4947,#5489,#5497,.T.);
#5497 = LINE('',#5498,#5499);
#5498 = CARTESIAN_POINT('',(3.,1.,1.9));
#5499 = VECTOR('',#5500,1.);
#5500 = DIRECTION('',(1.,0.,-1.032573497605E-16));
#5501 = ORIENTED_EDGE('',*,*,#4972,.T.);
#5502 = PLANE('',#5503);
#5503 = AXIS2_PLACEMENT_3D('',#5504,#5505,#5506);
#5504 = CARTESIAN_POINT('',(3.,1.,-2.6));
#5505 = DIRECTION('',(0.,1.,0.));
#5506 = DIRECTION('',(0.,-0.,1.));
#5507 = ADVANCED_FACE('',(#5508),#5542,.T.);
#5508 = FACE_BOUND('',#5509,.T.);
#5509 = EDGE_LOOP('',(#5510,#5520,#5528,#5536));
#5510 = ORIENTED_EDGE('',*,*,#5511,.T.);
#5511 = EDGE_CURVE('',#5512,#5514,#5516,.T.);
#5512 = VERTEX_POINT('',#5513);
#5513 = CARTESIAN_POINT('',(3.942264973081,0.7,-1.9));
#5514 = VERTEX_POINT('',#5515);
#5515 = CARTESIAN_POINT('',(4.086602540378,0.45,-1.9));
#5516 = LINE('',#5517,#5518);
#5517 = CARTESIAN_POINT('',(3.769059892324,1.,-1.9));
#5518 = VECTOR('',#5519,1.);
#5519 = DIRECTION('',(0.5,-0.866025403784,5.162867488026E-17));
#5520 = ORIENTED_EDGE('',*,*,#5521,.T.);
#5521 = EDGE_CURVE('',#5514,#5522,#5524,.T.);
#5522 = VERTEX_POINT('',#5523);
#5523 = CARTESIAN_POINT('',(4.086602540378,0.45,-2.6));
#5524 = LINE('',#5525,#5526);
#5525 = CARTESIAN_POINT('',(4.086602540378,0.45,-2.6));
#5526 = VECTOR('',#5527,1.);
#5527 = DIRECTION('',(-0.,-0.,-1.));
#5528 = ORIENTED_EDGE('',*,*,#5529,.T.);
#5529 = EDGE_CURVE('',#5522,#5530,#5532,.T.);
#5530 = VERTEX_POINT('',#5531);
#5531 = CARTESIAN_POINT('',(3.942264973081,0.7,-2.6));
#5532 = LINE('',#5533,#5534);
#5533 = CARTESIAN_POINT('',(3.769059892324,1.,-2.6));
#5534 = VECTOR('',#5535,1.);
#5535 = DIRECTION('',(-0.5,0.866025403784,-0.));
#5536 = ORIENTED_EDGE('',*,*,#5537,.T.);
#5537 = EDGE_CURVE('',#5530,#5512,#5538,.T.);
#5538 = LINE('',#5539,#5540);
#5539 = CARTESIAN_POINT('',(3.942264973081,0.7,-2.6));
#5540 = VECTOR('',#5541,1.);
#5541 = DIRECTION('',(0.,0.,1.));
#5542 = PLANE('',#5543);
#5543 = AXIS2_PLACEMENT_3D('',#5544,#5545,#5546);
#5544 = CARTESIAN_POINT('',(3.769059892324,1.,-2.6));
#5545 = DIRECTION('',(0.866025403784,0.5,-0.));
#5546 = DIRECTION('',(-0.5,0.866025403784,0.));
#5547 = ADVANCED_FACE('',(#5548),#5582,.T.);
#5548 = FACE_BOUND('',#5549,.T.);
#5549 = EDGE_LOOP('',(#5550,#5560,#5568,#5576));
#5550 = ORIENTED_EDGE('',*,*,#5551,.F.);
#5551 = EDGE_CURVE('',#5552,#5554,#5556,.T.);
#5552 = VERTEX_POINT('',#5553);
#5553 = CARTESIAN_POINT('',(4.086602540378,0.45,2.6));
#5554 = VERTEX_POINT('',#5555);
#5555 = CARTESIAN_POINT('',(3.942264973081,0.7,2.6));
#5556 = LINE('',#5557,#5558);
#5557 = CARTESIAN_POINT('',(3.769059892324,1.,2.6));
#5558 = VECTOR('',#5559,1.);
#5559 = DIRECTION('',(-0.5,0.866025403784,-0.));
#5560 = ORIENTED_EDGE('',*,*,#5561,.T.);
#5561 = EDGE_CURVE('',#5552,#5562,#5564,.T.);
#5562 = VERTEX_POINT('',#5563);
#5563 = CARTESIAN_POINT('',(4.086602540378,0.45,1.9));
#5564 = LINE('',#5565,#5566);
#5565 = CARTESIAN_POINT('',(4.086602540378,0.45,1.9));
#5566 = VECTOR('',#5567,1.);
#5567 = DIRECTION('',(-0.,-0.,-1.));
#5568 = ORIENTED_EDGE('',*,*,#5569,.T.);
#5569 = EDGE_CURVE('',#5562,#5570,#5572,.T.);
#5570 = VERTEX_POINT('',#5571);
#5571 = CARTESIAN_POINT('',(3.942264973081,0.7,1.9));
#5572 = LINE('',#5573,#5574);
#5573 = CARTESIAN_POINT('',(3.769059892324,1.,1.9));
#5574 = VECTOR('',#5575,1.);
#5575 = DIRECTION('',(-0.5,0.866025403784,5.162867488026E-17));
#5576 = ORIENTED_EDGE('',*,*,#5577,.T.);
#5577 = EDGE_CURVE('',#5570,#5554,#5578,.T.);
#5578 = LINE('',#5579,#5580);
#5579 = CARTESIAN_POINT('',(3.942264973081,0.7,-2.6));
#5580 = VECTOR('',#5581,1.);
#5581 = DIRECTION('',(0.,0.,1.));
#5582 = PLANE('',#5583);
#5583 = AXIS2_PLACEMENT_3D('',#5584,#5585,#5586);
#5584 = CARTESIAN_POINT('',(3.769059892324,1.,-2.6));
#5585 = DIRECTION('',(0.866025403784,0.5,-0.));
#5586 = DIRECTION('',(-0.5,0.866025403784,0.));
#5587 = ADVANCED_FACE('',(#5588),#5622,.T.);
#5588 = FACE_BOUND('',#5589,.T.);
#5589 = EDGE_LOOP('',(#5590,#5600,#5608,#5616));
#5590 = ORIENTED_EDGE('',*,*,#5591,.T.);
#5591 = EDGE_CURVE('',#5592,#5594,#5596,.T.);
#5592 = VERTEX_POINT('',#5593);
#5593 = CARTESIAN_POINT('',(5.,0.3,-2.6));
#5594 = VERTEX_POINT('',#5595);
#5595 = CARTESIAN_POINT('',(4.346410161514,0.3,-2.6));
#5596 = LINE('',#5597,#5598);
#5597 = CARTESIAN_POINT('',(5.,0.3,-2.6));
#5598 = VECTOR('',#5599,1.);
#5599 = DIRECTION('',(-1.,0.,0.));
#5600 = ORIENTED_EDGE('',*,*,#5601,.T.);
#5601 = EDGE_CURVE('',#5594,#5602,#5604,.T.);
#5602 = VERTEX_POINT('',#5603);
#5603 = CARTESIAN_POINT('',(4.346410161514,0.3,-1.9));
#5604 = LINE('',#5605,#5606);
#5605 = CARTESIAN_POINT('',(4.346410161514,0.3,-1.9));
#5606 = VECTOR('',#5607,1.);
#5607 = DIRECTION('',(-0.,0.,1.));
#5608 = ORIENTED_EDGE('',*,*,#5609,.T.);
#5609 = EDGE_CURVE('',#5602,#5610,#5612,.T.);
#5610 = VERTEX_POINT('',#5611);
#5611 = CARTESIAN_POINT('',(5.,0.3,-1.9));
#5612 = LINE('',#5613,#5614);
#5613 = CARTESIAN_POINT('',(5.,0.3,-1.9));
#5614 = VECTOR('',#5615,1.);
#5615 = DIRECTION('',(1.,0.,1.032573497605E-16));
#5616 = ORIENTED_EDGE('',*,*,#5617,.F.);
#5617 = EDGE_CURVE('',#5592,#5610,#5618,.T.);
#5618 = LINE('',#5619,#5620);
#5619 = CARTESIAN_POINT('',(5.,0.3,-2.6));
#5620 = VECTOR('',#5621,1.);
#5621 = DIRECTION('',(0.,0.,1.));
#5622 = PLANE('',#5623);
#5623 = AXIS2_PLACEMENT_3D('',#5624,#5625,#5626);
#5624 = CARTESIAN_POINT('',(5.,0.3,-2.6));
#5625 = DIRECTION('',(0.,1.,-0.));
#5626 = DIRECTION('',(0.,0.,1.));
#5627 = ADVANCED_FACE('',(#5628),#5662,.T.);
#5628 = FACE_BOUND('',#5629,.T.);
#5629 = EDGE_LOOP('',(#5630,#5640,#5648,#5656));
#5630 = ORIENTED_EDGE('',*,*,#5631,.T.);
#5631 = EDGE_CURVE('',#5632,#5634,#5636,.T.);
#5632 = VERTEX_POINT('',#5633);
#5633 = CARTESIAN_POINT('',(5.,0.3,1.9));
#5634 = VERTEX_POINT('',#5635);
#5635 = CARTESIAN_POINT('',(4.346410161514,0.3,1.9));
#5636 = LINE('',#5637,#5638);
#5637 = CARTESIAN_POINT('',(5.,0.3,1.9));
#5638 = VECTOR('',#5639,1.);
#5639 = DIRECTION('',(-1.,0.,1.032573497605E-16));
#5640 = ORIENTED_EDGE('',*,*,#5641,.T.);
#5641 = EDGE_CURVE('',#5634,#5642,#5644,.T.);
#5642 = VERTEX_POINT('',#5643);
#5643 = CARTESIAN_POINT('',(4.346410161514,0.3,2.6));
#5644 = LINE('',#5645,#5646);
#5645 = CARTESIAN_POINT('',(4.346410161514,0.3,2.6));
#5646 = VECTOR('',#5647,1.);
#5647 = DIRECTION('',(-0.,0.,1.));
#5648 = ORIENTED_EDGE('',*,*,#5649,.F.);
#5649 = EDGE_CURVE('',#5650,#5642,#5652,.T.);
#5650 = VERTEX_POINT('',#5651);
#5651 = CARTESIAN_POINT('',(5.,0.3,2.6));
#5652 = LINE('',#5653,#5654);
#5653 = CARTESIAN_POINT('',(5.,0.3,2.6));
#5654 = VECTOR('',#5655,1.);
#5655 = DIRECTION('',(-1.,0.,0.));
#5656 = ORIENTED_EDGE('',*,*,#5657,.F.);
#5657 = EDGE_CURVE('',#5632,#5650,#5658,.T.);
#5658 = LINE('',#5659,#5660);
#5659 = CARTESIAN_POINT('',(5.,0.3,-2.6));
#5660 = VECTOR('',#5661,1.);
#5661 = DIRECTION('',(0.,0.,1.));
#5662 = PLANE('',#5663);
#5663 = AXIS2_PLACEMENT_3D('',#5664,#5665,#5666);
#5664 = CARTESIAN_POINT('',(5.,0.3,-2.6));
#5665 = DIRECTION('',(0.,1.,-0.));
#5666 = DIRECTION('',(0.,0.,1.));
#5667 = ADVANCED_FACE('',(#5668),#5684,.T.);
#5668 = FACE_BOUND('',#5669,.T.);
#5669 = EDGE_LOOP('',(#5670,#5671,#5677,#5678));
#5670 = ORIENTED_EDGE('',*,*,#5617,.T.);
#5671 = ORIENTED_EDGE('',*,*,#5672,.T.);
#5672 = EDGE_CURVE('',#5610,#4002,#5673,.T.);
#5673 = LINE('',#5674,#5675);
#5674 = CARTESIAN_POINT('',(5.,0.3,-1.9));
#5675 = VECTOR('',#5676,1.);
#5676 = DIRECTION('',(0.,-1.,0.));
#5677 = ORIENTED_EDGE('',*,*,#4001,.F.);
#5678 = ORIENTED_EDGE('',*,*,#5679,.T.);
#5679 = EDGE_CURVE('',#3994,#5592,#5680,.T.);
#5680 = LINE('',#5681,#5682);
#5681 = CARTESIAN_POINT('',(5.,0.3,-2.6));
#5682 = VECTOR('',#5683,1.);
#5683 = DIRECTION('',(-0.,1.,-0.));
#5684 = PLANE('',#5685);
#5685 = AXIS2_PLACEMENT_3D('',#5686,#5687,#5688);
#5686 = CARTESIAN_POINT('',(5.,0.3,-2.6));
#5687 = DIRECTION('',(1.,0.,-0.));
#5688 = DIRECTION('',(-0.,0.,-1.));
#5689 = ADVANCED_FACE('',(#5690),#5706,.T.);
#5690 = FACE_BOUND('',#5691,.T.);
#5691 = EDGE_LOOP('',(#5692,#5693,#5699,#5700));
#5692 = ORIENTED_EDGE('',*,*,#3969,.F.);
#5693 = ORIENTED_EDGE('',*,*,#5694,.T.);
#5694 = EDGE_CURVE('',#3962,#5632,#5695,.T.);
#5695 = LINE('',#5696,#5697);
#5696 = CARTESIAN_POINT('',(5.,0.3,1.9));
#5697 = VECTOR('',#5698,1.);
#5698 = DIRECTION('',(0.,1.,0.));
#5699 = ORIENTED_EDGE('',*,*,#5657,.T.);
#5700 = ORIENTED_EDGE('',*,*,#5701,.F.);
#5701 = EDGE_CURVE('',#3946,#5650,#5702,.T.);
#5702 = LINE('',#5703,#5704);
#5703 = CARTESIAN_POINT('',(5.,0.3,2.6));
#5704 = VECTOR('',#5705,1.);
#5705 = DIRECTION('',(-0.,1.,-0.));
#5706 = PLANE('',#5707);
#5707 = AXIS2_PLACEMENT_3D('',#5708,#5709,#5710);
#5708 = CARTESIAN_POINT('',(5.,0.3,-2.6));
#5709 = DIRECTION('',(1.,0.,-0.));
#5710 = DIRECTION('',(-0.,0.,-1.));
#5711 = ADVANCED_FACE('',(#5712),#5746,.T.);
#5712 = FACE_BOUND('',#5713,.T.);
#5713 = EDGE_LOOP('',(#5714,#5724,#5732,#5740));
#5714 = ORIENTED_EDGE('',*,*,#5715,.T.);
#5715 = EDGE_CURVE('',#5716,#5718,#5720,.T.);
#5716 = VERTEX_POINT('',#5717);
#5717 = CARTESIAN_POINT('',(3.826794919243,0.3,-1.9));
#5718 = VERTEX_POINT('',#5719);
#5719 = CARTESIAN_POINT('',(3.682457351946,0.55,-1.9));
#5720 = LINE('',#5721,#5722);
#5721 = CARTESIAN_POINT('',(4.,6.790348360772E-17,-1.9));
#5722 = VECTOR('',#5723,1.);
#5723 = DIRECTION('',(-0.5,0.866025403784,-5.162867488026E-17));
#5724 = ORIENTED_EDGE('',*,*,#5725,.T.);
#5725 = EDGE_CURVE('',#5718,#5726,#5728,.T.);
#5726 = VERTEX_POINT('',#5727);
#5727 = CARTESIAN_POINT('',(3.682457351946,0.55,-2.6));
#5728 = LINE('',#5729,#5730);
#5729 = CARTESIAN_POINT('',(3.682457351946,0.55,-2.6));
#5730 = VECTOR('',#5731,1.);
#5731 = DIRECTION('',(-0.,-0.,-1.));
#5732 = ORIENTED_EDGE('',*,*,#5733,.T.);
#5733 = EDGE_CURVE('',#5726,#5734,#5736,.T.);
#5734 = VERTEX_POINT('',#5735);
#5735 = CARTESIAN_POINT('',(3.826794919243,0.3,-2.6));
#5736 = LINE('',#5737,#5738);
#5737 = CARTESIAN_POINT('',(4.,3.66052628007E-17,-2.6));
#5738 = VECTOR('',#5739,1.);
#5739 = DIRECTION('',(0.5,-0.866025403784,-0.));
#5740 = ORIENTED_EDGE('',*,*,#5741,.T.);
#5741 = EDGE_CURVE('',#5734,#5716,#5742,.T.);
#5742 = LINE('',#5743,#5744);
#5743 = CARTESIAN_POINT('',(3.826794919243,0.3,-2.6));
#5744 = VECTOR('',#5745,1.);
#5745 = DIRECTION('',(0.,0.,1.));
#5746 = PLANE('',#5747);
#5747 = AXIS2_PLACEMENT_3D('',#5748,#5749,#5750);
#5748 = CARTESIAN_POINT('',(4.,3.66052628007E-17,-2.6));
#5749 = DIRECTION('',(-0.866025403784,-0.5,0.));
#5750 = DIRECTION('',(0.5,-0.866025403784,0.));
#5751 = ADVANCED_FACE('',(#5752),#5786,.T.);
#5752 = FACE_BOUND('',#5753,.T.);
#5753 = EDGE_LOOP('',(#5754,#5764,#5772,#5780));
#5754 = ORIENTED_EDGE('',*,*,#5755,.F.);
#5755 = EDGE_CURVE('',#5756,#5758,#5760,.T.);
#5756 = VERTEX_POINT('',#5757);
#5757 = CARTESIAN_POINT('',(3.682457351946,0.55,2.6));
#5758 = VERTEX_POINT('',#5759);
#5759 = CARTESIAN_POINT('',(3.826794919243,0.3,2.6));
#5760 = LINE('',#5761,#5762);
#5761 = CARTESIAN_POINT('',(4.,3.66052628007E-17,2.6));
#5762 = VECTOR('',#5763,1.);
#5763 = DIRECTION('',(0.5,-0.866025403784,-0.));
#5764 = ORIENTED_EDGE('',*,*,#5765,.T.);
#5765 = EDGE_CURVE('',#5756,#5766,#5768,.T.);
#5766 = VERTEX_POINT('',#5767);
#5767 = CARTESIAN_POINT('',(3.682457351946,0.55,1.9));
#5768 = LINE('',#5769,#5770);
#5769 = CARTESIAN_POINT('',(3.682457351946,0.55,1.9));
#5770 = VECTOR('',#5771,1.);
#5771 = DIRECTION('',(-0.,-0.,-1.));
#5772 = ORIENTED_EDGE('',*,*,#5773,.T.);
#5773 = EDGE_CURVE('',#5766,#5774,#5776,.T.);
#5774 = VERTEX_POINT('',#5775);
#5775 = CARTESIAN_POINT('',(3.826794919243,0.3,1.9));
#5776 = LINE('',#5777,#5778);
#5777 = CARTESIAN_POINT('',(4.,-1.645975852445E-16,1.9));
#5778 = VECTOR('',#5779,1.);
#5779 = DIRECTION('',(0.5,-0.866025403784,-5.162867488026E-17));
#5780 = ORIENTED_EDGE('',*,*,#5781,.T.);
#5781 = EDGE_CURVE('',#5774,#5758,#5782,.T.);
#5782 = LINE('',#5783,#5784);
#5783 = CARTESIAN_POINT('',(3.826794919243,0.3,-2.6));
#5784 = VECTOR('',#5785,1.);
#5785 = DIRECTION('',(0.,0.,1.));
#5786 = PLANE('',#5787);
#5787 = AXIS2_PLACEMENT_3D('',#5788,#5789,#5790);
#5788 = CARTESIAN_POINT('',(4.,3.66052628007E-17,-2.6));
#5789 = DIRECTION('',(-0.866025403784,-0.5,0.));
#5790 = DIRECTION('',(0.5,-0.866025403784,0.));
#5791 = ADVANCED_FACE('',(#5792),#5817,.T.);
#5792 = FACE_BOUND('',#5793,.T.);
#5793 = EDGE_LOOP('',(#5794,#5802,#5810,#5816));
#5794 = ORIENTED_EDGE('',*,*,#5795,.T.);
#5795 = EDGE_CURVE('',#4913,#5796,#5798,.T.);
#5796 = VERTEX_POINT('',#5797);
#5797 = CARTESIAN_POINT('',(3.42264973081,0.7,-2.6));
#5798 = LINE('',#5799,#5800);
#5799 = CARTESIAN_POINT('',(3.595854811567,0.7,-2.6));
#5800 = VECTOR('',#5801,1.);
#5801 = DIRECTION('',(1.,-0.,-0.));
#5802 = ORIENTED_EDGE('',*,*,#5803,.T.);
#5803 = EDGE_CURVE('',#5796,#5804,#5806,.T.);
#5804 = VERTEX_POINT('',#5805);
#5805 = CARTESIAN_POINT('',(3.42264973081,0.7,-1.9));
#5806 = LINE('',#5807,#5808);
#5807 = CARTESIAN_POINT('',(3.42264973081,0.7,-1.9));
#5808 = VECTOR('',#5809,1.);
#5809 = DIRECTION('',(0.,0.,1.));
#5810 = ORIENTED_EDGE('',*,*,#5811,.T.);
#5811 = EDGE_CURVE('',#5804,#4915,#5812,.T.);
#5812 = LINE('',#5813,#5814);
#5813 = CARTESIAN_POINT('',(3.595854811567,0.7,-1.9));
#5814 = VECTOR('',#5815,1.);
#5815 = DIRECTION('',(-1.,0.,-1.032573497605E-16));
#5816 = ORIENTED_EDGE('',*,*,#4912,.F.);
#5817 = PLANE('',#5818);
#5818 = AXIS2_PLACEMENT_3D('',#5819,#5820,#5821);
#5819 = CARTESIAN_POINT('',(3.595854811567,0.7,-2.6));
#5820 = DIRECTION('',(0.,-1.,0.));
#5821 = DIRECTION('',(0.,-0.,-1.));
#5822 = ADVANCED_FACE('',(#5823),#5848,.T.);
#5823 = FACE_BOUND('',#5824,.T.);
#5824 = EDGE_LOOP('',(#5825,#5833,#5841,#5847));
#5825 = ORIENTED_EDGE('',*,*,#5826,.T.);
#5826 = EDGE_CURVE('',#4949,#5827,#5829,.T.);
#5827 = VERTEX_POINT('',#5828);
#5828 = CARTESIAN_POINT('',(3.42264973081,0.7,1.9));
#5829 = LINE('',#5830,#5831);
#5830 = CARTESIAN_POINT('',(3.595854811567,0.7,1.9));
#5831 = VECTOR('',#5832,1.);
#5832 = DIRECTION('',(1.,0.,-1.032573497605E-16));
#5833 = ORIENTED_EDGE('',*,*,#5834,.T.);
#5834 = EDGE_CURVE('',#5827,#5835,#5837,.T.);
#5835 = VERTEX_POINT('',#5836);
#5836 = CARTESIAN_POINT('',(3.42264973081,0.7,2.6));
#5837 = LINE('',#5838,#5839);
#5838 = CARTESIAN_POINT('',(3.42264973081,0.7,2.6));
#5839 = VECTOR('',#5840,1.);
#5840 = DIRECTION('',(0.,0.,1.));
#5841 = ORIENTED_EDGE('',*,*,#5842,.F.);
#5842 = EDGE_CURVE('',#4957,#5835,#5843,.T.);
#5843 = LINE('',#5844,#5845);
#5844 = CARTESIAN_POINT('',(3.595854811567,0.7,2.6));
#5845 = VECTOR('',#5846,1.);
#5846 = DIRECTION('',(1.,-0.,-0.));
#5847 = ORIENTED_EDGE('',*,*,#4956,.F.);
#5848 = PLANE('',#5849);
#5849 = AXIS2_PLACEMENT_3D('',#5850,#5851,#5852);
#5850 = CARTESIAN_POINT('',(3.595854811567,0.7,-2.6));
#5851 = DIRECTION('',(0.,-1.,0.));
#5852 = DIRECTION('',(0.,-0.,-1.));
#5853 = ADVANCED_FACE('',(#5854),#5879,.T.);
#5854 = FACE_BOUND('',#5855,.T.);
#5855 = EDGE_LOOP('',(#5856,#5864,#5872,#5878));
#5856 = ORIENTED_EDGE('',*,*,#5857,.T.);
#5857 = EDGE_CURVE('',#5079,#5858,#5860,.T.);
#5858 = VERTEX_POINT('',#5859);
#5859 = CARTESIAN_POINT('',(-3.42264973081,0.7,-1.9));
#5860 = LINE('',#5861,#5862);
#5861 = CARTESIAN_POINT('',(-3.595854811567,0.7,-1.9));
#5862 = VECTOR('',#5863,1.);
#5863 = DIRECTION('',(-1.,0.,1.032573497605E-16));
#5864 = ORIENTED_EDGE('',*,*,#5865,.T.);
#5865 = EDGE_CURVE('',#5858,#5866,#5868,.T.);
#5866 = VERTEX_POINT('',#5867);
#5867 = CARTESIAN_POINT('',(-3.42264973081,0.7,-2.6));
#5868 = LINE('',#5869,#5870);
#5869 = CARTESIAN_POINT('',(-3.42264973081,0.7,-2.6));
#5870 = VECTOR('',#5871,1.);
#5871 = DIRECTION('',(-0.,-0.,-1.));
#5872 = ORIENTED_EDGE('',*,*,#5873,.T.);
#5873 = EDGE_CURVE('',#5866,#5087,#5874,.T.);
#5874 = LINE('',#5875,#5876);
#5875 = CARTESIAN_POINT('',(-3.595854811567,0.7,-2.6));
#5876 = VECTOR('',#5877,1.);
#5877 = DIRECTION('',(1.,0.,0.));
#5878 = ORIENTED_EDGE('',*,*,#5086,.T.);
#5879 = PLANE('',#5880);
#5880 = AXIS2_PLACEMENT_3D('',#5881,#5882,#5883);
#5881 = CARTESIAN_POINT('',(-3.595854811567,0.7,-2.6));
#5882 = DIRECTION('',(0.,-1.,0.));
#5883 = DIRECTION('',(0.,-0.,-1.));
#5884 = ADVANCED_FACE('',(#5885),#5910,.T.);
#5885 = FACE_BOUND('',#5886,.T.);
#5886 = EDGE_LOOP('',(#5887,#5895,#5903,#5909));
#5887 = ORIENTED_EDGE('',*,*,#5888,.F.);
#5888 = EDGE_CURVE('',#5889,#5045,#5891,.T.);
#5889 = VERTEX_POINT('',#5890);
#5890 = CARTESIAN_POINT('',(-3.42264973081,0.7,2.6));
#5891 = LINE('',#5892,#5893);
#5892 = CARTESIAN_POINT('',(-3.595854811567,0.7,2.6));
#5893 = VECTOR('',#5894,1.);
#5894 = DIRECTION('',(1.,0.,0.));
#5895 = ORIENTED_EDGE('',*,*,#5896,.T.);
#5896 = EDGE_CURVE('',#5889,#5897,#5899,.T.);
#5897 = VERTEX_POINT('',#5898);
#5898 = CARTESIAN_POINT('',(-3.42264973081,0.7,1.9));
#5899 = LINE('',#5900,#5901);
#5900 = CARTESIAN_POINT('',(-3.42264973081,0.7,1.9));
#5901 = VECTOR('',#5902,1.);
#5902 = DIRECTION('',(-0.,-0.,-1.));
#5903 = ORIENTED_EDGE('',*,*,#5904,.T.);
#5904 = EDGE_CURVE('',#5897,#5043,#5905,.T.);
#5905 = LINE('',#5906,#5907);
#5906 = CARTESIAN_POINT('',(-3.595854811567,0.7,1.9));
#5907 = VECTOR('',#5908,1.);
#5908 = DIRECTION('',(1.,0.,1.032573497605E-16));
#5909 = ORIENTED_EDGE('',*,*,#5042,.T.);
#5910 = PLANE('',#5911);
#5911 = AXIS2_PLACEMENT_3D('',#5912,#5913,#5914);
#5912 = CARTESIAN_POINT('',(-3.595854811567,0.7,-2.6));
#5913 = DIRECTION('',(0.,-1.,0.));
#5914 = DIRECTION('',(0.,-0.,-1.));
#5915 = ADVANCED_FACE('',(#5916),#5950,.T.);
#5916 = FACE_BOUND('',#5917,.T.);
#5917 = EDGE_LOOP('',(#5918,#5928,#5936,#5944));
#5918 = ORIENTED_EDGE('',*,*,#5919,.T.);
#5919 = EDGE_CURVE('',#5920,#5922,#5924,.T.);
#5920 = VERTEX_POINT('',#5921);
#5921 = CARTESIAN_POINT('',(-3.826794919243,0.3,-2.6));
#5922 = VERTEX_POINT('',#5923);
#5923 = CARTESIAN_POINT('',(-3.682457351946,0.55,-2.6));
#5924 = LINE('',#5925,#5926);
#5925 = CARTESIAN_POINT('',(-4.,3.66052628007E-17,-2.6));
#5926 = VECTOR('',#5927,1.);
#5927 = DIRECTION('',(0.5,0.866025403784,0.));
#5928 = ORIENTED_EDGE('',*,*,#5929,.T.);
#5929 = EDGE_CURVE('',#5922,#5930,#5932,.T.);
#5930 = VERTEX_POINT('',#5931);
#5931 = CARTESIAN_POINT('',(-3.682457351946,0.55,-1.9));
#5932 = LINE('',#5933,#5934);
#5933 = CARTESIAN_POINT('',(-3.682457351946,0.55,-1.9));
#5934 = VECTOR('',#5935,1.);
#5935 = DIRECTION('',(0.,0.,1.));
#5936 = ORIENTED_EDGE('',*,*,#5937,.T.);
#5937 = EDGE_CURVE('',#5930,#5938,#5940,.T.);
#5938 = VERTEX_POINT('',#5939);
#5939 = CARTESIAN_POINT('',(-3.826794919243,0.3,-1.9));
#5940 = LINE('',#5941,#5942);
#5941 = CARTESIAN_POINT('',(-4.,6.790348360772E-17,-1.9));
#5942 = VECTOR('',#5943,1.);
#5943 = DIRECTION('',(-0.5,-0.866025403784,5.162867488026E-17));
#5944 = ORIENTED_EDGE('',*,*,#5945,.T.);
#5945 = EDGE_CURVE('',#5938,#5920,#5946,.T.);
#5946 = LINE('',#5947,#5948);
#5947 = CARTESIAN_POINT('',(-3.826794919243,0.3,-2.6));
#5948 = VECTOR('',#5949,1.);
#5949 = DIRECTION('',(-0.,-0.,-1.));
#5950 = PLANE('',#5951);
#5951 = AXIS2_PLACEMENT_3D('',#5952,#5953,#5954);
#5952 = CARTESIAN_POINT('',(-4.,3.66052628007E-17,-2.6));
#5953 = DIRECTION('',(0.866025403784,-0.5,0.));
#5954 = DIRECTION('',(0.5,0.866025403784,0.));
#5955 = ADVANCED_FACE('',(#5956),#5990,.T.);
#5956 = FACE_BOUND('',#5957,.T.);
#5957 = EDGE_LOOP('',(#5958,#5968,#5976,#5984));
#5958 = ORIENTED_EDGE('',*,*,#5959,.T.);
#5959 = EDGE_CURVE('',#5960,#5962,#5964,.T.);
#5960 = VERTEX_POINT('',#5961);
#5961 = CARTESIAN_POINT('',(-3.826794919243,0.3,1.9));
#5962 = VERTEX_POINT('',#5963);
#5963 = CARTESIAN_POINT('',(-3.682457351946,0.55,1.9));
#5964 = LINE('',#5965,#5966);
#5965 = CARTESIAN_POINT('',(-4.,-1.645975852445E-16,1.9));
#5966 = VECTOR('',#5967,1.);
#5967 = DIRECTION('',(0.5,0.866025403784,5.162867488026E-17));
#5968 = ORIENTED_EDGE('',*,*,#5969,.T.);
#5969 = EDGE_CURVE('',#5962,#5970,#5972,.T.);
#5970 = VERTEX_POINT('',#5971);
#5971 = CARTESIAN_POINT('',(-3.682457351946,0.55,2.6));
#5972 = LINE('',#5973,#5974);
#5973 = CARTESIAN_POINT('',(-3.682457351946,0.55,2.6));
#5974 = VECTOR('',#5975,1.);
#5975 = DIRECTION('',(0.,0.,1.));
#5976 = ORIENTED_EDGE('',*,*,#5977,.F.);
#5977 = EDGE_CURVE('',#5978,#5970,#5980,.T.);
#5978 = VERTEX_POINT('',#5979);
#5979 = CARTESIAN_POINT('',(-3.826794919243,0.3,2.6));
#5980 = LINE('',#5981,#5982);
#5981 = CARTESIAN_POINT('',(-4.,3.66052628007E-17,2.6));
#5982 = VECTOR('',#5983,1.);
#5983 = DIRECTION('',(0.5,0.866025403784,0.));
#5984 = ORIENTED_EDGE('',*,*,#5985,.T.);
#5985 = EDGE_CURVE('',#5978,#5960,#5986,.T.);
#5986 = LINE('',#5987,#5988);
#5987 = CARTESIAN_POINT('',(-3.826794919243,0.3,-2.6));
#5988 = VECTOR('',#5989,1.);
#5989 = DIRECTION('',(-0.,-0.,-1.));
#5990 = PLANE('',#5991);
#5991 = AXIS2_PLACEMENT_3D('',#5992,#5993,#5994);
#5992 = CARTESIAN_POINT('',(-4.,3.66052628007E-17,-2.6));
#5993 = DIRECTION('',(0.866025403784,-0.5,0.));
#5994 = DIRECTION('',(0.5,0.866025403784,0.));
#5995 = ADVANCED_FACE('',(#5996),#6021,.T.);
#5996 = FACE_BOUND('',#5997,.T.);
#5997 = EDGE_LOOP('',(#5998,#5999,#6007,#6015));
#5998 = ORIENTED_EDGE('',*,*,#4249,.T.);
#5999 = ORIENTED_EDGE('',*,*,#6000,.T.);
#6000 = EDGE_CURVE('',#4252,#6001,#6003,.T.);
#6001 = VERTEX_POINT('',#6002);
#6002 = CARTESIAN_POINT('',(-5.,0.3,-1.9));
#6003 = LINE('',#6004,#6005);
#6004 = CARTESIAN_POINT('',(-5.,0.3,-1.9));
#6005 = VECTOR('',#6006,1.);
#6006 = DIRECTION('',(0.,1.,-0.));
#6007 = ORIENTED_EDGE('',*,*,#6008,.F.);
#6008 = EDGE_CURVE('',#6009,#6001,#6011,.T.);
#6009 = VERTEX_POINT('',#6010);
#6010 = CARTESIAN_POINT('',(-5.,0.3,-2.6));
#6011 = LINE('',#6012,#6013);
#6012 = CARTESIAN_POINT('',(-5.,0.3,-2.6));
#6013 = VECTOR('',#6014,1.);
#6014 = DIRECTION('',(0.,0.,1.));
#6015 = ORIENTED_EDGE('',*,*,#6016,.T.);
#6016 = EDGE_CURVE('',#6009,#4250,#6017,.T.);
#6017 = LINE('',#6018,#6019);
#6018 = CARTESIAN_POINT('',(-5.,0.3,-2.6));
#6019 = VECTOR('',#6020,1.);
#6020 = DIRECTION('',(0.,-1.,0.));
#6021 = PLANE('',#6022);
#6022 = AXIS2_PLACEMENT_3D('',#6023,#6024,#6025);
#6023 = CARTESIAN_POINT('',(-5.,0.3,-2.6));
#6024 = DIRECTION('',(-1.,0.,0.));
#6025 = DIRECTION('',(0.,0.,1.));
#6026 = ADVANCED_FACE('',(#6027),#6052,.T.);
#6027 = FACE_BOUND('',#6028,.T.);
#6028 = EDGE_LOOP('',(#6029,#6039,#6045,#6046));
#6029 = ORIENTED_EDGE('',*,*,#6030,.F.);
#6030 = EDGE_CURVE('',#6031,#6033,#6035,.T.);
#6031 = VERTEX_POINT('',#6032);
#6032 = CARTESIAN_POINT('',(-5.,0.3,1.9));
#6033 = VERTEX_POINT('',#6034);
#6034 = CARTESIAN_POINT('',(-5.,0.3,2.6));
#6035 = LINE('',#6036,#6037);
#6036 = CARTESIAN_POINT('',(-5.,0.3,-2.6));
#6037 = VECTOR('',#6038,1.);
#6038 = DIRECTION('',(0.,0.,1.));
#6039 = ORIENTED_EDGE('',*,*,#6040,.T.);
#6040 = EDGE_CURVE('',#6031,#4438,#6041,.T.);
#6041 = LINE('',#6042,#6043);
#6042 = CARTESIAN_POINT('',(-5.,0.3,1.9));
#6043 = VECTOR('',#6044,1.);
#6044 = DIRECTION('',(0.,-1.,0.));
#6045 = ORIENTED_EDGE('',*,*,#4437,.T.);
#6046 = ORIENTED_EDGE('',*,*,#6047,.F.);
#6047 = EDGE_CURVE('',#6033,#4430,#6048,.T.);
#6048 = LINE('',#6049,#6050);
#6049 = CARTESIAN_POINT('',(-5.,0.3,2.6));
#6050 = VECTOR('',#6051,1.);
#6051 = DIRECTION('',(0.,-1.,0.));
#6052 = PLANE('',#6053);
#6053 = AXIS2_PLACEMENT_3D('',#6054,#6055,#6056);
#6054 = CARTESIAN_POINT('',(-5.,0.3,-2.6));
#6055 = DIRECTION('',(-1.,0.,0.));
#6056 = DIRECTION('',(0.,0.,1.));
#6057 = ADVANCED_FACE('',(#6058),#6083,.T.);
#6058 = FACE_BOUND('',#6059,.T.);
#6059 = EDGE_LOOP('',(#6060,#6068,#6076,#6082));
#6060 = ORIENTED_EDGE('',*,*,#6061,.T.);
#6061 = EDGE_CURVE('',#6001,#6062,#6064,.T.);
#6062 = VERTEX_POINT('',#6063);
#6063 = CARTESIAN_POINT('',(-4.346410161514,0.3,-1.9));
#6064 = LINE('',#6065,#6066);
#6065 = CARTESIAN_POINT('',(-5.,0.3,-1.9));
#6066 = VECTOR('',#6067,1.);
#6067 = DIRECTION('',(1.,0.,-1.032573497605E-16));
#6068 = ORIENTED_EDGE('',*,*,#6069,.T.);
#6069 = EDGE_CURVE('',#6062,#6070,#6072,.T.);
#6070 = VERTEX_POINT('',#6071);
#6071 = CARTESIAN_POINT('',(-4.346410161514,0.3,-2.6));
#6072 = LINE('',#6073,#6074);
#6073 = CARTESIAN_POINT('',(-4.346410161514,0.3,-2.6));
#6074 = VECTOR('',#6075,1.);
#6075 = DIRECTION('',(0.,-0.,-1.));
#6076 = ORIENTED_EDGE('',*,*,#6077,.T.);
#6077 = EDGE_CURVE('',#6070,#6009,#6078,.T.);
#6078 = LINE('',#6079,#6080);
#6079 = CARTESIAN_POINT('',(-5.,0.3,-2.6));
#6080 = VECTOR('',#6081,1.);
#6081 = DIRECTION('',(-1.,-0.,-0.));
#6082 = ORIENTED_EDGE('',*,*,#6008,.T.);
#6083 = PLANE('',#6084);
#6084 = AXIS2_PLACEMENT_3D('',#6085,#6086,#6087);
#6085 = CARTESIAN_POINT('',(-5.,0.3,-2.6));
#6086 = DIRECTION('',(0.,1.,0.));
#6087 = DIRECTION('',(0.,-0.,1.));
#6088 = ADVANCED_FACE('',(#6089),#6114,.T.);
#6089 = FACE_BOUND('',#6090,.T.);
#6090 = EDGE_LOOP('',(#6091,#6099,#6107,#6113));
#6091 = ORIENTED_EDGE('',*,*,#6092,.F.);
#6092 = EDGE_CURVE('',#6093,#6033,#6095,.T.);
#6093 = VERTEX_POINT('',#6094);
#6094 = CARTESIAN_POINT('',(-4.346410161514,0.3,2.6));
#6095 = LINE('',#6096,#6097);
#6096 = CARTESIAN_POINT('',(-5.,0.3,2.6));
#6097 = VECTOR('',#6098,1.);
#6098 = DIRECTION('',(-1.,-0.,-0.));
#6099 = ORIENTED_EDGE('',*,*,#6100,.T.);
#6100 = EDGE_CURVE('',#6093,#6101,#6103,.T.);
#6101 = VERTEX_POINT('',#6102);
#6102 = CARTESIAN_POINT('',(-4.346410161514,0.3,1.9));
#6103 = LINE('',#6104,#6105);
#6104 = CARTESIAN_POINT('',(-4.346410161514,0.3,1.9));
#6105 = VECTOR('',#6106,1.);
#6106 = DIRECTION('',(0.,-0.,-1.));
#6107 = ORIENTED_EDGE('',*,*,#6108,.T.);
#6108 = EDGE_CURVE('',#6101,#6031,#6109,.T.);
#6109 = LINE('',#6110,#6111);
#6110 = CARTESIAN_POINT('',(-5.,0.3,1.9));
#6111 = VECTOR('',#6112,1.);
#6112 = DIRECTION('',(-1.,0.,-1.032573497605E-16));
#6113 = ORIENTED_EDGE('',*,*,#6030,.T.);
#6114 = PLANE('',#6115);
#6115 = AXIS2_PLACEMENT_3D('',#6116,#6117,#6118);
#6116 = CARTESIAN_POINT('',(-5.,0.3,-2.6));
#6117 = DIRECTION('',(0.,1.,0.));
#6118 = DIRECTION('',(0.,-0.,1.));
#6119 = ADVANCED_FACE('',(#6120),#6154,.T.);
#6120 = FACE_BOUND('',#6121,.T.);
#6121 = EDGE_LOOP('',(#6122,#6132,#6140,#6148));
#6122 = ORIENTED_EDGE('',*,*,#6123,.T.);
#6123 = EDGE_CURVE('',#6124,#6126,#6128,.T.);
#6124 = VERTEX_POINT('',#6125);
#6125 = CARTESIAN_POINT('',(-3.942264973081,0.7,-2.6));
#6126 = VERTEX_POINT('',#6127);
#6127 = CARTESIAN_POINT('',(-4.086602540378,0.45,-2.6));
#6128 = LINE('',#6129,#6130);
#6129 = CARTESIAN_POINT('',(-3.769059892324,1.,-2.6));
#6130 = VECTOR('',#6131,1.);
#6131 = DIRECTION('',(-0.5,-0.866025403784,0.));
#6132 = ORIENTED_EDGE('',*,*,#6133,.T.);
#6133 = EDGE_CURVE('',#6126,#6134,#6136,.T.);
#6134 = VERTEX_POINT('',#6135);
#6135 = CARTESIAN_POINT('',(-4.086602540378,0.45,-1.9));
#6136 = LINE('',#6137,#6138);
#6137 = CARTESIAN_POINT('',(-4.086602540378,0.45,-1.9));
#6138 = VECTOR('',#6139,1.);
#6139 = DIRECTION('',(0.,-0.,1.));
#6140 = ORIENTED_EDGE('',*,*,#6141,.T.);
#6141 = EDGE_CURVE('',#6134,#6142,#6144,.T.);
#6142 = VERTEX_POINT('',#6143);
#6143 = CARTESIAN_POINT('',(-3.942264973081,0.7,-1.9));
#6144 = LINE('',#6145,#6146);
#6145 = CARTESIAN_POINT('',(-3.769059892324,1.,-1.9));
#6146 = VECTOR('',#6147,1.);
#6147 = DIRECTION('',(0.5,0.866025403784,-5.162867488026E-17));
#6148 = ORIENTED_EDGE('',*,*,#6149,.T.);
#6149 = EDGE_CURVE('',#6142,#6124,#6150,.T.);
#6150 = LINE('',#6151,#6152);
#6151 = CARTESIAN_POINT('',(-3.942264973081,0.7,-2.6));
#6152 = VECTOR('',#6153,1.);
#6153 = DIRECTION('',(-0.,-0.,-1.));
#6154 = PLANE('',#6155);
#6155 = AXIS2_PLACEMENT_3D('',#6156,#6157,#6158);
#6156 = CARTESIAN_POINT('',(-3.769059892324,1.,-2.6));
#6157 = DIRECTION('',(-0.866025403784,0.5,0.));
#6158 = DIRECTION('',(-0.5,-0.866025403784,0.));
#6159 = ADVANCED_FACE('',(#6160),#6194,.T.);
#6160 = FACE_BOUND('',#6161,.T.);
#6161 = EDGE_LOOP('',(#6162,#6172,#6180,#6188));
#6162 = ORIENTED_EDGE('',*,*,#6163,.T.);
#6163 = EDGE_CURVE('',#6164,#6166,#6168,.T.);
#6164 = VERTEX_POINT('',#6165);
#6165 = CARTESIAN_POINT('',(-3.942264973081,0.7,1.9));
#6166 = VERTEX_POINT('',#6167);
#6167 = CARTESIAN_POINT('',(-4.086602540378,0.45,1.9));
#6168 = LINE('',#6169,#6170);
#6169 = CARTESIAN_POINT('',(-3.769059892324,1.,1.9));
#6170 = VECTOR('',#6171,1.);
#6171 = DIRECTION('',(-0.5,-0.866025403784,-5.162867488026E-17));
#6172 = ORIENTED_EDGE('',*,*,#6173,.T.);
#6173 = EDGE_CURVE('',#6166,#6174,#6176,.T.);
#6174 = VERTEX_POINT('',#6175);
#6175 = CARTESIAN_POINT('',(-4.086602540378,0.45,2.6));
#6176 = LINE('',#6177,#6178);
#6177 = CARTESIAN_POINT('',(-4.086602540378,0.45,2.6));
#6178 = VECTOR('',#6179,1.);
#6179 = DIRECTION('',(0.,-0.,1.));
#6180 = ORIENTED_EDGE('',*,*,#6181,.F.);
#6181 = EDGE_CURVE('',#6182,#6174,#6184,.T.);
#6182 = VERTEX_POINT('',#6183);
#6183 = CARTESIAN_POINT('',(-3.942264973081,0.7,2.6));
#6184 = LINE('',#6185,#6186);
#6185 = CARTESIAN_POINT('',(-3.769059892324,1.,2.6));
#6186 = VECTOR('',#6187,1.);
#6187 = DIRECTION('',(-0.5,-0.866025403784,0.));
#6188 = ORIENTED_EDGE('',*,*,#6189,.T.);
#6189 = EDGE_CURVE('',#6182,#6164,#6190,.T.);
#6190 = LINE('',#6191,#6192);
#6191 = CARTESIAN_POINT('',(-3.942264973081,0.7,-2.6));
#6192 = VECTOR('',#6193,1.);
#6193 = DIRECTION('',(-0.,-0.,-1.));
#6194 = PLANE('',#6195);
#6195 = AXIS2_PLACEMENT_3D('',#6196,#6197,#6198);
#6196 = CARTESIAN_POINT('',(-3.769059892324,1.,-2.6));
#6197 = DIRECTION('',(-0.866025403784,0.5,0.));
#6198 = DIRECTION('',(-0.5,-0.866025403784,0.));
#6199 = ADVANCED_FACE('',(#6200),#6225,.T.);
#6200 = FACE_BOUND('',#6201,.T.);
#6201 = EDGE_LOOP('',(#6202,#6210,#6218,#6224));
#6202 = ORIENTED_EDGE('',*,*,#6203,.T.);
#6203 = EDGE_CURVE('',#5095,#6204,#6206,.T.);
#6204 = VERTEX_POINT('',#6205);
#6205 = CARTESIAN_POINT('',(-3.42264973081,1.,-2.6));
#6206 = LINE('',#6207,#6208);
#6207 = CARTESIAN_POINT('',(-3.,1.,-2.6));
#6208 = VECTOR('',#6209,1.);
#6209 = DIRECTION('',(-1.,0.,0.));
#6210 = ORIENTED_EDGE('',*,*,#6211,.T.);
#6211 = EDGE_CURVE('',#6204,#6212,#6214,.T.);
#6212 = VERTEX_POINT('',#6213);
#6213 = CARTESIAN_POINT('',(-3.42264973081,1.,-1.9));
#6214 = LINE('',#6215,#6216);
#6215 = CARTESIAN_POINT('',(-3.42264973081,1.,-2.6));
#6216 = VECTOR('',#6217,1.);
#6217 = DIRECTION('',(0.,0.,1.));
#6218 = ORIENTED_EDGE('',*,*,#6219,.F.);
#6219 = EDGE_CURVE('',#5077,#6212,#6220,.T.);
#6220 = LINE('',#6221,#6222);
#6221 = CARTESIAN_POINT('',(-3.,1.,-1.9));
#6222 = VECTOR('',#6223,1.);
#6223 = DIRECTION('',(-1.,0.,1.032573497605E-16));
#6224 = ORIENTED_EDGE('',*,*,#5102,.F.);
#6225 = PLANE('',#6226);
#6226 = AXIS2_PLACEMENT_3D('',#6227,#6228,#6229);
#6227 = CARTESIAN_POINT('',(-3.,1.,-2.6));
#6228 = DIRECTION('',(0.,1.,-0.));
#6229 = DIRECTION('',(0.,0.,1.));
#6230 = ADVANCED_FACE('',(#6231),#6256,.T.);
#6231 = FACE_BOUND('',#6232,.T.);
#6232 = EDGE_LOOP('',(#6233,#6241,#6249,#6255));
#6233 = ORIENTED_EDGE('',*,*,#6234,.T.);
#6234 = EDGE_CURVE('',#5053,#6235,#6237,.T.);
#6235 = VERTEX_POINT('',#6236);
#6236 = CARTESIAN_POINT('',(-3.42264973081,1.,1.9));
#6237 = LINE('',#6238,#6239);
#6238 = CARTESIAN_POINT('',(-3.,1.,1.9));
#6239 = VECTOR('',#6240,1.);
#6240 = DIRECTION('',(-1.,0.,-1.032573497605E-16));
#6241 = ORIENTED_EDGE('',*,*,#6242,.T.);
#6242 = EDGE_CURVE('',#6235,#6243,#6245,.T.);
#6243 = VERTEX_POINT('',#6244);
#6244 = CARTESIAN_POINT('',(-3.42264973081,1.,2.6));
#6245 = LINE('',#6246,#6247);
#6246 = CARTESIAN_POINT('',(-3.42264973081,1.,-2.6));
#6247 = VECTOR('',#6248,1.);
#6248 = DIRECTION('',(0.,0.,1.));
#6249 = ORIENTED_EDGE('',*,*,#6250,.F.);
#6250 = EDGE_CURVE('',#5061,#6243,#6251,.T.);
#6251 = LINE('',#6252,#6253);
#6252 = CARTESIAN_POINT('',(-3.,1.,2.6));
#6253 = VECTOR('',#6254,1.);
#6254 = DIRECTION('',(-1.,0.,0.));
#6255 = ORIENTED_EDGE('',*,*,#5060,.F.);
#6256 = PLANE('',#6257);
#6257 = AXIS2_PLACEMENT_3D('',#6258,#6259,#6260);
#6258 = CARTESIAN_POINT('',(-3.,1.,-2.6));
#6259 = DIRECTION('',(0.,1.,-0.));
#6260 = DIRECTION('',(0.,0.,1.));
#6261 = ADVANCED_FACE('',(#6262),#6272,.F.);
#6262 = FACE_BOUND('',#6263,.T.);
#6263 = EDGE_LOOP('',(#6264,#6265,#6266,#6267,#6268,#6269,#6270,#6271));
#6264 = ORIENTED_EDGE('',*,*,#4995,.T.);
#6265 = ORIENTED_EDGE('',*,*,#5349,.T.);
#6266 = ORIENTED_EDGE('',*,*,#4896,.F.);
#6267 = ORIENTED_EDGE('',*,*,#5331,.T.);
#6268 = ORIENTED_EDGE('',*,*,#5124,.F.);
#6269 = ORIENTED_EDGE('',*,*,#5385,.T.);
#6270 = ORIENTED_EDGE('',*,*,#5026,.T.);
#6271 = ORIENTED_EDGE('',*,*,#5367,.T.);
#6272 = PLANE('',#6273);
#6273 = AXIS2_PLACEMENT_3D('',#6274,#6275,#6276);
#6274 = CARTESIAN_POINT('',(-3.,0.,3.));
#6275 = DIRECTION('',(0.,1.,0.));
#6276 = DIRECTION('',(0.,-0.,1.));
#6277 = ADVANCED_FACE('',(#6278),#6316,.F.);
#6278 = FACE_BOUND('',#6279,.T.);
#6279 = EDGE_LOOP('',(#6280,#6281,#6288,#6289,#6290,#6291,#6298,#6299,
    #6306,#6307,#6308,#6309));
#6280 = ORIENTED_EDGE('',*,*,#5919,.F.);
#6281 = ORIENTED_EDGE('',*,*,#6282,.T.);
#6282 = EDGE_CURVE('',#5920,#4260,#6283,.T.);
#6283 = CIRCLE('',#6284,0.6);
#6284 = AXIS2_PLACEMENT_3D('',#6285,#6286,#6287);
#6285 = CARTESIAN_POINT('',(-4.346410161514,0.6,-2.6));
#6286 = DIRECTION('',(0.,0.,-1.));
#6287 = DIRECTION('',(1.,9.035018104046E-16,0.));
#6288 = ORIENTED_EDGE('',*,*,#4259,.F.);
#6289 = ORIENTED_EDGE('',*,*,#6016,.F.);
#6290 = ORIENTED_EDGE('',*,*,#6077,.F.);
#6291 = ORIENTED_EDGE('',*,*,#6292,.T.);
#6292 = EDGE_CURVE('',#6070,#6126,#6293,.T.);
#6293 = CIRCLE('',#6294,0.3);
#6294 = AXIS2_PLACEMENT_3D('',#6295,#6296,#6297);
#6295 = CARTESIAN_POINT('',(-4.346410161514,0.6,-2.6));
#6296 = DIRECTION('',(-0.,0.,1.));
#6297 = DIRECTION('',(1.,0.,0.));
#6298 = ORIENTED_EDGE('',*,*,#6123,.F.);
#6299 = ORIENTED_EDGE('',*,*,#6300,.T.);
#6300 = EDGE_CURVE('',#6124,#6204,#6301,.T.);
#6301 = CIRCLE('',#6302,0.6);
#6302 = AXIS2_PLACEMENT_3D('',#6303,#6304,#6305);
#6303 = CARTESIAN_POINT('',(-3.42264973081,0.4,-2.6));
#6304 = DIRECTION('',(0.,0.,-1.));
#6305 = DIRECTION('',(1.,0.,0.));
#6306 = ORIENTED_EDGE('',*,*,#6203,.F.);
#6307 = ORIENTED_EDGE('',*,*,#5094,.F.);
#6308 = ORIENTED_EDGE('',*,*,#5873,.F.);
#6309 = ORIENTED_EDGE('',*,*,#6310,.T.);
#6310 = EDGE_CURVE('',#5866,#5922,#6311,.T.);
#6311 = CIRCLE('',#6312,0.3);
#6312 = AXIS2_PLACEMENT_3D('',#6313,#6314,#6315);
#6313 = CARTESIAN_POINT('',(-3.42264973081,0.4,-2.6));
#6314 = DIRECTION('',(-0.,0.,1.));
#6315 = DIRECTION('',(1.,0.,0.));
#6316 = PLANE('',#6317);
#6317 = AXIS2_PLACEMENT_3D('',#6318,#6319,#6320);
#6318 = CARTESIAN_POINT('',(0.,0.,-2.6));
#6319 = DIRECTION('',(-0.,0.,1.));
#6320 = DIRECTION('',(1.,0.,0.));
#6321 = ADVANCED_FACE('',(#6322),#6360,.T.);
#6322 = FACE_BOUND('',#6323,.T.);
#6323 = EDGE_LOOP('',(#6324,#6325,#6332,#6333,#6340,#6341,#6342,#6343,
    #6350,#6351,#6358,#6359));
#6324 = ORIENTED_EDGE('',*,*,#4429,.T.);
#6325 = ORIENTED_EDGE('',*,*,#6326,.T.);
#6326 = EDGE_CURVE('',#4422,#5978,#6327,.T.);
#6327 = CIRCLE('',#6328,0.6);
#6328 = AXIS2_PLACEMENT_3D('',#6329,#6330,#6331);
#6329 = CARTESIAN_POINT('',(-4.346410161514,0.6,2.6));
#6330 = DIRECTION('',(-0.,0.,1.));
#6331 = DIRECTION('',(1.,0.,0.));
#6332 = ORIENTED_EDGE('',*,*,#5977,.T.);
#6333 = ORIENTED_EDGE('',*,*,#6334,.T.);
#6334 = EDGE_CURVE('',#5970,#5889,#6335,.T.);
#6335 = CIRCLE('',#6336,0.3);
#6336 = AXIS2_PLACEMENT_3D('',#6337,#6338,#6339);
#6337 = CARTESIAN_POINT('',(-3.42264973081,0.4,2.6));
#6338 = DIRECTION('',(0.,0.,-1.));
#6339 = DIRECTION('',(1.,0.,0.));
#6340 = ORIENTED_EDGE('',*,*,#5888,.T.);
#6341 = ORIENTED_EDGE('',*,*,#5068,.T.);
#6342 = ORIENTED_EDGE('',*,*,#6250,.T.);
#6343 = ORIENTED_EDGE('',*,*,#6344,.T.);
#6344 = EDGE_CURVE('',#6243,#6182,#6345,.T.);
#6345 = CIRCLE('',#6346,0.6);
#6346 = AXIS2_PLACEMENT_3D('',#6347,#6348,#6349);
#6347 = CARTESIAN_POINT('',(-3.42264973081,0.4,2.6));
#6348 = DIRECTION('',(-0.,0.,1.));
#6349 = DIRECTION('',(1.,0.,0.));
#6350 = ORIENTED_EDGE('',*,*,#6181,.T.);
#6351 = ORIENTED_EDGE('',*,*,#6352,.T.);
#6352 = EDGE_CURVE('',#6174,#6093,#6353,.T.);
#6353 = CIRCLE('',#6354,0.3);
#6354 = AXIS2_PLACEMENT_3D('',#6355,#6356,#6357);
#6355 = CARTESIAN_POINT('',(-4.346410161514,0.6,2.6));
#6356 = DIRECTION('',(0.,-0.,-1.));
#6357 = DIRECTION('',(1.,-7.228014483237E-16,0.));
#6358 = ORIENTED_EDGE('',*,*,#6092,.T.);
#6359 = ORIENTED_EDGE('',*,*,#6047,.T.);
#6360 = PLANE('',#6361);
#6361 = AXIS2_PLACEMENT_3D('',#6362,#6363,#6364);
#6362 = CARTESIAN_POINT('',(0.,0.,2.6));
#6363 = DIRECTION('',(-0.,0.,1.));
#6364 = DIRECTION('',(1.,0.,0.));
#6365 = ADVANCED_FACE('',(#6366),#6404,.T.);
#6366 = FACE_BOUND('',#6367,.T.);
#6367 = EDGE_LOOP('',(#6368,#6369,#6376,#6377,#6384,#6385,#6386,#6387,
    #6394,#6395,#6402,#6403));
#6368 = ORIENTED_EDGE('',*,*,#5465,.F.);
#6369 = ORIENTED_EDGE('',*,*,#6370,.T.);
#6370 = EDGE_CURVE('',#5458,#5530,#6371,.T.);
#6371 = CIRCLE('',#6372,0.6);
#6372 = AXIS2_PLACEMENT_3D('',#6373,#6374,#6375);
#6373 = CARTESIAN_POINT('',(3.42264973081,0.4,-2.6));
#6374 = DIRECTION('',(0.,0.,-1.));
#6375 = DIRECTION('',(-1.,0.,0.));
#6376 = ORIENTED_EDGE('',*,*,#5529,.F.);
#6377 = ORIENTED_EDGE('',*,*,#6378,.T.);
#6378 = EDGE_CURVE('',#5522,#5594,#6379,.T.);
#6379 = CIRCLE('',#6380,0.3);
#6380 = AXIS2_PLACEMENT_3D('',#6381,#6382,#6383);
#6381 = CARTESIAN_POINT('',(4.346410161514,0.6,-2.6));
#6382 = DIRECTION('',(0.,-0.,1.));
#6383 = DIRECTION('',(-1.,1.807003620809E-15,0.));
#6384 = ORIENTED_EDGE('',*,*,#5591,.F.);
#6385 = ORIENTED_EDGE('',*,*,#5679,.F.);
#6386 = ORIENTED_EDGE('',*,*,#3993,.F.);
#6387 = ORIENTED_EDGE('',*,*,#6388,.T.);
#6388 = EDGE_CURVE('',#3986,#5734,#6389,.T.);
#6389 = CIRCLE('',#6390,0.6);
#6390 = AXIS2_PLACEMENT_3D('',#6391,#6392,#6393);
#6391 = CARTESIAN_POINT('',(4.346410161514,0.6,-2.6));
#6392 = DIRECTION('',(0.,0.,-1.));
#6393 = DIRECTION('',(-1.,0.,0.));
#6394 = ORIENTED_EDGE('',*,*,#5733,.F.);
#6395 = ORIENTED_EDGE('',*,*,#6396,.T.);
#6396 = EDGE_CURVE('',#5726,#5796,#6397,.T.);
#6397 = CIRCLE('',#6398,0.3);
#6398 = AXIS2_PLACEMENT_3D('',#6399,#6400,#6401);
#6399 = CARTESIAN_POINT('',(3.42264973081,0.4,-2.6));
#6400 = DIRECTION('',(-0.,0.,1.));
#6401 = DIRECTION('',(-1.,-1.807003620809E-15,-0.));
#6402 = ORIENTED_EDGE('',*,*,#5795,.F.);
#6403 = ORIENTED_EDGE('',*,*,#4938,.F.);
#6404 = PLANE('',#6405);
#6405 = AXIS2_PLACEMENT_3D('',#6406,#6407,#6408);
#6406 = CARTESIAN_POINT('',(0.,0.,-2.6));
#6407 = DIRECTION('',(0.,0.,-1.));
#6408 = DIRECTION('',(-1.,0.,-0.));
#6409 = ADVANCED_FACE('',(#6410),#6448,.F.);
#6410 = FACE_BOUND('',#6411,.T.);
#6411 = EDGE_LOOP('',(#6412,#6413,#6420,#6421,#6428,#6429,#6430,#6431,
    #6438,#6439,#6446,#6447));
#6412 = ORIENTED_EDGE('',*,*,#5649,.T.);
#6413 = ORIENTED_EDGE('',*,*,#6414,.T.);
#6414 = EDGE_CURVE('',#5642,#5552,#6415,.T.);
#6415 = CIRCLE('',#6416,0.3);
#6416 = AXIS2_PLACEMENT_3D('',#6417,#6418,#6419);
#6417 = CARTESIAN_POINT('',(4.346410161514,0.6,2.6));
#6418 = DIRECTION('',(0.,0.,-1.));
#6419 = DIRECTION('',(-1.,0.,0.));
#6420 = ORIENTED_EDGE('',*,*,#5551,.T.);
#6421 = ORIENTED_EDGE('',*,*,#6422,.T.);
#6422 = EDGE_CURVE('',#5554,#5481,#6423,.T.);
#6423 = CIRCLE('',#6424,0.6);
#6424 = AXIS2_PLACEMENT_3D('',#6425,#6426,#6427);
#6425 = CARTESIAN_POINT('',(3.42264973081,0.4,2.6));
#6426 = DIRECTION('',(-0.,0.,1.));
#6427 = DIRECTION('',(-1.,-1.807003620809E-15,-0.));
#6428 = ORIENTED_EDGE('',*,*,#5480,.T.);
#6429 = ORIENTED_EDGE('',*,*,#4964,.T.);
#6430 = ORIENTED_EDGE('',*,*,#5842,.T.);
#6431 = ORIENTED_EDGE('',*,*,#6432,.T.);
#6432 = EDGE_CURVE('',#5835,#5756,#6433,.T.);
#6433 = CIRCLE('',#6434,0.3);
#6434 = AXIS2_PLACEMENT_3D('',#6435,#6436,#6437);
#6435 = CARTESIAN_POINT('',(3.42264973081,0.4,2.6));
#6436 = DIRECTION('',(0.,0.,-1.));
#6437 = DIRECTION('',(-1.,0.,0.));
#6438 = ORIENTED_EDGE('',*,*,#5755,.T.);
#6439 = ORIENTED_EDGE('',*,*,#6440,.T.);
#6440 = EDGE_CURVE('',#5758,#3944,#6441,.T.);
#6441 = CIRCLE('',#6442,0.6);
#6442 = AXIS2_PLACEMENT_3D('',#6443,#6444,#6445);
#6443 = CARTESIAN_POINT('',(4.346410161514,0.6,2.6));
#6444 = DIRECTION('',(0.,-0.,1.));
#6445 = DIRECTION('',(-1.,9.035018104046E-16,0.));
#6446 = ORIENTED_EDGE('',*,*,#3943,.T.);
#6447 = ORIENTED_EDGE('',*,*,#5701,.T.);
#6448 = PLANE('',#6449);
#6449 = AXIS2_PLACEMENT_3D('',#6450,#6451,#6452);
#6450 = CARTESIAN_POINT('',(0.,0.,2.6));
#6451 = DIRECTION('',(0.,0.,-1.));
#6452 = DIRECTION('',(-1.,0.,-0.));
#6453 = ADVANCED_FACE('',(#6454),#6492,.T.);
#6454 = FACE_BOUND('',#6455,.T.);
#6455 = EDGE_LOOP('',(#6456,#6457,#6464,#6465,#6472,#6473,#6474,#6475,
    #6482,#6483,#6490,#6491));
#6456 = ORIENTED_EDGE('',*,*,#4275,.F.);
#6457 = ORIENTED_EDGE('',*,*,#6458,.T.);
#6458 = EDGE_CURVE('',#4268,#5938,#6459,.T.);
#6459 = CIRCLE('',#6460,0.6);
#6460 = AXIS2_PLACEMENT_3D('',#6461,#6462,#6463);
#6461 = CARTESIAN_POINT('',(-4.346410161514,0.6,-1.9));
#6462 = DIRECTION('',(1.032573497605E-16,0.,1.));
#6463 = DIRECTION('',(1.,0.,-1.032573497605E-16));
#6464 = ORIENTED_EDGE('',*,*,#5937,.F.);
#6465 = ORIENTED_EDGE('',*,*,#6466,.T.);
#6466 = EDGE_CURVE('',#5930,#5858,#6467,.T.);
#6467 = CIRCLE('',#6468,0.3);
#6468 = AXIS2_PLACEMENT_3D('',#6469,#6470,#6471);
#6469 = CARTESIAN_POINT('',(-3.42264973081,0.4,-1.9));
#6470 = DIRECTION('',(-1.032573497605E-16,0.,-1.));
#6471 = DIRECTION('',(1.,-1.807003620809E-15,-1.032573497605E-16));
#6472 = ORIENTED_EDGE('',*,*,#5857,.F.);
#6473 = ORIENTED_EDGE('',*,*,#5076,.F.);
#6474 = ORIENTED_EDGE('',*,*,#6219,.T.);
#6475 = ORIENTED_EDGE('',*,*,#6476,.T.);
#6476 = EDGE_CURVE('',#6212,#6142,#6477,.T.);
#6477 = CIRCLE('',#6478,0.6);
#6478 = AXIS2_PLACEMENT_3D('',#6479,#6480,#6481);
#6479 = CARTESIAN_POINT('',(-3.42264973081,0.4,-1.9));
#6480 = DIRECTION('',(1.032573497605E-16,0.,1.));
#6481 = DIRECTION('',(1.,0.,-1.032573497605E-16));
#6482 = ORIENTED_EDGE('',*,*,#6141,.F.);
#6483 = ORIENTED_EDGE('',*,*,#6484,.T.);
#6484 = EDGE_CURVE('',#6134,#6062,#6485,.T.);
#6485 = CIRCLE('',#6486,0.3);
#6486 = AXIS2_PLACEMENT_3D('',#6487,#6488,#6489);
#6487 = CARTESIAN_POINT('',(-4.346410161514,0.6,-1.9));
#6488 = DIRECTION('',(-1.032573497605E-16,0.,-1.));
#6489 = DIRECTION('',(1.,-7.228014483237E-16,-1.032573497605E-16));
#6490 = ORIENTED_EDGE('',*,*,#6061,.F.);
#6491 = ORIENTED_EDGE('',*,*,#6000,.F.);
#6492 = PLANE('',#6493);
#6493 = AXIS2_PLACEMENT_3D('',#6494,#6495,#6496);
#6494 = CARTESIAN_POINT('',(-3.,1.,-1.9));
#6495 = DIRECTION('',(1.032573497605E-16,0.,1.));
#6496 = DIRECTION('',(1.,0.,-1.032573497605E-16));
#6497 = ADVANCED_FACE('',(#6498),#6536,.T.);
#6498 = FACE_BOUND('',#6499,.T.);
#6499 = EDGE_LOOP('',(#6500,#6501,#6508,#6509,#6510,#6511,#6518,#6519,
    #6526,#6527,#6528,#6529));
#6500 = ORIENTED_EDGE('',*,*,#5959,.F.);
#6501 = ORIENTED_EDGE('',*,*,#6502,.T.);
#6502 = EDGE_CURVE('',#5960,#4420,#6503,.T.);
#6503 = CIRCLE('',#6504,0.6);
#6504 = AXIS2_PLACEMENT_3D('',#6505,#6506,#6507);
#6505 = CARTESIAN_POINT('',(-4.346410161514,0.6,1.9));
#6506 = DIRECTION('',(1.032573497605E-16,0.,-1.));
#6507 = DIRECTION('',(-1.,0.,-1.032573497605E-16));
#6508 = ORIENTED_EDGE('',*,*,#4445,.F.);
#6509 = ORIENTED_EDGE('',*,*,#6040,.F.);
#6510 = ORIENTED_EDGE('',*,*,#6108,.F.);
#6511 = ORIENTED_EDGE('',*,*,#6512,.T.);
#6512 = EDGE_CURVE('',#6101,#6166,#6513,.T.);
#6513 = CIRCLE('',#6514,0.3);
#6514 = AXIS2_PLACEMENT_3D('',#6515,#6516,#6517);
#6515 = CARTESIAN_POINT('',(-4.346410161514,0.6,1.9));
#6516 = DIRECTION('',(-1.032573497605E-16,0.,1.));
#6517 = DIRECTION('',(-1.,-1.807003620809E-15,-1.032573497605E-16));
#6518 = ORIENTED_EDGE('',*,*,#6163,.F.);
#6519 = ORIENTED_EDGE('',*,*,#6520,.T.);
#6520 = EDGE_CURVE('',#6164,#6235,#6521,.T.);
#6521 = CIRCLE('',#6522,0.6);
#6522 = AXIS2_PLACEMENT_3D('',#6523,#6524,#6525);
#6523 = CARTESIAN_POINT('',(-3.42264973081,0.4,1.9));
#6524 = DIRECTION('',(1.032573497605E-16,0.,-1.));
#6525 = DIRECTION('',(-1.,0.,-1.032573497605E-16));
#6526 = ORIENTED_EDGE('',*,*,#6234,.F.);
#6527 = ORIENTED_EDGE('',*,*,#5052,.T.);
#6528 = ORIENTED_EDGE('',*,*,#5904,.F.);
#6529 = ORIENTED_EDGE('',*,*,#6530,.T.);
#6530 = EDGE_CURVE('',#5897,#5962,#6531,.T.);
#6531 = CIRCLE('',#6532,0.3);
#6532 = AXIS2_PLACEMENT_3D('',#6533,#6534,#6535);
#6533 = CARTESIAN_POINT('',(-3.42264973081,0.4,1.9));
#6534 = DIRECTION('',(-1.032573497605E-16,0.,1.));
#6535 = DIRECTION('',(-1.,-9.035018104046E-16,-1.032573497605E-16));
#6536 = PLANE('',#6537);
#6537 = AXIS2_PLACEMENT_3D('',#6538,#6539,#6540);
#6538 = CARTESIAN_POINT('',(-3.,1.,1.9));
#6539 = DIRECTION('',(1.032573497605E-16,0.,-1.));
#6540 = DIRECTION('',(-1.,0.,-1.032573497605E-16));
#6541 = ADVANCED_FACE('',(#6542),#6580,.T.);
#6542 = FACE_BOUND('',#6543,.T.);
#6543 = EDGE_LOOP('',(#6544,#6545,#6552,#6553,#6554,#6555,#6562,#6563,
    #6570,#6571,#6572,#6573));
#6544 = ORIENTED_EDGE('',*,*,#5511,.F.);
#6545 = ORIENTED_EDGE('',*,*,#6546,.T.);
#6546 = EDGE_CURVE('',#5512,#5450,#6547,.T.);
#6547 = CIRCLE('',#6548,0.6);
#6548 = AXIS2_PLACEMENT_3D('',#6549,#6550,#6551);
#6549 = CARTESIAN_POINT('',(3.42264973081,0.4,-1.9));
#6550 = DIRECTION('',(-1.032573497605E-16,-0.,1.));
#6551 = DIRECTION('',(1.,0.,1.032573497605E-16));
#6552 = ORIENTED_EDGE('',*,*,#5449,.T.);
#6553 = ORIENTED_EDGE('',*,*,#4922,.T.);
#6554 = ORIENTED_EDGE('',*,*,#5811,.F.);
#6555 = ORIENTED_EDGE('',*,*,#6556,.T.);
#6556 = EDGE_CURVE('',#5804,#5718,#6557,.T.);
#6557 = CIRCLE('',#6558,0.3);
#6558 = AXIS2_PLACEMENT_3D('',#6559,#6560,#6561);
#6559 = CARTESIAN_POINT('',(3.42264973081,0.4,-1.9));
#6560 = DIRECTION('',(1.032573497605E-16,0.,-1.));
#6561 = DIRECTION('',(1.,-3.614007241618E-15,1.032573497605E-16));
#6562 = ORIENTED_EDGE('',*,*,#5715,.F.);
#6563 = ORIENTED_EDGE('',*,*,#6564,.T.);
#6564 = EDGE_CURVE('',#5716,#3984,#6565,.T.);
#6565 = CIRCLE('',#6566,0.6);
#6566 = AXIS2_PLACEMENT_3D('',#6567,#6568,#6569);
#6567 = CARTESIAN_POINT('',(4.346410161514,0.6,-1.9));
#6568 = DIRECTION('',(-1.032573497605E-16,-0.,1.));
#6569 = DIRECTION('',(1.,0.,1.032573497605E-16));
#6570 = ORIENTED_EDGE('',*,*,#4009,.F.);
#6571 = ORIENTED_EDGE('',*,*,#5672,.F.);
#6572 = ORIENTED_EDGE('',*,*,#5609,.F.);
#6573 = ORIENTED_EDGE('',*,*,#6574,.T.);
#6574 = EDGE_CURVE('',#5602,#5514,#6575,.T.);
#6575 = CIRCLE('',#6576,0.3);
#6576 = AXIS2_PLACEMENT_3D('',#6577,#6578,#6579);
#6577 = CARTESIAN_POINT('',(4.346410161514,0.6,-1.9));
#6578 = DIRECTION('',(1.032573497605E-16,0.,-1.));
#6579 = DIRECTION('',(1.,7.228014483237E-16,1.032573497605E-16));
#6580 = PLANE('',#6581);
#6581 = AXIS2_PLACEMENT_3D('',#6582,#6583,#6584);
#6582 = CARTESIAN_POINT('',(3.,1.,-1.9));
#6583 = DIRECTION('',(-1.032573497605E-16,-0.,1.));
#6584 = DIRECTION('',(1.,0.,1.032573497605E-16));
#6585 = ADVANCED_FACE('',(#6586),#6624,.T.);
#6586 = FACE_BOUND('',#6587,.T.);
#6587 = EDGE_LOOP('',(#6588,#6589,#6596,#6597,#6604,#6605,#6606,#6607,
    #6614,#6615,#6622,#6623));
#6588 = ORIENTED_EDGE('',*,*,#5496,.T.);
#6589 = ORIENTED_EDGE('',*,*,#6590,.T.);
#6590 = EDGE_CURVE('',#5489,#5570,#6591,.T.);
#6591 = CIRCLE('',#6592,0.6);
#6592 = AXIS2_PLACEMENT_3D('',#6593,#6594,#6595);
#6593 = CARTESIAN_POINT('',(3.42264973081,0.4,1.9));
#6594 = DIRECTION('',(-1.032573497605E-16,0.,-1.));
#6595 = DIRECTION('',(-1.,0.,1.032573497605E-16));
#6596 = ORIENTED_EDGE('',*,*,#5569,.F.);
#6597 = ORIENTED_EDGE('',*,*,#6598,.T.);
#6598 = EDGE_CURVE('',#5562,#5634,#6599,.T.);
#6599 = CIRCLE('',#6600,0.3);
#6600 = AXIS2_PLACEMENT_3D('',#6601,#6602,#6603);
#6601 = CARTESIAN_POINT('',(4.346410161514,0.6,1.9));
#6602 = DIRECTION('',(1.032573497605E-16,0.,1.));
#6603 = DIRECTION('',(-1.,7.228014483237E-16,1.032573497605E-16));
#6604 = ORIENTED_EDGE('',*,*,#5631,.F.);
#6605 = ORIENTED_EDGE('',*,*,#5694,.F.);
#6606 = ORIENTED_EDGE('',*,*,#3961,.F.);
#6607 = ORIENTED_EDGE('',*,*,#6608,.T.);
#6608 = EDGE_CURVE('',#3954,#5774,#6609,.T.);
#6609 = CIRCLE('',#6610,0.6);
#6610 = AXIS2_PLACEMENT_3D('',#6611,#6612,#6613);
#6611 = CARTESIAN_POINT('',(4.346410161514,0.6,1.9));
#6612 = DIRECTION('',(-1.032573497605E-16,0.,-1.));
#6613 = DIRECTION('',(-1.,0.,1.032573497605E-16));
#6614 = ORIENTED_EDGE('',*,*,#5773,.F.);
#6615 = ORIENTED_EDGE('',*,*,#6616,.T.);
#6616 = EDGE_CURVE('',#5766,#5827,#6617,.T.);
#6617 = CIRCLE('',#6618,0.3);
#6618 = AXIS2_PLACEMENT_3D('',#6619,#6620,#6621);
#6619 = CARTESIAN_POINT('',(3.42264973081,0.4,1.9));
#6620 = DIRECTION('',(1.032573497605E-16,0.,1.));
#6621 = DIRECTION('',(-1.,-1.807003620809E-15,1.032573497605E-16));
#6622 = ORIENTED_EDGE('',*,*,#5826,.F.);
#6623 = ORIENTED_EDGE('',*,*,#4946,.F.);
#6624 = PLANE('',#6625);
#6625 = AXIS2_PLACEMENT_3D('',#6626,#6627,#6628);
#6626 = CARTESIAN_POINT('',(3.,1.,1.9));
#6627 = DIRECTION('',(-1.032573497605E-16,0.,-1.));
#6628 = DIRECTION('',(-1.,0.,1.032573497605E-16));
#6629 = ADVANCED_FACE('',(#6630),#6636,.T.);
#6630 = FACE_BOUND('',#6631,.T.);
#6631 = EDGE_LOOP('',(#6632,#6633,#6634,#6635));
#6632 = ORIENTED_EDGE('',*,*,#6590,.F.);
#6633 = ORIENTED_EDGE('',*,*,#5488,.F.);
#6634 = ORIENTED_EDGE('',*,*,#6422,.F.);
#6635 = ORIENTED_EDGE('',*,*,#5577,.F.);
#6636 = CYLINDRICAL_SURFACE('',#6637,0.6);
#6637 = AXIS2_PLACEMENT_3D('',#6638,#6639,#6640);
#6638 = CARTESIAN_POINT('',(3.42264973081,0.4,-2.6));
#6639 = DIRECTION('',(0.,-0.,1.));
#6640 = DIRECTION('',(1.,0.,0.));
#6641 = ADVANCED_FACE('',(#6642),#6648,.T.);
#6642 = FACE_BOUND('',#6643,.T.);
#6643 = EDGE_LOOP('',(#6644,#6645,#6646,#6647));
#6644 = ORIENTED_EDGE('',*,*,#6608,.F.);
#6645 = ORIENTED_EDGE('',*,*,#3953,.F.);
#6646 = ORIENTED_EDGE('',*,*,#6440,.F.);
#6647 = ORIENTED_EDGE('',*,*,#5781,.F.);
#6648 = CYLINDRICAL_SURFACE('',#6649,0.6);
#6649 = AXIS2_PLACEMENT_3D('',#6650,#6651,#6652);
#6650 = CARTESIAN_POINT('',(4.346410161514,0.6,-2.6));
#6651 = DIRECTION('',(0.,0.,1.));
#6652 = DIRECTION('',(1.,0.,-0.));
#6653 = ADVANCED_FACE('',(#6654),#6660,.T.);
#6654 = FACE_BOUND('',#6655,.T.);
#6655 = EDGE_LOOP('',(#6656,#6657,#6658,#6659));
#6656 = ORIENTED_EDGE('',*,*,#6370,.F.);
#6657 = ORIENTED_EDGE('',*,*,#5457,.F.);
#6658 = ORIENTED_EDGE('',*,*,#6546,.F.);
#6659 = ORIENTED_EDGE('',*,*,#5537,.F.);
#6660 = CYLINDRICAL_SURFACE('',#6661,0.6);
#6661 = AXIS2_PLACEMENT_3D('',#6662,#6663,#6664);
#6662 = CARTESIAN_POINT('',(3.42264973081,0.4,-2.6));
#6663 = DIRECTION('',(0.,-0.,1.));
#6664 = DIRECTION('',(1.,0.,0.));
#6665 = ADVANCED_FACE('',(#6666),#6672,.T.);
#6666 = FACE_BOUND('',#6667,.T.);
#6667 = EDGE_LOOP('',(#6668,#6669,#6670,#6671));
#6668 = ORIENTED_EDGE('',*,*,#6388,.F.);
#6669 = ORIENTED_EDGE('',*,*,#3983,.F.);
#6670 = ORIENTED_EDGE('',*,*,#6564,.F.);
#6671 = ORIENTED_EDGE('',*,*,#5741,.F.);
#6672 = CYLINDRICAL_SURFACE('',#6673,0.6);
#6673 = AXIS2_PLACEMENT_3D('',#6674,#6675,#6676);
#6674 = CARTESIAN_POINT('',(4.346410161514,0.6,-2.6));
#6675 = DIRECTION('',(0.,0.,1.));
#6676 = DIRECTION('',(1.,0.,-0.));
#6677 = ADVANCED_FACE('',(#6678),#6684,.T.);
#6678 = FACE_BOUND('',#6679,.T.);
#6679 = EDGE_LOOP('',(#6680,#6681,#6682,#6683));
#6680 = ORIENTED_EDGE('',*,*,#6282,.F.);
#6681 = ORIENTED_EDGE('',*,*,#5945,.F.);
#6682 = ORIENTED_EDGE('',*,*,#6458,.F.);
#6683 = ORIENTED_EDGE('',*,*,#4267,.F.);
#6684 = CYLINDRICAL_SURFACE('',#6685,0.6);
#6685 = AXIS2_PLACEMENT_3D('',#6686,#6687,#6688);
#6686 = CARTESIAN_POINT('',(-4.346410161514,0.6,-2.6));
#6687 = DIRECTION('',(0.,0.,1.));
#6688 = DIRECTION('',(1.,0.,-0.));
#6689 = ADVANCED_FACE('',(#6690),#6696,.T.);
#6690 = FACE_BOUND('',#6691,.T.);
#6691 = EDGE_LOOP('',(#6692,#6693,#6694,#6695));
#6692 = ORIENTED_EDGE('',*,*,#6502,.F.);
#6693 = ORIENTED_EDGE('',*,*,#5985,.F.);
#6694 = ORIENTED_EDGE('',*,*,#6326,.F.);
#6695 = ORIENTED_EDGE('',*,*,#4419,.F.);
#6696 = CYLINDRICAL_SURFACE('',#6697,0.6);
#6697 = AXIS2_PLACEMENT_3D('',#6698,#6699,#6700);
#6698 = CARTESIAN_POINT('',(-4.346410161514,0.6,-2.6));
#6699 = DIRECTION('',(0.,0.,1.));
#6700 = DIRECTION('',(1.,0.,-0.));
#6701 = ADVANCED_FACE('',(#6702),#6708,.T.);
#6702 = FACE_BOUND('',#6703,.T.);
#6703 = EDGE_LOOP('',(#6704,#6705,#6706,#6707));
#6704 = ORIENTED_EDGE('',*,*,#6300,.F.);
#6705 = ORIENTED_EDGE('',*,*,#6149,.F.);
#6706 = ORIENTED_EDGE('',*,*,#6476,.F.);
#6707 = ORIENTED_EDGE('',*,*,#6211,.F.);
#6708 = CYLINDRICAL_SURFACE('',#6709,0.6);
#6709 = AXIS2_PLACEMENT_3D('',#6710,#6711,#6712);
#6710 = CARTESIAN_POINT('',(-3.42264973081,0.4,-2.6));
#6711 = DIRECTION('',(0.,0.,1.));
#6712 = DIRECTION('',(1.,0.,-0.));
#6713 = ADVANCED_FACE('',(#6714),#6720,.T.);
#6714 = FACE_BOUND('',#6715,.T.);
#6715 = EDGE_LOOP('',(#6716,#6717,#6718,#6719));
#6716 = ORIENTED_EDGE('',*,*,#6520,.F.);
#6717 = ORIENTED_EDGE('',*,*,#6189,.F.);
#6718 = ORIENTED_EDGE('',*,*,#6344,.F.);
#6719 = ORIENTED_EDGE('',*,*,#6242,.F.);
#6720 = CYLINDRICAL_SURFACE('',#6721,0.6);
#6721 = AXIS2_PLACEMENT_3D('',#6722,#6723,#6724);
#6722 = CARTESIAN_POINT('',(-3.42264973081,0.4,-2.6));
#6723 = DIRECTION('',(0.,0.,1.));
#6724 = DIRECTION('',(1.,0.,-0.));
#6725 = ADVANCED_FACE('',(#6726),#6732,.F.);
#6726 = FACE_BOUND('',#6727,.F.);
#6727 = EDGE_LOOP('',(#6728,#6729,#6730,#6731));
#6728 = ORIENTED_EDGE('',*,*,#5641,.T.);
#6729 = ORIENTED_EDGE('',*,*,#6414,.T.);
#6730 = ORIENTED_EDGE('',*,*,#5561,.T.);
#6731 = ORIENTED_EDGE('',*,*,#6598,.T.);
#6732 = CYLINDRICAL_SURFACE('',#6733,0.3);
#6733 = AXIS2_PLACEMENT_3D('',#6734,#6735,#6736);
#6734 = CARTESIAN_POINT('',(4.346410161514,0.6,-2.6));
#6735 = DIRECTION('',(0.,0.,-1.));
#6736 = DIRECTION('',(-1.,0.,0.));
#6737 = ADVANCED_FACE('',(#6738),#6744,.F.);
#6738 = FACE_BOUND('',#6739,.F.);
#6739 = EDGE_LOOP('',(#6740,#6741,#6742,#6743));
#6740 = ORIENTED_EDGE('',*,*,#5601,.T.);
#6741 = ORIENTED_EDGE('',*,*,#6574,.T.);
#6742 = ORIENTED_EDGE('',*,*,#5521,.T.);
#6743 = ORIENTED_EDGE('',*,*,#6378,.T.);
#6744 = CYLINDRICAL_SURFACE('',#6745,0.3);
#6745 = AXIS2_PLACEMENT_3D('',#6746,#6747,#6748);
#6746 = CARTESIAN_POINT('',(4.346410161514,0.6,-2.6));
#6747 = DIRECTION('',(0.,0.,-1.));
#6748 = DIRECTION('',(-1.,0.,0.));
#6749 = ADVANCED_FACE('',(#6750),#6756,.F.);
#6750 = FACE_BOUND('',#6751,.F.);
#6751 = EDGE_LOOP('',(#6752,#6753,#6754,#6755));
#6752 = ORIENTED_EDGE('',*,*,#5803,.T.);
#6753 = ORIENTED_EDGE('',*,*,#6556,.T.);
#6754 = ORIENTED_EDGE('',*,*,#5725,.T.);
#6755 = ORIENTED_EDGE('',*,*,#6396,.T.);
#6756 = CYLINDRICAL_SURFACE('',#6757,0.3);
#6757 = AXIS2_PLACEMENT_3D('',#6758,#6759,#6760);
#6758 = CARTESIAN_POINT('',(3.42264973081,0.4,-2.6));
#6759 = DIRECTION('',(0.,0.,-1.));
#6760 = DIRECTION('',(-1.,0.,0.));
#6761 = ADVANCED_FACE('',(#6762),#6768,.F.);
#6762 = FACE_BOUND('',#6763,.F.);
#6763 = EDGE_LOOP('',(#6764,#6765,#6766,#6767));
#6764 = ORIENTED_EDGE('',*,*,#5834,.T.);
#6765 = ORIENTED_EDGE('',*,*,#6432,.T.);
#6766 = ORIENTED_EDGE('',*,*,#5765,.T.);
#6767 = ORIENTED_EDGE('',*,*,#6616,.T.);
#6768 = CYLINDRICAL_SURFACE('',#6769,0.3);
#6769 = AXIS2_PLACEMENT_3D('',#6770,#6771,#6772);
#6770 = CARTESIAN_POINT('',(3.42264973081,0.4,-2.6));
#6771 = DIRECTION('',(0.,0.,-1.));
#6772 = DIRECTION('',(-1.,0.,0.));
#6773 = ADVANCED_FACE('',(#6774),#6780,.F.);
#6774 = FACE_BOUND('',#6775,.F.);
#6775 = EDGE_LOOP('',(#6776,#6777,#6778,#6779));
#6776 = ORIENTED_EDGE('',*,*,#5929,.T.);
#6777 = ORIENTED_EDGE('',*,*,#6466,.T.);
#6778 = ORIENTED_EDGE('',*,*,#5865,.T.);
#6779 = ORIENTED_EDGE('',*,*,#6310,.T.);
#6780 = CYLINDRICAL_SURFACE('',#6781,0.3);
#6781 = AXIS2_PLACEMENT_3D('',#6782,#6783,#6784);
#6782 = CARTESIAN_POINT('',(-3.42264973081,0.4,-2.6));
#6783 = DIRECTION('',(0.,0.,-1.));
#6784 = DIRECTION('',(-1.,0.,0.));
#6785 = ADVANCED_FACE('',(#6786),#6792,.F.);
#6786 = FACE_BOUND('',#6787,.F.);
#6787 = EDGE_LOOP('',(#6788,#6789,#6790,#6791));
#6788 = ORIENTED_EDGE('',*,*,#5969,.T.);
#6789 = ORIENTED_EDGE('',*,*,#6334,.T.);
#6790 = ORIENTED_EDGE('',*,*,#5896,.T.);
#6791 = ORIENTED_EDGE('',*,*,#6530,.T.);
#6792 = CYLINDRICAL_SURFACE('',#6793,0.3);
#6793 = AXIS2_PLACEMENT_3D('',#6794,#6795,#6796);
#6794 = CARTESIAN_POINT('',(-3.42264973081,0.4,-2.6));
#6795 = DIRECTION('',(0.,0.,-1.));
#6796 = DIRECTION('',(-1.,0.,0.));
#6797 = ADVANCED_FACE('',(#6798),#6804,.F.);
#6798 = FACE_BOUND('',#6799,.F.);
#6799 = EDGE_LOOP('',(#6800,#6801,#6802,#6803));
#6800 = ORIENTED_EDGE('',*,*,#6133,.T.);
#6801 = ORIENTED_EDGE('',*,*,#6484,.T.);
#6802 = ORIENTED_EDGE('',*,*,#6069,.T.);
#6803 = ORIENTED_EDGE('',*,*,#6292,.T.);
#6804 = CYLINDRICAL_SURFACE('',#6805,0.3);
#6805 = AXIS2_PLACEMENT_3D('',#6806,#6807,#6808);
#6806 = CARTESIAN_POINT('',(-4.346410161514,0.6,-2.6));
#6807 = DIRECTION('',(0.,0.,-1.));
#6808 = DIRECTION('',(-1.,0.,0.));
#6809 = ADVANCED_FACE('',(#6810),#6816,.F.);
#6810 = FACE_BOUND('',#6811,.F.);
#6811 = EDGE_LOOP('',(#6812,#6813,#6814,#6815));
#6812 = ORIENTED_EDGE('',*,*,#6173,.T.);
#6813 = ORIENTED_EDGE('',*,*,#6352,.T.);
#6814 = ORIENTED_EDGE('',*,*,#6100,.T.);
#6815 = ORIENTED_EDGE('',*,*,#6512,.T.);
#6816 = CYLINDRICAL_SURFACE('',#6817,0.3);
#6817 = AXIS2_PLACEMENT_3D('',#6818,#6819,#6820);
#6818 = CARTESIAN_POINT('',(-4.346410161514,0.6,-2.6));
#6819 = DIRECTION('',(0.,0.,-1.));
#6820 = DIRECTION('',(-1.,0.,0.));
#6821 = ( GEOMETRIC_REPRESENTATION_CONTEXT(3) 
GLOBAL_UNCERTAINTY_ASSIGNED_CONTEXT((#6825)) 
GLOBAL_UNIT_ASSIGNED_CONTEXT((#6822,#6823,#6824)) REPRESENTATION_CONTEXT
('Context #1','3D Context with UNIT and UNCERTAINTY') );
#6822 = ( LENGTH_UNIT() NAMED_UNIT(*) SI_UNIT(.MILLI.,.METRE.) );
#6823 = ( NAMED_UNIT(*) PLANE_ANGLE_UNIT() SI_UNIT($,.RADIAN.) );
#6824 = ( NAMED_UNIT(*) SI_UNIT($,.STERADIAN.) SOLID_ANGLE_UNIT() );
#6825 = UNCERTAINTY_MEASURE_WITH_UNIT(LENGTH_MEASURE(1.E-07),#6822,
  'distance_accuracy_value','confusion accuracy');
#6826 = CONTEXT_DEPENDENT_SHAPE_REPRESENTATION(#6827,#6829);
#6827 = ( REPRESENTATION_RELATIONSHIP('','',#3522,#10) 
REPRESENTATION_RELATIONSHIP_WITH_TRANSFORMATION(#6828) 
SHAPE_REPRESENTATION_RELATIONSHIP() );
#6828 = ITEM_DEFINED_TRANSFORMATION('','',#11,#31);
#6829 = PRODUCT_DEFINITION_SHAPE('Placement','Placement of an item',
  #6830);
#6830 = NEXT_ASSEMBLY_USAGE_OCCURRENCE('7','S2','',#5,#3517,$);
#6831 = PRODUCT_RELATED_PRODUCT_CATEGORY('part',$,(#3519));
#6832 = CONTEXT_DEPENDENT_SHAPE_REPRESENTATION(#6833,#6835);
#6833 = ( REPRESENTATION_RELATIONSHIP('','',#2649,#10) 
REPRESENTATION_RELATIONSHIP_WITH_TRANSFORMATION(#6834) 
SHAPE_REPRESENTATION_RELATIONSHIP() );
#6834 = ITEM_DEFINED_TRANSFORMATION('','',#11,#35);
#6835 = PRODUCT_DEFINITION_SHAPE('Placement','Placement of an item',
  #6836);
#6836 = NEXT_ASSEMBLY_USAGE_OCCURRENCE('8','C48','',#5,#2644,$);
#6837 = CONTEXT_DEPENDENT_SHAPE_REPRESENTATION(#6838,#6840);
#6838 = ( REPRESENTATION_RELATIONSHIP('','',#3522,#10) 
REPRESENTATION_RELATIONSHIP_WITH_TRANSFORMATION(#6839) 
SHAPE_REPRESENTATION_RELATIONSHIP() );
#6839 = ITEM_DEFINED_TRANSFORMATION('','',#11,#39);
#6840 = PRODUCT_DEFINITION_SHAPE('Placement','Placement of an item',
  #6841);
#6841 = NEXT_ASSEMBLY_USAGE_OCCURRENCE('9','S3','',#5,#3517,$);
#6842 = CONTEXT_DEPENDENT_SHAPE_REPRESENTATION(#6843,#6845);
#6843 = ( REPRESENTATION_RELATIONSHIP('','',#2649,#10) 
REPRESENTATION_RELATIONSHIP_WITH_TRANSFORMATION(#6844) 
SHAPE_REPRESENTATION_RELATIONSHIP() );
#6844 = ITEM_DEFINED_TRANSFORMATION('','',#11,#43);
#6845 = PRODUCT_DEFINITION_SHAPE('Placement','Placement of an item',
  #6846);
#6846 = NEXT_ASSEMBLY_USAGE_OCCURRENCE('10','C54','',#5,#2644,$);
#6847 = CONTEXT_DEPENDENT_SHAPE_REPRESENTATION(#6848,#6850);
#6848 = ( REPRESENTATION_RELATIONSHIP('','',#1025,#10) 
REPRESENTATION_RELATIONSHIP_WITH_TRANSFORMATION(#6849) 
SHAPE_REPRESENTATION_RELATIONSHIP() );
#6849 = ITEM_DEFINED_TRANSFORMATION('','',#11,#47);
#6850 = PRODUCT_DEFINITION_SHAPE('Placement','Placement of an item',
  #6851);
#6851 = NEXT_ASSEMBLY_USAGE_OCCURRENCE('11','R18','',#5,#1020,$);
#6852 = CONTEXT_DEPENDENT_SHAPE_REPRESENTATION(#6853,#6855);
#6853 = ( REPRESENTATION_RELATIONSHIP('','',#2649,#10) 
REPRESENTATION_RELATIONSHIP_WITH_TRANSFORMATION(#6854) 
SHAPE_REPRESENTATION_RELATIONSHIP() );
#6854 = ITEM_DEFINED_TRANSFORMATION('','',#11,#51);
#6855 = PRODUCT_DEFINITION_SHAPE('Placement','Placement of an item',
  #6856);
#6856 = NEXT_ASSEMBLY_USAGE_OCCURRENCE('12','C52','',#5,#2644,$);
#6857 = CONTEXT_DEPENDENT_SHAPE_REPRESENTATION(#6858,#6860);
#6858 = ( REPRESENTATION_RELATIONSHIP('','',#2649,#10) 
REPRESENTATION_RELATIONSHIP_WITH_TRANSFORMATION(#6859) 
SHAPE_REPRESENTATION_RELATIONSHIP() );
#6859 = ITEM_DEFINED_TRANSFORMATION('','',#11,#55);
#6860 = PRODUCT_DEFINITION_SHAPE('Placement','Placement of an item',
  #6861);
#6861 = NEXT_ASSEMBLY_USAGE_OCCURRENCE('13','C56','',#5,#2644,$);
#6862 = CONTEXT_DEPENDENT_SHAPE_REPRESENTATION(#6863,#6865);
#6863 = ( REPRESENTATION_RELATIONSHIP('','',#2649,#10) 
REPRESENTATION_RELATIONSHIP_WITH_TRANSFORMATION(#6864) 
SHAPE_REPRESENTATION_RELATIONSHIP() );
#6864 = ITEM_DEFINED_TRANSFORMATION('','',#11,#59);
#6865 = PRODUCT_DEFINITION_SHAPE('Placement','Placement of an item',
  #6866);
#6866 = NEXT_ASSEMBLY_USAGE_OCCURRENCE('14','C51','',#5,#2644,$);
#6867 = CONTEXT_DEPENDENT_SHAPE_REPRESENTATION(#6868,#6870);
#6868 = ( REPRESENTATION_RELATIONSHIP('','',#1025,#10) 
REPRESENTATION_RELATIONSHIP_WITH_TRANSFORMATION(#6869) 
SHAPE_REPRESENTATION_RELATIONSHIP() );
#6869 = ITEM_DEFINED_TRANSFORMATION('','',#11,#63);
#6870 = PRODUCT_DEFINITION_SHAPE('Placement','Placement of an item',
  #6871);
#6871 = NEXT_ASSEMBLY_USAGE_OCCURRENCE('15','R9','',#5,#1020,$);
#6872 = CONTEXT_DEPENDENT_SHAPE_REPRESENTATION(#6873,#6875);
#6873 = ( REPRESENTATION_RELATIONSHIP('','',#3522,#10) 
REPRESENTATION_RELATIONSHIP_WITH_TRANSFORMATION(#6874) 
SHAPE_REPRESENTATION_RELATIONSHIP() );
#6874 = ITEM_DEFINED_TRANSFORMATION('','',#11,#67);
#6875 = PRODUCT_DEFINITION_SHAPE('Placement','Placement of an item',
  #6876);
#6876 = NEXT_ASSEMBLY_USAGE_OCCURRENCE('16','S1','',#5,#3517,$);
#6877 = CONTEXT_DEPENDENT_SHAPE_REPRESENTATION(#6878,#6880);
#6878 = ( REPRESENTATION_RELATIONSHIP('','',#1025,#10) 
REPRESENTATION_RELATIONSHIP_WITH_TRANSFORMATION(#6879) 
SHAPE_REPRESENTATION_RELATIONSHIP() );
#6879 = ITEM_DEFINED_TRANSFORMATION('','',#11,#71);
#6880 = PRODUCT_DEFINITION_SHAPE('Placement','Placement of an item',
  #6881);
#6881 = NEXT_ASSEMBLY_USAGE_OCCURRENCE('17','R47','',#5,#1020,$);
#6882 = CONTEXT_DEPENDENT_SHAPE_REPRESENTATION(#6883,#6885);
#6883 = ( REPRESENTATION_RELATIONSHIP('','',#2649,#10) 
REPRESENTATION_RELATIONSHIP_WITH_TRANSFORMATION(#6884) 
SHAPE_REPRESENTATION_RELATIONSHIP() );
#6884 = ITEM_DEFINED_TRANSFORMATION('','',#11,#75);
#6885 = PRODUCT_DEFINITION_SHAPE('Placement','Placement of an item',
  #6886);
#6886 = NEXT_ASSEMBLY_USAGE_OCCURRENCE('18','C49','',#5,#2644,$);
#6887 = CONTEXT_DEPENDENT_SHAPE_REPRESENTATION(#6888,#6890);
#6888 = ( REPRESENTATION_RELATIONSHIP('','',#1025,#10) 
REPRESENTATION_RELATIONSHIP_WITH_TRANSFORMATION(#6889) 
SHAPE_REPRESENTATION_RELATIONSHIP() );
#6889 = ITEM_DEFINED_TRANSFORMATION('','',#11,#79);
#6890 = PRODUCT_DEFINITION_SHAPE('Placement','Placement of an item',
  #6891);
#6891 = NEXT_ASSEMBLY_USAGE_OCCURRENCE('19','R22','',#5,#1020,$);
#6892 = CONTEXT_DEPENDENT_SHAPE_REPRESENTATION(#6893,#6895);
#6893 = ( REPRESENTATION_RELATIONSHIP('','',#152,#10) 
REPRESENTATION_RELATIONSHIP_WITH_TRANSFORMATION(#6894) 
SHAPE_REPRESENTATION_RELATIONSHIP() );
#6894 = ITEM_DEFINED_TRANSFORMATION('','',#11,#83);
#6895 = PRODUCT_DEFINITION_SHAPE('Placement','Placement of an item',
  #6896);
#6896 = NEXT_ASSEMBLY_USAGE_OCCURRENCE('20','L7','',#5,#147,$);
#6897 = CONTEXT_DEPENDENT_SHAPE_REPRESENTATION(#6898,#6900);
#6898 = ( REPRESENTATION_RELATIONSHIP('','',#152,#10) 
REPRESENTATION_RELATIONSHIP_WITH_TRANSFORMATION(#6899) 
SHAPE_REPRESENTATION_RELATIONSHIP() );
#6899 = ITEM_DEFINED_TRANSFORMATION('','',#11,#87);
#6900 = PRODUCT_DEFINITION_SHAPE('Placement','Placement of an item',
  #6901);
#6901 = NEXT_ASSEMBLY_USAGE_OCCURRENCE('21','L8','',#5,#147,$);
#6902 = CONTEXT_DEPENDENT_SHAPE_REPRESENTATION(#6903,#6905);
#6903 = ( REPRESENTATION_RELATIONSHIP('','',#1025,#10) 
REPRESENTATION_RELATIONSHIP_WITH_TRANSFORMATION(#6904) 
SHAPE_REPRESENTATION_RELATIONSHIP() );
#6904 = ITEM_DEFINED_TRANSFORMATION('','',#11,#91);
#6905 = PRODUCT_DEFINITION_SHAPE('Placement','Placement of an item',
  #6906);
#6906 = NEXT_ASSEMBLY_USAGE_OCCURRENCE('22','R6','',#5,#1020,$);
#6907 = CONTEXT_DEPENDENT_SHAPE_REPRESENTATION(#6908,#6910);
#6908 = ( REPRESENTATION_RELATIONSHIP('','',#2649,#10) 
REPRESENTATION_RELATIONSHIP_WITH_TRANSFORMATION(#6909) 
SHAPE_REPRESENTATION_RELATIONSHIP() );
#6909 = ITEM_DEFINED_TRANSFORMATION('','',#11,#95);
#6910 = PRODUCT_DEFINITION_SHAPE('Placement','Placement of an item',
  #6911);
#6911 = NEXT_ASSEMBLY_USAGE_OCCURRENCE('23','C47','',#5,#2644,$);
#6912 = CONTEXT_DEPENDENT_SHAPE_REPRESENTATION(#6913,#6915);
#6913 = ( REPRESENTATION_RELATIONSHIP('','',#1025,#10) 
REPRESENTATION_RELATIONSHIP_WITH_TRANSFORMATION(#6914) 
SHAPE_REPRESENTATION_RELATIONSHIP() );
#6914 = ITEM_DEFINED_TRANSFORMATION('','',#11,#99);
#6915 = PRODUCT_DEFINITION_SHAPE('Placement','Placement of an item',
  #6916);
#6916 = NEXT_ASSEMBLY_USAGE_OCCURRENCE('24','R17','',#5,#1020,$);
#6917 = SHAPE_DEFINITION_REPRESENTATION(#6918,#6924);
#6918 = PRODUCT_DEFINITION_SHAPE('','',#6919);
#6919 = PRODUCT_DEFINITION('design','',#6920,#6923);
#6920 = PRODUCT_DEFINITION_FORMATION('','',#6921);
#6921 = PRODUCT('C_0805_2012Metric','C_0805_2012Metric','',(#6922));
#6922 = PRODUCT_CONTEXT('',#2,'mechanical');
#6923 = PRODUCT_DEFINITION_CONTEXT('part definition',#2,'design');
#6924 = ADVANCED_BREP_SHAPE_REPRESENTATION('',(#11,#6925),#7779);
#6925 = MANIFOLD_SOLID_BREP('',#6926);
#6926 = CLOSED_SHELL('',(#6927,#7003,#7034,#7059,#7084,#7108,#7132,#7157
    ,#7182,#7199,#7285,#7317,#7341,#7366,#7390,#7415,#7439,#7464,#7481,
    #7567,#7598,#7623,#7648,#7672,#7696,#7721,#7746,#7763));
#6927 = ADVANCED_FACE('',(#6928),#6998,.F.);
#6928 = FACE_BOUND('',#6929,.F.);
#6929 = EDGE_LOOP('',(#6930,#6940,#6949,#6957,#6966,#6974,#6983,#6991));
#6930 = ORIENTED_EDGE('',*,*,#6931,.F.);
#6931 = EDGE_CURVE('',#6932,#6934,#6936,.T.);
#6932 = VERTEX_POINT('',#6933);
#6933 = CARTESIAN_POINT('',(-1.,-0.625,4.E-02));
#6934 = VERTEX_POINT('',#6935);
#6935 = CARTESIAN_POINT('',(-1.,-0.625,1.21));
#6936 = LINE('',#6937,#6938);
#6937 = CARTESIAN_POINT('',(-1.,-0.625,0.));
#6938 = VECTOR('',#6939,1.);
#6939 = DIRECTION('',(0.,0.,1.));
#6940 = ORIENTED_EDGE('',*,*,#6941,.T.);
#6941 = EDGE_CURVE('',#6932,#6942,#6944,.T.);
#6942 = VERTEX_POINT('',#6943);
#6943 = CARTESIAN_POINT('',(-1.,-0.585,0.));
#6944 = CIRCLE('',#6945,4.E-02);
#6945 = AXIS2_PLACEMENT_3D('',#6946,#6947,#6948);
#6946 = CARTESIAN_POINT('',(-1.,-0.585,4.E-02));
#6947 = DIRECTION('',(1.,0.,-0.));
#6948 = DIRECTION('',(0.,0.,1.));
#6949 = ORIENTED_EDGE('',*,*,#6950,.T.);
#6950 = EDGE_CURVE('',#6942,#6951,#6953,.T.);
#6951 = VERTEX_POINT('',#6952);
#6952 = CARTESIAN_POINT('',(-1.,0.585,0.));
#6953 = LINE('',#6954,#6955);
#6954 = CARTESIAN_POINT('',(-1.,-0.625,0.));
#6955 = VECTOR('',#6956,1.);
#6956 = DIRECTION('',(0.,1.,0.));
#6957 = ORIENTED_EDGE('',*,*,#6958,.F.);
#6958 = EDGE_CURVE('',#6959,#6951,#6961,.T.);
#6959 = VERTEX_POINT('',#6960);
#6960 = CARTESIAN_POINT('',(-1.,0.625,4.E-02));
#6961 = CIRCLE('',#6962,4.E-02);
#6962 = AXIS2_PLACEMENT_3D('',#6963,#6964,#6965);
#6963 = CARTESIAN_POINT('',(-1.,0.585,4.E-02));
#6964 = DIRECTION('',(-1.,0.,0.));
#6965 = DIRECTION('',(0.,0.,1.));
#6966 = ORIENTED_EDGE('',*,*,#6967,.T.);
#6967 = EDGE_CURVE('',#6959,#6968,#6970,.T.);
#6968 = VERTEX_POINT('',#6969);
#6969 = CARTESIAN_POINT('',(-1.,0.625,1.21));
#6970 = LINE('',#6971,#6972);
#6971 = CARTESIAN_POINT('',(-1.,0.625,0.));
#6972 = VECTOR('',#6973,1.);
#6973 = DIRECTION('',(0.,0.,1.));
#6974 = ORIENTED_EDGE('',*,*,#6975,.T.);
#6975 = EDGE_CURVE('',#6968,#6976,#6978,.T.);
#6976 = VERTEX_POINT('',#6977);
#6977 = CARTESIAN_POINT('',(-1.,0.585,1.25));
#6978 = CIRCLE('',#6979,4.E-02);
#6979 = AXIS2_PLACEMENT_3D('',#6980,#6981,#6982);
#6980 = CARTESIAN_POINT('',(-1.,0.585,1.21));
#6981 = DIRECTION('',(1.,0.,-0.));
#6982 = DIRECTION('',(0.,0.,1.));
#6983 = ORIENTED_EDGE('',*,*,#6984,.F.);
#6984 = EDGE_CURVE('',#6985,#6976,#6987,.T.);
#6985 = VERTEX_POINT('',#6986);
#6986 = CARTESIAN_POINT('',(-1.,-0.585,1.25));
#6987 = LINE('',#6988,#6989);
#6988 = CARTESIAN_POINT('',(-1.,-0.625,1.25));
#6989 = VECTOR('',#6990,1.);
#6990 = DIRECTION('',(0.,1.,0.));
#6991 = ORIENTED_EDGE('',*,*,#6992,.F.);
#6992 = EDGE_CURVE('',#6934,#6985,#6993,.T.);
#6993 = CIRCLE('',#6994,4.E-02);
#6994 = AXIS2_PLACEMENT_3D('',#6995,#6996,#6997);
#6995 = CARTESIAN_POINT('',(-1.,-0.585,1.21));
#6996 = DIRECTION('',(-1.,0.,0.));
#6997 = DIRECTION('',(0.,0.,1.));
#6998 = PLANE('',#6999);
#6999 = AXIS2_PLACEMENT_3D('',#7000,#7001,#7002);
#7000 = CARTESIAN_POINT('',(-1.,-0.625,0.));
#7001 = DIRECTION('',(1.,0.,0.));
#7002 = DIRECTION('',(0.,0.,1.));
#7003 = ADVANCED_FACE('',(#7004),#7029,.F.);
#7004 = FACE_BOUND('',#7005,.F.);
#7005 = EDGE_LOOP('',(#7006,#7016,#7022,#7023));
#7006 = ORIENTED_EDGE('',*,*,#7007,.F.);
#7007 = EDGE_CURVE('',#7008,#7010,#7012,.T.);
#7008 = VERTEX_POINT('',#7009);
#7009 = CARTESIAN_POINT('',(-0.6,-0.625,4.E-02));
#7010 = VERTEX_POINT('',#7011);
#7011 = CARTESIAN_POINT('',(-0.6,-0.625,1.21));
#7012 = LINE('',#7013,#7014);
#7013 = CARTESIAN_POINT('',(-0.6,-0.625,0.));
#7014 = VECTOR('',#7015,1.);
#7015 = DIRECTION('',(0.,0.,1.));
#7016 = ORIENTED_EDGE('',*,*,#7017,.F.);
#7017 = EDGE_CURVE('',#6932,#7008,#7018,.T.);
#7018 = LINE('',#7019,#7020);
#7019 = CARTESIAN_POINT('',(-1.,-0.625,4.E-02));
#7020 = VECTOR('',#7021,1.);
#7021 = DIRECTION('',(1.,0.,0.));
#7022 = ORIENTED_EDGE('',*,*,#6931,.T.);
#7023 = ORIENTED_EDGE('',*,*,#7024,.T.);
#7024 = EDGE_CURVE('',#6934,#7010,#7025,.T.);
#7025 = LINE('',#7026,#7027);
#7026 = CARTESIAN_POINT('',(-1.,-0.625,1.21));
#7027 = VECTOR('',#7028,1.);
#7028 = DIRECTION('',(1.,0.,0.));
#7029 = PLANE('',#7030);
#7030 = AXIS2_PLACEMENT_3D('',#7031,#7032,#7033);
#7031 = CARTESIAN_POINT('',(-1.,-0.625,0.));
#7032 = DIRECTION('',(0.,1.,0.));
#7033 = DIRECTION('',(0.,-0.,1.));
#7034 = ADVANCED_FACE('',(#7035),#7054,.T.);
#7035 = FACE_BOUND('',#7036,.T.);
#7036 = EDGE_LOOP('',(#7037,#7038,#7046,#7053));
#7037 = ORIENTED_EDGE('',*,*,#6941,.T.);
#7038 = ORIENTED_EDGE('',*,*,#7039,.T.);
#7039 = EDGE_CURVE('',#6942,#7040,#7042,.T.);
#7040 = VERTEX_POINT('',#7041);
#7041 = CARTESIAN_POINT('',(-0.6,-0.585,0.));
#7042 = LINE('',#7043,#7044);
#7043 = CARTESIAN_POINT('',(-1.,-0.585,0.));
#7044 = VECTOR('',#7045,1.);
#7045 = DIRECTION('',(1.,0.,0.));
#7046 = ORIENTED_EDGE('',*,*,#7047,.F.);
#7047 = EDGE_CURVE('',#7008,#7040,#7048,.T.);
#7048 = CIRCLE('',#7049,4.E-02);
#7049 = AXIS2_PLACEMENT_3D('',#7050,#7051,#7052);
#7050 = CARTESIAN_POINT('',(-0.6,-0.585,4.E-02));
#7051 = DIRECTION('',(1.,0.,-0.));
#7052 = DIRECTION('',(0.,0.,1.));
#7053 = ORIENTED_EDGE('',*,*,#7017,.F.);
#7054 = CYLINDRICAL_SURFACE('',#7055,4.E-02);
#7055 = AXIS2_PLACEMENT_3D('',#7056,#7057,#7058);
#7056 = CARTESIAN_POINT('',(-1.,-0.585,4.E-02));
#7057 = DIRECTION('',(1.,0.,0.));
#7058 = DIRECTION('',(0.,-1.,0.));
#7059 = ADVANCED_FACE('',(#7060),#7079,.T.);
#7060 = FACE_BOUND('',#7061,.T.);
#7061 = EDGE_LOOP('',(#7062,#7063,#7072,#7078));
#7062 = ORIENTED_EDGE('',*,*,#7024,.T.);
#7063 = ORIENTED_EDGE('',*,*,#7064,.T.);
#7064 = EDGE_CURVE('',#7010,#7065,#7067,.T.);
#7065 = VERTEX_POINT('',#7066);
#7066 = CARTESIAN_POINT('',(-0.6,-0.585,1.25));
#7067 = CIRCLE('',#7068,4.E-02);
#7068 = AXIS2_PLACEMENT_3D('',#7069,#7070,#7071);
#7069 = CARTESIAN_POINT('',(-0.6,-0.585,1.21));
#7070 = DIRECTION('',(-1.,0.,0.));
#7071 = DIRECTION('',(0.,0.,1.));
#7072 = ORIENTED_EDGE('',*,*,#7073,.F.);
#7073 = EDGE_CURVE('',#6985,#7065,#7074,.T.);
#7074 = LINE('',#7075,#7076);
#7075 = CARTESIAN_POINT('',(-1.,-0.585,1.25));
#7076 = VECTOR('',#7077,1.);
#7077 = DIRECTION('',(1.,0.,0.));
#7078 = ORIENTED_EDGE('',*,*,#6992,.F.);
#7079 = CYLINDRICAL_SURFACE('',#7080,4.E-02);
#7080 = AXIS2_PLACEMENT_3D('',#7081,#7082,#7083);
#7081 = CARTESIAN_POINT('',(-1.,-0.585,1.21));
#7082 = DIRECTION('',(1.,0.,0.));
#7083 = DIRECTION('',(0.,-1.,0.));
#7084 = ADVANCED_FACE('',(#7085),#7103,.F.);
#7085 = FACE_BOUND('',#7086,.F.);
#7086 = EDGE_LOOP('',(#7087,#7088,#7089,#7097));
#7087 = ORIENTED_EDGE('',*,*,#6950,.F.);
#7088 = ORIENTED_EDGE('',*,*,#7039,.T.);
#7089 = ORIENTED_EDGE('',*,*,#7090,.T.);
#7090 = EDGE_CURVE('',#7040,#7091,#7093,.T.);
#7091 = VERTEX_POINT('',#7092);
#7092 = CARTESIAN_POINT('',(-0.6,0.585,0.));
#7093 = LINE('',#7094,#7095);
#7094 = CARTESIAN_POINT('',(-0.6,-0.625,0.));
#7095 = VECTOR('',#7096,1.);
#7096 = DIRECTION('',(0.,1.,0.));
#7097 = ORIENTED_EDGE('',*,*,#7098,.F.);
#7098 = EDGE_CURVE('',#6951,#7091,#7099,.T.);
#7099 = LINE('',#7100,#7101);
#7100 = CARTESIAN_POINT('',(-1.,0.585,0.));
#7101 = VECTOR('',#7102,1.);
#7102 = DIRECTION('',(1.,0.,0.));
#7103 = PLANE('',#7104);
#7104 = AXIS2_PLACEMENT_3D('',#7105,#7106,#7107);
#7105 = CARTESIAN_POINT('',(-1.,-0.625,0.));
#7106 = DIRECTION('',(0.,0.,1.));
#7107 = DIRECTION('',(1.,0.,-0.));
#7108 = ADVANCED_FACE('',(#7109),#7127,.T.);
#7109 = FACE_BOUND('',#7110,.T.);
#7110 = EDGE_LOOP('',(#7111,#7112,#7113,#7121));
#7111 = ORIENTED_EDGE('',*,*,#6984,.F.);
#7112 = ORIENTED_EDGE('',*,*,#7073,.T.);
#7113 = ORIENTED_EDGE('',*,*,#7114,.T.);
#7114 = EDGE_CURVE('',#7065,#7115,#7117,.T.);
#7115 = VERTEX_POINT('',#7116);
#7116 = CARTESIAN_POINT('',(-0.6,0.585,1.25));
#7117 = LINE('',#7118,#7119);
#7118 = CARTESIAN_POINT('',(-0.6,-0.625,1.25));
#7119 = VECTOR('',#7120,1.);
#7120 = DIRECTION('',(0.,1.,0.));
#7121 = ORIENTED_EDGE('',*,*,#7122,.F.);
#7122 = EDGE_CURVE('',#6976,#7115,#7123,.T.);
#7123 = LINE('',#7124,#7125);
#7124 = CARTESIAN_POINT('',(-1.,0.585,1.25));
#7125 = VECTOR('',#7126,1.);
#7126 = DIRECTION('',(1.,0.,0.));
#7127 = PLANE('',#7128);
#7128 = AXIS2_PLACEMENT_3D('',#7129,#7130,#7131);
#7129 = CARTESIAN_POINT('',(-1.,-0.625,1.25));
#7130 = DIRECTION('',(0.,0.,1.));
#7131 = DIRECTION('',(1.,0.,-0.));
#7132 = ADVANCED_FACE('',(#7133),#7152,.T.);
#7133 = FACE_BOUND('',#7134,.T.);
#7134 = EDGE_LOOP('',(#7135,#7143,#7150,#7151));
#7135 = ORIENTED_EDGE('',*,*,#7136,.T.);
#7136 = EDGE_CURVE('',#6959,#7137,#7139,.T.);
#7137 = VERTEX_POINT('',#7138);
#7138 = CARTESIAN_POINT('',(-0.6,0.625,4.E-02));
#7139 = LINE('',#7140,#7141);
#7140 = CARTESIAN_POINT('',(-1.,0.625,4.E-02));
#7141 = VECTOR('',#7142,1.);
#7142 = DIRECTION('',(1.,0.,0.));
#7143 = ORIENTED_EDGE('',*,*,#7144,.T.);
#7144 = EDGE_CURVE('',#7137,#7091,#7145,.T.);
#7145 = CIRCLE('',#7146,4.E-02);
#7146 = AXIS2_PLACEMENT_3D('',#7147,#7148,#7149);
#7147 = CARTESIAN_POINT('',(-0.6,0.585,4.E-02));
#7148 = DIRECTION('',(-1.,0.,0.));
#7149 = DIRECTION('',(0.,0.,1.));
#7150 = ORIENTED_EDGE('',*,*,#7098,.F.);
#7151 = ORIENTED_EDGE('',*,*,#6958,.F.);
#7152 = CYLINDRICAL_SURFACE('',#7153,4.E-02);
#7153 = AXIS2_PLACEMENT_3D('',#7154,#7155,#7156);
#7154 = CARTESIAN_POINT('',(-1.,0.585,4.E-02));
#7155 = DIRECTION('',(1.,0.,0.));
#7156 = DIRECTION('',(-0.,1.,0.));
#7157 = ADVANCED_FACE('',(#7158),#7177,.T.);
#7158 = FACE_BOUND('',#7159,.T.);
#7159 = EDGE_LOOP('',(#7160,#7161,#7162,#7171));
#7160 = ORIENTED_EDGE('',*,*,#6975,.T.);
#7161 = ORIENTED_EDGE('',*,*,#7122,.T.);
#7162 = ORIENTED_EDGE('',*,*,#7163,.F.);
#7163 = EDGE_CURVE('',#7164,#7115,#7166,.T.);
#7164 = VERTEX_POINT('',#7165);
#7165 = CARTESIAN_POINT('',(-0.6,0.625,1.21));
#7166 = CIRCLE('',#7167,4.E-02);
#7167 = AXIS2_PLACEMENT_3D('',#7168,#7169,#7170);
#7168 = CARTESIAN_POINT('',(-0.6,0.585,1.21));
#7169 = DIRECTION('',(1.,0.,-0.));
#7170 = DIRECTION('',(0.,0.,1.));
#7171 = ORIENTED_EDGE('',*,*,#7172,.F.);
#7172 = EDGE_CURVE('',#6968,#7164,#7173,.T.);
#7173 = LINE('',#7174,#7175);
#7174 = CARTESIAN_POINT('',(-1.,0.625,1.21));
#7175 = VECTOR('',#7176,1.);
#7176 = DIRECTION('',(1.,0.,0.));
#7177 = CYLINDRICAL_SURFACE('',#7178,4.E-02);
#7178 = AXIS2_PLACEMENT_3D('',#7179,#7180,#7181);
#7179 = CARTESIAN_POINT('',(-1.,0.585,1.21));
#7180 = DIRECTION('',(1.,0.,0.));
#7181 = DIRECTION('',(-0.,1.,0.));
#7182 = ADVANCED_FACE('',(#7183),#7194,.T.);
#7183 = FACE_BOUND('',#7184,.T.);
#7184 = EDGE_LOOP('',(#7185,#7191,#7192,#7193));
#7185 = ORIENTED_EDGE('',*,*,#7186,.F.);
#7186 = EDGE_CURVE('',#7137,#7164,#7187,.T.);
#7187 = LINE('',#7188,#7189);
#7188 = CARTESIAN_POINT('',(-0.6,0.625,0.));
#7189 = VECTOR('',#7190,1.);
#7190 = DIRECTION('',(0.,0.,1.));
#7191 = ORIENTED_EDGE('',*,*,#7136,.F.);
#7192 = ORIENTED_EDGE('',*,*,#6967,.T.);
#7193 = ORIENTED_EDGE('',*,*,#7172,.T.);
#7194 = PLANE('',#7195);
#7195 = AXIS2_PLACEMENT_3D('',#7196,#7197,#7198);
#7196 = CARTESIAN_POINT('',(-1.,0.625,0.));
#7197 = DIRECTION('',(0.,1.,0.));
#7198 = DIRECTION('',(0.,-0.,1.));
#7199 = ADVANCED_FACE('',(#7200,#7210),#7280,.T.);
#7200 = FACE_BOUND('',#7201,.T.);
#7201 = EDGE_LOOP('',(#7202,#7203,#7204,#7205,#7206,#7207,#7208,#7209));
#7202 = ORIENTED_EDGE('',*,*,#7007,.F.);
#7203 = ORIENTED_EDGE('',*,*,#7047,.T.);
#7204 = ORIENTED_EDGE('',*,*,#7090,.T.);
#7205 = ORIENTED_EDGE('',*,*,#7144,.F.);
#7206 = ORIENTED_EDGE('',*,*,#7186,.T.);
#7207 = ORIENTED_EDGE('',*,*,#7163,.T.);
#7208 = ORIENTED_EDGE('',*,*,#7114,.F.);
#7209 = ORIENTED_EDGE('',*,*,#7064,.F.);
#7210 = FACE_BOUND('',#7211,.T.);
#7211 = EDGE_LOOP('',(#7212,#7223,#7231,#7240,#7248,#7257,#7265,#7274));
#7212 = ORIENTED_EDGE('',*,*,#7213,.F.);
#7213 = EDGE_CURVE('',#7214,#7216,#7218,.T.);
#7214 = VERTEX_POINT('',#7215);
#7215 = CARTESIAN_POINT('',(-0.6,-0.585,8.E-02));
#7216 = VERTEX_POINT('',#7217);
#7217 = CARTESIAN_POINT('',(-0.6,-0.545,4.E-02));
#7218 = CIRCLE('',#7219,4.E-02);
#7219 = AXIS2_PLACEMENT_3D('',#7220,#7221,#7222);
#7220 = CARTESIAN_POINT('',(-0.6,-0.545,8.E-02));
#7221 = DIRECTION('',(1.,0.,-0.));
#7222 = DIRECTION('',(0.,0.,1.));
#7223 = ORIENTED_EDGE('',*,*,#7224,.T.);
#7224 = EDGE_CURVE('',#7214,#7225,#7227,.T.);
#7225 = VERTEX_POINT('',#7226);
#7226 = CARTESIAN_POINT('',(-0.6,-0.585,1.17));
#7227 = LINE('',#7228,#7229);
#7228 = CARTESIAN_POINT('',(-0.6,-0.585,4.E-02));
#7229 = VECTOR('',#7230,1.);
#7230 = DIRECTION('',(0.,0.,1.));
#7231 = ORIENTED_EDGE('',*,*,#7232,.T.);
#7232 = EDGE_CURVE('',#7225,#7233,#7235,.T.);
#7233 = VERTEX_POINT('',#7234);
#7234 = CARTESIAN_POINT('',(-0.6,-0.545,1.21));
#7235 = CIRCLE('',#7236,4.E-02);
#7236 = AXIS2_PLACEMENT_3D('',#7237,#7238,#7239);
#7237 = CARTESIAN_POINT('',(-0.6,-0.545,1.17));
#7238 = DIRECTION('',(-1.,0.,0.));
#7239 = DIRECTION('',(0.,0.,1.));
#7240 = ORIENTED_EDGE('',*,*,#7241,.T.);
#7241 = EDGE_CURVE('',#7233,#7242,#7244,.T.);
#7242 = VERTEX_POINT('',#7243);
#7243 = CARTESIAN_POINT('',(-0.6,0.545,1.21));
#7244 = LINE('',#7245,#7246);
#7245 = CARTESIAN_POINT('',(-0.6,-0.585,1.21));
#7246 = VECTOR('',#7247,1.);
#7247 = DIRECTION('',(0.,1.,0.));
#7248 = ORIENTED_EDGE('',*,*,#7249,.F.);
#7249 = EDGE_CURVE('',#7250,#7242,#7252,.T.);
#7250 = VERTEX_POINT('',#7251);
#7251 = CARTESIAN_POINT('',(-0.6,0.585,1.17));
#7252 = CIRCLE('',#7253,4.E-02);
#7253 = AXIS2_PLACEMENT_3D('',#7254,#7255,#7256);
#7254 = CARTESIAN_POINT('',(-0.6,0.545,1.17));
#7255 = DIRECTION('',(1.,0.,-0.));
#7256 = DIRECTION('',(0.,0.,1.));
#7257 = ORIENTED_EDGE('',*,*,#7258,.F.);
#7258 = EDGE_CURVE('',#7259,#7250,#7261,.T.);
#7259 = VERTEX_POINT('',#7260);
#7260 = CARTESIAN_POINT('',(-0.6,0.585,8.E-02));
#7261 = LINE('',#7262,#7263);
#7262 = CARTESIAN_POINT('',(-0.6,0.585,4.E-02));
#7263 = VECTOR('',#7264,1.);
#7264 = DIRECTION('',(0.,0.,1.));
#7265 = ORIENTED_EDGE('',*,*,#7266,.T.);
#7266 = EDGE_CURVE('',#7259,#7267,#7269,.T.);
#7267 = VERTEX_POINT('',#7268);
#7268 = CARTESIAN_POINT('',(-0.6,0.545,4.E-02));
#7269 = CIRCLE('',#7270,4.E-02);
#7270 = AXIS2_PLACEMENT_3D('',#7271,#7272,#7273);
#7271 = CARTESIAN_POINT('',(-0.6,0.545,8.E-02));
#7272 = DIRECTION('',(-1.,0.,0.));
#7273 = DIRECTION('',(0.,0.,1.));
#7274 = ORIENTED_EDGE('',*,*,#7275,.F.);
#7275 = EDGE_CURVE('',#7216,#7267,#7276,.T.);
#7276 = LINE('',#7277,#7278);
#7277 = CARTESIAN_POINT('',(-0.6,-0.585,4.E-02));
#7278 = VECTOR('',#7279,1.);
#7279 = DIRECTION('',(0.,1.,0.));
#7280 = PLANE('',#7281);
#7281 = AXIS2_PLACEMENT_3D('',#7282,#7283,#7284);
#7282 = CARTESIAN_POINT('',(-0.6,-0.625,0.));
#7283 = DIRECTION('',(1.,0.,0.));
#7284 = DIRECTION('',(0.,0.,1.));
#7285 = ADVANCED_FACE('',(#7286),#7312,.T.);
#7286 = FACE_BOUND('',#7287,.T.);
#7287 = EDGE_LOOP('',(#7288,#7289,#7297,#7306));
#7288 = ORIENTED_EDGE('',*,*,#7213,.T.);
#7289 = ORIENTED_EDGE('',*,*,#7290,.T.);
#7290 = EDGE_CURVE('',#7216,#7291,#7293,.T.);
#7291 = VERTEX_POINT('',#7292);
#7292 = CARTESIAN_POINT('',(0.6,-0.545,4.E-02));
#7293 = LINE('',#7294,#7295);
#7294 = CARTESIAN_POINT('',(-0.6,-0.545,4.E-02));
#7295 = VECTOR('',#7296,1.);
#7296 = DIRECTION('',(1.,0.,0.));
#7297 = ORIENTED_EDGE('',*,*,#7298,.F.);
#7298 = EDGE_CURVE('',#7299,#7291,#7301,.T.);
#7299 = VERTEX_POINT('',#7300);
#7300 = CARTESIAN_POINT('',(0.6,-0.585,8.E-02));
#7301 = CIRCLE('',#7302,4.E-02);
#7302 = AXIS2_PLACEMENT_3D('',#7303,#7304,#7305);
#7303 = CARTESIAN_POINT('',(0.6,-0.545,8.E-02));
#7304 = DIRECTION('',(1.,0.,-0.));
#7305 = DIRECTION('',(0.,0.,1.));
#7306 = ORIENTED_EDGE('',*,*,#7307,.F.);
#7307 = EDGE_CURVE('',#7214,#7299,#7308,.T.);
#7308 = LINE('',#7309,#7310);
#7309 = CARTESIAN_POINT('',(-0.6,-0.585,8.E-02));
#7310 = VECTOR('',#7311,1.);
#7311 = DIRECTION('',(1.,0.,0.));
#7312 = CYLINDRICAL_SURFACE('',#7313,4.E-02);
#7313 = AXIS2_PLACEMENT_3D('',#7314,#7315,#7316);
#7314 = CARTESIAN_POINT('',(-0.6,-0.545,8.E-02));
#7315 = DIRECTION('',(1.,0.,0.));
#7316 = DIRECTION('',(0.,-1.,0.));
#7317 = ADVANCED_FACE('',(#7318),#7336,.F.);
#7318 = FACE_BOUND('',#7319,.F.);
#7319 = EDGE_LOOP('',(#7320,#7321,#7322,#7330));
#7320 = ORIENTED_EDGE('',*,*,#7275,.F.);
#7321 = ORIENTED_EDGE('',*,*,#7290,.T.);
#7322 = ORIENTED_EDGE('',*,*,#7323,.T.);
#7323 = EDGE_CURVE('',#7291,#7324,#7326,.T.);
#7324 = VERTEX_POINT('',#7325);
#7325 = CARTESIAN_POINT('',(0.6,0.545,4.E-02));
#7326 = LINE('',#7327,#7328);
#7327 = CARTESIAN_POINT('',(0.6,-0.585,4.E-02));
#7328 = VECTOR('',#7329,1.);
#7329 = DIRECTION('',(0.,1.,0.));
#7330 = ORIENTED_EDGE('',*,*,#7331,.F.);
#7331 = EDGE_CURVE('',#7267,#7324,#7332,.T.);
#7332 = LINE('',#7333,#7334);
#7333 = CARTESIAN_POINT('',(-0.6,0.545,4.E-02));
#7334 = VECTOR('',#7335,1.);
#7335 = DIRECTION('',(1.,0.,0.));
#7336 = PLANE('',#7337);
#7337 = AXIS2_PLACEMENT_3D('',#7338,#7339,#7340);
#7338 = CARTESIAN_POINT('',(-0.6,-0.585,4.E-02));
#7339 = DIRECTION('',(0.,0.,1.));
#7340 = DIRECTION('',(1.,0.,-0.));
#7341 = ADVANCED_FACE('',(#7342),#7361,.T.);
#7342 = FACE_BOUND('',#7343,.T.);
#7343 = EDGE_LOOP('',(#7344,#7352,#7359,#7360));
#7344 = ORIENTED_EDGE('',*,*,#7345,.T.);
#7345 = EDGE_CURVE('',#7259,#7346,#7348,.T.);
#7346 = VERTEX_POINT('',#7347);
#7347 = CARTESIAN_POINT('',(0.6,0.585,8.E-02));
#7348 = LINE('',#7349,#7350);
#7349 = CARTESIAN_POINT('',(-0.6,0.585,8.E-02));
#7350 = VECTOR('',#7351,1.);
#7351 = DIRECTION('',(1.,0.,0.));
#7352 = ORIENTED_EDGE('',*,*,#7353,.T.);
#7353 = EDGE_CURVE('',#7346,#7324,#7354,.T.);
#7354 = CIRCLE('',#7355,4.E-02);
#7355 = AXIS2_PLACEMENT_3D('',#7356,#7357,#7358);
#7356 = CARTESIAN_POINT('',(0.6,0.545,8.E-02));
#7357 = DIRECTION('',(-1.,0.,0.));
#7358 = DIRECTION('',(0.,0.,1.));
#7359 = ORIENTED_EDGE('',*,*,#7331,.F.);
#7360 = ORIENTED_EDGE('',*,*,#7266,.F.);
#7361 = CYLINDRICAL_SURFACE('',#7362,4.E-02);
#7362 = AXIS2_PLACEMENT_3D('',#7363,#7364,#7365);
#7363 = CARTESIAN_POINT('',(-0.6,0.545,8.E-02));
#7364 = DIRECTION('',(1.,0.,0.));
#7365 = DIRECTION('',(-0.,1.,0.));
#7366 = ADVANCED_FACE('',(#7367),#7385,.T.);
#7367 = FACE_BOUND('',#7368,.T.);
#7368 = EDGE_LOOP('',(#7369,#7377,#7378,#7379));
#7369 = ORIENTED_EDGE('',*,*,#7370,.F.);
#7370 = EDGE_CURVE('',#7346,#7371,#7373,.T.);
#7371 = VERTEX_POINT('',#7372);
#7372 = CARTESIAN_POINT('',(0.6,0.585,1.17));
#7373 = LINE('',#7374,#7375);
#7374 = CARTESIAN_POINT('',(0.6,0.585,4.E-02));
#7375 = VECTOR('',#7376,1.);
#7376 = DIRECTION('',(0.,0.,1.));
#7377 = ORIENTED_EDGE('',*,*,#7345,.F.);
#7378 = ORIENTED_EDGE('',*,*,#7258,.T.);
#7379 = ORIENTED_EDGE('',*,*,#7380,.T.);
#7380 = EDGE_CURVE('',#7250,#7371,#7381,.T.);
#7381 = LINE('',#7382,#7383);
#7382 = CARTESIAN_POINT('',(-0.6,0.585,1.17));
#7383 = VECTOR('',#7384,1.);
#7384 = DIRECTION('',(1.,0.,0.));
#7385 = PLANE('',#7386);
#7386 = AXIS2_PLACEMENT_3D('',#7387,#7388,#7389);
#7387 = CARTESIAN_POINT('',(-0.6,0.585,4.E-02));
#7388 = DIRECTION('',(0.,1.,0.));
#7389 = DIRECTION('',(0.,-0.,1.));
#7390 = ADVANCED_FACE('',(#7391),#7410,.T.);
#7391 = FACE_BOUND('',#7392,.T.);
#7392 = EDGE_LOOP('',(#7393,#7394,#7402,#7409));
#7393 = ORIENTED_EDGE('',*,*,#7249,.T.);
#7394 = ORIENTED_EDGE('',*,*,#7395,.T.);
#7395 = EDGE_CURVE('',#7242,#7396,#7398,.T.);
#7396 = VERTEX_POINT('',#7397);
#7397 = CARTESIAN_POINT('',(0.6,0.545,1.21));
#7398 = LINE('',#7399,#7400);
#7399 = CARTESIAN_POINT('',(-0.6,0.545,1.21));
#7400 = VECTOR('',#7401,1.);
#7401 = DIRECTION('',(1.,0.,0.));
#7402 = ORIENTED_EDGE('',*,*,#7403,.F.);
#7403 = EDGE_CURVE('',#7371,#7396,#7404,.T.);
#7404 = CIRCLE('',#7405,4.E-02);
#7405 = AXIS2_PLACEMENT_3D('',#7406,#7407,#7408);
#7406 = CARTESIAN_POINT('',(0.6,0.545,1.17));
#7407 = DIRECTION('',(1.,0.,-0.));
#7408 = DIRECTION('',(0.,0.,1.));
#7409 = ORIENTED_EDGE('',*,*,#7380,.F.);
#7410 = CYLINDRICAL_SURFACE('',#7411,4.E-02);
#7411 = AXIS2_PLACEMENT_3D('',#7412,#7413,#7414);
#7412 = CARTESIAN_POINT('',(-0.6,0.545,1.17));
#7413 = DIRECTION('',(1.,0.,0.));
#7414 = DIRECTION('',(-0.,1.,0.));
#7415 = ADVANCED_FACE('',(#7416),#7434,.T.);
#7416 = FACE_BOUND('',#7417,.T.);
#7417 = EDGE_LOOP('',(#7418,#7419,#7427,#7433));
#7418 = ORIENTED_EDGE('',*,*,#7241,.F.);
#7419 = ORIENTED_EDGE('',*,*,#7420,.T.);
#7420 = EDGE_CURVE('',#7233,#7421,#7423,.T.);
#7421 = VERTEX_POINT('',#7422);
#7422 = CARTESIAN_POINT('',(0.6,-0.545,1.21));
#7423 = LINE('',#7424,#7425);
#7424 = CARTESIAN_POINT('',(-0.6,-0.545,1.21));
#7425 = VECTOR('',#7426,1.);
#7426 = DIRECTION('',(1.,0.,0.));
#7427 = ORIENTED_EDGE('',*,*,#7428,.T.);
#7428 = EDGE_CURVE('',#7421,#7396,#7429,.T.);
#7429 = LINE('',#7430,#7431);
#7430 = CARTESIAN_POINT('',(0.6,-0.585,1.21));
#7431 = VECTOR('',#7432,1.);
#7432 = DIRECTION('',(0.,1.,0.));
#7433 = ORIENTED_EDGE('',*,*,#7395,.F.);
#7434 = PLANE('',#7435);
#7435 = AXIS2_PLACEMENT_3D('',#7436,#7437,#7438);
#7436 = CARTESIAN_POINT('',(-0.6,-0.585,1.21));
#7437 = DIRECTION('',(0.,0.,1.));
#7438 = DIRECTION('',(1.,0.,-0.));
#7439 = ADVANCED_FACE('',(#7440),#7459,.T.);
#7440 = FACE_BOUND('',#7441,.T.);
#7441 = EDGE_LOOP('',(#7442,#7450,#7457,#7458));
#7442 = ORIENTED_EDGE('',*,*,#7443,.T.);
#7443 = EDGE_CURVE('',#7225,#7444,#7446,.T.);
#7444 = VERTEX_POINT('',#7445);
#7445 = CARTESIAN_POINT('',(0.6,-0.585,1.17));
#7446 = LINE('',#7447,#7448);
#7447 = CARTESIAN_POINT('',(-0.6,-0.585,1.17));
#7448 = VECTOR('',#7449,1.);
#7449 = DIRECTION('',(1.,0.,0.));
#7450 = ORIENTED_EDGE('',*,*,#7451,.T.);
#7451 = EDGE_CURVE('',#7444,#7421,#7452,.T.);
#7452 = CIRCLE('',#7453,4.E-02);
#7453 = AXIS2_PLACEMENT_3D('',#7454,#7455,#7456);
#7454 = CARTESIAN_POINT('',(0.6,-0.545,1.17));
#7455 = DIRECTION('',(-1.,0.,0.));
#7456 = DIRECTION('',(0.,0.,1.));
#7457 = ORIENTED_EDGE('',*,*,#7420,.F.);
#7458 = ORIENTED_EDGE('',*,*,#7232,.F.);
#7459 = CYLINDRICAL_SURFACE('',#7460,4.E-02);
#7460 = AXIS2_PLACEMENT_3D('',#7461,#7462,#7463);
#7461 = CARTESIAN_POINT('',(-0.6,-0.545,1.17));
#7462 = DIRECTION('',(1.,0.,0.));
#7463 = DIRECTION('',(0.,-1.,0.));
#7464 = ADVANCED_FACE('',(#7465),#7476,.F.);
#7465 = FACE_BOUND('',#7466,.F.);
#7466 = EDGE_LOOP('',(#7467,#7473,#7474,#7475));
#7467 = ORIENTED_EDGE('',*,*,#7468,.F.);
#7468 = EDGE_CURVE('',#7299,#7444,#7469,.T.);
#7469 = LINE('',#7470,#7471);
#7470 = CARTESIAN_POINT('',(0.6,-0.585,4.E-02));
#7471 = VECTOR('',#7472,1.);
#7472 = DIRECTION('',(0.,0.,1.));
#7473 = ORIENTED_EDGE('',*,*,#7307,.F.);
#7474 = ORIENTED_EDGE('',*,*,#7224,.T.);
#7475 = ORIENTED_EDGE('',*,*,#7443,.T.);
#7476 = PLANE('',#7477);
#7477 = AXIS2_PLACEMENT_3D('',#7478,#7479,#7480);
#7478 = CARTESIAN_POINT('',(-0.6,-0.585,4.E-02));
#7479 = DIRECTION('',(0.,1.,0.));
#7480 = DIRECTION('',(0.,-0.,1.));
#7481 = ADVANCED_FACE('',(#7482,#7552),#7562,.F.);
#7482 = FACE_BOUND('',#7483,.F.);
#7483 = EDGE_LOOP('',(#7484,#7494,#7503,#7511,#7520,#7528,#7537,#7545));
#7484 = ORIENTED_EDGE('',*,*,#7485,.F.);
#7485 = EDGE_CURVE('',#7486,#7488,#7490,.T.);
#7486 = VERTEX_POINT('',#7487);
#7487 = CARTESIAN_POINT('',(0.6,-0.625,4.E-02));
#7488 = VERTEX_POINT('',#7489);
#7489 = CARTESIAN_POINT('',(0.6,-0.625,1.21));
#7490 = LINE('',#7491,#7492);
#7491 = CARTESIAN_POINT('',(0.6,-0.625,0.));
#7492 = VECTOR('',#7493,1.);
#7493 = DIRECTION('',(0.,0.,1.));
#7494 = ORIENTED_EDGE('',*,*,#7495,.T.);
#7495 = EDGE_CURVE('',#7486,#7496,#7498,.T.);
#7496 = VERTEX_POINT('',#7497);
#7497 = CARTESIAN_POINT('',(0.6,-0.585,0.));
#7498 = CIRCLE('',#7499,4.E-02);
#7499 = AXIS2_PLACEMENT_3D('',#7500,#7501,#7502);
#7500 = CARTESIAN_POINT('',(0.6,-0.585,4.E-02));
#7501 = DIRECTION('',(1.,0.,-0.));
#7502 = DIRECTION('',(0.,0.,1.));
#7503 = ORIENTED_EDGE('',*,*,#7504,.T.);
#7504 = EDGE_CURVE('',#7496,#7505,#7507,.T.);
#7505 = VERTEX_POINT('',#7506);
#7506 = CARTESIAN_POINT('',(0.6,0.585,0.));
#7507 = LINE('',#7508,#7509);
#7508 = CARTESIAN_POINT('',(0.6,-0.625,0.));
#7509 = VECTOR('',#7510,1.);
#7510 = DIRECTION('',(0.,1.,0.));
#7511 = ORIENTED_EDGE('',*,*,#7512,.F.);
#7512 = EDGE_CURVE('',#7513,#7505,#7515,.T.);
#7513 = VERTEX_POINT('',#7514);
#7514 = CARTESIAN_POINT('',(0.6,0.625,4.E-02));
#7515 = CIRCLE('',#7516,4.E-02);
#7516 = AXIS2_PLACEMENT_3D('',#7517,#7518,#7519);
#7517 = CARTESIAN_POINT('',(0.6,0.585,4.E-02));
#7518 = DIRECTION('',(-1.,0.,0.));
#7519 = DIRECTION('',(0.,0.,1.));
#7520 = ORIENTED_EDGE('',*,*,#7521,.T.);
#7521 = EDGE_CURVE('',#7513,#7522,#7524,.T.);
#7522 = VERTEX_POINT('',#7523);
#7523 = CARTESIAN_POINT('',(0.6,0.625,1.21));
#7524 = LINE('',#7525,#7526);
#7525 = CARTESIAN_POINT('',(0.6,0.625,0.));
#7526 = VECTOR('',#7527,1.);
#7527 = DIRECTION('',(0.,0.,1.));
#7528 = ORIENTED_EDGE('',*,*,#7529,.T.);
#7529 = EDGE_CURVE('',#7522,#7530,#7532,.T.);
#7530 = VERTEX_POINT('',#7531);
#7531 = CARTESIAN_POINT('',(0.6,0.585,1.25));
#7532 = CIRCLE('',#7533,4.E-02);
#7533 = AXIS2_PLACEMENT_3D('',#7534,#7535,#7536);
#7534 = CARTESIAN_POINT('',(0.6,0.585,1.21));
#7535 = DIRECTION('',(1.,0.,-0.));
#7536 = DIRECTION('',(0.,0.,1.));
#7537 = ORIENTED_EDGE('',*,*,#7538,.F.);
#7538 = EDGE_CURVE('',#7539,#7530,#7541,.T.);
#7539 = VERTEX_POINT('',#7540);
#7540 = CARTESIAN_POINT('',(0.6,-0.585,1.25));
#7541 = LINE('',#7542,#7543);
#7542 = CARTESIAN_POINT('',(0.6,-0.625,1.25));
#7543 = VECTOR('',#7544,1.);
#7544 = DIRECTION('',(0.,1.,0.));
#7545 = ORIENTED_EDGE('',*,*,#7546,.F.);
#7546 = EDGE_CURVE('',#7488,#7539,#7547,.T.);
#7547 = CIRCLE('',#7548,4.E-02);
#7548 = AXIS2_PLACEMENT_3D('',#7549,#7550,#7551);
#7549 = CARTESIAN_POINT('',(0.6,-0.585,1.21));
#7550 = DIRECTION('',(-1.,0.,0.));
#7551 = DIRECTION('',(0.,0.,1.));
#7552 = FACE_BOUND('',#7553,.F.);
#7553 = EDGE_LOOP('',(#7554,#7555,#7556,#7557,#7558,#7559,#7560,#7561));
#7554 = ORIENTED_EDGE('',*,*,#7298,.F.);
#7555 = ORIENTED_EDGE('',*,*,#7468,.T.);
#7556 = ORIENTED_EDGE('',*,*,#7451,.T.);
#7557 = ORIENTED_EDGE('',*,*,#7428,.T.);
#7558 = ORIENTED_EDGE('',*,*,#7403,.F.);
#7559 = ORIENTED_EDGE('',*,*,#7370,.F.);
#7560 = ORIENTED_EDGE('',*,*,#7353,.T.);
#7561 = ORIENTED_EDGE('',*,*,#7323,.F.);
#7562 = PLANE('',#7563);
#7563 = AXIS2_PLACEMENT_3D('',#7564,#7565,#7566);
#7564 = CARTESIAN_POINT('',(0.6,-0.625,0.));
#7565 = DIRECTION('',(1.,0.,0.));
#7566 = DIRECTION('',(0.,0.,1.));
#7567 = ADVANCED_FACE('',(#7568),#7593,.F.);
#7568 = FACE_BOUND('',#7569,.F.);
#7569 = EDGE_LOOP('',(#7570,#7580,#7586,#7587));
#7570 = ORIENTED_EDGE('',*,*,#7571,.F.);
#7571 = EDGE_CURVE('',#7572,#7574,#7576,.T.);
#7572 = VERTEX_POINT('',#7573);
#7573 = CARTESIAN_POINT('',(1.,-0.625,4.E-02));
#7574 = VERTEX_POINT('',#7575);
#7575 = CARTESIAN_POINT('',(1.,-0.625,1.21));
#7576 = LINE('',#7577,#7578);
#7577 = CARTESIAN_POINT('',(1.,-0.625,0.));
#7578 = VECTOR('',#7579,1.);
#7579 = DIRECTION('',(0.,0.,1.));
#7580 = ORIENTED_EDGE('',*,*,#7581,.F.);
#7581 = EDGE_CURVE('',#7486,#7572,#7582,.T.);
#7582 = LINE('',#7583,#7584);
#7583 = CARTESIAN_POINT('',(0.6,-0.625,4.E-02));
#7584 = VECTOR('',#7585,1.);
#7585 = DIRECTION('',(1.,0.,0.));
#7586 = ORIENTED_EDGE('',*,*,#7485,.T.);
#7587 = ORIENTED_EDGE('',*,*,#7588,.T.);
#7588 = EDGE_CURVE('',#7488,#7574,#7589,.T.);
#7589 = LINE('',#7590,#7591);
#7590 = CARTESIAN_POINT('',(0.6,-0.625,1.21));
#7591 = VECTOR('',#7592,1.);
#7592 = DIRECTION('',(1.,0.,0.));
#7593 = PLANE('',#7594);
#7594 = AXIS2_PLACEMENT_3D('',#7595,#7596,#7597);
#7595 = CARTESIAN_POINT('',(0.6,-0.625,0.));
#7596 = DIRECTION('',(0.,1.,0.));
#7597 = DIRECTION('',(0.,-0.,1.));
#7598 = ADVANCED_FACE('',(#7599),#7618,.T.);
#7599 = FACE_BOUND('',#7600,.T.);
#7600 = EDGE_LOOP('',(#7601,#7602,#7610,#7617));
#7601 = ORIENTED_EDGE('',*,*,#7495,.T.);
#7602 = ORIENTED_EDGE('',*,*,#7603,.T.);
#7603 = EDGE_CURVE('',#7496,#7604,#7606,.T.);
#7604 = VERTEX_POINT('',#7605);
#7605 = CARTESIAN_POINT('',(1.,-0.585,0.));
#7606 = LINE('',#7607,#7608);
#7607 = CARTESIAN_POINT('',(0.6,-0.585,0.));
#7608 = VECTOR('',#7609,1.);
#7609 = DIRECTION('',(1.,0.,0.));
#7610 = ORIENTED_EDGE('',*,*,#7611,.F.);
#7611 = EDGE_CURVE('',#7572,#7604,#7612,.T.);
#7612 = CIRCLE('',#7613,4.E-02);
#7613 = AXIS2_PLACEMENT_3D('',#7614,#7615,#7616);
#7614 = CARTESIAN_POINT('',(1.,-0.585,4.E-02));
#7615 = DIRECTION('',(1.,0.,-0.));
#7616 = DIRECTION('',(0.,0.,1.));
#7617 = ORIENTED_EDGE('',*,*,#7581,.F.);
#7618 = CYLINDRICAL_SURFACE('',#7619,4.E-02);
#7619 = AXIS2_PLACEMENT_3D('',#7620,#7621,#7622);
#7620 = CARTESIAN_POINT('',(0.6,-0.585,4.E-02));
#7621 = DIRECTION('',(1.,0.,0.));
#7622 = DIRECTION('',(0.,-1.,0.));
#7623 = ADVANCED_FACE('',(#7624),#7643,.T.);
#7624 = FACE_BOUND('',#7625,.T.);
#7625 = EDGE_LOOP('',(#7626,#7627,#7636,#7642));
#7626 = ORIENTED_EDGE('',*,*,#7588,.T.);
#7627 = ORIENTED_EDGE('',*,*,#7628,.T.);
#7628 = EDGE_CURVE('',#7574,#7629,#7631,.T.);
#7629 = VERTEX_POINT('',#7630);
#7630 = CARTESIAN_POINT('',(1.,-0.585,1.25));
#7631 = CIRCLE('',#7632,4.E-02);
#7632 = AXIS2_PLACEMENT_3D('',#7633,#7634,#7635);
#7633 = CARTESIAN_POINT('',(1.,-0.585,1.21));
#7634 = DIRECTION('',(-1.,0.,0.));
#7635 = DIRECTION('',(0.,0.,1.));
#7636 = ORIENTED_EDGE('',*,*,#7637,.F.);
#7637 = EDGE_CURVE('',#7539,#7629,#7638,.T.);
#7638 = LINE('',#7639,#7640);
#7639 = CARTESIAN_POINT('',(0.6,-0.585,1.25));
#7640 = VECTOR('',#7641,1.);
#7641 = DIRECTION('',(1.,0.,0.));
#7642 = ORIENTED_EDGE('',*,*,#7546,.F.);
#7643 = CYLINDRICAL_SURFACE('',#7644,4.E-02);
#7644 = AXIS2_PLACEMENT_3D('',#7645,#7646,#7647);
#7645 = CARTESIAN_POINT('',(0.6,-0.585,1.21));
#7646 = DIRECTION('',(1.,0.,0.));
#7647 = DIRECTION('',(0.,-1.,0.));
#7648 = ADVANCED_FACE('',(#7649),#7667,.F.);
#7649 = FACE_BOUND('',#7650,.F.);
#7650 = EDGE_LOOP('',(#7651,#7652,#7653,#7661));
#7651 = ORIENTED_EDGE('',*,*,#7504,.F.);
#7652 = ORIENTED_EDGE('',*,*,#7603,.T.);
#7653 = ORIENTED_EDGE('',*,*,#7654,.T.);
#7654 = EDGE_CURVE('',#7604,#7655,#7657,.T.);
#7655 = VERTEX_POINT('',#7656);
#7656 = CARTESIAN_POINT('',(1.,0.585,0.));
#7657 = LINE('',#7658,#7659);
#7658 = CARTESIAN_POINT('',(1.,-0.625,0.));
#7659 = VECTOR('',#7660,1.);
#7660 = DIRECTION('',(0.,1.,0.));
#7661 = ORIENTED_EDGE('',*,*,#7662,.F.);
#7662 = EDGE_CURVE('',#7505,#7655,#7663,.T.);
#7663 = LINE('',#7664,#7665);
#7664 = CARTESIAN_POINT('',(0.6,0.585,0.));
#7665 = VECTOR('',#7666,1.);
#7666 = DIRECTION('',(1.,0.,0.));
#7667 = PLANE('',#7668);
#7668 = AXIS2_PLACEMENT_3D('',#7669,#7670,#7671);
#7669 = CARTESIAN_POINT('',(0.6,-0.625,0.));
#7670 = DIRECTION('',(0.,0.,1.));
#7671 = DIRECTION('',(1.,0.,-0.));
#7672 = ADVANCED_FACE('',(#7673),#7691,.T.);
#7673 = FACE_BOUND('',#7674,.T.);
#7674 = EDGE_LOOP('',(#7675,#7676,#7677,#7685));
#7675 = ORIENTED_EDGE('',*,*,#7538,.F.);
#7676 = ORIENTED_EDGE('',*,*,#7637,.T.);
#7677 = ORIENTED_EDGE('',*,*,#7678,.T.);
#7678 = EDGE_CURVE('',#7629,#7679,#7681,.T.);
#7679 = VERTEX_POINT('',#7680);
#7680 = CARTESIAN_POINT('',(1.,0.585,1.25));
#7681 = LINE('',#7682,#7683);
#7682 = CARTESIAN_POINT('',(1.,-0.625,1.25));
#7683 = VECTOR('',#7684,1.);
#7684 = DIRECTION('',(0.,1.,0.));
#7685 = ORIENTED_EDGE('',*,*,#7686,.F.);
#7686 = EDGE_CURVE('',#7530,#7679,#7687,.T.);
#7687 = LINE('',#7688,#7689);
#7688 = CARTESIAN_POINT('',(0.6,0.585,1.25));
#7689 = VECTOR('',#7690,1.);
#7690 = DIRECTION('',(1.,0.,0.));
#7691 = PLANE('',#7692);
#7692 = AXIS2_PLACEMENT_3D('',#7693,#7694,#7695);
#7693 = CARTESIAN_POINT('',(0.6,-0.625,1.25));
#7694 = DIRECTION('',(0.,0.,1.));
#7695 = DIRECTION('',(1.,0.,-0.));
#7696 = ADVANCED_FACE('',(#7697),#7716,.T.);
#7697 = FACE_BOUND('',#7698,.T.);
#7698 = EDGE_LOOP('',(#7699,#7707,#7714,#7715));
#7699 = ORIENTED_EDGE('',*,*,#7700,.T.);
#7700 = EDGE_CURVE('',#7513,#7701,#7703,.T.);
#7701 = VERTEX_POINT('',#7702);
#7702 = CARTESIAN_POINT('',(1.,0.625,4.E-02));
#7703 = LINE('',#7704,#7705);
#7704 = CARTESIAN_POINT('',(0.6,0.625,4.E-02));
#7705 = VECTOR('',#7706,1.);
#7706 = DIRECTION('',(1.,0.,0.));
#7707 = ORIENTED_EDGE('',*,*,#7708,.T.);
#7708 = EDGE_CURVE('',#7701,#7655,#7709,.T.);
#7709 = CIRCLE('',#7710,4.E-02);
#7710 = AXIS2_PLACEMENT_3D('',#7711,#7712,#7713);
#7711 = CARTESIAN_POINT('',(1.,0.585,4.E-02));
#7712 = DIRECTION('',(-1.,0.,0.));
#7713 = DIRECTION('',(0.,0.,1.));
#7714 = ORIENTED_EDGE('',*,*,#7662,.F.);
#7715 = ORIENTED_EDGE('',*,*,#7512,.F.);
#7716 = CYLINDRICAL_SURFACE('',#7717,4.E-02);
#7717 = AXIS2_PLACEMENT_3D('',#7718,#7719,#7720);
#7718 = CARTESIAN_POINT('',(0.6,0.585,4.E-02));
#7719 = DIRECTION('',(1.,0.,0.));
#7720 = DIRECTION('',(-0.,1.,0.));
#7721 = ADVANCED_FACE('',(#7722),#7741,.T.);
#7722 = FACE_BOUND('',#7723,.T.);
#7723 = EDGE_LOOP('',(#7724,#7725,#7726,#7735));
#7724 = ORIENTED_EDGE('',*,*,#7529,.T.);
#7725 = ORIENTED_EDGE('',*,*,#7686,.T.);
#7726 = ORIENTED_EDGE('',*,*,#7727,.F.);
#7727 = EDGE_CURVE('',#7728,#7679,#7730,.T.);
#7728 = VERTEX_POINT('',#7729);
#7729 = CARTESIAN_POINT('',(1.,0.625,1.21));
#7730 = CIRCLE('',#7731,4.E-02);
#7731 = AXIS2_PLACEMENT_3D('',#7732,#7733,#7734);
#7732 = CARTESIAN_POINT('',(1.,0.585,1.21));
#7733 = DIRECTION('',(1.,0.,-0.));
#7734 = DIRECTION('',(0.,0.,1.));
#7735 = ORIENTED_EDGE('',*,*,#7736,.F.);
#7736 = EDGE_CURVE('',#7522,#7728,#7737,.T.);
#7737 = LINE('',#7738,#7739);
#7738 = CARTESIAN_POINT('',(0.6,0.625,1.21));
#7739 = VECTOR('',#7740,1.);
#7740 = DIRECTION('',(1.,0.,0.));
#7741 = CYLINDRICAL_SURFACE('',#7742,4.E-02);
#7742 = AXIS2_PLACEMENT_3D('',#7743,#7744,#7745);
#7743 = CARTESIAN_POINT('',(0.6,0.585,1.21));
#7744 = DIRECTION('',(1.,0.,0.));
#7745 = DIRECTION('',(-0.,1.,0.));
#7746 = ADVANCED_FACE('',(#7747),#7758,.T.);
#7747 = FACE_BOUND('',#7748,.T.);
#7748 = EDGE_LOOP('',(#7749,#7755,#7756,#7757));
#7749 = ORIENTED_EDGE('',*,*,#7750,.F.);
#7750 = EDGE_CURVE('',#7701,#7728,#7751,.T.);
#7751 = LINE('',#7752,#7753);
#7752 = CARTESIAN_POINT('',(1.,0.625,0.));
#7753 = VECTOR('',#7754,1.);
#7754 = DIRECTION('',(0.,0.,1.));
#7755 = ORIENTED_EDGE('',*,*,#7700,.F.);
#7756 = ORIENTED_EDGE('',*,*,#7521,.T.);
#7757 = ORIENTED_EDGE('',*,*,#7736,.T.);
#7758 = PLANE('',#7759);
#7759 = AXIS2_PLACEMENT_3D('',#7760,#7761,#7762);
#7760 = CARTESIAN_POINT('',(0.6,0.625,0.));
#7761 = DIRECTION('',(0.,1.,0.));
#7762 = DIRECTION('',(0.,-0.,1.));
#7763 = ADVANCED_FACE('',(#7764),#7774,.T.);
#7764 = FACE_BOUND('',#7765,.T.);
#7765 = EDGE_LOOP('',(#7766,#7767,#7768,#7769,#7770,#7771,#7772,#7773));
#7766 = ORIENTED_EDGE('',*,*,#7571,.F.);
#7767 = ORIENTED_EDGE('',*,*,#7611,.T.);
#7768 = ORIENTED_EDGE('',*,*,#7654,.T.);
#7769 = ORIENTED_EDGE('',*,*,#7708,.F.);
#7770 = ORIENTED_EDGE('',*,*,#7750,.T.);
#7771 = ORIENTED_EDGE('',*,*,#7727,.T.);
#7772 = ORIENTED_EDGE('',*,*,#7678,.F.);
#7773 = ORIENTED_EDGE('',*,*,#7628,.F.);
#7774 = PLANE('',#7775);
#7775 = AXIS2_PLACEMENT_3D('',#7776,#7777,#7778);
#7776 = CARTESIAN_POINT('',(1.,-0.625,0.));
#7777 = DIRECTION('',(1.,0.,0.));
#7778 = DIRECTION('',(0.,0.,1.));
#7779 = ( GEOMETRIC_REPRESENTATION_CONTEXT(3) 
GLOBAL_UNCERTAINTY_ASSIGNED_CONTEXT((#7783)) 
GLOBAL_UNIT_ASSIGNED_CONTEXT((#7780,#7781,#7782)) REPRESENTATION_CONTEXT
('Context #1','3D Context with UNIT and UNCERTAINTY') );
#7780 = ( LENGTH_UNIT() NAMED_UNIT(*) SI_UNIT(.MILLI.,.METRE.) );
#7781 = ( NAMED_UNIT(*) PLANE_ANGLE_UNIT() SI_UNIT($,.RADIAN.) );
#7782 = ( NAMED_UNIT(*) SI_UNIT($,.STERADIAN.) SOLID_ANGLE_UNIT() );
#7783 = UNCERTAINTY_MEASURE_WITH_UNIT(LENGTH_MEASURE(1.E-07),#7780,
  'distance_accuracy_value','confusion accuracy');
#7784 = CONTEXT_DEPENDENT_SHAPE_REPRESENTATION(#7785,#7787);
#7785 = ( REPRESENTATION_RELATIONSHIP('','',#6924,#10) 
REPRESENTATION_RELATIONSHIP_WITH_TRANSFORMATION(#7786) 
SHAPE_REPRESENTATION_RELATIONSHIP() );
#7786 = ITEM_DEFINED_TRANSFORMATION('','',#11,#103);
#7787 = PRODUCT_DEFINITION_SHAPE('Placement','Placement of an item',
  #7788);
#7788 = NEXT_ASSEMBLY_USAGE_OCCURRENCE('25','C8','',#5,#6919,$);
#7789 = PRODUCT_RELATED_PRODUCT_CATEGORY('part',$,(#6921));
#7790 = SHAPE_DEFINITION_REPRESENTATION(#7791,#7797);
#7791 = PRODUCT_DEFINITION_SHAPE('','',#7792);
#7792 = PRODUCT_DEFINITION('design','',#7793,#7796);
#7793 = PRODUCT_DEFINITION_FORMATION('','',#7794);
#7794 = PRODUCT('NRF24L01P-R','NRF24L01P-R','',(#7795));
#7795 = PRODUCT_CONTEXT('',#2,'mechanical');
#7796 = PRODUCT_DEFINITION_CONTEXT('part definition',#2,'design');
#7797 = SHAPE_REPRESENTATION('',(#11,#7798,#7802,#7806,#7810),#7814);
#7798 = AXIS2_PLACEMENT_3D('',#7799,#7800,#7801);
#7799 = CARTESIAN_POINT('',(0.,0.,0.));
#7800 = DIRECTION('',(0.,0.,1.));
#7801 = DIRECTION('',(1.,0.,0.));
#7802 = AXIS2_PLACEMENT_3D('',#7803,#7804,#7805);
#7803 = CARTESIAN_POINT('',(-1.3,-1.3,0.));
#7804 = DIRECTION('',(0.,0.,1.));
#7805 = DIRECTION('',(1.,0.,0.));
#7806 = AXIS2_PLACEMENT_3D('',#7807,#7808,#7809);
#7807 = CARTESIAN_POINT('',(0.,0.,0.));
#7808 = DIRECTION('',(0.,0.,1.));
#7809 = DIRECTION('',(1.,0.,0.));
#7810 = AXIS2_PLACEMENT_3D('',#7811,#7812,#7813);
#7811 = CARTESIAN_POINT('',(0.,0.,0.));
#7812 = DIRECTION('',(0.,0.,1.));
#7813 = DIRECTION('',(1.,0.,0.));
#7814 = ( GEOMETRIC_REPRESENTATION_CONTEXT(3) 
GLOBAL_UNCERTAINTY_ASSIGNED_CONTEXT((#7818)) 
GLOBAL_UNIT_ASSIGNED_CONTEXT((#7815,#7816,#7817)) REPRESENTATION_CONTEXT
('Context #1','3D Context with UNIT and UNCERTAINTY') );
#7815 = ( LENGTH_UNIT() NAMED_UNIT(*) SI_UNIT(.MILLI.,.METRE.) );
#7816 = ( NAMED_UNIT(*) PLANE_ANGLE_UNIT() SI_UNIT($,.RADIAN.) );
#7817 = ( NAMED_UNIT(*) SI_UNIT($,.STERADIAN.) SOLID_ANGLE_UNIT() );
#7818 = UNCERTAINTY_MEASURE_WITH_UNIT(LENGTH_MEASURE(1.E-07),#7815,
  'distance_accuracy_value','confusion accuracy');
#7819 = CONTEXT_DEPENDENT_SHAPE_REPRESENTATION(#7820,#7822);
#7820 = ( REPRESENTATION_RELATIONSHIP('','',#7797,#10) 
REPRESENTATION_RELATIONSHIP_WITH_TRANSFORMATION(#7821) 
SHAPE_REPRESENTATION_RELATIONSHIP() );
#7821 = ITEM_DEFINED_TRANSFORMATION('','',#11,#107);
#7822 = PRODUCT_DEFINITION_SHAPE('Placement','Placement of an item',
  #7823);
#7823 = NEXT_ASSEMBLY_USAGE_OCCURRENCE('30','IC5','',#5,#7792,$);
#7824 = PRODUCT_RELATED_PRODUCT_CATEGORY('part',$,(#7794));
#7825 = SHAPE_DEFINITION_REPRESENTATION(#7826,#7832);
#7826 = PRODUCT_DEFINITION_SHAPE('','',#7827);
#7827 = PRODUCT_DEFINITION('design','',#7828,#7831);
#7828 = PRODUCT_DEFINITION_FORMATION('','',#7829);
#7829 = PRODUCT('Body','Body','',(#7830));
#7830 = PRODUCT_CONTEXT('',#2,'mechanical');
#7831 = PRODUCT_DEFINITION_CONTEXT('part definition',#2,'design');
#7832 = ADVANCED_BREP_SHAPE_REPRESENTATION('',(#11,#7833),#8028);
#7833 = MANIFOLD_SOLID_BREP('',#7834);
#7834 = CLOSED_SHELL('',(#7835,#7875,#7906,#7941,#7965,#7982,#7994,#8019
    ));
#7835 = ADVANCED_FACE('',(#7836),#7870,.F.);
#7836 = FACE_BOUND('',#7837,.F.);
#7837 = EDGE_LOOP('',(#7838,#7848,#7856,#7864));
#7838 = ORIENTED_EDGE('',*,*,#7839,.F.);
#7839 = EDGE_CURVE('',#7840,#7842,#7844,.T.);
#7840 = VERTEX_POINT('',#7841);
#7841 = CARTESIAN_POINT('',(-2.,-2.,5.E-02));
#7842 = VERTEX_POINT('',#7843);
#7843 = CARTESIAN_POINT('',(-2.,-2.,0.95));
#7844 = LINE('',#7845,#7846);
#7845 = CARTESIAN_POINT('',(-2.,-2.,5.E-02));
#7846 = VECTOR('',#7847,1.);
#7847 = DIRECTION('',(0.,0.,1.));
#7848 = ORIENTED_EDGE('',*,*,#7849,.T.);
#7849 = EDGE_CURVE('',#7840,#7850,#7852,.T.);
#7850 = VERTEX_POINT('',#7851);
#7851 = CARTESIAN_POINT('',(-2.,2.,5.E-02));
#7852 = LINE('',#7853,#7854);
#7853 = CARTESIAN_POINT('',(-2.,-2.,5.E-02));
#7854 = VECTOR('',#7855,1.);
#7855 = DIRECTION('',(0.,1.,0.));
#7856 = ORIENTED_EDGE('',*,*,#7857,.T.);
#7857 = EDGE_CURVE('',#7850,#7858,#7860,.T.);
#7858 = VERTEX_POINT('',#7859);
#7859 = CARTESIAN_POINT('',(-2.,2.,0.95));
#7860 = LINE('',#7861,#7862);
#7861 = CARTESIAN_POINT('',(-2.,2.,5.E-02));
#7862 = VECTOR('',#7863,1.);
#7863 = DIRECTION('',(0.,0.,1.));
#7864 = ORIENTED_EDGE('',*,*,#7865,.F.);
#7865 = EDGE_CURVE('',#7842,#7858,#7866,.T.);
#7866 = LINE('',#7867,#7868);
#7867 = CARTESIAN_POINT('',(-2.,-2.,0.95));
#7868 = VECTOR('',#7869,1.);
#7869 = DIRECTION('',(0.,1.,0.));
#7870 = PLANE('',#7871);
#7871 = AXIS2_PLACEMENT_3D('',#7872,#7873,#7874);
#7872 = CARTESIAN_POINT('',(-2.,-2.,5.E-02));
#7873 = DIRECTION('',(1.,0.,0.));
#7874 = DIRECTION('',(0.,0.,1.));
#7875 = ADVANCED_FACE('',(#7876),#7901,.F.);
#7876 = FACE_BOUND('',#7877,.F.);
#7877 = EDGE_LOOP('',(#7878,#7886,#7887,#7895));
#7878 = ORIENTED_EDGE('',*,*,#7879,.F.);
#7879 = EDGE_CURVE('',#7840,#7880,#7882,.T.);
#7880 = VERTEX_POINT('',#7881);
#7881 = CARTESIAN_POINT('',(2.,-2.,5.E-02));
#7882 = LINE('',#7883,#7884);
#7883 = CARTESIAN_POINT('',(-2.,-2.,5.E-02));
#7884 = VECTOR('',#7885,1.);
#7885 = DIRECTION('',(1.,0.,0.));
#7886 = ORIENTED_EDGE('',*,*,#7839,.T.);
#7887 = ORIENTED_EDGE('',*,*,#7888,.T.);
#7888 = EDGE_CURVE('',#7842,#7889,#7891,.T.);
#7889 = VERTEX_POINT('',#7890);
#7890 = CARTESIAN_POINT('',(2.,-2.,0.95));
#7891 = LINE('',#7892,#7893);
#7892 = CARTESIAN_POINT('',(-2.,-2.,0.95));
#7893 = VECTOR('',#7894,1.);
#7894 = DIRECTION('',(1.,0.,0.));
#7895 = ORIENTED_EDGE('',*,*,#7896,.F.);
#7896 = EDGE_CURVE('',#7880,#7889,#7897,.T.);
#7897 = LINE('',#7898,#7899);
#7898 = CARTESIAN_POINT('',(2.,-2.,5.E-02));
#7899 = VECTOR('',#7900,1.);
#7900 = DIRECTION('',(0.,0.,1.));
#7901 = PLANE('',#7902);
#7902 = AXIS2_PLACEMENT_3D('',#7903,#7904,#7905);
#7903 = CARTESIAN_POINT('',(-2.,-2.,5.E-02));
#7904 = DIRECTION('',(0.,1.,0.));
#7905 = DIRECTION('',(0.,-0.,1.));
#7906 = ADVANCED_FACE('',(#7907,#7925),#7936,.T.);
#7907 = FACE_BOUND('',#7908,.T.);
#7908 = EDGE_LOOP('',(#7909,#7910,#7911,#7919));
#7909 = ORIENTED_EDGE('',*,*,#7865,.F.);
#7910 = ORIENTED_EDGE('',*,*,#7888,.T.);
#7911 = ORIENTED_EDGE('',*,*,#7912,.T.);
#7912 = EDGE_CURVE('',#7889,#7913,#7915,.T.);
#7913 = VERTEX_POINT('',#7914);
#7914 = CARTESIAN_POINT('',(2.,2.,0.95));
#7915 = LINE('',#7916,#7917);
#7916 = CARTESIAN_POINT('',(2.,-2.,0.95));
#7917 = VECTOR('',#7918,1.);
#7918 = DIRECTION('',(0.,1.,0.));
#7919 = ORIENTED_EDGE('',*,*,#7920,.F.);
#7920 = EDGE_CURVE('',#7858,#7913,#7921,.T.);
#7921 = LINE('',#7922,#7923);
#7922 = CARTESIAN_POINT('',(-2.,2.,0.95));
#7923 = VECTOR('',#7924,1.);
#7924 = DIRECTION('',(1.,0.,0.));
#7925 = FACE_BOUND('',#7926,.T.);
#7926 = EDGE_LOOP('',(#7927));
#7927 = ORIENTED_EDGE('',*,*,#7928,.F.);
#7928 = EDGE_CURVE('',#7929,#7929,#7931,.T.);
#7929 = VERTEX_POINT('',#7930);
#7930 = CARTESIAN_POINT('',(-1.25,1.5,0.95));
#7931 = CIRCLE('',#7932,0.25);
#7932 = AXIS2_PLACEMENT_3D('',#7933,#7934,#7935);
#7933 = CARTESIAN_POINT('',(-1.5,1.5,0.95));
#7934 = DIRECTION('',(0.,0.,1.));
#7935 = DIRECTION('',(1.,0.,-0.));
#7936 = PLANE('',#7937);
#7937 = AXIS2_PLACEMENT_3D('',#7938,#7939,#7940);
#7938 = CARTESIAN_POINT('',(-2.,-2.,0.95));
#7939 = DIRECTION('',(0.,0.,1.));
#7940 = DIRECTION('',(1.,0.,-0.));
#7941 = ADVANCED_FACE('',(#7942),#7960,.T.);
#7942 = FACE_BOUND('',#7943,.T.);
#7943 = EDGE_LOOP('',(#7944,#7952,#7953,#7954));
#7944 = ORIENTED_EDGE('',*,*,#7945,.F.);
#7945 = EDGE_CURVE('',#7850,#7946,#7948,.T.);
#7946 = VERTEX_POINT('',#7947);
#7947 = CARTESIAN_POINT('',(2.,2.,5.E-02));
#7948 = LINE('',#7949,#7950);
#7949 = CARTESIAN_POINT('',(-2.,2.,5.E-02));
#7950 = VECTOR('',#7951,1.);
#7951 = DIRECTION('',(1.,0.,0.));
#7952 = ORIENTED_EDGE('',*,*,#7857,.T.);
#7953 = ORIENTED_EDGE('',*,*,#7920,.T.);
#7954 = ORIENTED_EDGE('',*,*,#7955,.F.);
#7955 = EDGE_CURVE('',#7946,#7913,#7956,.T.);
#7956 = LINE('',#7957,#7958);
#7957 = CARTESIAN_POINT('',(2.,2.,5.E-02));
#7958 = VECTOR('',#7959,1.);
#7959 = DIRECTION('',(0.,0.,1.));
#7960 = PLANE('',#7961);
#7961 = AXIS2_PLACEMENT_3D('',#7962,#7963,#7964);
#7962 = CARTESIAN_POINT('',(-2.,2.,5.E-02));
#7963 = DIRECTION('',(0.,1.,0.));
#7964 = DIRECTION('',(0.,-0.,1.));
#7965 = ADVANCED_FACE('',(#7966),#7977,.F.);
#7966 = FACE_BOUND('',#7967,.F.);
#7967 = EDGE_LOOP('',(#7968,#7969,#7970,#7976));
#7968 = ORIENTED_EDGE('',*,*,#7849,.F.);
#7969 = ORIENTED_EDGE('',*,*,#7879,.T.);
#7970 = ORIENTED_EDGE('',*,*,#7971,.T.);
#7971 = EDGE_CURVE('',#7880,#7946,#7972,.T.);
#7972 = LINE('',#7973,#7974);
#7973 = CARTESIAN_POINT('',(2.,-2.,5.E-02));
#7974 = VECTOR('',#7975,1.);
#7975 = DIRECTION('',(0.,1.,0.));
#7976 = ORIENTED_EDGE('',*,*,#7945,.F.);
#7977 = PLANE('',#7978);
#7978 = AXIS2_PLACEMENT_3D('',#7979,#7980,#7981);
#7979 = CARTESIAN_POINT('',(-2.,-2.,5.E-02));
#7980 = DIRECTION('',(0.,0.,1.));
#7981 = DIRECTION('',(1.,0.,-0.));
#7982 = ADVANCED_FACE('',(#7983),#7989,.T.);
#7983 = FACE_BOUND('',#7984,.T.);
#7984 = EDGE_LOOP('',(#7985,#7986,#7987,#7988));
#7985 = ORIENTED_EDGE('',*,*,#7896,.F.);
#7986 = ORIENTED_EDGE('',*,*,#7971,.T.);
#7987 = ORIENTED_EDGE('',*,*,#7955,.T.);
#7988 = ORIENTED_EDGE('',*,*,#7912,.F.);
#7989 = PLANE('',#7990);
#7990 = AXIS2_PLACEMENT_3D('',#7991,#7992,#7993);
#7991 = CARTESIAN_POINT('',(2.,-2.,5.E-02));
#7992 = DIRECTION('',(1.,0.,0.));
#7993 = DIRECTION('',(0.,0.,1.));
#7994 = ADVANCED_FACE('',(#7995),#8014,.F.);
#7995 = FACE_BOUND('',#7996,.F.);
#7996 = EDGE_LOOP('',(#7997,#8005,#8006,#8007));
#7997 = ORIENTED_EDGE('',*,*,#7998,.T.);
#7998 = EDGE_CURVE('',#7999,#7929,#8001,.T.);
#7999 = VERTEX_POINT('',#8000);
#8000 = CARTESIAN_POINT('',(-1.25,1.5,0.855));
#8001 = LINE('',#8002,#8003);
#8002 = CARTESIAN_POINT('',(-1.25,1.5,0.855));
#8003 = VECTOR('',#8004,1.);
#8004 = DIRECTION('',(0.,0.,1.));
#8005 = ORIENTED_EDGE('',*,*,#7928,.F.);
#8006 = ORIENTED_EDGE('',*,*,#7998,.F.);
#8007 = ORIENTED_EDGE('',*,*,#8008,.T.);
#8008 = EDGE_CURVE('',#7999,#7999,#8009,.T.);
#8009 = CIRCLE('',#8010,0.25);
#8010 = AXIS2_PLACEMENT_3D('',#8011,#8012,#8013);
#8011 = CARTESIAN_POINT('',(-1.5,1.5,0.855));
#8012 = DIRECTION('',(0.,0.,1.));
#8013 = DIRECTION('',(1.,0.,-0.));
#8014 = CYLINDRICAL_SURFACE('',#8015,0.25);
#8015 = AXIS2_PLACEMENT_3D('',#8016,#8017,#8018);
#8016 = CARTESIAN_POINT('',(-1.5,1.5,0.855));
#8017 = DIRECTION('',(0.,0.,1.));
#8018 = DIRECTION('',(1.,0.,-0.));
#8019 = ADVANCED_FACE('',(#8020),#8023,.T.);
#8020 = FACE_BOUND('',#8021,.F.);
#8021 = EDGE_LOOP('',(#8022));
#8022 = ORIENTED_EDGE('',*,*,#8008,.F.);
#8023 = PLANE('',#8024);
#8024 = AXIS2_PLACEMENT_3D('',#8025,#8026,#8027);
#8025 = CARTESIAN_POINT('',(-1.5,1.5,0.855));
#8026 = DIRECTION('',(0.,0.,1.));
#8027 = DIRECTION('',(1.,0.,-0.));
#8028 = ( GEOMETRIC_REPRESENTATION_CONTEXT(3) 
GLOBAL_UNCERTAINTY_ASSIGNED_CONTEXT((#8032)) 
GLOBAL_UNIT_ASSIGNED_CONTEXT((#8029,#8030,#8031)) REPRESENTATION_CONTEXT
('Context #1','3D Context with UNIT and UNCERTAINTY') );
#8029 = ( LENGTH_UNIT() NAMED_UNIT(*) SI_UNIT(.MILLI.,.METRE.) );
#8030 = ( NAMED_UNIT(*) PLANE_ANGLE_UNIT() SI_UNIT($,.RADIAN.) );
#8031 = ( NAMED_UNIT(*) SI_UNIT($,.STERADIAN.) SOLID_ANGLE_UNIT() );
#8032 = UNCERTAINTY_MEASURE_WITH_UNIT(LENGTH_MEASURE(1.E-07),#8029,
  'distance_accuracy_value','confusion accuracy');
#8033 = CONTEXT_DEPENDENT_SHAPE_REPRESENTATION(#8034,#8036);
#8034 = ( REPRESENTATION_RELATIONSHIP('','',#7832,#7797) 
REPRESENTATION_RELATIONSHIP_WITH_TRANSFORMATION(#8035) 
SHAPE_REPRESENTATION_RELATIONSHIP() );
#8035 = ITEM_DEFINED_TRANSFORMATION('','',#11,#7798);
#8036 = PRODUCT_DEFINITION_SHAPE('Placement','Placement of an item',
  #8037);
#8037 = NEXT_ASSEMBLY_USAGE_OCCURRENCE('26','=>[0:1:1:2]','',#7792,#7827
  ,$);
#8038 = PRODUCT_RELATED_PRODUCT_CATEGORY('part',$,(#7829));
#8039 = SHAPE_DEFINITION_REPRESENTATION(#8040,#8046);
#8040 = PRODUCT_DEFINITION_SHAPE('','',#8041);
#8041 = PRODUCT_DEFINITION('design','',#8042,#8045);
#8042 = PRODUCT_DEFINITION_FORMATION('','',#8043);
#8043 = PRODUCT('ThermalPin','ThermalPin','',(#8044));
#8044 = PRODUCT_CONTEXT('',#2,'mechanical');
#8045 = PRODUCT_DEFINITION_CONTEXT('part definition',#2,'design');
#8046 = ADVANCED_BREP_SHAPE_REPRESENTATION('',(#11,#8047),#8197);
#8047 = MANIFOLD_SOLID_BREP('',#8048);
#8048 = CLOSED_SHELL('',(#8049,#8089,#8129,#8151,#8173,#8185));
#8049 = ADVANCED_FACE('',(#8050),#8084,.F.);
#8050 = FACE_BOUND('',#8051,.F.);
#8051 = EDGE_LOOP('',(#8052,#8062,#8070,#8078));
#8052 = ORIENTED_EDGE('',*,*,#8053,.F.);
#8053 = EDGE_CURVE('',#8054,#8056,#8058,.T.);
#8054 = VERTEX_POINT('',#8055);
#8055 = CARTESIAN_POINT('',(0.,0.,0.));
#8056 = VERTEX_POINT('',#8057);
#8057 = CARTESIAN_POINT('',(0.,0.,0.1));
#8058 = LINE('',#8059,#8060);
#8059 = CARTESIAN_POINT('',(0.,0.,0.));
#8060 = VECTOR('',#8061,1.);
#8061 = DIRECTION('',(0.,0.,1.));
#8062 = ORIENTED_EDGE('',*,*,#8063,.T.);
#8063 = EDGE_CURVE('',#8054,#8064,#8066,.T.);
#8064 = VERTEX_POINT('',#8065);
#8065 = CARTESIAN_POINT('',(0.,2.6,0.));
#8066 = LINE('',#8067,#8068);
#8067 = CARTESIAN_POINT('',(0.,0.,0.));
#8068 = VECTOR('',#8069,1.);
#8069 = DIRECTION('',(-0.,1.,0.));
#8070 = ORIENTED_EDGE('',*,*,#8071,.T.);
#8071 = EDGE_CURVE('',#8064,#8072,#8074,.T.);
#8072 = VERTEX_POINT('',#8073);
#8073 = CARTESIAN_POINT('',(0.,2.6,0.1));
#8074 = LINE('',#8075,#8076);
#8075 = CARTESIAN_POINT('',(0.,2.6,0.));
#8076 = VECTOR('',#8077,1.);
#8077 = DIRECTION('',(0.,0.,1.));
#8078 = ORIENTED_EDGE('',*,*,#8079,.F.);
#8079 = EDGE_CURVE('',#8056,#8072,#8080,.T.);
#8080 = LINE('',#8081,#8082);
#8081 = CARTESIAN_POINT('',(0.,0.,0.1));
#8082 = VECTOR('',#8083,1.);
#8083 = DIRECTION('',(-0.,1.,0.));
#8084 = PLANE('',#8085);
#8085 = AXIS2_PLACEMENT_3D('',#8086,#8087,#8088);
#8086 = CARTESIAN_POINT('',(0.,0.,0.));
#8087 = DIRECTION('',(1.,0.,-0.));
#8088 = DIRECTION('',(0.,0.,1.));
#8089 = ADVANCED_FACE('',(#8090),#8124,.T.);
#8090 = FACE_BOUND('',#8091,.T.);
#8091 = EDGE_LOOP('',(#8092,#8102,#8110,#8118));
#8092 = ORIENTED_EDGE('',*,*,#8093,.F.);
#8093 = EDGE_CURVE('',#8094,#8096,#8098,.T.);
#8094 = VERTEX_POINT('',#8095);
#8095 = CARTESIAN_POINT('',(2.6,0.,0.));
#8096 = VERTEX_POINT('',#8097);
#8097 = CARTESIAN_POINT('',(2.6,0.,0.1));
#8098 = LINE('',#8099,#8100);
#8099 = CARTESIAN_POINT('',(2.6,0.,0.));
#8100 = VECTOR('',#8101,1.);
#8101 = DIRECTION('',(0.,0.,1.));
#8102 = ORIENTED_EDGE('',*,*,#8103,.T.);
#8103 = EDGE_CURVE('',#8094,#8104,#8106,.T.);
#8104 = VERTEX_POINT('',#8105);
#8105 = CARTESIAN_POINT('',(2.6,2.6,0.));
#8106 = LINE('',#8107,#8108);
#8107 = CARTESIAN_POINT('',(2.6,0.,0.));
#8108 = VECTOR('',#8109,1.);
#8109 = DIRECTION('',(-0.,1.,0.));
#8110 = ORIENTED_EDGE('',*,*,#8111,.T.);
#8111 = EDGE_CURVE('',#8104,#8112,#8114,.T.);
#8112 = VERTEX_POINT('',#8113);
#8113 = CARTESIAN_POINT('',(2.6,2.6,0.1));
#8114 = LINE('',#8115,#8116);
#8115 = CARTESIAN_POINT('',(2.6,2.6,0.));
#8116 = VECTOR('',#8117,1.);
#8117 = DIRECTION('',(0.,0.,1.));
#8118 = ORIENTED_EDGE('',*,*,#8119,.F.);
#8119 = EDGE_CURVE('',#8096,#8112,#8120,.T.);
#8120 = LINE('',#8121,#8122);
#8121 = CARTESIAN_POINT('',(2.6,0.,0.1));
#8122 = VECTOR('',#8123,1.);
#8123 = DIRECTION('',(0.,1.,0.));
#8124 = PLANE('',#8125);
#8125 = AXIS2_PLACEMENT_3D('',#8126,#8127,#8128);
#8126 = CARTESIAN_POINT('',(2.6,0.,0.));
#8127 = DIRECTION('',(1.,0.,-0.));
#8128 = DIRECTION('',(0.,0.,1.));
#8129 = ADVANCED_FACE('',(#8130),#8146,.F.);
#8130 = FACE_BOUND('',#8131,.F.);
#8131 = EDGE_LOOP('',(#8132,#8138,#8139,#8145));
#8132 = ORIENTED_EDGE('',*,*,#8133,.F.);
#8133 = EDGE_CURVE('',#8054,#8094,#8134,.T.);
#8134 = LINE('',#8135,#8136);
#8135 = CARTESIAN_POINT('',(0.,0.,0.));
#8136 = VECTOR('',#8137,1.);
#8137 = DIRECTION('',(1.,0.,-0.));
#8138 = ORIENTED_EDGE('',*,*,#8053,.T.);
#8139 = ORIENTED_EDGE('',*,*,#8140,.T.);
#8140 = EDGE_CURVE('',#8056,#8096,#8141,.T.);
#8141 = LINE('',#8142,#8143);
#8142 = CARTESIAN_POINT('',(0.,0.,0.1));
#8143 = VECTOR('',#8144,1.);
#8144 = DIRECTION('',(1.,0.,-0.));
#8145 = ORIENTED_EDGE('',*,*,#8093,.F.);
#8146 = PLANE('',#8147);
#8147 = AXIS2_PLACEMENT_3D('',#8148,#8149,#8150);
#8148 = CARTESIAN_POINT('',(0.,0.,0.));
#8149 = DIRECTION('',(-0.,1.,0.));
#8150 = DIRECTION('',(0.,0.,1.));
#8151 = ADVANCED_FACE('',(#8152),#8168,.T.);
#8152 = FACE_BOUND('',#8153,.T.);
#8153 = EDGE_LOOP('',(#8154,#8160,#8161,#8167));
#8154 = ORIENTED_EDGE('',*,*,#8155,.F.);
#8155 = EDGE_CURVE('',#8064,#8104,#8156,.T.);
#8156 = LINE('',#8157,#8158);
#8157 = CARTESIAN_POINT('',(0.,2.6,0.));
#8158 = VECTOR('',#8159,1.);
#8159 = DIRECTION('',(1.,0.,-0.));
#8160 = ORIENTED_EDGE('',*,*,#8071,.T.);
#8161 = ORIENTED_EDGE('',*,*,#8162,.T.);
#8162 = EDGE_CURVE('',#8072,#8112,#8163,.T.);
#8163 = LINE('',#8164,#8165);
#8164 = CARTESIAN_POINT('',(0.,2.6,0.1));
#8165 = VECTOR('',#8166,1.);
#8166 = DIRECTION('',(1.,0.,-0.));
#8167 = ORIENTED_EDGE('',*,*,#8111,.F.);
#8168 = PLANE('',#8169);
#8169 = AXIS2_PLACEMENT_3D('',#8170,#8171,#8172);
#8170 = CARTESIAN_POINT('',(0.,2.6,0.));
#8171 = DIRECTION('',(-0.,1.,0.));
#8172 = DIRECTION('',(0.,0.,1.));
#8173 = ADVANCED_FACE('',(#8174),#8180,.F.);
#8174 = FACE_BOUND('',#8175,.F.);
#8175 = EDGE_LOOP('',(#8176,#8177,#8178,#8179));
#8176 = ORIENTED_EDGE('',*,*,#8063,.F.);
#8177 = ORIENTED_EDGE('',*,*,#8133,.T.);
#8178 = ORIENTED_EDGE('',*,*,#8103,.T.);
#8179 = ORIENTED_EDGE('',*,*,#8155,.F.);
#8180 = PLANE('',#8181);
#8181 = AXIS2_PLACEMENT_3D('',#8182,#8183,#8184);
#8182 = CARTESIAN_POINT('',(0.,0.,0.));
#8183 = DIRECTION('',(0.,0.,1.));
#8184 = DIRECTION('',(1.,0.,-0.));
#8185 = ADVANCED_FACE('',(#8186),#8192,.T.);
#8186 = FACE_BOUND('',#8187,.T.);
#8187 = EDGE_LOOP('',(#8188,#8189,#8190,#8191));
#8188 = ORIENTED_EDGE('',*,*,#8079,.F.);
#8189 = ORIENTED_EDGE('',*,*,#8140,.T.);
#8190 = ORIENTED_EDGE('',*,*,#8119,.T.);
#8191 = ORIENTED_EDGE('',*,*,#8162,.F.);
#8192 = PLANE('',#8193);
#8193 = AXIS2_PLACEMENT_3D('',#8194,#8195,#8196);
#8194 = CARTESIAN_POINT('',(0.,0.,0.1));
#8195 = DIRECTION('',(0.,0.,1.));
#8196 = DIRECTION('',(1.,0.,-0.));
#8197 = ( GEOMETRIC_REPRESENTATION_CONTEXT(3) 
GLOBAL_UNCERTAINTY_ASSIGNED_CONTEXT((#8201)) 
GLOBAL_UNIT_ASSIGNED_CONTEXT((#8198,#8199,#8200)) REPRESENTATION_CONTEXT
('Context #1','3D Context with UNIT and UNCERTAINTY') );
#8198 = ( LENGTH_UNIT() NAMED_UNIT(*) SI_UNIT(.MILLI.,.METRE.) );
#8199 = ( NAMED_UNIT(*) PLANE_ANGLE_UNIT() SI_UNIT($,.RADIAN.) );
#8200 = ( NAMED_UNIT(*) SI_UNIT($,.STERADIAN.) SOLID_ANGLE_UNIT() );
#8201 = UNCERTAINTY_MEASURE_WITH_UNIT(LENGTH_MEASURE(1.E-07),#8198,
  'distance_accuracy_value','confusion accuracy');
#8202 = CONTEXT_DEPENDENT_SHAPE_REPRESENTATION(#8203,#8205);
#8203 = ( REPRESENTATION_RELATIONSHIP('','',#8046,#7797) 
REPRESENTATION_RELATIONSHIP_WITH_TRANSFORMATION(#8204) 
SHAPE_REPRESENTATION_RELATIONSHIP() );
#8204 = ITEM_DEFINED_TRANSFORMATION('','',#11,#7802);
#8205 = PRODUCT_DEFINITION_SHAPE('Placement','Placement of an item',
  #8206);
#8206 = NEXT_ASSEMBLY_USAGE_OCCURRENCE('27','=>[0:1:1:3]','',#7792,#8041
  ,$);
#8207 = PRODUCT_RELATED_PRODUCT_CATEGORY('part',$,(#8043));
#8208 = SHAPE_DEFINITION_REPRESENTATION(#8209,#8215);
#8209 = PRODUCT_DEFINITION_SHAPE('','',#8210);
#8210 = PRODUCT_DEFINITION('design','',#8211,#8214);
#8211 = PRODUCT_DEFINITION_FORMATION('','',#8212);
#8212 = PRODUCT('PinsArrayLR','PinsArrayLR','',(#8213));
#8213 = PRODUCT_CONTEXT('',#2,'mechanical');
#8214 = PRODUCT_DEFINITION_CONTEXT('part definition',#2,'design');
#8215 = SHAPE_REPRESENTATION('',(#11,#8216,#8368,#8520,#8672,#8824,#8976
    ,#9128,#9280,#9432,#9584),#9736);
#8216 = MANIFOLD_SOLID_BREP('',#8217);
#8217 = CLOSED_SHELL('',(#8218,#8258,#8291,#8322,#8344,#8356));
#8218 = ADVANCED_FACE('',(#8219),#8253,.F.);
#8219 = FACE_BOUND('',#8220,.F.);
#8220 = EDGE_LOOP('',(#8221,#8231,#8239,#8247));
#8221 = ORIENTED_EDGE('',*,*,#8222,.T.);
#8222 = EDGE_CURVE('',#8223,#8225,#8227,.T.);
#8223 = VERTEX_POINT('',#8224);
#8224 = CARTESIAN_POINT('',(-2.05,0.88,0.));
#8225 = VERTEX_POINT('',#8226);
#8226 = CARTESIAN_POINT('',(-2.05,0.88,0.1));
#8227 = LINE('',#8228,#8229);
#8228 = CARTESIAN_POINT('',(-2.05,0.88,0.));
#8229 = VECTOR('',#8230,1.);
#8230 = DIRECTION('',(0.,0.,1.));
#8231 = ORIENTED_EDGE('',*,*,#8232,.T.);
#8232 = EDGE_CURVE('',#8225,#8233,#8235,.T.);
#8233 = VERTEX_POINT('',#8234);
#8234 = CARTESIAN_POINT('',(-1.72,0.88,0.1));
#8235 = LINE('',#8236,#8237);
#8236 = CARTESIAN_POINT('',(-2.05,0.88,0.1));
#8237 = VECTOR('',#8238,1.);
#8238 = DIRECTION('',(1.,0.,0.));
#8239 = ORIENTED_EDGE('',*,*,#8240,.F.);
#8240 = EDGE_CURVE('',#8241,#8233,#8243,.T.);
#8241 = VERTEX_POINT('',#8242);
#8242 = CARTESIAN_POINT('',(-1.72,0.88,0.));
#8243 = LINE('',#8244,#8245);
#8244 = CARTESIAN_POINT('',(-1.72,0.88,0.));
#8245 = VECTOR('',#8246,1.);
#8246 = DIRECTION('',(0.,0.,1.));
#8247 = ORIENTED_EDGE('',*,*,#8248,.F.);
#8248 = EDGE_CURVE('',#8223,#8241,#8249,.T.);
#8249 = LINE('',#8250,#8251);
#8250 = CARTESIAN_POINT('',(-2.05,0.88,0.));
#8251 = VECTOR('',#8252,1.);
#8252 = DIRECTION('',(1.,0.,0.));
#8253 = PLANE('',#8254);
#8254 = AXIS2_PLACEMENT_3D('',#8255,#8256,#8257);
#8255 = CARTESIAN_POINT('',(-2.05,0.88,0.));
#8256 = DIRECTION('',(0.,1.,0.));
#8257 = DIRECTION('',(1.,0.,0.));
#8258 = ADVANCED_FACE('',(#8259),#8286,.T.);
#8259 = FACE_BOUND('',#8260,.T.);
#8260 = EDGE_LOOP('',(#8261,#8270,#8278,#8285));
#8261 = ORIENTED_EDGE('',*,*,#8262,.T.);
#8262 = EDGE_CURVE('',#8241,#8263,#8265,.T.);
#8263 = VERTEX_POINT('',#8264);
#8264 = CARTESIAN_POINT('',(-1.72,1.12,0.));
#8265 = CIRCLE('',#8266,0.12);
#8266 = AXIS2_PLACEMENT_3D('',#8267,#8268,#8269);
#8267 = CARTESIAN_POINT('',(-1.72,1.,0.));
#8268 = DIRECTION('',(0.,0.,1.));
#8269 = DIRECTION('',(1.,0.,-0.));
#8270 = ORIENTED_EDGE('',*,*,#8271,.T.);
#8271 = EDGE_CURVE('',#8263,#8272,#8274,.T.);
#8272 = VERTEX_POINT('',#8273);
#8273 = CARTESIAN_POINT('',(-1.72,1.12,0.1));
#8274 = LINE('',#8275,#8276);
#8275 = CARTESIAN_POINT('',(-1.72,1.12,0.));
#8276 = VECTOR('',#8277,1.);
#8277 = DIRECTION('',(0.,0.,1.));
#8278 = ORIENTED_EDGE('',*,*,#8279,.F.);
#8279 = EDGE_CURVE('',#8233,#8272,#8280,.T.);
#8280 = CIRCLE('',#8281,0.12);
#8281 = AXIS2_PLACEMENT_3D('',#8282,#8283,#8284);
#8282 = CARTESIAN_POINT('',(-1.72,1.,0.1));
#8283 = DIRECTION('',(0.,0.,1.));
#8284 = DIRECTION('',(1.,0.,-0.));
#8285 = ORIENTED_EDGE('',*,*,#8240,.F.);
#8286 = CYLINDRICAL_SURFACE('',#8287,0.12);
#8287 = AXIS2_PLACEMENT_3D('',#8288,#8289,#8290);
#8288 = CARTESIAN_POINT('',(-1.72,1.,0.));
#8289 = DIRECTION('',(-0.,-0.,-1.));
#8290 = DIRECTION('',(1.,0.,0.));
#8291 = ADVANCED_FACE('',(#8292),#8317,.T.);
#8292 = FACE_BOUND('',#8293,.T.);
#8293 = EDGE_LOOP('',(#8294,#8304,#8310,#8311));
#8294 = ORIENTED_EDGE('',*,*,#8295,.T.);
#8295 = EDGE_CURVE('',#8296,#8298,#8300,.T.);
#8296 = VERTEX_POINT('',#8297);
#8297 = CARTESIAN_POINT('',(-2.05,1.12,0.));
#8298 = VERTEX_POINT('',#8299);
#8299 = CARTESIAN_POINT('',(-2.05,1.12,0.1));
#8300 = LINE('',#8301,#8302);
#8301 = CARTESIAN_POINT('',(-2.05,1.12,0.));
#8302 = VECTOR('',#8303,1.);
#8303 = DIRECTION('',(0.,0.,1.));
#8304 = ORIENTED_EDGE('',*,*,#8305,.T.);
#8305 = EDGE_CURVE('',#8298,#8272,#8306,.T.);
#8306 = LINE('',#8307,#8308);
#8307 = CARTESIAN_POINT('',(-2.05,1.12,0.1));
#8308 = VECTOR('',#8309,1.);
#8309 = DIRECTION('',(1.,0.,0.));
#8310 = ORIENTED_EDGE('',*,*,#8271,.F.);
#8311 = ORIENTED_EDGE('',*,*,#8312,.F.);
#8312 = EDGE_CURVE('',#8296,#8263,#8313,.T.);
#8313 = LINE('',#8314,#8315);
#8314 = CARTESIAN_POINT('',(-2.05,1.12,0.));
#8315 = VECTOR('',#8316,1.);
#8316 = DIRECTION('',(1.,0.,0.));
#8317 = PLANE('',#8318);
#8318 = AXIS2_PLACEMENT_3D('',#8319,#8320,#8321);
#8319 = CARTESIAN_POINT('',(-2.05,1.12,0.));
#8320 = DIRECTION('',(0.,1.,0.));
#8321 = DIRECTION('',(1.,0.,0.));
#8322 = ADVANCED_FACE('',(#8323),#8339,.T.);
#8323 = FACE_BOUND('',#8324,.T.);
#8324 = EDGE_LOOP('',(#8325,#8326,#8332,#8333));
#8325 = ORIENTED_EDGE('',*,*,#8222,.T.);
#8326 = ORIENTED_EDGE('',*,*,#8327,.T.);
#8327 = EDGE_CURVE('',#8225,#8298,#8328,.T.);
#8328 = LINE('',#8329,#8330);
#8329 = CARTESIAN_POINT('',(-2.05,0.88,0.1));
#8330 = VECTOR('',#8331,1.);
#8331 = DIRECTION('',(0.,1.,0.));
#8332 = ORIENTED_EDGE('',*,*,#8295,.F.);
#8333 = ORIENTED_EDGE('',*,*,#8334,.F.);
#8334 = EDGE_CURVE('',#8223,#8296,#8335,.T.);
#8335 = LINE('',#8336,#8337);
#8336 = CARTESIAN_POINT('',(-2.05,0.88,0.));
#8337 = VECTOR('',#8338,1.);
#8338 = DIRECTION('',(0.,1.,0.));
#8339 = PLANE('',#8340);
#8340 = AXIS2_PLACEMENT_3D('',#8341,#8342,#8343);
#8341 = CARTESIAN_POINT('',(-2.05,0.88,0.));
#8342 = DIRECTION('',(-1.,0.,0.));
#8343 = DIRECTION('',(0.,1.,0.));
#8344 = ADVANCED_FACE('',(#8345),#8351,.F.);
#8345 = FACE_BOUND('',#8346,.F.);
#8346 = EDGE_LOOP('',(#8347,#8348,#8349,#8350));
#8347 = ORIENTED_EDGE('',*,*,#8248,.T.);
#8348 = ORIENTED_EDGE('',*,*,#8262,.T.);
#8349 = ORIENTED_EDGE('',*,*,#8312,.F.);
#8350 = ORIENTED_EDGE('',*,*,#8334,.F.);
#8351 = PLANE('',#8352);
#8352 = AXIS2_PLACEMENT_3D('',#8353,#8354,#8355);
#8353 = CARTESIAN_POINT('',(-1.849490847913,1.,0.));
#8354 = DIRECTION('',(0.,0.,1.));
#8355 = DIRECTION('',(1.,0.,-0.));
#8356 = ADVANCED_FACE('',(#8357),#8363,.T.);
#8357 = FACE_BOUND('',#8358,.T.);
#8358 = EDGE_LOOP('',(#8359,#8360,#8361,#8362));
#8359 = ORIENTED_EDGE('',*,*,#8232,.T.);
#8360 = ORIENTED_EDGE('',*,*,#8279,.T.);
#8361 = ORIENTED_EDGE('',*,*,#8305,.F.);
#8362 = ORIENTED_EDGE('',*,*,#8327,.F.);
#8363 = PLANE('',#8364);
#8364 = AXIS2_PLACEMENT_3D('',#8365,#8366,#8367);
#8365 = CARTESIAN_POINT('',(-1.849490847913,1.,0.1));
#8366 = DIRECTION('',(0.,0.,1.));
#8367 = DIRECTION('',(1.,0.,-0.));
#8368 = MANIFOLD_SOLID_BREP('',#8369);
#8369 = CLOSED_SHELL('',(#8370,#8410,#8443,#8474,#8496,#8508));
#8370 = ADVANCED_FACE('',(#8371),#8405,.T.);
#8371 = FACE_BOUND('',#8372,.T.);
#8372 = EDGE_LOOP('',(#8373,#8383,#8391,#8399));
#8373 = ORIENTED_EDGE('',*,*,#8374,.T.);
#8374 = EDGE_CURVE('',#8375,#8377,#8379,.T.);
#8375 = VERTEX_POINT('',#8376);
#8376 = CARTESIAN_POINT('',(2.05,0.88,0.));
#8377 = VERTEX_POINT('',#8378);
#8378 = CARTESIAN_POINT('',(2.05,0.88,0.1));
#8379 = LINE('',#8380,#8381);
#8380 = CARTESIAN_POINT('',(2.05,0.88,0.));
#8381 = VECTOR('',#8382,1.);
#8382 = DIRECTION('',(0.,0.,1.));
#8383 = ORIENTED_EDGE('',*,*,#8384,.T.);
#8384 = EDGE_CURVE('',#8377,#8385,#8387,.T.);
#8385 = VERTEX_POINT('',#8386);
#8386 = CARTESIAN_POINT('',(1.72,0.88,0.1));
#8387 = LINE('',#8388,#8389);
#8388 = CARTESIAN_POINT('',(2.05,0.88,0.1));
#8389 = VECTOR('',#8390,1.);
#8390 = DIRECTION('',(-1.,0.,0.));
#8391 = ORIENTED_EDGE('',*,*,#8392,.F.);
#8392 = EDGE_CURVE('',#8393,#8385,#8395,.T.);
#8393 = VERTEX_POINT('',#8394);
#8394 = CARTESIAN_POINT('',(1.72,0.88,0.));
#8395 = LINE('',#8396,#8397);
#8396 = CARTESIAN_POINT('',(1.72,0.88,0.));
#8397 = VECTOR('',#8398,1.);
#8398 = DIRECTION('',(0.,0.,1.));
#8399 = ORIENTED_EDGE('',*,*,#8400,.F.);
#8400 = EDGE_CURVE('',#8375,#8393,#8401,.T.);
#8401 = LINE('',#8402,#8403);
#8402 = CARTESIAN_POINT('',(2.05,0.88,0.));
#8403 = VECTOR('',#8404,1.);
#8404 = DIRECTION('',(-1.,0.,0.));
#8405 = PLANE('',#8406);
#8406 = AXIS2_PLACEMENT_3D('',#8407,#8408,#8409);
#8407 = CARTESIAN_POINT('',(2.05,0.88,0.));
#8408 = DIRECTION('',(0.,-1.,0.));
#8409 = DIRECTION('',(-1.,0.,0.));
#8410 = ADVANCED_FACE('',(#8411),#8438,.T.);
#8411 = FACE_BOUND('',#8412,.T.);
#8412 = EDGE_LOOP('',(#8413,#8422,#8423,#8432));
#8413 = ORIENTED_EDGE('',*,*,#8414,.T.);
#8414 = EDGE_CURVE('',#8415,#8393,#8417,.T.);
#8415 = VERTEX_POINT('',#8416);
#8416 = CARTESIAN_POINT('',(1.72,1.12,0.));
#8417 = CIRCLE('',#8418,0.12);
#8418 = AXIS2_PLACEMENT_3D('',#8419,#8420,#8421);
#8419 = CARTESIAN_POINT('',(1.72,1.,0.));
#8420 = DIRECTION('',(0.,0.,1.));
#8421 = DIRECTION('',(1.,0.,-0.));
#8422 = ORIENTED_EDGE('',*,*,#8392,.T.);
#8423 = ORIENTED_EDGE('',*,*,#8424,.F.);
#8424 = EDGE_CURVE('',#8425,#8385,#8427,.T.);
#8425 = VERTEX_POINT('',#8426);
#8426 = CARTESIAN_POINT('',(1.72,1.12,0.1));
#8427 = CIRCLE('',#8428,0.12);
#8428 = AXIS2_PLACEMENT_3D('',#8429,#8430,#8431);
#8429 = CARTESIAN_POINT('',(1.72,1.,0.1));
#8430 = DIRECTION('',(0.,0.,1.));
#8431 = DIRECTION('',(1.,0.,-0.));
#8432 = ORIENTED_EDGE('',*,*,#8433,.F.);
#8433 = EDGE_CURVE('',#8415,#8425,#8434,.T.);
#8434 = LINE('',#8435,#8436);
#8435 = CARTESIAN_POINT('',(1.72,1.12,0.));
#8436 = VECTOR('',#8437,1.);
#8437 = DIRECTION('',(0.,0.,1.));
#8438 = CYLINDRICAL_SURFACE('',#8439,0.12);
#8439 = AXIS2_PLACEMENT_3D('',#8440,#8441,#8442);
#8440 = CARTESIAN_POINT('',(1.72,1.,0.));
#8441 = DIRECTION('',(-0.,-0.,-1.));
#8442 = DIRECTION('',(1.,0.,0.));
#8443 = ADVANCED_FACE('',(#8444),#8469,.F.);
#8444 = FACE_BOUND('',#8445,.F.);
#8445 = EDGE_LOOP('',(#8446,#8456,#8462,#8463));
#8446 = ORIENTED_EDGE('',*,*,#8447,.T.);
#8447 = EDGE_CURVE('',#8448,#8450,#8452,.T.);
#8448 = VERTEX_POINT('',#8449);
#8449 = CARTESIAN_POINT('',(2.05,1.12,0.));
#8450 = VERTEX_POINT('',#8451);
#8451 = CARTESIAN_POINT('',(2.05,1.12,0.1));
#8452 = LINE('',#8453,#8454);
#8453 = CARTESIAN_POINT('',(2.05,1.12,0.));
#8454 = VECTOR('',#8455,1.);
#8455 = DIRECTION('',(0.,0.,1.));
#8456 = ORIENTED_EDGE('',*,*,#8457,.T.);
#8457 = EDGE_CURVE('',#8450,#8425,#8458,.T.);
#8458 = LINE('',#8459,#8460);
#8459 = CARTESIAN_POINT('',(2.05,1.12,0.1));
#8460 = VECTOR('',#8461,1.);
#8461 = DIRECTION('',(-1.,0.,0.));
#8462 = ORIENTED_EDGE('',*,*,#8433,.F.);
#8463 = ORIENTED_EDGE('',*,*,#8464,.F.);
#8464 = EDGE_CURVE('',#8448,#8415,#8465,.T.);
#8465 = LINE('',#8466,#8467);
#8466 = CARTESIAN_POINT('',(2.05,1.12,0.));
#8467 = VECTOR('',#8468,1.);
#8468 = DIRECTION('',(-1.,0.,0.));
#8469 = PLANE('',#8470);
#8470 = AXIS2_PLACEMENT_3D('',#8471,#8472,#8473);
#8471 = CARTESIAN_POINT('',(2.05,1.12,0.));
#8472 = DIRECTION('',(0.,-1.,0.));
#8473 = DIRECTION('',(-1.,0.,0.));
#8474 = ADVANCED_FACE('',(#8475),#8491,.F.);
#8475 = FACE_BOUND('',#8476,.F.);
#8476 = EDGE_LOOP('',(#8477,#8478,#8484,#8485));
#8477 = ORIENTED_EDGE('',*,*,#8374,.T.);
#8478 = ORIENTED_EDGE('',*,*,#8479,.T.);
#8479 = EDGE_CURVE('',#8377,#8450,#8480,.T.);
#8480 = LINE('',#8481,#8482);
#8481 = CARTESIAN_POINT('',(2.05,0.88,0.1));
#8482 = VECTOR('',#8483,1.);
#8483 = DIRECTION('',(0.,1.,0.));
#8484 = ORIENTED_EDGE('',*,*,#8447,.F.);
#8485 = ORIENTED_EDGE('',*,*,#8486,.F.);
#8486 = EDGE_CURVE('',#8375,#8448,#8487,.T.);
#8487 = LINE('',#8488,#8489);
#8488 = CARTESIAN_POINT('',(2.05,0.88,0.));
#8489 = VECTOR('',#8490,1.);
#8490 = DIRECTION('',(0.,1.,0.));
#8491 = PLANE('',#8492);
#8492 = AXIS2_PLACEMENT_3D('',#8493,#8494,#8495);
#8493 = CARTESIAN_POINT('',(2.05,0.88,0.));
#8494 = DIRECTION('',(-1.,0.,0.));
#8495 = DIRECTION('',(0.,1.,0.));
#8496 = ADVANCED_FACE('',(#8497),#8503,.T.);
#8497 = FACE_BOUND('',#8498,.T.);
#8498 = EDGE_LOOP('',(#8499,#8500,#8501,#8502));
#8499 = ORIENTED_EDGE('',*,*,#8400,.T.);
#8500 = ORIENTED_EDGE('',*,*,#8414,.F.);
#8501 = ORIENTED_EDGE('',*,*,#8464,.F.);
#8502 = ORIENTED_EDGE('',*,*,#8486,.F.);
#8503 = PLANE('',#8504);
#8504 = AXIS2_PLACEMENT_3D('',#8505,#8506,#8507);
#8505 = CARTESIAN_POINT('',(1.849490847913,1.,0.));
#8506 = DIRECTION('',(-0.,-0.,-1.));
#8507 = DIRECTION('',(-1.,0.,0.));
#8508 = ADVANCED_FACE('',(#8509),#8515,.F.);
#8509 = FACE_BOUND('',#8510,.F.);
#8510 = EDGE_LOOP('',(#8511,#8512,#8513,#8514));
#8511 = ORIENTED_EDGE('',*,*,#8384,.T.);
#8512 = ORIENTED_EDGE('',*,*,#8424,.F.);
#8513 = ORIENTED_EDGE('',*,*,#8457,.F.);
#8514 = ORIENTED_EDGE('',*,*,#8479,.F.);
#8515 = PLANE('',#8516);
#8516 = AXIS2_PLACEMENT_3D('',#8517,#8518,#8519);
#8517 = CARTESIAN_POINT('',(1.849490847913,1.,0.1));
#8518 = DIRECTION('',(-0.,-0.,-1.));
#8519 = DIRECTION('',(-1.,0.,0.));
#8520 = MANIFOLD_SOLID_BREP('',#8521);
#8521 = CLOSED_SHELL('',(#8522,#8562,#8595,#8626,#8648,#8660));
#8522 = ADVANCED_FACE('',(#8523),#8557,.F.);
#8523 = FACE_BOUND('',#8524,.F.);
#8524 = EDGE_LOOP('',(#8525,#8535,#8543,#8551));
#8525 = ORIENTED_EDGE('',*,*,#8526,.T.);
#8526 = EDGE_CURVE('',#8527,#8529,#8531,.T.);
#8527 = VERTEX_POINT('',#8528);
#8528 = CARTESIAN_POINT('',(-2.05,0.38,0.));
#8529 = VERTEX_POINT('',#8530);
#8530 = CARTESIAN_POINT('',(-2.05,0.38,0.1));
#8531 = LINE('',#8532,#8533);
#8532 = CARTESIAN_POINT('',(-2.05,0.38,0.));
#8533 = VECTOR('',#8534,1.);
#8534 = DIRECTION('',(0.,0.,1.));
#8535 = ORIENTED_EDGE('',*,*,#8536,.T.);
#8536 = EDGE_CURVE('',#8529,#8537,#8539,.T.);
#8537 = VERTEX_POINT('',#8538);
#8538 = CARTESIAN_POINT('',(-1.72,0.38,0.1));
#8539 = LINE('',#8540,#8541);
#8540 = CARTESIAN_POINT('',(-2.05,0.38,0.1));
#8541 = VECTOR('',#8542,1.);
#8542 = DIRECTION('',(1.,0.,0.));
#8543 = ORIENTED_EDGE('',*,*,#8544,.F.);
#8544 = EDGE_CURVE('',#8545,#8537,#8547,.T.);
#8545 = VERTEX_POINT('',#8546);
#8546 = CARTESIAN_POINT('',(-1.72,0.38,0.));
#8547 = LINE('',#8548,#8549);
#8548 = CARTESIAN_POINT('',(-1.72,0.38,0.));
#8549 = VECTOR('',#8550,1.);
#8550 = DIRECTION('',(0.,0.,1.));
#8551 = ORIENTED_EDGE('',*,*,#8552,.F.);
#8552 = EDGE_CURVE('',#8527,#8545,#8553,.T.);
#8553 = LINE('',#8554,#8555);
#8554 = CARTESIAN_POINT('',(-2.05,0.38,0.));
#8555 = VECTOR('',#8556,1.);
#8556 = DIRECTION('',(1.,0.,0.));
#8557 = PLANE('',#8558);
#8558 = AXIS2_PLACEMENT_3D('',#8559,#8560,#8561);
#8559 = CARTESIAN_POINT('',(-2.05,0.38,0.));
#8560 = DIRECTION('',(0.,1.,0.));
#8561 = DIRECTION('',(1.,0.,0.));
#8562 = ADVANCED_FACE('',(#8563),#8590,.T.);
#8563 = FACE_BOUND('',#8564,.T.);
#8564 = EDGE_LOOP('',(#8565,#8574,#8582,#8589));
#8565 = ORIENTED_EDGE('',*,*,#8566,.T.);
#8566 = EDGE_CURVE('',#8545,#8567,#8569,.T.);
#8567 = VERTEX_POINT('',#8568);
#8568 = CARTESIAN_POINT('',(-1.72,0.62,0.));
#8569 = CIRCLE('',#8570,0.12);
#8570 = AXIS2_PLACEMENT_3D('',#8571,#8572,#8573);
#8571 = CARTESIAN_POINT('',(-1.72,0.5,0.));
#8572 = DIRECTION('',(0.,0.,1.));
#8573 = DIRECTION('',(1.,0.,-0.));
#8574 = ORIENTED_EDGE('',*,*,#8575,.T.);
#8575 = EDGE_CURVE('',#8567,#8576,#8578,.T.);
#8576 = VERTEX_POINT('',#8577);
#8577 = CARTESIAN_POINT('',(-1.72,0.62,0.1));
#8578 = LINE('',#8579,#8580);
#8579 = CARTESIAN_POINT('',(-1.72,0.62,0.));
#8580 = VECTOR('',#8581,1.);
#8581 = DIRECTION('',(0.,0.,1.));
#8582 = ORIENTED_EDGE('',*,*,#8583,.F.);
#8583 = EDGE_CURVE('',#8537,#8576,#8584,.T.);
#8584 = CIRCLE('',#8585,0.12);
#8585 = AXIS2_PLACEMENT_3D('',#8586,#8587,#8588);
#8586 = CARTESIAN_POINT('',(-1.72,0.5,0.1));
#8587 = DIRECTION('',(0.,0.,1.));
#8588 = DIRECTION('',(1.,0.,-0.));
#8589 = ORIENTED_EDGE('',*,*,#8544,.F.);
#8590 = CYLINDRICAL_SURFACE('',#8591,0.12);
#8591 = AXIS2_PLACEMENT_3D('',#8592,#8593,#8594);
#8592 = CARTESIAN_POINT('',(-1.72,0.5,0.));
#8593 = DIRECTION('',(-0.,-0.,-1.));
#8594 = DIRECTION('',(1.,0.,0.));
#8595 = ADVANCED_FACE('',(#8596),#8621,.T.);
#8596 = FACE_BOUND('',#8597,.T.);
#8597 = EDGE_LOOP('',(#8598,#8608,#8614,#8615));
#8598 = ORIENTED_EDGE('',*,*,#8599,.T.);
#8599 = EDGE_CURVE('',#8600,#8602,#8604,.T.);
#8600 = VERTEX_POINT('',#8601);
#8601 = CARTESIAN_POINT('',(-2.05,0.62,0.));
#8602 = VERTEX_POINT('',#8603);
#8603 = CARTESIAN_POINT('',(-2.05,0.62,0.1));
#8604 = LINE('',#8605,#8606);
#8605 = CARTESIAN_POINT('',(-2.05,0.62,0.));
#8606 = VECTOR('',#8607,1.);
#8607 = DIRECTION('',(0.,0.,1.));
#8608 = ORIENTED_EDGE('',*,*,#8609,.T.);
#8609 = EDGE_CURVE('',#8602,#8576,#8610,.T.);
#8610 = LINE('',#8611,#8612);
#8611 = CARTESIAN_POINT('',(-2.05,0.62,0.1));
#8612 = VECTOR('',#8613,1.);
#8613 = DIRECTION('',(1.,0.,0.));
#8614 = ORIENTED_EDGE('',*,*,#8575,.F.);
#8615 = ORIENTED_EDGE('',*,*,#8616,.F.);
#8616 = EDGE_CURVE('',#8600,#8567,#8617,.T.);
#8617 = LINE('',#8618,#8619);
#8618 = CARTESIAN_POINT('',(-2.05,0.62,0.));
#8619 = VECTOR('',#8620,1.);
#8620 = DIRECTION('',(1.,0.,0.));
#8621 = PLANE('',#8622);
#8622 = AXIS2_PLACEMENT_3D('',#8623,#8624,#8625);
#8623 = CARTESIAN_POINT('',(-2.05,0.62,0.));
#8624 = DIRECTION('',(0.,1.,0.));
#8625 = DIRECTION('',(1.,0.,0.));
#8626 = ADVANCED_FACE('',(#8627),#8643,.T.);
#8627 = FACE_BOUND('',#8628,.T.);
#8628 = EDGE_LOOP('',(#8629,#8630,#8636,#8637));
#8629 = ORIENTED_EDGE('',*,*,#8526,.T.);
#8630 = ORIENTED_EDGE('',*,*,#8631,.T.);
#8631 = EDGE_CURVE('',#8529,#8602,#8632,.T.);
#8632 = LINE('',#8633,#8634);
#8633 = CARTESIAN_POINT('',(-2.05,0.38,0.1));
#8634 = VECTOR('',#8635,1.);
#8635 = DIRECTION('',(0.,1.,0.));
#8636 = ORIENTED_EDGE('',*,*,#8599,.F.);
#8637 = ORIENTED_EDGE('',*,*,#8638,.F.);
#8638 = EDGE_CURVE('',#8527,#8600,#8639,.T.);
#8639 = LINE('',#8640,#8641);
#8640 = CARTESIAN_POINT('',(-2.05,0.38,0.));
#8641 = VECTOR('',#8642,1.);
#8642 = DIRECTION('',(0.,1.,0.));
#8643 = PLANE('',#8644);
#8644 = AXIS2_PLACEMENT_3D('',#8645,#8646,#8647);
#8645 = CARTESIAN_POINT('',(-2.05,0.38,0.));
#8646 = DIRECTION('',(-1.,0.,0.));
#8647 = DIRECTION('',(0.,1.,0.));
#8648 = ADVANCED_FACE('',(#8649),#8655,.F.);
#8649 = FACE_BOUND('',#8650,.F.);
#8650 = EDGE_LOOP('',(#8651,#8652,#8653,#8654));
#8651 = ORIENTED_EDGE('',*,*,#8552,.T.);
#8652 = ORIENTED_EDGE('',*,*,#8566,.T.);
#8653 = ORIENTED_EDGE('',*,*,#8616,.F.);
#8654 = ORIENTED_EDGE('',*,*,#8638,.F.);
#8655 = PLANE('',#8656);
#8656 = AXIS2_PLACEMENT_3D('',#8657,#8658,#8659);
#8657 = CARTESIAN_POINT('',(-1.849490847913,0.5,0.));
#8658 = DIRECTION('',(0.,0.,1.));
#8659 = DIRECTION('',(1.,0.,-0.));
#8660 = ADVANCED_FACE('',(#8661),#8667,.T.);
#8661 = FACE_BOUND('',#8662,.T.);
#8662 = EDGE_LOOP('',(#8663,#8664,#8665,#8666));
#8663 = ORIENTED_EDGE('',*,*,#8536,.T.);
#8664 = ORIENTED_EDGE('',*,*,#8583,.T.);
#8665 = ORIENTED_EDGE('',*,*,#8609,.F.);
#8666 = ORIENTED_EDGE('',*,*,#8631,.F.);
#8667 = PLANE('',#8668);
#8668 = AXIS2_PLACEMENT_3D('',#8669,#8670,#8671);
#8669 = CARTESIAN_POINT('',(-1.849490847913,0.5,0.1));
#8670 = DIRECTION('',(0.,0.,1.));
#8671 = DIRECTION('',(1.,0.,-0.));
#8672 = MANIFOLD_SOLID_BREP('',#8673);
#8673 = CLOSED_SHELL('',(#8674,#8714,#8747,#8778,#8800,#8812));
#8674 = ADVANCED_FACE('',(#8675),#8709,.T.);
#8675 = FACE_BOUND('',#8676,.T.);
#8676 = EDGE_LOOP('',(#8677,#8687,#8695,#8703));
#8677 = ORIENTED_EDGE('',*,*,#8678,.T.);
#8678 = EDGE_CURVE('',#8679,#8681,#8683,.T.);
#8679 = VERTEX_POINT('',#8680);
#8680 = CARTESIAN_POINT('',(2.05,0.38,0.));
#8681 = VERTEX_POINT('',#8682);
#8682 = CARTESIAN_POINT('',(2.05,0.38,0.1));
#8683 = LINE('',#8684,#8685);
#8684 = CARTESIAN_POINT('',(2.05,0.38,0.));
#8685 = VECTOR('',#8686,1.);
#8686 = DIRECTION('',(0.,0.,1.));
#8687 = ORIENTED_EDGE('',*,*,#8688,.T.);
#8688 = EDGE_CURVE('',#8681,#8689,#8691,.T.);
#8689 = VERTEX_POINT('',#8690);
#8690 = CARTESIAN_POINT('',(1.72,0.38,0.1));
#8691 = LINE('',#8692,#8693);
#8692 = CARTESIAN_POINT('',(2.05,0.38,0.1));
#8693 = VECTOR('',#8694,1.);
#8694 = DIRECTION('',(-1.,0.,0.));
#8695 = ORIENTED_EDGE('',*,*,#8696,.F.);
#8696 = EDGE_CURVE('',#8697,#8689,#8699,.T.);
#8697 = VERTEX_POINT('',#8698);
#8698 = CARTESIAN_POINT('',(1.72,0.38,0.));
#8699 = LINE('',#8700,#8701);
#8700 = CARTESIAN_POINT('',(1.72,0.38,0.));
#8701 = VECTOR('',#8702,1.);
#8702 = DIRECTION('',(0.,0.,1.));
#8703 = ORIENTED_EDGE('',*,*,#8704,.F.);
#8704 = EDGE_CURVE('',#8679,#8697,#8705,.T.);
#8705 = LINE('',#8706,#8707);
#8706 = CARTESIAN_POINT('',(2.05,0.38,0.));
#8707 = VECTOR('',#8708,1.);
#8708 = DIRECTION('',(-1.,0.,0.));
#8709 = PLANE('',#8710);
#8710 = AXIS2_PLACEMENT_3D('',#8711,#8712,#8713);
#8711 = CARTESIAN_POINT('',(2.05,0.38,0.));
#8712 = DIRECTION('',(0.,-1.,0.));
#8713 = DIRECTION('',(-1.,0.,0.));
#8714 = ADVANCED_FACE('',(#8715),#8742,.T.);
#8715 = FACE_BOUND('',#8716,.T.);
#8716 = EDGE_LOOP('',(#8717,#8726,#8727,#8736));
#8717 = ORIENTED_EDGE('',*,*,#8718,.T.);
#8718 = EDGE_CURVE('',#8719,#8697,#8721,.T.);
#8719 = VERTEX_POINT('',#8720);
#8720 = CARTESIAN_POINT('',(1.72,0.62,0.));
#8721 = CIRCLE('',#8722,0.12);
#8722 = AXIS2_PLACEMENT_3D('',#8723,#8724,#8725);
#8723 = CARTESIAN_POINT('',(1.72,0.5,0.));
#8724 = DIRECTION('',(0.,0.,1.));
#8725 = DIRECTION('',(1.,0.,-0.));
#8726 = ORIENTED_EDGE('',*,*,#8696,.T.);
#8727 = ORIENTED_EDGE('',*,*,#8728,.F.);
#8728 = EDGE_CURVE('',#8729,#8689,#8731,.T.);
#8729 = VERTEX_POINT('',#8730);
#8730 = CARTESIAN_POINT('',(1.72,0.62,0.1));
#8731 = CIRCLE('',#8732,0.12);
#8732 = AXIS2_PLACEMENT_3D('',#8733,#8734,#8735);
#8733 = CARTESIAN_POINT('',(1.72,0.5,0.1));
#8734 = DIRECTION('',(0.,0.,1.));
#8735 = DIRECTION('',(1.,0.,-0.));
#8736 = ORIENTED_EDGE('',*,*,#8737,.F.);
#8737 = EDGE_CURVE('',#8719,#8729,#8738,.T.);
#8738 = LINE('',#8739,#8740);
#8739 = CARTESIAN_POINT('',(1.72,0.62,0.));
#8740 = VECTOR('',#8741,1.);
#8741 = DIRECTION('',(0.,0.,1.));
#8742 = CYLINDRICAL_SURFACE('',#8743,0.12);
#8743 = AXIS2_PLACEMENT_3D('',#8744,#8745,#8746);
#8744 = CARTESIAN_POINT('',(1.72,0.5,0.));
#8745 = DIRECTION('',(-0.,-0.,-1.));
#8746 = DIRECTION('',(1.,0.,0.));
#8747 = ADVANCED_FACE('',(#8748),#8773,.F.);
#8748 = FACE_BOUND('',#8749,.F.);
#8749 = EDGE_LOOP('',(#8750,#8760,#8766,#8767));
#8750 = ORIENTED_EDGE('',*,*,#8751,.T.);
#8751 = EDGE_CURVE('',#8752,#8754,#8756,.T.);
#8752 = VERTEX_POINT('',#8753);
#8753 = CARTESIAN_POINT('',(2.05,0.62,0.));
#8754 = VERTEX_POINT('',#8755);
#8755 = CARTESIAN_POINT('',(2.05,0.62,0.1));
#8756 = LINE('',#8757,#8758);
#8757 = CARTESIAN_POINT('',(2.05,0.62,0.));
#8758 = VECTOR('',#8759,1.);
#8759 = DIRECTION('',(0.,0.,1.));
#8760 = ORIENTED_EDGE('',*,*,#8761,.T.);
#8761 = EDGE_CURVE('',#8754,#8729,#8762,.T.);
#8762 = LINE('',#8763,#8764);
#8763 = CARTESIAN_POINT('',(2.05,0.62,0.1));
#8764 = VECTOR('',#8765,1.);
#8765 = DIRECTION('',(-1.,0.,0.));
#8766 = ORIENTED_EDGE('',*,*,#8737,.F.);
#8767 = ORIENTED_EDGE('',*,*,#8768,.F.);
#8768 = EDGE_CURVE('',#8752,#8719,#8769,.T.);
#8769 = LINE('',#8770,#8771);
#8770 = CARTESIAN_POINT('',(2.05,0.62,0.));
#8771 = VECTOR('',#8772,1.);
#8772 = DIRECTION('',(-1.,0.,0.));
#8773 = PLANE('',#8774);
#8774 = AXIS2_PLACEMENT_3D('',#8775,#8776,#8777);
#8775 = CARTESIAN_POINT('',(2.05,0.62,0.));
#8776 = DIRECTION('',(0.,-1.,0.));
#8777 = DIRECTION('',(-1.,0.,0.));
#8778 = ADVANCED_FACE('',(#8779),#8795,.F.);
#8779 = FACE_BOUND('',#8780,.F.);
#8780 = EDGE_LOOP('',(#8781,#8782,#8788,#8789));
#8781 = ORIENTED_EDGE('',*,*,#8678,.T.);
#8782 = ORIENTED_EDGE('',*,*,#8783,.T.);
#8783 = EDGE_CURVE('',#8681,#8754,#8784,.T.);
#8784 = LINE('',#8785,#8786);
#8785 = CARTESIAN_POINT('',(2.05,0.38,0.1));
#8786 = VECTOR('',#8787,1.);
#8787 = DIRECTION('',(0.,1.,0.));
#8788 = ORIENTED_EDGE('',*,*,#8751,.F.);
#8789 = ORIENTED_EDGE('',*,*,#8790,.F.);
#8790 = EDGE_CURVE('',#8679,#8752,#8791,.T.);
#8791 = LINE('',#8792,#8793);
#8792 = CARTESIAN_POINT('',(2.05,0.38,0.));
#8793 = VECTOR('',#8794,1.);
#8794 = DIRECTION('',(0.,1.,0.));
#8795 = PLANE('',#8796);
#8796 = AXIS2_PLACEMENT_3D('',#8797,#8798,#8799);
#8797 = CARTESIAN_POINT('',(2.05,0.38,0.));
#8798 = DIRECTION('',(-1.,0.,0.));
#8799 = DIRECTION('',(0.,1.,0.));
#8800 = ADVANCED_FACE('',(#8801),#8807,.T.);
#8801 = FACE_BOUND('',#8802,.T.);
#8802 = EDGE_LOOP('',(#8803,#8804,#8805,#8806));
#8803 = ORIENTED_EDGE('',*,*,#8704,.T.);
#8804 = ORIENTED_EDGE('',*,*,#8718,.F.);
#8805 = ORIENTED_EDGE('',*,*,#8768,.F.);
#8806 = ORIENTED_EDGE('',*,*,#8790,.F.);
#8807 = PLANE('',#8808);
#8808 = AXIS2_PLACEMENT_3D('',#8809,#8810,#8811);
#8809 = CARTESIAN_POINT('',(1.849490847913,0.5,0.));
#8810 = DIRECTION('',(-0.,-0.,-1.));
#8811 = DIRECTION('',(-1.,0.,0.));
#8812 = ADVANCED_FACE('',(#8813),#8819,.F.);
#8813 = FACE_BOUND('',#8814,.F.);
#8814 = EDGE_LOOP('',(#8815,#8816,#8817,#8818));
#8815 = ORIENTED_EDGE('',*,*,#8688,.T.);
#8816 = ORIENTED_EDGE('',*,*,#8728,.F.);
#8817 = ORIENTED_EDGE('',*,*,#8761,.F.);
#8818 = ORIENTED_EDGE('',*,*,#8783,.F.);
#8819 = PLANE('',#8820);
#8820 = AXIS2_PLACEMENT_3D('',#8821,#8822,#8823);
#8821 = CARTESIAN_POINT('',(1.849490847913,0.5,0.1));
#8822 = DIRECTION('',(-0.,-0.,-1.));
#8823 = DIRECTION('',(-1.,0.,0.));
#8824 = MANIFOLD_SOLID_BREP('',#8825);
#8825 = CLOSED_SHELL('',(#8826,#8866,#8899,#8930,#8952,#8964));
#8826 = ADVANCED_FACE('',(#8827),#8861,.F.);
#8827 = FACE_BOUND('',#8828,.F.);
#8828 = EDGE_LOOP('',(#8829,#8839,#8847,#8855));
#8829 = ORIENTED_EDGE('',*,*,#8830,.T.);
#8830 = EDGE_CURVE('',#8831,#8833,#8835,.T.);
#8831 = VERTEX_POINT('',#8832);
#8832 = CARTESIAN_POINT('',(-2.05,-0.12,0.));
#8833 = VERTEX_POINT('',#8834);
#8834 = CARTESIAN_POINT('',(-2.05,-0.12,0.1));
#8835 = LINE('',#8836,#8837);
#8836 = CARTESIAN_POINT('',(-2.05,-0.12,0.));
#8837 = VECTOR('',#8838,1.);
#8838 = DIRECTION('',(0.,0.,1.));
#8839 = ORIENTED_EDGE('',*,*,#8840,.T.);
#8840 = EDGE_CURVE('',#8833,#8841,#8843,.T.);
#8841 = VERTEX_POINT('',#8842);
#8842 = CARTESIAN_POINT('',(-1.72,-0.12,0.1));
#8843 = LINE('',#8844,#8845);
#8844 = CARTESIAN_POINT('',(-2.05,-0.12,0.1));
#8845 = VECTOR('',#8846,1.);
#8846 = DIRECTION('',(1.,0.,0.));
#8847 = ORIENTED_EDGE('',*,*,#8848,.F.);
#8848 = EDGE_CURVE('',#8849,#8841,#8851,.T.);
#8849 = VERTEX_POINT('',#8850);
#8850 = CARTESIAN_POINT('',(-1.72,-0.12,0.));
#8851 = LINE('',#8852,#8853);
#8852 = CARTESIAN_POINT('',(-1.72,-0.12,0.));
#8853 = VECTOR('',#8854,1.);
#8854 = DIRECTION('',(0.,0.,1.));
#8855 = ORIENTED_EDGE('',*,*,#8856,.F.);
#8856 = EDGE_CURVE('',#8831,#8849,#8857,.T.);
#8857 = LINE('',#8858,#8859);
#8858 = CARTESIAN_POINT('',(-2.05,-0.12,0.));
#8859 = VECTOR('',#8860,1.);
#8860 = DIRECTION('',(1.,0.,0.));
#8861 = PLANE('',#8862);
#8862 = AXIS2_PLACEMENT_3D('',#8863,#8864,#8865);
#8863 = CARTESIAN_POINT('',(-2.05,-0.12,0.));
#8864 = DIRECTION('',(0.,1.,0.));
#8865 = DIRECTION('',(1.,0.,0.));
#8866 = ADVANCED_FACE('',(#8867),#8894,.T.);
#8867 = FACE_BOUND('',#8868,.T.);
#8868 = EDGE_LOOP('',(#8869,#8878,#8886,#8893));
#8869 = ORIENTED_EDGE('',*,*,#8870,.T.);
#8870 = EDGE_CURVE('',#8849,#8871,#8873,.T.);
#8871 = VERTEX_POINT('',#8872);
#8872 = CARTESIAN_POINT('',(-1.72,0.12,0.));
#8873 = CIRCLE('',#8874,0.12);
#8874 = AXIS2_PLACEMENT_3D('',#8875,#8876,#8877);
#8875 = CARTESIAN_POINT('',(-1.72,0.,0.));
#8876 = DIRECTION('',(0.,0.,1.));
#8877 = DIRECTION('',(1.,0.,-0.));
#8878 = ORIENTED_EDGE('',*,*,#8879,.T.);
#8879 = EDGE_CURVE('',#8871,#8880,#8882,.T.);
#8880 = VERTEX_POINT('',#8881);
#8881 = CARTESIAN_POINT('',(-1.72,0.12,0.1));
#8882 = LINE('',#8883,#8884);
#8883 = CARTESIAN_POINT('',(-1.72,0.12,0.));
#8884 = VECTOR('',#8885,1.);
#8885 = DIRECTION('',(0.,0.,1.));
#8886 = ORIENTED_EDGE('',*,*,#8887,.F.);
#8887 = EDGE_CURVE('',#8841,#8880,#8888,.T.);
#8888 = CIRCLE('',#8889,0.12);
#8889 = AXIS2_PLACEMENT_3D('',#8890,#8891,#8892);
#8890 = CARTESIAN_POINT('',(-1.72,0.,0.1));
#8891 = DIRECTION('',(0.,0.,1.));
#8892 = DIRECTION('',(1.,0.,-0.));
#8893 = ORIENTED_EDGE('',*,*,#8848,.F.);
#8894 = CYLINDRICAL_SURFACE('',#8895,0.12);
#8895 = AXIS2_PLACEMENT_3D('',#8896,#8897,#8898);
#8896 = CARTESIAN_POINT('',(-1.72,0.,0.));
#8897 = DIRECTION('',(-0.,-0.,-1.));
#8898 = DIRECTION('',(1.,0.,0.));
#8899 = ADVANCED_FACE('',(#8900),#8925,.T.);
#8900 = FACE_BOUND('',#8901,.T.);
#8901 = EDGE_LOOP('',(#8902,#8912,#8918,#8919));
#8902 = ORIENTED_EDGE('',*,*,#8903,.T.);
#8903 = EDGE_CURVE('',#8904,#8906,#8908,.T.);
#8904 = VERTEX_POINT('',#8905);
#8905 = CARTESIAN_POINT('',(-2.05,0.12,0.));
#8906 = VERTEX_POINT('',#8907);
#8907 = CARTESIAN_POINT('',(-2.05,0.12,0.1));
#8908 = LINE('',#8909,#8910);
#8909 = CARTESIAN_POINT('',(-2.05,0.12,0.));
#8910 = VECTOR('',#8911,1.);
#8911 = DIRECTION('',(0.,0.,1.));
#8912 = ORIENTED_EDGE('',*,*,#8913,.T.);
#8913 = EDGE_CURVE('',#8906,#8880,#8914,.T.);
#8914 = LINE('',#8915,#8916);
#8915 = CARTESIAN_POINT('',(-2.05,0.12,0.1));
#8916 = VECTOR('',#8917,1.);
#8917 = DIRECTION('',(1.,0.,0.));
#8918 = ORIENTED_EDGE('',*,*,#8879,.F.);
#8919 = ORIENTED_EDGE('',*,*,#8920,.F.);
#8920 = EDGE_CURVE('',#8904,#8871,#8921,.T.);
#8921 = LINE('',#8922,#8923);
#8922 = CARTESIAN_POINT('',(-2.05,0.12,0.));
#8923 = VECTOR('',#8924,1.);
#8924 = DIRECTION('',(1.,0.,0.));
#8925 = PLANE('',#8926);
#8926 = AXIS2_PLACEMENT_3D('',#8927,#8928,#8929);
#8927 = CARTESIAN_POINT('',(-2.05,0.12,0.));
#8928 = DIRECTION('',(0.,1.,0.));
#8929 = DIRECTION('',(1.,0.,0.));
#8930 = ADVANCED_FACE('',(#8931),#8947,.T.);
#8931 = FACE_BOUND('',#8932,.T.);
#8932 = EDGE_LOOP('',(#8933,#8934,#8940,#8941));
#8933 = ORIENTED_EDGE('',*,*,#8830,.T.);
#8934 = ORIENTED_EDGE('',*,*,#8935,.T.);
#8935 = EDGE_CURVE('',#8833,#8906,#8936,.T.);
#8936 = LINE('',#8937,#8938);
#8937 = CARTESIAN_POINT('',(-2.05,-0.12,0.1));
#8938 = VECTOR('',#8939,1.);
#8939 = DIRECTION('',(0.,1.,0.));
#8940 = ORIENTED_EDGE('',*,*,#8903,.F.);
#8941 = ORIENTED_EDGE('',*,*,#8942,.F.);
#8942 = EDGE_CURVE('',#8831,#8904,#8943,.T.);
#8943 = LINE('',#8944,#8945);
#8944 = CARTESIAN_POINT('',(-2.05,-0.12,0.));
#8945 = VECTOR('',#8946,1.);
#8946 = DIRECTION('',(0.,1.,0.));
#8947 = PLANE('',#8948);
#8948 = AXIS2_PLACEMENT_3D('',#8949,#8950,#8951);
#8949 = CARTESIAN_POINT('',(-2.05,-0.12,0.));
#8950 = DIRECTION('',(-1.,0.,0.));
#8951 = DIRECTION('',(0.,1.,0.));
#8952 = ADVANCED_FACE('',(#8953),#8959,.F.);
#8953 = FACE_BOUND('',#8954,.F.);
#8954 = EDGE_LOOP('',(#8955,#8956,#8957,#8958));
#8955 = ORIENTED_EDGE('',*,*,#8856,.T.);
#8956 = ORIENTED_EDGE('',*,*,#8870,.T.);
#8957 = ORIENTED_EDGE('',*,*,#8920,.F.);
#8958 = ORIENTED_EDGE('',*,*,#8942,.F.);
#8959 = PLANE('',#8960);
#8960 = AXIS2_PLACEMENT_3D('',#8961,#8962,#8963);
#8961 = CARTESIAN_POINT('',(-1.849490847913,0.,0.));
#8962 = DIRECTION('',(0.,0.,1.));
#8963 = DIRECTION('',(1.,0.,-0.));
#8964 = ADVANCED_FACE('',(#8965),#8971,.T.);
#8965 = FACE_BOUND('',#8966,.T.);
#8966 = EDGE_LOOP('',(#8967,#8968,#8969,#8970));
#8967 = ORIENTED_EDGE('',*,*,#8840,.T.);
#8968 = ORIENTED_EDGE('',*,*,#8887,.T.);
#8969 = ORIENTED_EDGE('',*,*,#8913,.F.);
#8970 = ORIENTED_EDGE('',*,*,#8935,.F.);
#8971 = PLANE('',#8972);
#8972 = AXIS2_PLACEMENT_3D('',#8973,#8974,#8975);
#8973 = CARTESIAN_POINT('',(-1.849490847913,0.,0.1));
#8974 = DIRECTION('',(0.,0.,1.));
#8975 = DIRECTION('',(1.,0.,-0.));
#8976 = MANIFOLD_SOLID_BREP('',#8977);
#8977 = CLOSED_SHELL('',(#8978,#9018,#9051,#9082,#9104,#9116));
#8978 = ADVANCED_FACE('',(#8979),#9013,.T.);
#8979 = FACE_BOUND('',#8980,.T.);
#8980 = EDGE_LOOP('',(#8981,#8991,#8999,#9007));
#8981 = ORIENTED_EDGE('',*,*,#8982,.T.);
#8982 = EDGE_CURVE('',#8983,#8985,#8987,.T.);
#8983 = VERTEX_POINT('',#8984);
#8984 = CARTESIAN_POINT('',(2.05,-0.12,0.));
#8985 = VERTEX_POINT('',#8986);
#8986 = CARTESIAN_POINT('',(2.05,-0.12,0.1));
#8987 = LINE('',#8988,#8989);
#8988 = CARTESIAN_POINT('',(2.05,-0.12,0.));
#8989 = VECTOR('',#8990,1.);
#8990 = DIRECTION('',(0.,0.,1.));
#8991 = ORIENTED_EDGE('',*,*,#8992,.T.);
#8992 = EDGE_CURVE('',#8985,#8993,#8995,.T.);
#8993 = VERTEX_POINT('',#8994);
#8994 = CARTESIAN_POINT('',(1.72,-0.12,0.1));
#8995 = LINE('',#8996,#8997);
#8996 = CARTESIAN_POINT('',(2.05,-0.12,0.1));
#8997 = VECTOR('',#8998,1.);
#8998 = DIRECTION('',(-1.,0.,0.));
#8999 = ORIENTED_EDGE('',*,*,#9000,.F.);
#9000 = EDGE_CURVE('',#9001,#8993,#9003,.T.);
#9001 = VERTEX_POINT('',#9002);
#9002 = CARTESIAN_POINT('',(1.72,-0.12,0.));
#9003 = LINE('',#9004,#9005);
#9004 = CARTESIAN_POINT('',(1.72,-0.12,0.));
#9005 = VECTOR('',#9006,1.);
#9006 = DIRECTION('',(0.,0.,1.));
#9007 = ORIENTED_EDGE('',*,*,#9008,.F.);
#9008 = EDGE_CURVE('',#8983,#9001,#9009,.T.);
#9009 = LINE('',#9010,#9011);
#9010 = CARTESIAN_POINT('',(2.05,-0.12,0.));
#9011 = VECTOR('',#9012,1.);
#9012 = DIRECTION('',(-1.,0.,0.));
#9013 = PLANE('',#9014);
#9014 = AXIS2_PLACEMENT_3D('',#9015,#9016,#9017);
#9015 = CARTESIAN_POINT('',(2.05,-0.12,0.));
#9016 = DIRECTION('',(0.,-1.,0.));
#9017 = DIRECTION('',(-1.,0.,0.));
#9018 = ADVANCED_FACE('',(#9019),#9046,.T.);
#9019 = FACE_BOUND('',#9020,.T.);
#9020 = EDGE_LOOP('',(#9021,#9030,#9031,#9040));
#9021 = ORIENTED_EDGE('',*,*,#9022,.T.);
#9022 = EDGE_CURVE('',#9023,#9001,#9025,.T.);
#9023 = VERTEX_POINT('',#9024);
#9024 = CARTESIAN_POINT('',(1.72,0.12,0.));
#9025 = CIRCLE('',#9026,0.12);
#9026 = AXIS2_PLACEMENT_3D('',#9027,#9028,#9029);
#9027 = CARTESIAN_POINT('',(1.72,0.,0.));
#9028 = DIRECTION('',(0.,0.,1.));
#9029 = DIRECTION('',(1.,0.,-0.));
#9030 = ORIENTED_EDGE('',*,*,#9000,.T.);
#9031 = ORIENTED_EDGE('',*,*,#9032,.F.);
#9032 = EDGE_CURVE('',#9033,#8993,#9035,.T.);
#9033 = VERTEX_POINT('',#9034);
#9034 = CARTESIAN_POINT('',(1.72,0.12,0.1));
#9035 = CIRCLE('',#9036,0.12);
#9036 = AXIS2_PLACEMENT_3D('',#9037,#9038,#9039);
#9037 = CARTESIAN_POINT('',(1.72,0.,0.1));
#9038 = DIRECTION('',(0.,0.,1.));
#9039 = DIRECTION('',(1.,0.,-0.));
#9040 = ORIENTED_EDGE('',*,*,#9041,.F.);
#9041 = EDGE_CURVE('',#9023,#9033,#9042,.T.);
#9042 = LINE('',#9043,#9044);
#9043 = CARTESIAN_POINT('',(1.72,0.12,0.));
#9044 = VECTOR('',#9045,1.);
#9045 = DIRECTION('',(0.,0.,1.));
#9046 = CYLINDRICAL_SURFACE('',#9047,0.12);
#9047 = AXIS2_PLACEMENT_3D('',#9048,#9049,#9050);
#9048 = CARTESIAN_POINT('',(1.72,0.,0.));
#9049 = DIRECTION('',(-0.,-0.,-1.));
#9050 = DIRECTION('',(1.,0.,0.));
#9051 = ADVANCED_FACE('',(#9052),#9077,.F.);
#9052 = FACE_BOUND('',#9053,.F.);
#9053 = EDGE_LOOP('',(#9054,#9064,#9070,#9071));
#9054 = ORIENTED_EDGE('',*,*,#9055,.T.);
#9055 = EDGE_CURVE('',#9056,#9058,#9060,.T.);
#9056 = VERTEX_POINT('',#9057);
#9057 = CARTESIAN_POINT('',(2.05,0.12,0.));
#9058 = VERTEX_POINT('',#9059);
#9059 = CARTESIAN_POINT('',(2.05,0.12,0.1));
#9060 = LINE('',#9061,#9062);
#9061 = CARTESIAN_POINT('',(2.05,0.12,0.));
#9062 = VECTOR('',#9063,1.);
#9063 = DIRECTION('',(0.,0.,1.));
#9064 = ORIENTED_EDGE('',*,*,#9065,.T.);
#9065 = EDGE_CURVE('',#9058,#9033,#9066,.T.);
#9066 = LINE('',#9067,#9068);
#9067 = CARTESIAN_POINT('',(2.05,0.12,0.1));
#9068 = VECTOR('',#9069,1.);
#9069 = DIRECTION('',(-1.,0.,0.));
#9070 = ORIENTED_EDGE('',*,*,#9041,.F.);
#9071 = ORIENTED_EDGE('',*,*,#9072,.F.);
#9072 = EDGE_CURVE('',#9056,#9023,#9073,.T.);
#9073 = LINE('',#9074,#9075);
#9074 = CARTESIAN_POINT('',(2.05,0.12,0.));
#9075 = VECTOR('',#9076,1.);
#9076 = DIRECTION('',(-1.,0.,0.));
#9077 = PLANE('',#9078);
#9078 = AXIS2_PLACEMENT_3D('',#9079,#9080,#9081);
#9079 = CARTESIAN_POINT('',(2.05,0.12,0.));
#9080 = DIRECTION('',(0.,-1.,0.));
#9081 = DIRECTION('',(-1.,0.,0.));
#9082 = ADVANCED_FACE('',(#9083),#9099,.F.);
#9083 = FACE_BOUND('',#9084,.F.);
#9084 = EDGE_LOOP('',(#9085,#9086,#9092,#9093));
#9085 = ORIENTED_EDGE('',*,*,#8982,.T.);
#9086 = ORIENTED_EDGE('',*,*,#9087,.T.);
#9087 = EDGE_CURVE('',#8985,#9058,#9088,.T.);
#9088 = LINE('',#9089,#9090);
#9089 = CARTESIAN_POINT('',(2.05,-0.12,0.1));
#9090 = VECTOR('',#9091,1.);
#9091 = DIRECTION('',(0.,1.,0.));
#9092 = ORIENTED_EDGE('',*,*,#9055,.F.);
#9093 = ORIENTED_EDGE('',*,*,#9094,.F.);
#9094 = EDGE_CURVE('',#8983,#9056,#9095,.T.);
#9095 = LINE('',#9096,#9097);
#9096 = CARTESIAN_POINT('',(2.05,-0.12,0.));
#9097 = VECTOR('',#9098,1.);
#9098 = DIRECTION('',(0.,1.,0.));
#9099 = PLANE('',#9100);
#9100 = AXIS2_PLACEMENT_3D('',#9101,#9102,#9103);
#9101 = CARTESIAN_POINT('',(2.05,-0.12,0.));
#9102 = DIRECTION('',(-1.,0.,0.));
#9103 = DIRECTION('',(0.,1.,0.));
#9104 = ADVANCED_FACE('',(#9105),#9111,.T.);
#9105 = FACE_BOUND('',#9106,.T.);
#9106 = EDGE_LOOP('',(#9107,#9108,#9109,#9110));
#9107 = ORIENTED_EDGE('',*,*,#9008,.T.);
#9108 = ORIENTED_EDGE('',*,*,#9022,.F.);
#9109 = ORIENTED_EDGE('',*,*,#9072,.F.);
#9110 = ORIENTED_EDGE('',*,*,#9094,.F.);
#9111 = PLANE('',#9112);
#9112 = AXIS2_PLACEMENT_3D('',#9113,#9114,#9115);
#9113 = CARTESIAN_POINT('',(1.849490847913,2.22044604925E-16,0.));
#9114 = DIRECTION('',(-0.,-0.,-1.));
#9115 = DIRECTION('',(-1.,0.,0.));
#9116 = ADVANCED_FACE('',(#9117),#9123,.F.);
#9117 = FACE_BOUND('',#9118,.F.);
#9118 = EDGE_LOOP('',(#9119,#9120,#9121,#9122));
#9119 = ORIENTED_EDGE('',*,*,#8992,.T.);
#9120 = ORIENTED_EDGE('',*,*,#9032,.F.);
#9121 = ORIENTED_EDGE('',*,*,#9065,.F.);
#9122 = ORIENTED_EDGE('',*,*,#9087,.F.);
#9123 = PLANE('',#9124);
#9124 = AXIS2_PLACEMENT_3D('',#9125,#9126,#9127);
#9125 = CARTESIAN_POINT('',(1.849490847913,2.22044604925E-16,0.1));
#9126 = DIRECTION('',(-0.,-0.,-1.));
#9127 = DIRECTION('',(-1.,0.,0.));
#9128 = MANIFOLD_SOLID_BREP('',#9129);
#9129 = CLOSED_SHELL('',(#9130,#9170,#9203,#9234,#9256,#9268));
#9130 = ADVANCED_FACE('',(#9131),#9165,.F.);
#9131 = FACE_BOUND('',#9132,.F.);
#9132 = EDGE_LOOP('',(#9133,#9143,#9151,#9159));
#9133 = ORIENTED_EDGE('',*,*,#9134,.T.);
#9134 = EDGE_CURVE('',#9135,#9137,#9139,.T.);
#9135 = VERTEX_POINT('',#9136);
#9136 = CARTESIAN_POINT('',(-2.05,-0.62,0.));
#9137 = VERTEX_POINT('',#9138);
#9138 = CARTESIAN_POINT('',(-2.05,-0.62,0.1));
#9139 = LINE('',#9140,#9141);
#9140 = CARTESIAN_POINT('',(-2.05,-0.62,0.));
#9141 = VECTOR('',#9142,1.);
#9142 = DIRECTION('',(0.,0.,1.));
#9143 = ORIENTED_EDGE('',*,*,#9144,.T.);
#9144 = EDGE_CURVE('',#9137,#9145,#9147,.T.);
#9145 = VERTEX_POINT('',#9146);
#9146 = CARTESIAN_POINT('',(-1.72,-0.62,0.1));
#9147 = LINE('',#9148,#9149);
#9148 = CARTESIAN_POINT('',(-2.05,-0.62,0.1));
#9149 = VECTOR('',#9150,1.);
#9150 = DIRECTION('',(1.,0.,0.));
#9151 = ORIENTED_EDGE('',*,*,#9152,.F.);
#9152 = EDGE_CURVE('',#9153,#9145,#9155,.T.);
#9153 = VERTEX_POINT('',#9154);
#9154 = CARTESIAN_POINT('',(-1.72,-0.62,0.));
#9155 = LINE('',#9156,#9157);
#9156 = CARTESIAN_POINT('',(-1.72,-0.62,0.));
#9157 = VECTOR('',#9158,1.);
#9158 = DIRECTION('',(0.,0.,1.));
#9159 = ORIENTED_EDGE('',*,*,#9160,.F.);
#9160 = EDGE_CURVE('',#9135,#9153,#9161,.T.);
#9161 = LINE('',#9162,#9163);
#9162 = CARTESIAN_POINT('',(-2.05,-0.62,0.));
#9163 = VECTOR('',#9164,1.);
#9164 = DIRECTION('',(1.,0.,0.));
#9165 = PLANE('',#9166);
#9166 = AXIS2_PLACEMENT_3D('',#9167,#9168,#9169);
#9167 = CARTESIAN_POINT('',(-2.05,-0.62,0.));
#9168 = DIRECTION('',(0.,1.,0.));
#9169 = DIRECTION('',(1.,0.,0.));
#9170 = ADVANCED_FACE('',(#9171),#9198,.T.);
#9171 = FACE_BOUND('',#9172,.T.);
#9172 = EDGE_LOOP('',(#9173,#9182,#9190,#9197));
#9173 = ORIENTED_EDGE('',*,*,#9174,.T.);
#9174 = EDGE_CURVE('',#9153,#9175,#9177,.T.);
#9175 = VERTEX_POINT('',#9176);
#9176 = CARTESIAN_POINT('',(-1.72,-0.38,0.));
#9177 = CIRCLE('',#9178,0.12);
#9178 = AXIS2_PLACEMENT_3D('',#9179,#9180,#9181);
#9179 = CARTESIAN_POINT('',(-1.72,-0.5,0.));
#9180 = DIRECTION('',(0.,0.,1.));
#9181 = DIRECTION('',(1.,0.,-0.));
#9182 = ORIENTED_EDGE('',*,*,#9183,.T.);
#9183 = EDGE_CURVE('',#9175,#9184,#9186,.T.);
#9184 = VERTEX_POINT('',#9185);
#9185 = CARTESIAN_POINT('',(-1.72,-0.38,0.1));
#9186 = LINE('',#9187,#9188);
#9187 = CARTESIAN_POINT('',(-1.72,-0.38,0.));
#9188 = VECTOR('',#9189,1.);
#9189 = DIRECTION('',(0.,0.,1.));
#9190 = ORIENTED_EDGE('',*,*,#9191,.F.);
#9191 = EDGE_CURVE('',#9145,#9184,#9192,.T.);
#9192 = CIRCLE('',#9193,0.12);
#9193 = AXIS2_PLACEMENT_3D('',#9194,#9195,#9196);
#9194 = CARTESIAN_POINT('',(-1.72,-0.5,0.1));
#9195 = DIRECTION('',(0.,0.,1.));
#9196 = DIRECTION('',(1.,0.,-0.));
#9197 = ORIENTED_EDGE('',*,*,#9152,.F.);
#9198 = CYLINDRICAL_SURFACE('',#9199,0.12);
#9199 = AXIS2_PLACEMENT_3D('',#9200,#9201,#9202);
#9200 = CARTESIAN_POINT('',(-1.72,-0.5,0.));
#9201 = DIRECTION('',(-0.,-0.,-1.));
#9202 = DIRECTION('',(1.,0.,0.));
#9203 = ADVANCED_FACE('',(#9204),#9229,.T.);
#9204 = FACE_BOUND('',#9205,.T.);
#9205 = EDGE_LOOP('',(#9206,#9216,#9222,#9223));
#9206 = ORIENTED_EDGE('',*,*,#9207,.T.);
#9207 = EDGE_CURVE('',#9208,#9210,#9212,.T.);
#9208 = VERTEX_POINT('',#9209);
#9209 = CARTESIAN_POINT('',(-2.05,-0.38,0.));
#9210 = VERTEX_POINT('',#9211);
#9211 = CARTESIAN_POINT('',(-2.05,-0.38,0.1));
#9212 = LINE('',#9213,#9214);
#9213 = CARTESIAN_POINT('',(-2.05,-0.38,0.));
#9214 = VECTOR('',#9215,1.);
#9215 = DIRECTION('',(0.,0.,1.));
#9216 = ORIENTED_EDGE('',*,*,#9217,.T.);
#9217 = EDGE_CURVE('',#9210,#9184,#9218,.T.);
#9218 = LINE('',#9219,#9220);
#9219 = CARTESIAN_POINT('',(-2.05,-0.38,0.1));
#9220 = VECTOR('',#9221,1.);
#9221 = DIRECTION('',(1.,0.,0.));
#9222 = ORIENTED_EDGE('',*,*,#9183,.F.);
#9223 = ORIENTED_EDGE('',*,*,#9224,.F.);
#9224 = EDGE_CURVE('',#9208,#9175,#9225,.T.);
#9225 = LINE('',#9226,#9227);
#9226 = CARTESIAN_POINT('',(-2.05,-0.38,0.));
#9227 = VECTOR('',#9228,1.);
#9228 = DIRECTION('',(1.,0.,0.));
#9229 = PLANE('',#9230);
#9230 = AXIS2_PLACEMENT_3D('',#9231,#9232,#9233);
#9231 = CARTESIAN_POINT('',(-2.05,-0.38,0.));
#9232 = DIRECTION('',(0.,1.,0.));
#9233 = DIRECTION('',(1.,0.,0.));
#9234 = ADVANCED_FACE('',(#9235),#9251,.T.);
#9235 = FACE_BOUND('',#9236,.T.);
#9236 = EDGE_LOOP('',(#9237,#9238,#9244,#9245));
#9237 = ORIENTED_EDGE('',*,*,#9134,.T.);
#9238 = ORIENTED_EDGE('',*,*,#9239,.T.);
#9239 = EDGE_CURVE('',#9137,#9210,#9240,.T.);
#9240 = LINE('',#9241,#9242);
#9241 = CARTESIAN_POINT('',(-2.05,-0.62,0.1));
#9242 = VECTOR('',#9243,1.);
#9243 = DIRECTION('',(0.,1.,0.));
#9244 = ORIENTED_EDGE('',*,*,#9207,.F.);
#9245 = ORIENTED_EDGE('',*,*,#9246,.F.);
#9246 = EDGE_CURVE('',#9135,#9208,#9247,.T.);
#9247 = LINE('',#9248,#9249);
#9248 = CARTESIAN_POINT('',(-2.05,-0.62,0.));
#9249 = VECTOR('',#9250,1.);
#9250 = DIRECTION('',(0.,1.,0.));
#9251 = PLANE('',#9252);
#9252 = AXIS2_PLACEMENT_3D('',#9253,#9254,#9255);
#9253 = CARTESIAN_POINT('',(-2.05,-0.62,0.));
#9254 = DIRECTION('',(-1.,0.,0.));
#9255 = DIRECTION('',(0.,1.,0.));
#9256 = ADVANCED_FACE('',(#9257),#9263,.F.);
#9257 = FACE_BOUND('',#9258,.F.);
#9258 = EDGE_LOOP('',(#9259,#9260,#9261,#9262));
#9259 = ORIENTED_EDGE('',*,*,#9160,.T.);
#9260 = ORIENTED_EDGE('',*,*,#9174,.T.);
#9261 = ORIENTED_EDGE('',*,*,#9224,.F.);
#9262 = ORIENTED_EDGE('',*,*,#9246,.F.);
#9263 = PLANE('',#9264);
#9264 = AXIS2_PLACEMENT_3D('',#9265,#9266,#9267);
#9265 = CARTESIAN_POINT('',(-1.849490847913,-0.5,0.));
#9266 = DIRECTION('',(0.,0.,1.));
#9267 = DIRECTION('',(1.,0.,-0.));
#9268 = ADVANCED_FACE('',(#9269),#9275,.T.);
#9269 = FACE_BOUND('',#9270,.T.);
#9270 = EDGE_LOOP('',(#9271,#9272,#9273,#9274));
#9271 = ORIENTED_EDGE('',*,*,#9144,.T.);
#9272 = ORIENTED_EDGE('',*,*,#9191,.T.);
#9273 = ORIENTED_EDGE('',*,*,#9217,.F.);
#9274 = ORIENTED_EDGE('',*,*,#9239,.F.);
#9275 = PLANE('',#9276);
#9276 = AXIS2_PLACEMENT_3D('',#9277,#9278,#9279);
#9277 = CARTESIAN_POINT('',(-1.849490847913,-0.5,0.1));
#9278 = DIRECTION('',(0.,0.,1.));
#9279 = DIRECTION('',(1.,0.,-0.));
#9280 = MANIFOLD_SOLID_BREP('',#9281);
#9281 = CLOSED_SHELL('',(#9282,#9322,#9355,#9386,#9408,#9420));
#9282 = ADVANCED_FACE('',(#9283),#9317,.T.);
#9283 = FACE_BOUND('',#9284,.T.);
#9284 = EDGE_LOOP('',(#9285,#9295,#9303,#9311));
#9285 = ORIENTED_EDGE('',*,*,#9286,.T.);
#9286 = EDGE_CURVE('',#9287,#9289,#9291,.T.);
#9287 = VERTEX_POINT('',#9288);
#9288 = CARTESIAN_POINT('',(2.05,-0.62,0.));
#9289 = VERTEX_POINT('',#9290);
#9290 = CARTESIAN_POINT('',(2.05,-0.62,0.1));
#9291 = LINE('',#9292,#9293);
#9292 = CARTESIAN_POINT('',(2.05,-0.62,0.));
#9293 = VECTOR('',#9294,1.);
#9294 = DIRECTION('',(0.,0.,1.));
#9295 = ORIENTED_EDGE('',*,*,#9296,.T.);
#9296 = EDGE_CURVE('',#9289,#9297,#9299,.T.);
#9297 = VERTEX_POINT('',#9298);
#9298 = CARTESIAN_POINT('',(1.72,-0.62,0.1));
#9299 = LINE('',#9300,#9301);
#9300 = CARTESIAN_POINT('',(2.05,-0.62,0.1));
#9301 = VECTOR('',#9302,1.);
#9302 = DIRECTION('',(-1.,0.,0.));
#9303 = ORIENTED_EDGE('',*,*,#9304,.F.);
#9304 = EDGE_CURVE('',#9305,#9297,#9307,.T.);
#9305 = VERTEX_POINT('',#9306);
#9306 = CARTESIAN_POINT('',(1.72,-0.62,0.));
#9307 = LINE('',#9308,#9309);
#9308 = CARTESIAN_POINT('',(1.72,-0.62,0.));
#9309 = VECTOR('',#9310,1.);
#9310 = DIRECTION('',(0.,0.,1.));
#9311 = ORIENTED_EDGE('',*,*,#9312,.F.);
#9312 = EDGE_CURVE('',#9287,#9305,#9313,.T.);
#9313 = LINE('',#9314,#9315);
#9314 = CARTESIAN_POINT('',(2.05,-0.62,0.));
#9315 = VECTOR('',#9316,1.);
#9316 = DIRECTION('',(-1.,0.,0.));
#9317 = PLANE('',#9318);
#9318 = AXIS2_PLACEMENT_3D('',#9319,#9320,#9321);
#9319 = CARTESIAN_POINT('',(2.05,-0.62,0.));
#9320 = DIRECTION('',(0.,-1.,0.));
#9321 = DIRECTION('',(-1.,0.,0.));
#9322 = ADVANCED_FACE('',(#9323),#9350,.T.);
#9323 = FACE_BOUND('',#9324,.T.);
#9324 = EDGE_LOOP('',(#9325,#9334,#9335,#9344));
#9325 = ORIENTED_EDGE('',*,*,#9326,.T.);
#9326 = EDGE_CURVE('',#9327,#9305,#9329,.T.);
#9327 = VERTEX_POINT('',#9328);
#9328 = CARTESIAN_POINT('',(1.72,-0.38,0.));
#9329 = CIRCLE('',#9330,0.12);
#9330 = AXIS2_PLACEMENT_3D('',#9331,#9332,#9333);
#9331 = CARTESIAN_POINT('',(1.72,-0.5,0.));
#9332 = DIRECTION('',(0.,0.,1.));
#9333 = DIRECTION('',(1.,0.,-0.));
#9334 = ORIENTED_EDGE('',*,*,#9304,.T.);
#9335 = ORIENTED_EDGE('',*,*,#9336,.F.);
#9336 = EDGE_CURVE('',#9337,#9297,#9339,.T.);
#9337 = VERTEX_POINT('',#9338);
#9338 = CARTESIAN_POINT('',(1.72,-0.38,0.1));
#9339 = CIRCLE('',#9340,0.12);
#9340 = AXIS2_PLACEMENT_3D('',#9341,#9342,#9343);
#9341 = CARTESIAN_POINT('',(1.72,-0.5,0.1));
#9342 = DIRECTION('',(0.,0.,1.));
#9343 = DIRECTION('',(1.,0.,-0.));
#9344 = ORIENTED_EDGE('',*,*,#9345,.F.);
#9345 = EDGE_CURVE('',#9327,#9337,#9346,.T.);
#9346 = LINE('',#9347,#9348);
#9347 = CARTESIAN_POINT('',(1.72,-0.38,0.));
#9348 = VECTOR('',#9349,1.);
#9349 = DIRECTION('',(0.,0.,1.));
#9350 = CYLINDRICAL_SURFACE('',#9351,0.12);
#9351 = AXIS2_PLACEMENT_3D('',#9352,#9353,#9354);
#9352 = CARTESIAN_POINT('',(1.72,-0.5,0.));
#9353 = DIRECTION('',(-0.,-0.,-1.));
#9354 = DIRECTION('',(1.,0.,0.));
#9355 = ADVANCED_FACE('',(#9356),#9381,.F.);
#9356 = FACE_BOUND('',#9357,.F.);
#9357 = EDGE_LOOP('',(#9358,#9368,#9374,#9375));
#9358 = ORIENTED_EDGE('',*,*,#9359,.T.);
#9359 = EDGE_CURVE('',#9360,#9362,#9364,.T.);
#9360 = VERTEX_POINT('',#9361);
#9361 = CARTESIAN_POINT('',(2.05,-0.38,0.));
#9362 = VERTEX_POINT('',#9363);
#9363 = CARTESIAN_POINT('',(2.05,-0.38,0.1));
#9364 = LINE('',#9365,#9366);
#9365 = CARTESIAN_POINT('',(2.05,-0.38,0.));
#9366 = VECTOR('',#9367,1.);
#9367 = DIRECTION('',(0.,0.,1.));
#9368 = ORIENTED_EDGE('',*,*,#9369,.T.);
#9369 = EDGE_CURVE('',#9362,#9337,#9370,.T.);
#9370 = LINE('',#9371,#9372);
#9371 = CARTESIAN_POINT('',(2.05,-0.38,0.1));
#9372 = VECTOR('',#9373,1.);
#9373 = DIRECTION('',(-1.,0.,0.));
#9374 = ORIENTED_EDGE('',*,*,#9345,.F.);
#9375 = ORIENTED_EDGE('',*,*,#9376,.F.);
#9376 = EDGE_CURVE('',#9360,#9327,#9377,.T.);
#9377 = LINE('',#9378,#9379);
#9378 = CARTESIAN_POINT('',(2.05,-0.38,0.));
#9379 = VECTOR('',#9380,1.);
#9380 = DIRECTION('',(-1.,0.,0.));
#9381 = PLANE('',#9382);
#9382 = AXIS2_PLACEMENT_3D('',#9383,#9384,#9385);
#9383 = CARTESIAN_POINT('',(2.05,-0.38,0.));
#9384 = DIRECTION('',(0.,-1.,0.));
#9385 = DIRECTION('',(-1.,0.,0.));
#9386 = ADVANCED_FACE('',(#9387),#9403,.F.);
#9387 = FACE_BOUND('',#9388,.F.);
#9388 = EDGE_LOOP('',(#9389,#9390,#9396,#9397));
#9389 = ORIENTED_EDGE('',*,*,#9286,.T.);
#9390 = ORIENTED_EDGE('',*,*,#9391,.T.);
#9391 = EDGE_CURVE('',#9289,#9362,#9392,.T.);
#9392 = LINE('',#9393,#9394);
#9393 = CARTESIAN_POINT('',(2.05,-0.62,0.1));
#9394 = VECTOR('',#9395,1.);
#9395 = DIRECTION('',(0.,1.,0.));
#9396 = ORIENTED_EDGE('',*,*,#9359,.F.);
#9397 = ORIENTED_EDGE('',*,*,#9398,.F.);
#9398 = EDGE_CURVE('',#9287,#9360,#9399,.T.);
#9399 = LINE('',#9400,#9401);
#9400 = CARTESIAN_POINT('',(2.05,-0.62,0.));
#9401 = VECTOR('',#9402,1.);
#9402 = DIRECTION('',(0.,1.,0.));
#9403 = PLANE('',#9404);
#9404 = AXIS2_PLACEMENT_3D('',#9405,#9406,#9407);
#9405 = CARTESIAN_POINT('',(2.05,-0.62,0.));
#9406 = DIRECTION('',(-1.,0.,0.));
#9407 = DIRECTION('',(0.,1.,0.));
#9408 = ADVANCED_FACE('',(#9409),#9415,.T.);
#9409 = FACE_BOUND('',#9410,.T.);
#9410 = EDGE_LOOP('',(#9411,#9412,#9413,#9414));
#9411 = ORIENTED_EDGE('',*,*,#9312,.T.);
#9412 = ORIENTED_EDGE('',*,*,#9326,.F.);
#9413 = ORIENTED_EDGE('',*,*,#9376,.F.);
#9414 = ORIENTED_EDGE('',*,*,#9398,.F.);
#9415 = PLANE('',#9416);
#9416 = AXIS2_PLACEMENT_3D('',#9417,#9418,#9419);
#9417 = CARTESIAN_POINT('',(1.849490847913,-0.5,0.));
#9418 = DIRECTION('',(-0.,-0.,-1.));
#9419 = DIRECTION('',(-1.,0.,0.));
#9420 = ADVANCED_FACE('',(#9421),#9427,.F.);
#9421 = FACE_BOUND('',#9422,.F.);
#9422 = EDGE_LOOP('',(#9423,#9424,#9425,#9426));
#9423 = ORIENTED_EDGE('',*,*,#9296,.T.);
#9424 = ORIENTED_EDGE('',*,*,#9336,.F.);
#9425 = ORIENTED_EDGE('',*,*,#9369,.F.);
#9426 = ORIENTED_EDGE('',*,*,#9391,.F.);
#9427 = PLANE('',#9428);
#9428 = AXIS2_PLACEMENT_3D('',#9429,#9430,#9431);
#9429 = CARTESIAN_POINT('',(1.849490847913,-0.5,0.1));
#9430 = DIRECTION('',(-0.,-0.,-1.));
#9431 = DIRECTION('',(-1.,0.,0.));
#9432 = MANIFOLD_SOLID_BREP('',#9433);
#9433 = CLOSED_SHELL('',(#9434,#9474,#9507,#9538,#9560,#9572));
#9434 = ADVANCED_FACE('',(#9435),#9469,.F.);
#9435 = FACE_BOUND('',#9436,.F.);
#9436 = EDGE_LOOP('',(#9437,#9447,#9455,#9463));
#9437 = ORIENTED_EDGE('',*,*,#9438,.T.);
#9438 = EDGE_CURVE('',#9439,#9441,#9443,.T.);
#9439 = VERTEX_POINT('',#9440);
#9440 = CARTESIAN_POINT('',(-2.05,-1.12,0.));
#9441 = VERTEX_POINT('',#9442);
#9442 = CARTESIAN_POINT('',(-2.05,-1.12,0.1));
#9443 = LINE('',#9444,#9445);
#9444 = CARTESIAN_POINT('',(-2.05,-1.12,0.));
#9445 = VECTOR('',#9446,1.);
#9446 = DIRECTION('',(0.,0.,1.));
#9447 = ORIENTED_EDGE('',*,*,#9448,.T.);
#9448 = EDGE_CURVE('',#9441,#9449,#9451,.T.);
#9449 = VERTEX_POINT('',#9450);
#9450 = CARTESIAN_POINT('',(-1.72,-1.12,0.1));
#9451 = LINE('',#9452,#9453);
#9452 = CARTESIAN_POINT('',(-2.05,-1.12,0.1));
#9453 = VECTOR('',#9454,1.);
#9454 = DIRECTION('',(1.,0.,0.));
#9455 = ORIENTED_EDGE('',*,*,#9456,.F.);
#9456 = EDGE_CURVE('',#9457,#9449,#9459,.T.);
#9457 = VERTEX_POINT('',#9458);
#9458 = CARTESIAN_POINT('',(-1.72,-1.12,0.));
#9459 = LINE('',#9460,#9461);
#9460 = CARTESIAN_POINT('',(-1.72,-1.12,0.));
#9461 = VECTOR('',#9462,1.);
#9462 = DIRECTION('',(0.,0.,1.));
#9463 = ORIENTED_EDGE('',*,*,#9464,.F.);
#9464 = EDGE_CURVE('',#9439,#9457,#9465,.T.);
#9465 = LINE('',#9466,#9467);
#9466 = CARTESIAN_POINT('',(-2.05,-1.12,0.));
#9467 = VECTOR('',#9468,1.);
#9468 = DIRECTION('',(1.,0.,0.));
#9469 = PLANE('',#9470);
#9470 = AXIS2_PLACEMENT_3D('',#9471,#9472,#9473);
#9471 = CARTESIAN_POINT('',(-2.05,-1.12,0.));
#9472 = DIRECTION('',(0.,1.,0.));
#9473 = DIRECTION('',(1.,0.,0.));
#9474 = ADVANCED_FACE('',(#9475),#9502,.T.);
#9475 = FACE_BOUND('',#9476,.T.);
#9476 = EDGE_LOOP('',(#9477,#9486,#9494,#9501));
#9477 = ORIENTED_EDGE('',*,*,#9478,.T.);
#9478 = EDGE_CURVE('',#9457,#9479,#9481,.T.);
#9479 = VERTEX_POINT('',#9480);
#9480 = CARTESIAN_POINT('',(-1.72,-0.88,0.));
#9481 = CIRCLE('',#9482,0.12);
#9482 = AXIS2_PLACEMENT_3D('',#9483,#9484,#9485);
#9483 = CARTESIAN_POINT('',(-1.72,-1.,0.));
#9484 = DIRECTION('',(0.,0.,1.));
#9485 = DIRECTION('',(1.,0.,-0.));
#9486 = ORIENTED_EDGE('',*,*,#9487,.T.);
#9487 = EDGE_CURVE('',#9479,#9488,#9490,.T.);
#9488 = VERTEX_POINT('',#9489);
#9489 = CARTESIAN_POINT('',(-1.72,-0.88,0.1));
#9490 = LINE('',#9491,#9492);
#9491 = CARTESIAN_POINT('',(-1.72,-0.88,0.));
#9492 = VECTOR('',#9493,1.);
#9493 = DIRECTION('',(0.,0.,1.));
#9494 = ORIENTED_EDGE('',*,*,#9495,.F.);
#9495 = EDGE_CURVE('',#9449,#9488,#9496,.T.);
#9496 = CIRCLE('',#9497,0.12);
#9497 = AXIS2_PLACEMENT_3D('',#9498,#9499,#9500);
#9498 = CARTESIAN_POINT('',(-1.72,-1.,0.1));
#9499 = DIRECTION('',(0.,0.,1.));
#9500 = DIRECTION('',(1.,0.,-0.));
#9501 = ORIENTED_EDGE('',*,*,#9456,.F.);
#9502 = CYLINDRICAL_SURFACE('',#9503,0.12);
#9503 = AXIS2_PLACEMENT_3D('',#9504,#9505,#9506);
#9504 = CARTESIAN_POINT('',(-1.72,-1.,0.));
#9505 = DIRECTION('',(-0.,-0.,-1.));
#9506 = DIRECTION('',(1.,0.,0.));
#9507 = ADVANCED_FACE('',(#9508),#9533,.T.);
#9508 = FACE_BOUND('',#9509,.T.);
#9509 = EDGE_LOOP('',(#9510,#9520,#9526,#9527));
#9510 = ORIENTED_EDGE('',*,*,#9511,.T.);
#9511 = EDGE_CURVE('',#9512,#9514,#9516,.T.);
#9512 = VERTEX_POINT('',#9513);
#9513 = CARTESIAN_POINT('',(-2.05,-0.88,0.));
#9514 = VERTEX_POINT('',#9515);
#9515 = CARTESIAN_POINT('',(-2.05,-0.88,0.1));
#9516 = LINE('',#9517,#9518);
#9517 = CARTESIAN_POINT('',(-2.05,-0.88,0.));
#9518 = VECTOR('',#9519,1.);
#9519 = DIRECTION('',(0.,0.,1.));
#9520 = ORIENTED_EDGE('',*,*,#9521,.T.);
#9521 = EDGE_CURVE('',#9514,#9488,#9522,.T.);
#9522 = LINE('',#9523,#9524);
#9523 = CARTESIAN_POINT('',(-2.05,-0.88,0.1));
#9524 = VECTOR('',#9525,1.);
#9525 = DIRECTION('',(1.,0.,0.));
#9526 = ORIENTED_EDGE('',*,*,#9487,.F.);
#9527 = ORIENTED_EDGE('',*,*,#9528,.F.);
#9528 = EDGE_CURVE('',#9512,#9479,#9529,.T.);
#9529 = LINE('',#9530,#9531);
#9530 = CARTESIAN_POINT('',(-2.05,-0.88,0.));
#9531 = VECTOR('',#9532,1.);
#9532 = DIRECTION('',(1.,0.,0.));
#9533 = PLANE('',#9534);
#9534 = AXIS2_PLACEMENT_3D('',#9535,#9536,#9537);
#9535 = CARTESIAN_POINT('',(-2.05,-0.88,0.));
#9536 = DIRECTION('',(0.,1.,0.));
#9537 = DIRECTION('',(1.,0.,0.));
#9538 = ADVANCED_FACE('',(#9539),#9555,.T.);
#9539 = FACE_BOUND('',#9540,.T.);
#9540 = EDGE_LOOP('',(#9541,#9542,#9548,#9549));
#9541 = ORIENTED_EDGE('',*,*,#9438,.T.);
#9542 = ORIENTED_EDGE('',*,*,#9543,.T.);
#9543 = EDGE_CURVE('',#9441,#9514,#9544,.T.);
#9544 = LINE('',#9545,#9546);
#9545 = CARTESIAN_POINT('',(-2.05,-1.12,0.1));
#9546 = VECTOR('',#9547,1.);
#9547 = DIRECTION('',(0.,1.,0.));
#9548 = ORIENTED_EDGE('',*,*,#9511,.F.);
#9549 = ORIENTED_EDGE('',*,*,#9550,.F.);
#9550 = EDGE_CURVE('',#9439,#9512,#9551,.T.);
#9551 = LINE('',#9552,#9553);
#9552 = CARTESIAN_POINT('',(-2.05,-1.12,0.));
#9553 = VECTOR('',#9554,1.);
#9554 = DIRECTION('',(0.,1.,0.));
#9555 = PLANE('',#9556);
#9556 = AXIS2_PLACEMENT_3D('',#9557,#9558,#9559);
#9557 = CARTESIAN_POINT('',(-2.05,-1.12,0.));
#9558 = DIRECTION('',(-1.,0.,0.));
#9559 = DIRECTION('',(0.,1.,0.));
#9560 = ADVANCED_FACE('',(#9561),#9567,.F.);
#9561 = FACE_BOUND('',#9562,.F.);
#9562 = EDGE_LOOP('',(#9563,#9564,#9565,#9566));
#9563 = ORIENTED_EDGE('',*,*,#9464,.T.);
#9564 = ORIENTED_EDGE('',*,*,#9478,.T.);
#9565 = ORIENTED_EDGE('',*,*,#9528,.F.);
#9566 = ORIENTED_EDGE('',*,*,#9550,.F.);
#9567 = PLANE('',#9568);
#9568 = AXIS2_PLACEMENT_3D('',#9569,#9570,#9571);
#9569 = CARTESIAN_POINT('',(-1.849490847913,-1.,0.));
#9570 = DIRECTION('',(0.,0.,1.));
#9571 = DIRECTION('',(1.,0.,-0.));
#9572 = ADVANCED_FACE('',(#9573),#9579,.T.);
#9573 = FACE_BOUND('',#9574,.T.);
#9574 = EDGE_LOOP('',(#9575,#9576,#9577,#9578));
#9575 = ORIENTED_EDGE('',*,*,#9448,.T.);
#9576 = ORIENTED_EDGE('',*,*,#9495,.T.);
#9577 = ORIENTED_EDGE('',*,*,#9521,.F.);
#9578 = ORIENTED_EDGE('',*,*,#9543,.F.);
#9579 = PLANE('',#9580);
#9580 = AXIS2_PLACEMENT_3D('',#9581,#9582,#9583);
#9581 = CARTESIAN_POINT('',(-1.849490847913,-1.,0.1));
#9582 = DIRECTION('',(0.,0.,1.));
#9583 = DIRECTION('',(1.,0.,-0.));
#9584 = MANIFOLD_SOLID_BREP('',#9585);
#9585 = CLOSED_SHELL('',(#9586,#9626,#9659,#9690,#9712,#9724));
#9586 = ADVANCED_FACE('',(#9587),#9621,.T.);
#9587 = FACE_BOUND('',#9588,.T.);
#9588 = EDGE_LOOP('',(#9589,#9599,#9607,#9615));
#9589 = ORIENTED_EDGE('',*,*,#9590,.T.);
#9590 = EDGE_CURVE('',#9591,#9593,#9595,.T.);
#9591 = VERTEX_POINT('',#9592);
#9592 = CARTESIAN_POINT('',(2.05,-1.12,0.));
#9593 = VERTEX_POINT('',#9594);
#9594 = CARTESIAN_POINT('',(2.05,-1.12,0.1));
#9595 = LINE('',#9596,#9597);
#9596 = CARTESIAN_POINT('',(2.05,-1.12,0.));
#9597 = VECTOR('',#9598,1.);
#9598 = DIRECTION('',(0.,0.,1.));
#9599 = ORIENTED_EDGE('',*,*,#9600,.T.);
#9600 = EDGE_CURVE('',#9593,#9601,#9603,.T.);
#9601 = VERTEX_POINT('',#9602);
#9602 = CARTESIAN_POINT('',(1.72,-1.12,0.1));
#9603 = LINE('',#9604,#9605);
#9604 = CARTESIAN_POINT('',(2.05,-1.12,0.1));
#9605 = VECTOR('',#9606,1.);
#9606 = DIRECTION('',(-1.,0.,0.));
#9607 = ORIENTED_EDGE('',*,*,#9608,.F.);
#9608 = EDGE_CURVE('',#9609,#9601,#9611,.T.);
#9609 = VERTEX_POINT('',#9610);
#9610 = CARTESIAN_POINT('',(1.72,-1.12,0.));
#9611 = LINE('',#9612,#9613);
#9612 = CARTESIAN_POINT('',(1.72,-1.12,0.));
#9613 = VECTOR('',#9614,1.);
#9614 = DIRECTION('',(0.,0.,1.));
#9615 = ORIENTED_EDGE('',*,*,#9616,.F.);
#9616 = EDGE_CURVE('',#9591,#9609,#9617,.T.);
#9617 = LINE('',#9618,#9619);
#9618 = CARTESIAN_POINT('',(2.05,-1.12,0.));
#9619 = VECTOR('',#9620,1.);
#9620 = DIRECTION('',(-1.,0.,0.));
#9621 = PLANE('',#9622);
#9622 = AXIS2_PLACEMENT_3D('',#9623,#9624,#9625);
#9623 = CARTESIAN_POINT('',(2.05,-1.12,0.));
#9624 = DIRECTION('',(0.,-1.,0.));
#9625 = DIRECTION('',(-1.,0.,0.));
#9626 = ADVANCED_FACE('',(#9627),#9654,.T.);
#9627 = FACE_BOUND('',#9628,.T.);
#9628 = EDGE_LOOP('',(#9629,#9638,#9639,#9648));
#9629 = ORIENTED_EDGE('',*,*,#9630,.T.);
#9630 = EDGE_CURVE('',#9631,#9609,#9633,.T.);
#9631 = VERTEX_POINT('',#9632);
#9632 = CARTESIAN_POINT('',(1.72,-0.88,0.));
#9633 = CIRCLE('',#9634,0.12);
#9634 = AXIS2_PLACEMENT_3D('',#9635,#9636,#9637);
#9635 = CARTESIAN_POINT('',(1.72,-1.,0.));
#9636 = DIRECTION('',(0.,0.,1.));
#9637 = DIRECTION('',(1.,0.,-0.));
#9638 = ORIENTED_EDGE('',*,*,#9608,.T.);
#9639 = ORIENTED_EDGE('',*,*,#9640,.F.);
#9640 = EDGE_CURVE('',#9641,#9601,#9643,.T.);
#9641 = VERTEX_POINT('',#9642);
#9642 = CARTESIAN_POINT('',(1.72,-0.88,0.1));
#9643 = CIRCLE('',#9644,0.12);
#9644 = AXIS2_PLACEMENT_3D('',#9645,#9646,#9647);
#9645 = CARTESIAN_POINT('',(1.72,-1.,0.1));
#9646 = DIRECTION('',(0.,0.,1.));
#9647 = DIRECTION('',(1.,0.,-0.));
#9648 = ORIENTED_EDGE('',*,*,#9649,.F.);
#9649 = EDGE_CURVE('',#9631,#9641,#9650,.T.);
#9650 = LINE('',#9651,#9652);
#9651 = CARTESIAN_POINT('',(1.72,-0.88,0.));
#9652 = VECTOR('',#9653,1.);
#9653 = DIRECTION('',(0.,0.,1.));
#9654 = CYLINDRICAL_SURFACE('',#9655,0.12);
#9655 = AXIS2_PLACEMENT_3D('',#9656,#9657,#9658);
#9656 = CARTESIAN_POINT('',(1.72,-1.,0.));
#9657 = DIRECTION('',(-0.,-0.,-1.));
#9658 = DIRECTION('',(1.,0.,0.));
#9659 = ADVANCED_FACE('',(#9660),#9685,.F.);
#9660 = FACE_BOUND('',#9661,.F.);
#9661 = EDGE_LOOP('',(#9662,#9672,#9678,#9679));
#9662 = ORIENTED_EDGE('',*,*,#9663,.T.);
#9663 = EDGE_CURVE('',#9664,#9666,#9668,.T.);
#9664 = VERTEX_POINT('',#9665);
#9665 = CARTESIAN_POINT('',(2.05,-0.88,0.));
#9666 = VERTEX_POINT('',#9667);
#9667 = CARTESIAN_POINT('',(2.05,-0.88,0.1));
#9668 = LINE('',#9669,#9670);
#9669 = CARTESIAN_POINT('',(2.05,-0.88,0.));
#9670 = VECTOR('',#9671,1.);
#9671 = DIRECTION('',(0.,0.,1.));
#9672 = ORIENTED_EDGE('',*,*,#9673,.T.);
#9673 = EDGE_CURVE('',#9666,#9641,#9674,.T.);
#9674 = LINE('',#9675,#9676);
#9675 = CARTESIAN_POINT('',(2.05,-0.88,0.1));
#9676 = VECTOR('',#9677,1.);
#9677 = DIRECTION('',(-1.,0.,0.));
#9678 = ORIENTED_EDGE('',*,*,#9649,.F.);
#9679 = ORIENTED_EDGE('',*,*,#9680,.F.);
#9680 = EDGE_CURVE('',#9664,#9631,#9681,.T.);
#9681 = LINE('',#9682,#9683);
#9682 = CARTESIAN_POINT('',(2.05,-0.88,0.));
#9683 = VECTOR('',#9684,1.);
#9684 = DIRECTION('',(-1.,0.,0.));
#9685 = PLANE('',#9686);
#9686 = AXIS2_PLACEMENT_3D('',#9687,#9688,#9689);
#9687 = CARTESIAN_POINT('',(2.05,-0.88,0.));
#9688 = DIRECTION('',(0.,-1.,0.));
#9689 = DIRECTION('',(-1.,0.,0.));
#9690 = ADVANCED_FACE('',(#9691),#9707,.F.);
#9691 = FACE_BOUND('',#9692,.F.);
#9692 = EDGE_LOOP('',(#9693,#9694,#9700,#9701));
#9693 = ORIENTED_EDGE('',*,*,#9590,.T.);
#9694 = ORIENTED_EDGE('',*,*,#9695,.T.);
#9695 = EDGE_CURVE('',#9593,#9666,#9696,.T.);
#9696 = LINE('',#9697,#9698);
#9697 = CARTESIAN_POINT('',(2.05,-1.12,0.1));
#9698 = VECTOR('',#9699,1.);
#9699 = DIRECTION('',(0.,1.,0.));
#9700 = ORIENTED_EDGE('',*,*,#9663,.F.);
#9701 = ORIENTED_EDGE('',*,*,#9702,.F.);
#9702 = EDGE_CURVE('',#9591,#9664,#9703,.T.);
#9703 = LINE('',#9704,#9705);
#9704 = CARTESIAN_POINT('',(2.05,-1.12,0.));
#9705 = VECTOR('',#9706,1.);
#9706 = DIRECTION('',(0.,1.,0.));
#9707 = PLANE('',#9708);
#9708 = AXIS2_PLACEMENT_3D('',#9709,#9710,#9711);
#9709 = CARTESIAN_POINT('',(2.05,-1.12,0.));
#9710 = DIRECTION('',(-1.,0.,0.));
#9711 = DIRECTION('',(0.,1.,0.));
#9712 = ADVANCED_FACE('',(#9713),#9719,.T.);
#9713 = FACE_BOUND('',#9714,.T.);
#9714 = EDGE_LOOP('',(#9715,#9716,#9717,#9718));
#9715 = ORIENTED_EDGE('',*,*,#9616,.T.);
#9716 = ORIENTED_EDGE('',*,*,#9630,.F.);
#9717 = ORIENTED_EDGE('',*,*,#9680,.F.);
#9718 = ORIENTED_EDGE('',*,*,#9702,.F.);
#9719 = PLANE('',#9720);
#9720 = AXIS2_PLACEMENT_3D('',#9721,#9722,#9723);
#9721 = CARTESIAN_POINT('',(1.849490847913,-1.,0.));
#9722 = DIRECTION('',(-0.,-0.,-1.));
#9723 = DIRECTION('',(-1.,0.,0.));
#9724 = ADVANCED_FACE('',(#9725),#9731,.F.);
#9725 = FACE_BOUND('',#9726,.F.);
#9726 = EDGE_LOOP('',(#9727,#9728,#9729,#9730));
#9727 = ORIENTED_EDGE('',*,*,#9600,.T.);
#9728 = ORIENTED_EDGE('',*,*,#9640,.F.);
#9729 = ORIENTED_EDGE('',*,*,#9673,.F.);
#9730 = ORIENTED_EDGE('',*,*,#9695,.F.);
#9731 = PLANE('',#9732);
#9732 = AXIS2_PLACEMENT_3D('',#9733,#9734,#9735);
#9733 = CARTESIAN_POINT('',(1.849490847913,-1.,0.1));
#9734 = DIRECTION('',(-0.,-0.,-1.));
#9735 = DIRECTION('',(-1.,0.,0.));
#9736 = ( GEOMETRIC_REPRESENTATION_CONTEXT(3) 
GLOBAL_UNCERTAINTY_ASSIGNED_CONTEXT((#9740)) 
GLOBAL_UNIT_ASSIGNED_CONTEXT((#9737,#9738,#9739)) REPRESENTATION_CONTEXT
('Context #1','3D Context with UNIT and UNCERTAINTY') );
#9737 = ( LENGTH_UNIT() NAMED_UNIT(*) SI_UNIT(.MILLI.,.METRE.) );
#9738 = ( NAMED_UNIT(*) PLANE_ANGLE_UNIT() SI_UNIT($,.RADIAN.) );
#9739 = ( NAMED_UNIT(*) SI_UNIT($,.STERADIAN.) SOLID_ANGLE_UNIT() );
#9740 = UNCERTAINTY_MEASURE_WITH_UNIT(LENGTH_MEASURE(1.E-07),#9737,
  'distance_accuracy_value','confusion accuracy');
#9741 = CONTEXT_DEPENDENT_SHAPE_REPRESENTATION(#9742,#9744);
#9742 = ( REPRESENTATION_RELATIONSHIP('','',#8215,#7797) 
REPRESENTATION_RELATIONSHIP_WITH_TRANSFORMATION(#9743) 
SHAPE_REPRESENTATION_RELATIONSHIP() );
#9743 = ITEM_DEFINED_TRANSFORMATION('','',#11,#7806);
#9744 = PRODUCT_DEFINITION_SHAPE('Placement','Placement of an item',
  #9745);
#9745 = NEXT_ASSEMBLY_USAGE_OCCURRENCE('28','=>[0:1:1:4]','',#7792,#8210
  ,$);
#9746 = PRODUCT_RELATED_PRODUCT_CATEGORY('part',$,(#8212));
#9747 = SHAPE_DEFINITION_REPRESENTATION(#9748,#9754);
#9748 = PRODUCT_DEFINITION_SHAPE('','',#9749);
#9749 = PRODUCT_DEFINITION('design','',#9750,#9753);
#9750 = PRODUCT_DEFINITION_FORMATION('','',#9751);
#9751 = PRODUCT('PinsArrayTB','PinsArrayTB','',(#9752));
#9752 = PRODUCT_CONTEXT('',#2,'mechanical');
#9753 = PRODUCT_DEFINITION_CONTEXT('part definition',#2,'design');
#9754 = SHAPE_REPRESENTATION('',(#11,#9755,#9907,#10059,#10211,#10363,
    #10515,#10667,#10819,#10971,#11123),#11275);
#9755 = MANIFOLD_SOLID_BREP('',#9756);
#9756 = CLOSED_SHELL('',(#9757,#9797,#9828,#9861,#9883,#9895));
#9757 = ADVANCED_FACE('',(#9758),#9792,.T.);
#9758 = FACE_BOUND('',#9759,.T.);
#9759 = EDGE_LOOP('',(#9760,#9770,#9778,#9786));
#9760 = ORIENTED_EDGE('',*,*,#9761,.T.);
#9761 = EDGE_CURVE('',#9762,#9764,#9766,.T.);
#9762 = VERTEX_POINT('',#9763);
#9763 = CARTESIAN_POINT('',(-1.12,2.05,0.));
#9764 = VERTEX_POINT('',#9765);
#9765 = CARTESIAN_POINT('',(-1.12,2.05,0.1));
#9766 = LINE('',#9767,#9768);
#9767 = CARTESIAN_POINT('',(-1.12,2.05,0.));
#9768 = VECTOR('',#9769,1.);
#9769 = DIRECTION('',(0.,0.,1.));
#9770 = ORIENTED_EDGE('',*,*,#9771,.T.);
#9771 = EDGE_CURVE('',#9764,#9772,#9774,.T.);
#9772 = VERTEX_POINT('',#9773);
#9773 = CARTESIAN_POINT('',(-0.88,2.05,0.1));
#9774 = LINE('',#9775,#9776);
#9775 = CARTESIAN_POINT('',(-1.12,2.05,0.1));
#9776 = VECTOR('',#9777,1.);
#9777 = DIRECTION('',(1.,0.,0.));
#9778 = ORIENTED_EDGE('',*,*,#9779,.F.);
#9779 = EDGE_CURVE('',#9780,#9772,#9782,.T.);
#9780 = VERTEX_POINT('',#9781);
#9781 = CARTESIAN_POINT('',(-0.88,2.05,0.));
#9782 = LINE('',#9783,#9784);
#9783 = CARTESIAN_POINT('',(-0.88,2.05,0.));
#9784 = VECTOR('',#9785,1.);
#9785 = DIRECTION('',(0.,0.,1.));
#9786 = ORIENTED_EDGE('',*,*,#9787,.F.);
#9787 = EDGE_CURVE('',#9762,#9780,#9788,.T.);
#9788 = LINE('',#9789,#9790);
#9789 = CARTESIAN_POINT('',(-1.12,2.05,0.));
#9790 = VECTOR('',#9791,1.);
#9791 = DIRECTION('',(1.,0.,0.));
#9792 = PLANE('',#9793);
#9793 = AXIS2_PLACEMENT_3D('',#9794,#9795,#9796);
#9794 = CARTESIAN_POINT('',(-1.12,2.05,0.));
#9795 = DIRECTION('',(0.,1.,0.));
#9796 = DIRECTION('',(1.,0.,0.));
#9797 = ADVANCED_FACE('',(#9798),#9823,.T.);
#9798 = FACE_BOUND('',#9799,.T.);
#9799 = EDGE_LOOP('',(#9800,#9801,#9809,#9817));
#9800 = ORIENTED_EDGE('',*,*,#9779,.T.);
#9801 = ORIENTED_EDGE('',*,*,#9802,.T.);
#9802 = EDGE_CURVE('',#9772,#9803,#9805,.T.);
#9803 = VERTEX_POINT('',#9804);
#9804 = CARTESIAN_POINT('',(-0.88,1.72,0.1));
#9805 = LINE('',#9806,#9807);
#9806 = CARTESIAN_POINT('',(-0.88,2.05,0.1));
#9807 = VECTOR('',#9808,1.);
#9808 = DIRECTION('',(0.,-1.,0.));
#9809 = ORIENTED_EDGE('',*,*,#9810,.F.);
#9810 = EDGE_CURVE('',#9811,#9803,#9813,.T.);
#9811 = VERTEX_POINT('',#9812);
#9812 = CARTESIAN_POINT('',(-0.88,1.72,0.));
#9813 = LINE('',#9814,#9815);
#9814 = CARTESIAN_POINT('',(-0.88,1.72,0.));
#9815 = VECTOR('',#9816,1.);
#9816 = DIRECTION('',(0.,0.,1.));
#9817 = ORIENTED_EDGE('',*,*,#9818,.F.);
#9818 = EDGE_CURVE('',#9780,#9811,#9819,.T.);
#9819 = LINE('',#9820,#9821);
#9820 = CARTESIAN_POINT('',(-0.88,2.05,0.));
#9821 = VECTOR('',#9822,1.);
#9822 = DIRECTION('',(0.,-1.,0.));
#9823 = PLANE('',#9824);
#9824 = AXIS2_PLACEMENT_3D('',#9825,#9826,#9827);
#9825 = CARTESIAN_POINT('',(-0.88,2.05,0.));
#9826 = DIRECTION('',(1.,0.,0.));
#9827 = DIRECTION('',(0.,-1.,0.));
#9828 = ADVANCED_FACE('',(#9829),#9856,.T.);
#9829 = FACE_BOUND('',#9830,.T.);
#9830 = EDGE_LOOP('',(#9831,#9840,#9841,#9850));
#9831 = ORIENTED_EDGE('',*,*,#9832,.T.);
#9832 = EDGE_CURVE('',#9833,#9811,#9835,.T.);
#9833 = VERTEX_POINT('',#9834);
#9834 = CARTESIAN_POINT('',(-1.12,1.72,0.));
#9835 = CIRCLE('',#9836,0.12);
#9836 = AXIS2_PLACEMENT_3D('',#9837,#9838,#9839);
#9837 = CARTESIAN_POINT('',(-1.,1.72,0.));
#9838 = DIRECTION('',(0.,0.,1.));
#9839 = DIRECTION('',(1.,0.,-0.));
#9840 = ORIENTED_EDGE('',*,*,#9810,.T.);
#9841 = ORIENTED_EDGE('',*,*,#9842,.F.);
#9842 = EDGE_CURVE('',#9843,#9803,#9845,.T.);
#9843 = VERTEX_POINT('',#9844);
#9844 = CARTESIAN_POINT('',(-1.12,1.72,0.1));
#9845 = CIRCLE('',#9846,0.12);
#9846 = AXIS2_PLACEMENT_3D('',#9847,#9848,#9849);
#9847 = CARTESIAN_POINT('',(-1.,1.72,0.1));
#9848 = DIRECTION('',(0.,0.,1.));
#9849 = DIRECTION('',(1.,0.,-0.));
#9850 = ORIENTED_EDGE('',*,*,#9851,.F.);
#9851 = EDGE_CURVE('',#9833,#9843,#9852,.T.);
#9852 = LINE('',#9853,#9854);
#9853 = CARTESIAN_POINT('',(-1.12,1.72,0.));
#9854 = VECTOR('',#9855,1.);
#9855 = DIRECTION('',(0.,0.,1.));
#9856 = CYLINDRICAL_SURFACE('',#9857,0.12);
#9857 = AXIS2_PLACEMENT_3D('',#9858,#9859,#9860);
#9858 = CARTESIAN_POINT('',(-1.,1.72,0.));
#9859 = DIRECTION('',(-0.,-0.,-1.));
#9860 = DIRECTION('',(1.,0.,0.));
#9861 = ADVANCED_FACE('',(#9862),#9878,.F.);
#9862 = FACE_BOUND('',#9863,.F.);
#9863 = EDGE_LOOP('',(#9864,#9865,#9871,#9872));
#9864 = ORIENTED_EDGE('',*,*,#9761,.T.);
#9865 = ORIENTED_EDGE('',*,*,#9866,.T.);
#9866 = EDGE_CURVE('',#9764,#9843,#9867,.T.);
#9867 = LINE('',#9868,#9869);
#9868 = CARTESIAN_POINT('',(-1.12,2.05,0.1));
#9869 = VECTOR('',#9870,1.);
#9870 = DIRECTION('',(0.,-1.,0.));
#9871 = ORIENTED_EDGE('',*,*,#9851,.F.);
#9872 = ORIENTED_EDGE('',*,*,#9873,.F.);
#9873 = EDGE_CURVE('',#9762,#9833,#9874,.T.);
#9874 = LINE('',#9875,#9876);
#9875 = CARTESIAN_POINT('',(-1.12,2.05,0.));
#9876 = VECTOR('',#9877,1.);
#9877 = DIRECTION('',(0.,-1.,0.));
#9878 = PLANE('',#9879);
#9879 = AXIS2_PLACEMENT_3D('',#9880,#9881,#9882);
#9880 = CARTESIAN_POINT('',(-1.12,2.05,0.));
#9881 = DIRECTION('',(1.,0.,0.));
#9882 = DIRECTION('',(0.,-1.,0.));
#9883 = ADVANCED_FACE('',(#9884),#9890,.T.);
#9884 = FACE_BOUND('',#9885,.T.);
#9885 = EDGE_LOOP('',(#9886,#9887,#9888,#9889));
#9886 = ORIENTED_EDGE('',*,*,#9787,.T.);
#9887 = ORIENTED_EDGE('',*,*,#9818,.T.);
#9888 = ORIENTED_EDGE('',*,*,#9832,.F.);
#9889 = ORIENTED_EDGE('',*,*,#9873,.F.);
#9890 = PLANE('',#9891);
#9891 = AXIS2_PLACEMENT_3D('',#9892,#9893,#9894);
#9892 = CARTESIAN_POINT('',(-1.,1.849490847913,0.));
#9893 = DIRECTION('',(-0.,-0.,-1.));
#9894 = DIRECTION('',(-1.,0.,0.));
#9895 = ADVANCED_FACE('',(#9896),#9902,.F.);
#9896 = FACE_BOUND('',#9897,.F.);
#9897 = EDGE_LOOP('',(#9898,#9899,#9900,#9901));
#9898 = ORIENTED_EDGE('',*,*,#9771,.T.);
#9899 = ORIENTED_EDGE('',*,*,#9802,.T.);
#9900 = ORIENTED_EDGE('',*,*,#9842,.F.);
#9901 = ORIENTED_EDGE('',*,*,#9866,.F.);
#9902 = PLANE('',#9903);
#9903 = AXIS2_PLACEMENT_3D('',#9904,#9905,#9906);
#9904 = CARTESIAN_POINT('',(-1.,1.849490847913,0.1));
#9905 = DIRECTION('',(-0.,-0.,-1.));
#9906 = DIRECTION('',(-1.,0.,0.));
#9907 = MANIFOLD_SOLID_BREP('',#9908);
#9908 = CLOSED_SHELL('',(#9909,#9949,#9980,#10013,#10035,#10047));
#9909 = ADVANCED_FACE('',(#9910),#9944,.F.);
#9910 = FACE_BOUND('',#9911,.F.);
#9911 = EDGE_LOOP('',(#9912,#9922,#9930,#9938));
#9912 = ORIENTED_EDGE('',*,*,#9913,.T.);
#9913 = EDGE_CURVE('',#9914,#9916,#9918,.T.);
#9914 = VERTEX_POINT('',#9915);
#9915 = CARTESIAN_POINT('',(-1.12,-2.05,0.));
#9916 = VERTEX_POINT('',#9917);
#9917 = CARTESIAN_POINT('',(-1.12,-2.05,0.1));
#9918 = LINE('',#9919,#9920);
#9919 = CARTESIAN_POINT('',(-1.12,-2.05,0.));
#9920 = VECTOR('',#9921,1.);
#9921 = DIRECTION('',(0.,0.,1.));
#9922 = ORIENTED_EDGE('',*,*,#9923,.T.);
#9923 = EDGE_CURVE('',#9916,#9924,#9926,.T.);
#9924 = VERTEX_POINT('',#9925);
#9925 = CARTESIAN_POINT('',(-0.88,-2.05,0.1));
#9926 = LINE('',#9927,#9928);
#9927 = CARTESIAN_POINT('',(-1.12,-2.05,0.1));
#9928 = VECTOR('',#9929,1.);
#9929 = DIRECTION('',(1.,0.,0.));
#9930 = ORIENTED_EDGE('',*,*,#9931,.F.);
#9931 = EDGE_CURVE('',#9932,#9924,#9934,.T.);
#9932 = VERTEX_POINT('',#9933);
#9933 = CARTESIAN_POINT('',(-0.88,-2.05,0.));
#9934 = LINE('',#9935,#9936);
#9935 = CARTESIAN_POINT('',(-0.88,-2.05,0.));
#9936 = VECTOR('',#9937,1.);
#9937 = DIRECTION('',(0.,0.,1.));
#9938 = ORIENTED_EDGE('',*,*,#9939,.F.);
#9939 = EDGE_CURVE('',#9914,#9932,#9940,.T.);
#9940 = LINE('',#9941,#9942);
#9941 = CARTESIAN_POINT('',(-1.12,-2.05,0.));
#9942 = VECTOR('',#9943,1.);
#9943 = DIRECTION('',(1.,0.,0.));
#9944 = PLANE('',#9945);
#9945 = AXIS2_PLACEMENT_3D('',#9946,#9947,#9948);
#9946 = CARTESIAN_POINT('',(-1.12,-2.05,0.));
#9947 = DIRECTION('',(0.,1.,0.));
#9948 = DIRECTION('',(1.,0.,0.));
#9949 = ADVANCED_FACE('',(#9950),#9975,.F.);
#9950 = FACE_BOUND('',#9951,.F.);
#9951 = EDGE_LOOP('',(#9952,#9953,#9961,#9969));
#9952 = ORIENTED_EDGE('',*,*,#9931,.T.);
#9953 = ORIENTED_EDGE('',*,*,#9954,.T.);
#9954 = EDGE_CURVE('',#9924,#9955,#9957,.T.);
#9955 = VERTEX_POINT('',#9956);
#9956 = CARTESIAN_POINT('',(-0.88,-1.72,0.1));
#9957 = LINE('',#9958,#9959);
#9958 = CARTESIAN_POINT('',(-0.88,-2.05,0.1));
#9959 = VECTOR('',#9960,1.);
#9960 = DIRECTION('',(0.,1.,0.));
#9961 = ORIENTED_EDGE('',*,*,#9962,.F.);
#9962 = EDGE_CURVE('',#9963,#9955,#9965,.T.);
#9963 = VERTEX_POINT('',#9964);
#9964 = CARTESIAN_POINT('',(-0.88,-1.72,0.));
#9965 = LINE('',#9966,#9967);
#9966 = CARTESIAN_POINT('',(-0.88,-1.72,0.));
#9967 = VECTOR('',#9968,1.);
#9968 = DIRECTION('',(0.,0.,1.));
#9969 = ORIENTED_EDGE('',*,*,#9970,.F.);
#9970 = EDGE_CURVE('',#9932,#9963,#9971,.T.);
#9971 = LINE('',#9972,#9973);
#9972 = CARTESIAN_POINT('',(-0.88,-2.05,0.));
#9973 = VECTOR('',#9974,1.);
#9974 = DIRECTION('',(0.,1.,0.));
#9975 = PLANE('',#9976);
#9976 = AXIS2_PLACEMENT_3D('',#9977,#9978,#9979);
#9977 = CARTESIAN_POINT('',(-0.88,-2.05,0.));
#9978 = DIRECTION('',(-1.,0.,0.));
#9979 = DIRECTION('',(0.,1.,0.));
#9980 = ADVANCED_FACE('',(#9981),#10008,.T.);
#9981 = FACE_BOUND('',#9982,.T.);
#9982 = EDGE_LOOP('',(#9983,#9992,#10000,#10007));
#9983 = ORIENTED_EDGE('',*,*,#9984,.T.);
#9984 = EDGE_CURVE('',#9963,#9985,#9987,.T.);
#9985 = VERTEX_POINT('',#9986);
#9986 = CARTESIAN_POINT('',(-1.12,-1.72,0.));
#9987 = CIRCLE('',#9988,0.12);
#9988 = AXIS2_PLACEMENT_3D('',#9989,#9990,#9991);
#9989 = CARTESIAN_POINT('',(-1.,-1.72,0.));
#9990 = DIRECTION('',(0.,0.,1.));
#9991 = DIRECTION('',(1.,0.,-0.));
#9992 = ORIENTED_EDGE('',*,*,#9993,.T.);
#9993 = EDGE_CURVE('',#9985,#9994,#9996,.T.);
#9994 = VERTEX_POINT('',#9995);
#9995 = CARTESIAN_POINT('',(-1.12,-1.72,0.1));
#9996 = LINE('',#9997,#9998);
#9997 = CARTESIAN_POINT('',(-1.12,-1.72,0.));
#9998 = VECTOR('',#9999,1.);
#9999 = DIRECTION('',(0.,0.,1.));
#10000 = ORIENTED_EDGE('',*,*,#10001,.F.);
#10001 = EDGE_CURVE('',#9955,#9994,#10002,.T.);
#10002 = CIRCLE('',#10003,0.12);
#10003 = AXIS2_PLACEMENT_3D('',#10004,#10005,#10006);
#10004 = CARTESIAN_POINT('',(-1.,-1.72,0.1));
#10005 = DIRECTION('',(0.,0.,1.));
#10006 = DIRECTION('',(1.,0.,-0.));
#10007 = ORIENTED_EDGE('',*,*,#9962,.F.);
#10008 = CYLINDRICAL_SURFACE('',#10009,0.12);
#10009 = AXIS2_PLACEMENT_3D('',#10010,#10011,#10012);
#10010 = CARTESIAN_POINT('',(-1.,-1.72,0.));
#10011 = DIRECTION('',(-0.,-0.,-1.));
#10012 = DIRECTION('',(1.,0.,0.));
#10013 = ADVANCED_FACE('',(#10014),#10030,.T.);
#10014 = FACE_BOUND('',#10015,.T.);
#10015 = EDGE_LOOP('',(#10016,#10017,#10023,#10024));
#10016 = ORIENTED_EDGE('',*,*,#9913,.T.);
#10017 = ORIENTED_EDGE('',*,*,#10018,.T.);
#10018 = EDGE_CURVE('',#9916,#9994,#10019,.T.);
#10019 = LINE('',#10020,#10021);
#10020 = CARTESIAN_POINT('',(-1.12,-2.05,0.1));
#10021 = VECTOR('',#10022,1.);
#10022 = DIRECTION('',(0.,1.,0.));
#10023 = ORIENTED_EDGE('',*,*,#9993,.F.);
#10024 = ORIENTED_EDGE('',*,*,#10025,.F.);
#10025 = EDGE_CURVE('',#9914,#9985,#10026,.T.);
#10026 = LINE('',#10027,#10028);
#10027 = CARTESIAN_POINT('',(-1.12,-2.05,0.));
#10028 = VECTOR('',#10029,1.);
#10029 = DIRECTION('',(0.,1.,0.));
#10030 = PLANE('',#10031);
#10031 = AXIS2_PLACEMENT_3D('',#10032,#10033,#10034);
#10032 = CARTESIAN_POINT('',(-1.12,-2.05,0.));
#10033 = DIRECTION('',(-1.,0.,0.));
#10034 = DIRECTION('',(0.,1.,0.));
#10035 = ADVANCED_FACE('',(#10036),#10042,.F.);
#10036 = FACE_BOUND('',#10037,.F.);
#10037 = EDGE_LOOP('',(#10038,#10039,#10040,#10041));
#10038 = ORIENTED_EDGE('',*,*,#9939,.T.);
#10039 = ORIENTED_EDGE('',*,*,#9970,.T.);
#10040 = ORIENTED_EDGE('',*,*,#9984,.T.);
#10041 = ORIENTED_EDGE('',*,*,#10025,.F.);
#10042 = PLANE('',#10043);
#10043 = AXIS2_PLACEMENT_3D('',#10044,#10045,#10046);
#10044 = CARTESIAN_POINT('',(-1.,-1.849490847913,0.));
#10045 = DIRECTION('',(0.,0.,1.));
#10046 = DIRECTION('',(1.,0.,-0.));
#10047 = ADVANCED_FACE('',(#10048),#10054,.T.);
#10048 = FACE_BOUND('',#10049,.T.);
#10049 = EDGE_LOOP('',(#10050,#10051,#10052,#10053));
#10050 = ORIENTED_EDGE('',*,*,#9923,.T.);
#10051 = ORIENTED_EDGE('',*,*,#9954,.T.);
#10052 = ORIENTED_EDGE('',*,*,#10001,.T.);
#10053 = ORIENTED_EDGE('',*,*,#10018,.F.);
#10054 = PLANE('',#10055);
#10055 = AXIS2_PLACEMENT_3D('',#10056,#10057,#10058);
#10056 = CARTESIAN_POINT('',(-1.,-1.849490847913,0.1));
#10057 = DIRECTION('',(0.,0.,1.));
#10058 = DIRECTION('',(1.,0.,-0.));
#10059 = MANIFOLD_SOLID_BREP('',#10060);
#10060 = CLOSED_SHELL('',(#10061,#10101,#10132,#10165,#10187,#10199));
#10061 = ADVANCED_FACE('',(#10062),#10096,.T.);
#10062 = FACE_BOUND('',#10063,.T.);
#10063 = EDGE_LOOP('',(#10064,#10074,#10082,#10090));
#10064 = ORIENTED_EDGE('',*,*,#10065,.T.);
#10065 = EDGE_CURVE('',#10066,#10068,#10070,.T.);
#10066 = VERTEX_POINT('',#10067);
#10067 = CARTESIAN_POINT('',(-0.62,2.05,0.));
#10068 = VERTEX_POINT('',#10069);
#10069 = CARTESIAN_POINT('',(-0.62,2.05,0.1));
#10070 = LINE('',#10071,#10072);
#10071 = CARTESIAN_POINT('',(-0.62,2.05,0.));
#10072 = VECTOR('',#10073,1.);
#10073 = DIRECTION('',(0.,0.,1.));
#10074 = ORIENTED_EDGE('',*,*,#10075,.T.);
#10075 = EDGE_CURVE('',#10068,#10076,#10078,.T.);
#10076 = VERTEX_POINT('',#10077);
#10077 = CARTESIAN_POINT('',(-0.38,2.05,0.1));
#10078 = LINE('',#10079,#10080);
#10079 = CARTESIAN_POINT('',(-0.62,2.05,0.1));
#10080 = VECTOR('',#10081,1.);
#10081 = DIRECTION('',(1.,0.,0.));
#10082 = ORIENTED_EDGE('',*,*,#10083,.F.);
#10083 = EDGE_CURVE('',#10084,#10076,#10086,.T.);
#10084 = VERTEX_POINT('',#10085);
#10085 = CARTESIAN_POINT('',(-0.38,2.05,0.));
#10086 = LINE('',#10087,#10088);
#10087 = CARTESIAN_POINT('',(-0.38,2.05,0.));
#10088 = VECTOR('',#10089,1.);
#10089 = DIRECTION('',(0.,0.,1.));
#10090 = ORIENTED_EDGE('',*,*,#10091,.F.);
#10091 = EDGE_CURVE('',#10066,#10084,#10092,.T.);
#10092 = LINE('',#10093,#10094);
#10093 = CARTESIAN_POINT('',(-0.62,2.05,0.));
#10094 = VECTOR('',#10095,1.);
#10095 = DIRECTION('',(1.,0.,0.));
#10096 = PLANE('',#10097);
#10097 = AXIS2_PLACEMENT_3D('',#10098,#10099,#10100);
#10098 = CARTESIAN_POINT('',(-0.62,2.05,0.));
#10099 = DIRECTION('',(0.,1.,0.));
#10100 = DIRECTION('',(1.,0.,0.));
#10101 = ADVANCED_FACE('',(#10102),#10127,.T.);
#10102 = FACE_BOUND('',#10103,.T.);
#10103 = EDGE_LOOP('',(#10104,#10105,#10113,#10121));
#10104 = ORIENTED_EDGE('',*,*,#10083,.T.);
#10105 = ORIENTED_EDGE('',*,*,#10106,.T.);
#10106 = EDGE_CURVE('',#10076,#10107,#10109,.T.);
#10107 = VERTEX_POINT('',#10108);
#10108 = CARTESIAN_POINT('',(-0.38,1.72,0.1));
#10109 = LINE('',#10110,#10111);
#10110 = CARTESIAN_POINT('',(-0.38,2.05,0.1));
#10111 = VECTOR('',#10112,1.);
#10112 = DIRECTION('',(0.,-1.,0.));
#10113 = ORIENTED_EDGE('',*,*,#10114,.F.);
#10114 = EDGE_CURVE('',#10115,#10107,#10117,.T.);
#10115 = VERTEX_POINT('',#10116);
#10116 = CARTESIAN_POINT('',(-0.38,1.72,0.));
#10117 = LINE('',#10118,#10119);
#10118 = CARTESIAN_POINT('',(-0.38,1.72,0.));
#10119 = VECTOR('',#10120,1.);
#10120 = DIRECTION('',(0.,0.,1.));
#10121 = ORIENTED_EDGE('',*,*,#10122,.F.);
#10122 = EDGE_CURVE('',#10084,#10115,#10123,.T.);
#10123 = LINE('',#10124,#10125);
#10124 = CARTESIAN_POINT('',(-0.38,2.05,0.));
#10125 = VECTOR('',#10126,1.);
#10126 = DIRECTION('',(0.,-1.,0.));
#10127 = PLANE('',#10128);
#10128 = AXIS2_PLACEMENT_3D('',#10129,#10130,#10131);
#10129 = CARTESIAN_POINT('',(-0.38,2.05,0.));
#10130 = DIRECTION('',(1.,0.,0.));
#10131 = DIRECTION('',(0.,-1.,0.));
#10132 = ADVANCED_FACE('',(#10133),#10160,.T.);
#10133 = FACE_BOUND('',#10134,.T.);
#10134 = EDGE_LOOP('',(#10135,#10144,#10145,#10154));
#10135 = ORIENTED_EDGE('',*,*,#10136,.T.);
#10136 = EDGE_CURVE('',#10137,#10115,#10139,.T.);
#10137 = VERTEX_POINT('',#10138);
#10138 = CARTESIAN_POINT('',(-0.62,1.72,0.));
#10139 = CIRCLE('',#10140,0.12);
#10140 = AXIS2_PLACEMENT_3D('',#10141,#10142,#10143);
#10141 = CARTESIAN_POINT('',(-0.5,1.72,0.));
#10142 = DIRECTION('',(0.,0.,1.));
#10143 = DIRECTION('',(1.,0.,-0.));
#10144 = ORIENTED_EDGE('',*,*,#10114,.T.);
#10145 = ORIENTED_EDGE('',*,*,#10146,.F.);
#10146 = EDGE_CURVE('',#10147,#10107,#10149,.T.);
#10147 = VERTEX_POINT('',#10148);
#10148 = CARTESIAN_POINT('',(-0.62,1.72,0.1));
#10149 = CIRCLE('',#10150,0.12);
#10150 = AXIS2_PLACEMENT_3D('',#10151,#10152,#10153);
#10151 = CARTESIAN_POINT('',(-0.5,1.72,0.1));
#10152 = DIRECTION('',(0.,0.,1.));
#10153 = DIRECTION('',(1.,0.,-0.));
#10154 = ORIENTED_EDGE('',*,*,#10155,.F.);
#10155 = EDGE_CURVE('',#10137,#10147,#10156,.T.);
#10156 = LINE('',#10157,#10158);
#10157 = CARTESIAN_POINT('',(-0.62,1.72,0.));
#10158 = VECTOR('',#10159,1.);
#10159 = DIRECTION('',(0.,0.,1.));
#10160 = CYLINDRICAL_SURFACE('',#10161,0.12);
#10161 = AXIS2_PLACEMENT_3D('',#10162,#10163,#10164);
#10162 = CARTESIAN_POINT('',(-0.5,1.72,0.));
#10163 = DIRECTION('',(-0.,-0.,-1.));
#10164 = DIRECTION('',(1.,0.,0.));
#10165 = ADVANCED_FACE('',(#10166),#10182,.F.);
#10166 = FACE_BOUND('',#10167,.F.);
#10167 = EDGE_LOOP('',(#10168,#10169,#10175,#10176));
#10168 = ORIENTED_EDGE('',*,*,#10065,.T.);
#10169 = ORIENTED_EDGE('',*,*,#10170,.T.);
#10170 = EDGE_CURVE('',#10068,#10147,#10171,.T.);
#10171 = LINE('',#10172,#10173);
#10172 = CARTESIAN_POINT('',(-0.62,2.05,0.1));
#10173 = VECTOR('',#10174,1.);
#10174 = DIRECTION('',(0.,-1.,0.));
#10175 = ORIENTED_EDGE('',*,*,#10155,.F.);
#10176 = ORIENTED_EDGE('',*,*,#10177,.F.);
#10177 = EDGE_CURVE('',#10066,#10137,#10178,.T.);
#10178 = LINE('',#10179,#10180);
#10179 = CARTESIAN_POINT('',(-0.62,2.05,0.));
#10180 = VECTOR('',#10181,1.);
#10181 = DIRECTION('',(0.,-1.,0.));
#10182 = PLANE('',#10183);
#10183 = AXIS2_PLACEMENT_3D('',#10184,#10185,#10186);
#10184 = CARTESIAN_POINT('',(-0.62,2.05,0.));
#10185 = DIRECTION('',(1.,0.,0.));
#10186 = DIRECTION('',(0.,-1.,0.));
#10187 = ADVANCED_FACE('',(#10188),#10194,.T.);
#10188 = FACE_BOUND('',#10189,.T.);
#10189 = EDGE_LOOP('',(#10190,#10191,#10192,#10193));
#10190 = ORIENTED_EDGE('',*,*,#10091,.T.);
#10191 = ORIENTED_EDGE('',*,*,#10122,.T.);
#10192 = ORIENTED_EDGE('',*,*,#10136,.F.);
#10193 = ORIENTED_EDGE('',*,*,#10177,.F.);
#10194 = PLANE('',#10195);
#10195 = AXIS2_PLACEMENT_3D('',#10196,#10197,#10198);
#10196 = CARTESIAN_POINT('',(-0.5,1.849490847913,0.));
#10197 = DIRECTION('',(-0.,-0.,-1.));
#10198 = DIRECTION('',(-1.,0.,0.));
#10199 = ADVANCED_FACE('',(#10200),#10206,.F.);
#10200 = FACE_BOUND('',#10201,.F.);
#10201 = EDGE_LOOP('',(#10202,#10203,#10204,#10205));
#10202 = ORIENTED_EDGE('',*,*,#10075,.T.);
#10203 = ORIENTED_EDGE('',*,*,#10106,.T.);
#10204 = ORIENTED_EDGE('',*,*,#10146,.F.);
#10205 = ORIENTED_EDGE('',*,*,#10170,.F.);
#10206 = PLANE('',#10207);
#10207 = AXIS2_PLACEMENT_3D('',#10208,#10209,#10210);
#10208 = CARTESIAN_POINT('',(-0.5,1.849490847913,0.1));
#10209 = DIRECTION('',(-0.,-0.,-1.));
#10210 = DIRECTION('',(-1.,0.,0.));
#10211 = MANIFOLD_SOLID_BREP('',#10212);
#10212 = CLOSED_SHELL('',(#10213,#10253,#10284,#10317,#10339,#10351));
#10213 = ADVANCED_FACE('',(#10214),#10248,.F.);
#10214 = FACE_BOUND('',#10215,.F.);
#10215 = EDGE_LOOP('',(#10216,#10226,#10234,#10242));
#10216 = ORIENTED_EDGE('',*,*,#10217,.T.);
#10217 = EDGE_CURVE('',#10218,#10220,#10222,.T.);
#10218 = VERTEX_POINT('',#10219);
#10219 = CARTESIAN_POINT('',(-0.62,-2.05,0.));
#10220 = VERTEX_POINT('',#10221);
#10221 = CARTESIAN_POINT('',(-0.62,-2.05,0.1));
#10222 = LINE('',#10223,#10224);
#10223 = CARTESIAN_POINT('',(-0.62,-2.05,0.));
#10224 = VECTOR('',#10225,1.);
#10225 = DIRECTION('',(0.,0.,1.));
#10226 = ORIENTED_EDGE('',*,*,#10227,.T.);
#10227 = EDGE_CURVE('',#10220,#10228,#10230,.T.);
#10228 = VERTEX_POINT('',#10229);
#10229 = CARTESIAN_POINT('',(-0.38,-2.05,0.1));
#10230 = LINE('',#10231,#10232);
#10231 = CARTESIAN_POINT('',(-0.62,-2.05,0.1));
#10232 = VECTOR('',#10233,1.);
#10233 = DIRECTION('',(1.,0.,0.));
#10234 = ORIENTED_EDGE('',*,*,#10235,.F.);
#10235 = EDGE_CURVE('',#10236,#10228,#10238,.T.);
#10236 = VERTEX_POINT('',#10237);
#10237 = CARTESIAN_POINT('',(-0.38,-2.05,0.));
#10238 = LINE('',#10239,#10240);
#10239 = CARTESIAN_POINT('',(-0.38,-2.05,0.));
#10240 = VECTOR('',#10241,1.);
#10241 = DIRECTION('',(0.,0.,1.));
#10242 = ORIENTED_EDGE('',*,*,#10243,.F.);
#10243 = EDGE_CURVE('',#10218,#10236,#10244,.T.);
#10244 = LINE('',#10245,#10246);
#10245 = CARTESIAN_POINT('',(-0.62,-2.05,0.));
#10246 = VECTOR('',#10247,1.);
#10247 = DIRECTION('',(1.,0.,0.));
#10248 = PLANE('',#10249);
#10249 = AXIS2_PLACEMENT_3D('',#10250,#10251,#10252);
#10250 = CARTESIAN_POINT('',(-0.62,-2.05,0.));
#10251 = DIRECTION('',(0.,1.,0.));
#10252 = DIRECTION('',(1.,0.,0.));
#10253 = ADVANCED_FACE('',(#10254),#10279,.F.);
#10254 = FACE_BOUND('',#10255,.F.);
#10255 = EDGE_LOOP('',(#10256,#10257,#10265,#10273));
#10256 = ORIENTED_EDGE('',*,*,#10235,.T.);
#10257 = ORIENTED_EDGE('',*,*,#10258,.T.);
#10258 = EDGE_CURVE('',#10228,#10259,#10261,.T.);
#10259 = VERTEX_POINT('',#10260);
#10260 = CARTESIAN_POINT('',(-0.38,-1.72,0.1));
#10261 = LINE('',#10262,#10263);
#10262 = CARTESIAN_POINT('',(-0.38,-2.05,0.1));
#10263 = VECTOR('',#10264,1.);
#10264 = DIRECTION('',(0.,1.,0.));
#10265 = ORIENTED_EDGE('',*,*,#10266,.F.);
#10266 = EDGE_CURVE('',#10267,#10259,#10269,.T.);
#10267 = VERTEX_POINT('',#10268);
#10268 = CARTESIAN_POINT('',(-0.38,-1.72,0.));
#10269 = LINE('',#10270,#10271);
#10270 = CARTESIAN_POINT('',(-0.38,-1.72,0.));
#10271 = VECTOR('',#10272,1.);
#10272 = DIRECTION('',(0.,0.,1.));
#10273 = ORIENTED_EDGE('',*,*,#10274,.F.);
#10274 = EDGE_CURVE('',#10236,#10267,#10275,.T.);
#10275 = LINE('',#10276,#10277);
#10276 = CARTESIAN_POINT('',(-0.38,-2.05,0.));
#10277 = VECTOR('',#10278,1.);
#10278 = DIRECTION('',(0.,1.,0.));
#10279 = PLANE('',#10280);
#10280 = AXIS2_PLACEMENT_3D('',#10281,#10282,#10283);
#10281 = CARTESIAN_POINT('',(-0.38,-2.05,0.));
#10282 = DIRECTION('',(-1.,0.,0.));
#10283 = DIRECTION('',(0.,1.,0.));
#10284 = ADVANCED_FACE('',(#10285),#10312,.T.);
#10285 = FACE_BOUND('',#10286,.T.);
#10286 = EDGE_LOOP('',(#10287,#10296,#10304,#10311));
#10287 = ORIENTED_EDGE('',*,*,#10288,.T.);
#10288 = EDGE_CURVE('',#10267,#10289,#10291,.T.);
#10289 = VERTEX_POINT('',#10290);
#10290 = CARTESIAN_POINT('',(-0.62,-1.72,0.));
#10291 = CIRCLE('',#10292,0.12);
#10292 = AXIS2_PLACEMENT_3D('',#10293,#10294,#10295);
#10293 = CARTESIAN_POINT('',(-0.5,-1.72,0.));
#10294 = DIRECTION('',(0.,0.,1.));
#10295 = DIRECTION('',(1.,0.,-0.));
#10296 = ORIENTED_EDGE('',*,*,#10297,.T.);
#10297 = EDGE_CURVE('',#10289,#10298,#10300,.T.);
#10298 = VERTEX_POINT('',#10299);
#10299 = CARTESIAN_POINT('',(-0.62,-1.72,0.1));
#10300 = LINE('',#10301,#10302);
#10301 = CARTESIAN_POINT('',(-0.62,-1.72,0.));
#10302 = VECTOR('',#10303,1.);
#10303 = DIRECTION('',(0.,0.,1.));
#10304 = ORIENTED_EDGE('',*,*,#10305,.F.);
#10305 = EDGE_CURVE('',#10259,#10298,#10306,.T.);
#10306 = CIRCLE('',#10307,0.12);
#10307 = AXIS2_PLACEMENT_3D('',#10308,#10309,#10310);
#10308 = CARTESIAN_POINT('',(-0.5,-1.72,0.1));
#10309 = DIRECTION('',(0.,0.,1.));
#10310 = DIRECTION('',(1.,0.,-0.));
#10311 = ORIENTED_EDGE('',*,*,#10266,.F.);
#10312 = CYLINDRICAL_SURFACE('',#10313,0.12);
#10313 = AXIS2_PLACEMENT_3D('',#10314,#10315,#10316);
#10314 = CARTESIAN_POINT('',(-0.5,-1.72,0.));
#10315 = DIRECTION('',(-0.,-0.,-1.));
#10316 = DIRECTION('',(1.,0.,0.));
#10317 = ADVANCED_FACE('',(#10318),#10334,.T.);
#10318 = FACE_BOUND('',#10319,.T.);
#10319 = EDGE_LOOP('',(#10320,#10321,#10327,#10328));
#10320 = ORIENTED_EDGE('',*,*,#10217,.T.);
#10321 = ORIENTED_EDGE('',*,*,#10322,.T.);
#10322 = EDGE_CURVE('',#10220,#10298,#10323,.T.);
#10323 = LINE('',#10324,#10325);
#10324 = CARTESIAN_POINT('',(-0.62,-2.05,0.1));
#10325 = VECTOR('',#10326,1.);
#10326 = DIRECTION('',(0.,1.,0.));
#10327 = ORIENTED_EDGE('',*,*,#10297,.F.);
#10328 = ORIENTED_EDGE('',*,*,#10329,.F.);
#10329 = EDGE_CURVE('',#10218,#10289,#10330,.T.);
#10330 = LINE('',#10331,#10332);
#10331 = CARTESIAN_POINT('',(-0.62,-2.05,0.));
#10332 = VECTOR('',#10333,1.);
#10333 = DIRECTION('',(0.,1.,0.));
#10334 = PLANE('',#10335);
#10335 = AXIS2_PLACEMENT_3D('',#10336,#10337,#10338);
#10336 = CARTESIAN_POINT('',(-0.62,-2.05,0.));
#10337 = DIRECTION('',(-1.,0.,0.));
#10338 = DIRECTION('',(0.,1.,0.));
#10339 = ADVANCED_FACE('',(#10340),#10346,.F.);
#10340 = FACE_BOUND('',#10341,.F.);
#10341 = EDGE_LOOP('',(#10342,#10343,#10344,#10345));
#10342 = ORIENTED_EDGE('',*,*,#10243,.T.);
#10343 = ORIENTED_EDGE('',*,*,#10274,.T.);
#10344 = ORIENTED_EDGE('',*,*,#10288,.T.);
#10345 = ORIENTED_EDGE('',*,*,#10329,.F.);
#10346 = PLANE('',#10347);
#10347 = AXIS2_PLACEMENT_3D('',#10348,#10349,#10350);
#10348 = CARTESIAN_POINT('',(-0.5,-1.849490847913,0.));
#10349 = DIRECTION('',(0.,0.,1.));
#10350 = DIRECTION('',(1.,0.,-0.));
#10351 = ADVANCED_FACE('',(#10352),#10358,.T.);
#10352 = FACE_BOUND('',#10353,.T.);
#10353 = EDGE_LOOP('',(#10354,#10355,#10356,#10357));
#10354 = ORIENTED_EDGE('',*,*,#10227,.T.);
#10355 = ORIENTED_EDGE('',*,*,#10258,.T.);
#10356 = ORIENTED_EDGE('',*,*,#10305,.T.);
#10357 = ORIENTED_EDGE('',*,*,#10322,.F.);
#10358 = PLANE('',#10359);
#10359 = AXIS2_PLACEMENT_3D('',#10360,#10361,#10362);
#10360 = CARTESIAN_POINT('',(-0.5,-1.849490847913,0.1));
#10361 = DIRECTION('',(0.,0.,1.));
#10362 = DIRECTION('',(1.,0.,-0.));
#10363 = MANIFOLD_SOLID_BREP('',#10364);
#10364 = CLOSED_SHELL('',(#10365,#10405,#10436,#10469,#10491,#10503));
#10365 = ADVANCED_FACE('',(#10366),#10400,.T.);
#10366 = FACE_BOUND('',#10367,.T.);
#10367 = EDGE_LOOP('',(#10368,#10378,#10386,#10394));
#10368 = ORIENTED_EDGE('',*,*,#10369,.T.);
#10369 = EDGE_CURVE('',#10370,#10372,#10374,.T.);
#10370 = VERTEX_POINT('',#10371);
#10371 = CARTESIAN_POINT('',(-0.12,2.05,0.));
#10372 = VERTEX_POINT('',#10373);
#10373 = CARTESIAN_POINT('',(-0.12,2.05,0.1));
#10374 = LINE('',#10375,#10376);
#10375 = CARTESIAN_POINT('',(-0.12,2.05,0.));
#10376 = VECTOR('',#10377,1.);
#10377 = DIRECTION('',(0.,0.,1.));
#10378 = ORIENTED_EDGE('',*,*,#10379,.T.);
#10379 = EDGE_CURVE('',#10372,#10380,#10382,.T.);
#10380 = VERTEX_POINT('',#10381);
#10381 = CARTESIAN_POINT('',(0.12,2.05,0.1));
#10382 = LINE('',#10383,#10384);
#10383 = CARTESIAN_POINT('',(-0.12,2.05,0.1));
#10384 = VECTOR('',#10385,1.);
#10385 = DIRECTION('',(1.,0.,0.));
#10386 = ORIENTED_EDGE('',*,*,#10387,.F.);
#10387 = EDGE_CURVE('',#10388,#10380,#10390,.T.);
#10388 = VERTEX_POINT('',#10389);
#10389 = CARTESIAN_POINT('',(0.12,2.05,0.));
#10390 = LINE('',#10391,#10392);
#10391 = CARTESIAN_POINT('',(0.12,2.05,0.));
#10392 = VECTOR('',#10393,1.);
#10393 = DIRECTION('',(0.,0.,1.));
#10394 = ORIENTED_EDGE('',*,*,#10395,.F.);
#10395 = EDGE_CURVE('',#10370,#10388,#10396,.T.);
#10396 = LINE('',#10397,#10398);
#10397 = CARTESIAN_POINT('',(-0.12,2.05,0.));
#10398 = VECTOR('',#10399,1.);
#10399 = DIRECTION('',(1.,0.,0.));
#10400 = PLANE('',#10401);
#10401 = AXIS2_PLACEMENT_3D('',#10402,#10403,#10404);
#10402 = CARTESIAN_POINT('',(-0.12,2.05,0.));
#10403 = DIRECTION('',(0.,1.,0.));
#10404 = DIRECTION('',(1.,0.,0.));
#10405 = ADVANCED_FACE('',(#10406),#10431,.T.);
#10406 = FACE_BOUND('',#10407,.T.);
#10407 = EDGE_LOOP('',(#10408,#10409,#10417,#10425));
#10408 = ORIENTED_EDGE('',*,*,#10387,.T.);
#10409 = ORIENTED_EDGE('',*,*,#10410,.T.);
#10410 = EDGE_CURVE('',#10380,#10411,#10413,.T.);
#10411 = VERTEX_POINT('',#10412);
#10412 = CARTESIAN_POINT('',(0.12,1.72,0.1));
#10413 = LINE('',#10414,#10415);
#10414 = CARTESIAN_POINT('',(0.12,2.05,0.1));
#10415 = VECTOR('',#10416,1.);
#10416 = DIRECTION('',(0.,-1.,0.));
#10417 = ORIENTED_EDGE('',*,*,#10418,.F.);
#10418 = EDGE_CURVE('',#10419,#10411,#10421,.T.);
#10419 = VERTEX_POINT('',#10420);
#10420 = CARTESIAN_POINT('',(0.12,1.72,0.));
#10421 = LINE('',#10422,#10423);
#10422 = CARTESIAN_POINT('',(0.12,1.72,0.));
#10423 = VECTOR('',#10424,1.);
#10424 = DIRECTION('',(0.,0.,1.));
#10425 = ORIENTED_EDGE('',*,*,#10426,.F.);
#10426 = EDGE_CURVE('',#10388,#10419,#10427,.T.);
#10427 = LINE('',#10428,#10429);
#10428 = CARTESIAN_POINT('',(0.12,2.05,0.));
#10429 = VECTOR('',#10430,1.);
#10430 = DIRECTION('',(0.,-1.,0.));
#10431 = PLANE('',#10432);
#10432 = AXIS2_PLACEMENT_3D('',#10433,#10434,#10435);
#10433 = CARTESIAN_POINT('',(0.12,2.05,0.));
#10434 = DIRECTION('',(1.,0.,0.));
#10435 = DIRECTION('',(0.,-1.,0.));
#10436 = ADVANCED_FACE('',(#10437),#10464,.T.);
#10437 = FACE_BOUND('',#10438,.T.);
#10438 = EDGE_LOOP('',(#10439,#10448,#10449,#10458));
#10439 = ORIENTED_EDGE('',*,*,#10440,.T.);
#10440 = EDGE_CURVE('',#10441,#10419,#10443,.T.);
#10441 = VERTEX_POINT('',#10442);
#10442 = CARTESIAN_POINT('',(-0.12,1.72,0.));
#10443 = CIRCLE('',#10444,0.12);
#10444 = AXIS2_PLACEMENT_3D('',#10445,#10446,#10447);
#10445 = CARTESIAN_POINT('',(0.,1.72,0.));
#10446 = DIRECTION('',(0.,0.,1.));
#10447 = DIRECTION('',(1.,0.,-0.));
#10448 = ORIENTED_EDGE('',*,*,#10418,.T.);
#10449 = ORIENTED_EDGE('',*,*,#10450,.F.);
#10450 = EDGE_CURVE('',#10451,#10411,#10453,.T.);
#10451 = VERTEX_POINT('',#10452);
#10452 = CARTESIAN_POINT('',(-0.12,1.72,0.1));
#10453 = CIRCLE('',#10454,0.12);
#10454 = AXIS2_PLACEMENT_3D('',#10455,#10456,#10457);
#10455 = CARTESIAN_POINT('',(0.,1.72,0.1));
#10456 = DIRECTION('',(0.,0.,1.));
#10457 = DIRECTION('',(1.,0.,-0.));
#10458 = ORIENTED_EDGE('',*,*,#10459,.F.);
#10459 = EDGE_CURVE('',#10441,#10451,#10460,.T.);
#10460 = LINE('',#10461,#10462);
#10461 = CARTESIAN_POINT('',(-0.12,1.72,0.));
#10462 = VECTOR('',#10463,1.);
#10463 = DIRECTION('',(0.,0.,1.));
#10464 = CYLINDRICAL_SURFACE('',#10465,0.12);
#10465 = AXIS2_PLACEMENT_3D('',#10466,#10467,#10468);
#10466 = CARTESIAN_POINT('',(0.,1.72,0.));
#10467 = DIRECTION('',(-0.,-0.,-1.));
#10468 = DIRECTION('',(1.,0.,0.));
#10469 = ADVANCED_FACE('',(#10470),#10486,.F.);
#10470 = FACE_BOUND('',#10471,.F.);
#10471 = EDGE_LOOP('',(#10472,#10473,#10479,#10480));
#10472 = ORIENTED_EDGE('',*,*,#10369,.T.);
#10473 = ORIENTED_EDGE('',*,*,#10474,.T.);
#10474 = EDGE_CURVE('',#10372,#10451,#10475,.T.);
#10475 = LINE('',#10476,#10477);
#10476 = CARTESIAN_POINT('',(-0.12,2.05,0.1));
#10477 = VECTOR('',#10478,1.);
#10478 = DIRECTION('',(0.,-1.,0.));
#10479 = ORIENTED_EDGE('',*,*,#10459,.F.);
#10480 = ORIENTED_EDGE('',*,*,#10481,.F.);
#10481 = EDGE_CURVE('',#10370,#10441,#10482,.T.);
#10482 = LINE('',#10483,#10484);
#10483 = CARTESIAN_POINT('',(-0.12,2.05,0.));
#10484 = VECTOR('',#10485,1.);
#10485 = DIRECTION('',(0.,-1.,0.));
#10486 = PLANE('',#10487);
#10487 = AXIS2_PLACEMENT_3D('',#10488,#10489,#10490);
#10488 = CARTESIAN_POINT('',(-0.12,2.05,0.));
#10489 = DIRECTION('',(1.,0.,0.));
#10490 = DIRECTION('',(0.,-1.,0.));
#10491 = ADVANCED_FACE('',(#10492),#10498,.T.);
#10492 = FACE_BOUND('',#10493,.T.);
#10493 = EDGE_LOOP('',(#10494,#10495,#10496,#10497));
#10494 = ORIENTED_EDGE('',*,*,#10395,.T.);
#10495 = ORIENTED_EDGE('',*,*,#10426,.T.);
#10496 = ORIENTED_EDGE('',*,*,#10440,.F.);
#10497 = ORIENTED_EDGE('',*,*,#10481,.F.);
#10498 = PLANE('',#10499);
#10499 = AXIS2_PLACEMENT_3D('',#10500,#10501,#10502);
#10500 = CARTESIAN_POINT('',(-2.22044604925E-16,1.849490847913,0.));
#10501 = DIRECTION('',(-0.,-0.,-1.));
#10502 = DIRECTION('',(-1.,0.,0.));
#10503 = ADVANCED_FACE('',(#10504),#10510,.F.);
#10504 = FACE_BOUND('',#10505,.F.);
#10505 = EDGE_LOOP('',(#10506,#10507,#10508,#10509));
#10506 = ORIENTED_EDGE('',*,*,#10379,.T.);
#10507 = ORIENTED_EDGE('',*,*,#10410,.T.);
#10508 = ORIENTED_EDGE('',*,*,#10450,.F.);
#10509 = ORIENTED_EDGE('',*,*,#10474,.F.);
#10510 = PLANE('',#10511);
#10511 = AXIS2_PLACEMENT_3D('',#10512,#10513,#10514);
#10512 = CARTESIAN_POINT('',(-2.22044604925E-16,1.849490847913,0.1));
#10513 = DIRECTION('',(-0.,-0.,-1.));
#10514 = DIRECTION('',(-1.,0.,0.));
#10515 = MANIFOLD_SOLID_BREP('',#10516);
#10516 = CLOSED_SHELL('',(#10517,#10557,#10588,#10621,#10643,#10655));
#10517 = ADVANCED_FACE('',(#10518),#10552,.F.);
#10518 = FACE_BOUND('',#10519,.F.);
#10519 = EDGE_LOOP('',(#10520,#10530,#10538,#10546));
#10520 = ORIENTED_EDGE('',*,*,#10521,.T.);
#10521 = EDGE_CURVE('',#10522,#10524,#10526,.T.);
#10522 = VERTEX_POINT('',#10523);
#10523 = CARTESIAN_POINT('',(-0.12,-2.05,0.));
#10524 = VERTEX_POINT('',#10525);
#10525 = CARTESIAN_POINT('',(-0.12,-2.05,0.1));
#10526 = LINE('',#10527,#10528);
#10527 = CARTESIAN_POINT('',(-0.12,-2.05,0.));
#10528 = VECTOR('',#10529,1.);
#10529 = DIRECTION('',(0.,0.,1.));
#10530 = ORIENTED_EDGE('',*,*,#10531,.T.);
#10531 = EDGE_CURVE('',#10524,#10532,#10534,.T.);
#10532 = VERTEX_POINT('',#10533);
#10533 = CARTESIAN_POINT('',(0.12,-2.05,0.1));
#10534 = LINE('',#10535,#10536);
#10535 = CARTESIAN_POINT('',(-0.12,-2.05,0.1));
#10536 = VECTOR('',#10537,1.);
#10537 = DIRECTION('',(1.,0.,0.));
#10538 = ORIENTED_EDGE('',*,*,#10539,.F.);
#10539 = EDGE_CURVE('',#10540,#10532,#10542,.T.);
#10540 = VERTEX_POINT('',#10541);
#10541 = CARTESIAN_POINT('',(0.12,-2.05,0.));
#10542 = LINE('',#10543,#10544);
#10543 = CARTESIAN_POINT('',(0.12,-2.05,0.));
#10544 = VECTOR('',#10545,1.);
#10545 = DIRECTION('',(0.,0.,1.));
#10546 = ORIENTED_EDGE('',*,*,#10547,.F.);
#10547 = EDGE_CURVE('',#10522,#10540,#10548,.T.);
#10548 = LINE('',#10549,#10550);
#10549 = CARTESIAN_POINT('',(-0.12,-2.05,0.));
#10550 = VECTOR('',#10551,1.);
#10551 = DIRECTION('',(1.,0.,0.));
#10552 = PLANE('',#10553);
#10553 = AXIS2_PLACEMENT_3D('',#10554,#10555,#10556);
#10554 = CARTESIAN_POINT('',(-0.12,-2.05,0.));
#10555 = DIRECTION('',(0.,1.,0.));
#10556 = DIRECTION('',(1.,0.,0.));
#10557 = ADVANCED_FACE('',(#10558),#10583,.F.);
#10558 = FACE_BOUND('',#10559,.F.);
#10559 = EDGE_LOOP('',(#10560,#10561,#10569,#10577));
#10560 = ORIENTED_EDGE('',*,*,#10539,.T.);
#10561 = ORIENTED_EDGE('',*,*,#10562,.T.);
#10562 = EDGE_CURVE('',#10532,#10563,#10565,.T.);
#10563 = VERTEX_POINT('',#10564);
#10564 = CARTESIAN_POINT('',(0.12,-1.72,0.1));
#10565 = LINE('',#10566,#10567);
#10566 = CARTESIAN_POINT('',(0.12,-2.05,0.1));
#10567 = VECTOR('',#10568,1.);
#10568 = DIRECTION('',(0.,1.,0.));
#10569 = ORIENTED_EDGE('',*,*,#10570,.F.);
#10570 = EDGE_CURVE('',#10571,#10563,#10573,.T.);
#10571 = VERTEX_POINT('',#10572);
#10572 = CARTESIAN_POINT('',(0.12,-1.72,0.));
#10573 = LINE('',#10574,#10575);
#10574 = CARTESIAN_POINT('',(0.12,-1.72,0.));
#10575 = VECTOR('',#10576,1.);
#10576 = DIRECTION('',(0.,0.,1.));
#10577 = ORIENTED_EDGE('',*,*,#10578,.F.);
#10578 = EDGE_CURVE('',#10540,#10571,#10579,.T.);
#10579 = LINE('',#10580,#10581);
#10580 = CARTESIAN_POINT('',(0.12,-2.05,0.));
#10581 = VECTOR('',#10582,1.);
#10582 = DIRECTION('',(0.,1.,0.));
#10583 = PLANE('',#10584);
#10584 = AXIS2_PLACEMENT_3D('',#10585,#10586,#10587);
#10585 = CARTESIAN_POINT('',(0.12,-2.05,0.));
#10586 = DIRECTION('',(-1.,0.,0.));
#10587 = DIRECTION('',(0.,1.,0.));
#10588 = ADVANCED_FACE('',(#10589),#10616,.T.);
#10589 = FACE_BOUND('',#10590,.T.);
#10590 = EDGE_LOOP('',(#10591,#10600,#10608,#10615));
#10591 = ORIENTED_EDGE('',*,*,#10592,.T.);
#10592 = EDGE_CURVE('',#10571,#10593,#10595,.T.);
#10593 = VERTEX_POINT('',#10594);
#10594 = CARTESIAN_POINT('',(-0.12,-1.72,0.));
#10595 = CIRCLE('',#10596,0.12);
#10596 = AXIS2_PLACEMENT_3D('',#10597,#10598,#10599);
#10597 = CARTESIAN_POINT('',(0.,-1.72,0.));
#10598 = DIRECTION('',(0.,0.,1.));
#10599 = DIRECTION('',(1.,0.,-0.));
#10600 = ORIENTED_EDGE('',*,*,#10601,.T.);
#10601 = EDGE_CURVE('',#10593,#10602,#10604,.T.);
#10602 = VERTEX_POINT('',#10603);
#10603 = CARTESIAN_POINT('',(-0.12,-1.72,0.1));
#10604 = LINE('',#10605,#10606);
#10605 = CARTESIAN_POINT('',(-0.12,-1.72,0.));
#10606 = VECTOR('',#10607,1.);
#10607 = DIRECTION('',(0.,0.,1.));
#10608 = ORIENTED_EDGE('',*,*,#10609,.F.);
#10609 = EDGE_CURVE('',#10563,#10602,#10610,.T.);
#10610 = CIRCLE('',#10611,0.12);
#10611 = AXIS2_PLACEMENT_3D('',#10612,#10613,#10614);
#10612 = CARTESIAN_POINT('',(0.,-1.72,0.1));
#10613 = DIRECTION('',(0.,0.,1.));
#10614 = DIRECTION('',(1.,0.,-0.));
#10615 = ORIENTED_EDGE('',*,*,#10570,.F.);
#10616 = CYLINDRICAL_SURFACE('',#10617,0.12);
#10617 = AXIS2_PLACEMENT_3D('',#10618,#10619,#10620);
#10618 = CARTESIAN_POINT('',(0.,-1.72,0.));
#10619 = DIRECTION('',(-0.,-0.,-1.));
#10620 = DIRECTION('',(1.,0.,0.));
#10621 = ADVANCED_FACE('',(#10622),#10638,.T.);
#10622 = FACE_BOUND('',#10623,.T.);
#10623 = EDGE_LOOP('',(#10624,#10625,#10631,#10632));
#10624 = ORIENTED_EDGE('',*,*,#10521,.T.);
#10625 = ORIENTED_EDGE('',*,*,#10626,.T.);
#10626 = EDGE_CURVE('',#10524,#10602,#10627,.T.);
#10627 = LINE('',#10628,#10629);
#10628 = CARTESIAN_POINT('',(-0.12,-2.05,0.1));
#10629 = VECTOR('',#10630,1.);
#10630 = DIRECTION('',(0.,1.,0.));
#10631 = ORIENTED_EDGE('',*,*,#10601,.F.);
#10632 = ORIENTED_EDGE('',*,*,#10633,.F.);
#10633 = EDGE_CURVE('',#10522,#10593,#10634,.T.);
#10634 = LINE('',#10635,#10636);
#10635 = CARTESIAN_POINT('',(-0.12,-2.05,0.));
#10636 = VECTOR('',#10637,1.);
#10637 = DIRECTION('',(0.,1.,0.));
#10638 = PLANE('',#10639);
#10639 = AXIS2_PLACEMENT_3D('',#10640,#10641,#10642);
#10640 = CARTESIAN_POINT('',(-0.12,-2.05,0.));
#10641 = DIRECTION('',(-1.,0.,0.));
#10642 = DIRECTION('',(0.,1.,0.));
#10643 = ADVANCED_FACE('',(#10644),#10650,.F.);
#10644 = FACE_BOUND('',#10645,.F.);
#10645 = EDGE_LOOP('',(#10646,#10647,#10648,#10649));
#10646 = ORIENTED_EDGE('',*,*,#10547,.T.);
#10647 = ORIENTED_EDGE('',*,*,#10578,.T.);
#10648 = ORIENTED_EDGE('',*,*,#10592,.T.);
#10649 = ORIENTED_EDGE('',*,*,#10633,.F.);
#10650 = PLANE('',#10651);
#10651 = AXIS2_PLACEMENT_3D('',#10652,#10653,#10654);
#10652 = CARTESIAN_POINT('',(0.,-1.849490847913,0.));
#10653 = DIRECTION('',(0.,0.,1.));
#10654 = DIRECTION('',(1.,0.,-0.));
#10655 = ADVANCED_FACE('',(#10656),#10662,.T.);
#10656 = FACE_BOUND('',#10657,.T.);
#10657 = EDGE_LOOP('',(#10658,#10659,#10660,#10661));
#10658 = ORIENTED_EDGE('',*,*,#10531,.T.);
#10659 = ORIENTED_EDGE('',*,*,#10562,.T.);
#10660 = ORIENTED_EDGE('',*,*,#10609,.T.);
#10661 = ORIENTED_EDGE('',*,*,#10626,.F.);
#10662 = PLANE('',#10663);
#10663 = AXIS2_PLACEMENT_3D('',#10664,#10665,#10666);
#10664 = CARTESIAN_POINT('',(0.,-1.849490847913,0.1));
#10665 = DIRECTION('',(0.,0.,1.));
#10666 = DIRECTION('',(1.,0.,-0.));
#10667 = MANIFOLD_SOLID_BREP('',#10668);
#10668 = CLOSED_SHELL('',(#10669,#10709,#10740,#10773,#10795,#10807));
#10669 = ADVANCED_FACE('',(#10670),#10704,.T.);
#10670 = FACE_BOUND('',#10671,.T.);
#10671 = EDGE_LOOP('',(#10672,#10682,#10690,#10698));
#10672 = ORIENTED_EDGE('',*,*,#10673,.T.);
#10673 = EDGE_CURVE('',#10674,#10676,#10678,.T.);
#10674 = VERTEX_POINT('',#10675);
#10675 = CARTESIAN_POINT('',(0.38,2.05,0.));
#10676 = VERTEX_POINT('',#10677);
#10677 = CARTESIAN_POINT('',(0.38,2.05,0.1));
#10678 = LINE('',#10679,#10680);
#10679 = CARTESIAN_POINT('',(0.38,2.05,0.));
#10680 = VECTOR('',#10681,1.);
#10681 = DIRECTION('',(0.,0.,1.));
#10682 = ORIENTED_EDGE('',*,*,#10683,.T.);
#10683 = EDGE_CURVE('',#10676,#10684,#10686,.T.);
#10684 = VERTEX_POINT('',#10685);
#10685 = CARTESIAN_POINT('',(0.62,2.05,0.1));
#10686 = LINE('',#10687,#10688);
#10687 = CARTESIAN_POINT('',(0.38,2.05,0.1));
#10688 = VECTOR('',#10689,1.);
#10689 = DIRECTION('',(1.,0.,0.));
#10690 = ORIENTED_EDGE('',*,*,#10691,.F.);
#10691 = EDGE_CURVE('',#10692,#10684,#10694,.T.);
#10692 = VERTEX_POINT('',#10693);
#10693 = CARTESIAN_POINT('',(0.62,2.05,0.));
#10694 = LINE('',#10695,#10696);
#10695 = CARTESIAN_POINT('',(0.62,2.05,0.));
#10696 = VECTOR('',#10697,1.);
#10697 = DIRECTION('',(0.,0.,1.));
#10698 = ORIENTED_EDGE('',*,*,#10699,.F.);
#10699 = EDGE_CURVE('',#10674,#10692,#10700,.T.);
#10700 = LINE('',#10701,#10702);
#10701 = CARTESIAN_POINT('',(0.38,2.05,0.));
#10702 = VECTOR('',#10703,1.);
#10703 = DIRECTION('',(1.,0.,0.));
#10704 = PLANE('',#10705);
#10705 = AXIS2_PLACEMENT_3D('',#10706,#10707,#10708);
#10706 = CARTESIAN_POINT('',(0.38,2.05,0.));
#10707 = DIRECTION('',(0.,1.,0.));
#10708 = DIRECTION('',(1.,0.,0.));
#10709 = ADVANCED_FACE('',(#10710),#10735,.T.);
#10710 = FACE_BOUND('',#10711,.T.);
#10711 = EDGE_LOOP('',(#10712,#10713,#10721,#10729));
#10712 = ORIENTED_EDGE('',*,*,#10691,.T.);
#10713 = ORIENTED_EDGE('',*,*,#10714,.T.);
#10714 = EDGE_CURVE('',#10684,#10715,#10717,.T.);
#10715 = VERTEX_POINT('',#10716);
#10716 = CARTESIAN_POINT('',(0.62,1.72,0.1));
#10717 = LINE('',#10718,#10719);
#10718 = CARTESIAN_POINT('',(0.62,2.05,0.1));
#10719 = VECTOR('',#10720,1.);
#10720 = DIRECTION('',(0.,-1.,0.));
#10721 = ORIENTED_EDGE('',*,*,#10722,.F.);
#10722 = EDGE_CURVE('',#10723,#10715,#10725,.T.);
#10723 = VERTEX_POINT('',#10724);
#10724 = CARTESIAN_POINT('',(0.62,1.72,0.));
#10725 = LINE('',#10726,#10727);
#10726 = CARTESIAN_POINT('',(0.62,1.72,0.));
#10727 = VECTOR('',#10728,1.);
#10728 = DIRECTION('',(0.,0.,1.));
#10729 = ORIENTED_EDGE('',*,*,#10730,.F.);
#10730 = EDGE_CURVE('',#10692,#10723,#10731,.T.);
#10731 = LINE('',#10732,#10733);
#10732 = CARTESIAN_POINT('',(0.62,2.05,0.));
#10733 = VECTOR('',#10734,1.);
#10734 = DIRECTION('',(0.,-1.,0.));
#10735 = PLANE('',#10736);
#10736 = AXIS2_PLACEMENT_3D('',#10737,#10738,#10739);
#10737 = CARTESIAN_POINT('',(0.62,2.05,0.));
#10738 = DIRECTION('',(1.,0.,0.));
#10739 = DIRECTION('',(0.,-1.,0.));
#10740 = ADVANCED_FACE('',(#10741),#10768,.T.);
#10741 = FACE_BOUND('',#10742,.T.);
#10742 = EDGE_LOOP('',(#10743,#10752,#10753,#10762));
#10743 = ORIENTED_EDGE('',*,*,#10744,.T.);
#10744 = EDGE_CURVE('',#10745,#10723,#10747,.T.);
#10745 = VERTEX_POINT('',#10746);
#10746 = CARTESIAN_POINT('',(0.38,1.72,0.));
#10747 = CIRCLE('',#10748,0.12);
#10748 = AXIS2_PLACEMENT_3D('',#10749,#10750,#10751);
#10749 = CARTESIAN_POINT('',(0.5,1.72,0.));
#10750 = DIRECTION('',(0.,0.,1.));
#10751 = DIRECTION('',(1.,0.,-0.));
#10752 = ORIENTED_EDGE('',*,*,#10722,.T.);
#10753 = ORIENTED_EDGE('',*,*,#10754,.F.);
#10754 = EDGE_CURVE('',#10755,#10715,#10757,.T.);
#10755 = VERTEX_POINT('',#10756);
#10756 = CARTESIAN_POINT('',(0.38,1.72,0.1));
#10757 = CIRCLE('',#10758,0.12);
#10758 = AXIS2_PLACEMENT_3D('',#10759,#10760,#10761);
#10759 = CARTESIAN_POINT('',(0.5,1.72,0.1));
#10760 = DIRECTION('',(0.,0.,1.));
#10761 = DIRECTION('',(1.,0.,-0.));
#10762 = ORIENTED_EDGE('',*,*,#10763,.F.);
#10763 = EDGE_CURVE('',#10745,#10755,#10764,.T.);
#10764 = LINE('',#10765,#10766);
#10765 = CARTESIAN_POINT('',(0.38,1.72,0.));
#10766 = VECTOR('',#10767,1.);
#10767 = DIRECTION('',(0.,0.,1.));
#10768 = CYLINDRICAL_SURFACE('',#10769,0.12);
#10769 = AXIS2_PLACEMENT_3D('',#10770,#10771,#10772);
#10770 = CARTESIAN_POINT('',(0.5,1.72,0.));
#10771 = DIRECTION('',(-0.,-0.,-1.));
#10772 = DIRECTION('',(1.,0.,0.));
#10773 = ADVANCED_FACE('',(#10774),#10790,.F.);
#10774 = FACE_BOUND('',#10775,.F.);
#10775 = EDGE_LOOP('',(#10776,#10777,#10783,#10784));
#10776 = ORIENTED_EDGE('',*,*,#10673,.T.);
#10777 = ORIENTED_EDGE('',*,*,#10778,.T.);
#10778 = EDGE_CURVE('',#10676,#10755,#10779,.T.);
#10779 = LINE('',#10780,#10781);
#10780 = CARTESIAN_POINT('',(0.38,2.05,0.1));
#10781 = VECTOR('',#10782,1.);
#10782 = DIRECTION('',(0.,-1.,0.));
#10783 = ORIENTED_EDGE('',*,*,#10763,.F.);
#10784 = ORIENTED_EDGE('',*,*,#10785,.F.);
#10785 = EDGE_CURVE('',#10674,#10745,#10786,.T.);
#10786 = LINE('',#10787,#10788);
#10787 = CARTESIAN_POINT('',(0.38,2.05,0.));
#10788 = VECTOR('',#10789,1.);
#10789 = DIRECTION('',(0.,-1.,0.));
#10790 = PLANE('',#10791);
#10791 = AXIS2_PLACEMENT_3D('',#10792,#10793,#10794);
#10792 = CARTESIAN_POINT('',(0.38,2.05,0.));
#10793 = DIRECTION('',(1.,0.,0.));
#10794 = DIRECTION('',(0.,-1.,0.));
#10795 = ADVANCED_FACE('',(#10796),#10802,.T.);
#10796 = FACE_BOUND('',#10797,.T.);
#10797 = EDGE_LOOP('',(#10798,#10799,#10800,#10801));
#10798 = ORIENTED_EDGE('',*,*,#10699,.T.);
#10799 = ORIENTED_EDGE('',*,*,#10730,.T.);
#10800 = ORIENTED_EDGE('',*,*,#10744,.F.);
#10801 = ORIENTED_EDGE('',*,*,#10785,.F.);
#10802 = PLANE('',#10803);
#10803 = AXIS2_PLACEMENT_3D('',#10804,#10805,#10806);
#10804 = CARTESIAN_POINT('',(0.5,1.849490847913,0.));
#10805 = DIRECTION('',(-0.,-0.,-1.));
#10806 = DIRECTION('',(-1.,0.,0.));
#10807 = ADVANCED_FACE('',(#10808),#10814,.F.);
#10808 = FACE_BOUND('',#10809,.F.);
#10809 = EDGE_LOOP('',(#10810,#10811,#10812,#10813));
#10810 = ORIENTED_EDGE('',*,*,#10683,.T.);
#10811 = ORIENTED_EDGE('',*,*,#10714,.T.);
#10812 = ORIENTED_EDGE('',*,*,#10754,.F.);
#10813 = ORIENTED_EDGE('',*,*,#10778,.F.);
#10814 = PLANE('',#10815);
#10815 = AXIS2_PLACEMENT_3D('',#10816,#10817,#10818);
#10816 = CARTESIAN_POINT('',(0.5,1.849490847913,0.1));
#10817 = DIRECTION('',(-0.,-0.,-1.));
#10818 = DIRECTION('',(-1.,0.,0.));
#10819 = MANIFOLD_SOLID_BREP('',#10820);
#10820 = CLOSED_SHELL('',(#10821,#10861,#10892,#10925,#10947,#10959));
#10821 = ADVANCED_FACE('',(#10822),#10856,.F.);
#10822 = FACE_BOUND('',#10823,.F.);
#10823 = EDGE_LOOP('',(#10824,#10834,#10842,#10850));
#10824 = ORIENTED_EDGE('',*,*,#10825,.T.);
#10825 = EDGE_CURVE('',#10826,#10828,#10830,.T.);
#10826 = VERTEX_POINT('',#10827);
#10827 = CARTESIAN_POINT('',(0.38,-2.05,0.));
#10828 = VERTEX_POINT('',#10829);
#10829 = CARTESIAN_POINT('',(0.38,-2.05,0.1));
#10830 = LINE('',#10831,#10832);
#10831 = CARTESIAN_POINT('',(0.38,-2.05,0.));
#10832 = VECTOR('',#10833,1.);
#10833 = DIRECTION('',(0.,0.,1.));
#10834 = ORIENTED_EDGE('',*,*,#10835,.T.);
#10835 = EDGE_CURVE('',#10828,#10836,#10838,.T.);
#10836 = VERTEX_POINT('',#10837);
#10837 = CARTESIAN_POINT('',(0.62,-2.05,0.1));
#10838 = LINE('',#10839,#10840);
#10839 = CARTESIAN_POINT('',(0.38,-2.05,0.1));
#10840 = VECTOR('',#10841,1.);
#10841 = DIRECTION('',(1.,0.,0.));
#10842 = ORIENTED_EDGE('',*,*,#10843,.F.);
#10843 = EDGE_CURVE('',#10844,#10836,#10846,.T.);
#10844 = VERTEX_POINT('',#10845);
#10845 = CARTESIAN_POINT('',(0.62,-2.05,0.));
#10846 = LINE('',#10847,#10848);
#10847 = CARTESIAN_POINT('',(0.62,-2.05,0.));
#10848 = VECTOR('',#10849,1.);
#10849 = DIRECTION('',(0.,0.,1.));
#10850 = ORIENTED_EDGE('',*,*,#10851,.F.);
#10851 = EDGE_CURVE('',#10826,#10844,#10852,.T.);
#10852 = LINE('',#10853,#10854);
#10853 = CARTESIAN_POINT('',(0.38,-2.05,0.));
#10854 = VECTOR('',#10855,1.);
#10855 = DIRECTION('',(1.,0.,0.));
#10856 = PLANE('',#10857);
#10857 = AXIS2_PLACEMENT_3D('',#10858,#10859,#10860);
#10858 = CARTESIAN_POINT('',(0.38,-2.05,0.));
#10859 = DIRECTION('',(0.,1.,0.));
#10860 = DIRECTION('',(1.,0.,0.));
#10861 = ADVANCED_FACE('',(#10862),#10887,.F.);
#10862 = FACE_BOUND('',#10863,.F.);
#10863 = EDGE_LOOP('',(#10864,#10865,#10873,#10881));
#10864 = ORIENTED_EDGE('',*,*,#10843,.T.);
#10865 = ORIENTED_EDGE('',*,*,#10866,.T.);
#10866 = EDGE_CURVE('',#10836,#10867,#10869,.T.);
#10867 = VERTEX_POINT('',#10868);
#10868 = CARTESIAN_POINT('',(0.62,-1.72,0.1));
#10869 = LINE('',#10870,#10871);
#10870 = CARTESIAN_POINT('',(0.62,-2.05,0.1));
#10871 = VECTOR('',#10872,1.);
#10872 = DIRECTION('',(0.,1.,0.));
#10873 = ORIENTED_EDGE('',*,*,#10874,.F.);
#10874 = EDGE_CURVE('',#10875,#10867,#10877,.T.);
#10875 = VERTEX_POINT('',#10876);
#10876 = CARTESIAN_POINT('',(0.62,-1.72,0.));
#10877 = LINE('',#10878,#10879);
#10878 = CARTESIAN_POINT('',(0.62,-1.72,0.));
#10879 = VECTOR('',#10880,1.);
#10880 = DIRECTION('',(0.,0.,1.));
#10881 = ORIENTED_EDGE('',*,*,#10882,.F.);
#10882 = EDGE_CURVE('',#10844,#10875,#10883,.T.);
#10883 = LINE('',#10884,#10885);
#10884 = CARTESIAN_POINT('',(0.62,-2.05,0.));
#10885 = VECTOR('',#10886,1.);
#10886 = DIRECTION('',(0.,1.,0.));
#10887 = PLANE('',#10888);
#10888 = AXIS2_PLACEMENT_3D('',#10889,#10890,#10891);
#10889 = CARTESIAN_POINT('',(0.62,-2.05,0.));
#10890 = DIRECTION('',(-1.,0.,0.));
#10891 = DIRECTION('',(0.,1.,0.));
#10892 = ADVANCED_FACE('',(#10893),#10920,.T.);
#10893 = FACE_BOUND('',#10894,.T.);
#10894 = EDGE_LOOP('',(#10895,#10904,#10912,#10919));
#10895 = ORIENTED_EDGE('',*,*,#10896,.T.);
#10896 = EDGE_CURVE('',#10875,#10897,#10899,.T.);
#10897 = VERTEX_POINT('',#10898);
#10898 = CARTESIAN_POINT('',(0.38,-1.72,0.));
#10899 = CIRCLE('',#10900,0.12);
#10900 = AXIS2_PLACEMENT_3D('',#10901,#10902,#10903);
#10901 = CARTESIAN_POINT('',(0.5,-1.72,0.));
#10902 = DIRECTION('',(0.,0.,1.));
#10903 = DIRECTION('',(1.,0.,-0.));
#10904 = ORIENTED_EDGE('',*,*,#10905,.T.);
#10905 = EDGE_CURVE('',#10897,#10906,#10908,.T.);
#10906 = VERTEX_POINT('',#10907);
#10907 = CARTESIAN_POINT('',(0.38,-1.72,0.1));
#10908 = LINE('',#10909,#10910);
#10909 = CARTESIAN_POINT('',(0.38,-1.72,0.));
#10910 = VECTOR('',#10911,1.);
#10911 = DIRECTION('',(0.,0.,1.));
#10912 = ORIENTED_EDGE('',*,*,#10913,.F.);
#10913 = EDGE_CURVE('',#10867,#10906,#10914,.T.);
#10914 = CIRCLE('',#10915,0.12);
#10915 = AXIS2_PLACEMENT_3D('',#10916,#10917,#10918);
#10916 = CARTESIAN_POINT('',(0.5,-1.72,0.1));
#10917 = DIRECTION('',(0.,0.,1.));
#10918 = DIRECTION('',(1.,0.,-0.));
#10919 = ORIENTED_EDGE('',*,*,#10874,.F.);
#10920 = CYLINDRICAL_SURFACE('',#10921,0.12);
#10921 = AXIS2_PLACEMENT_3D('',#10922,#10923,#10924);
#10922 = CARTESIAN_POINT('',(0.5,-1.72,0.));
#10923 = DIRECTION('',(-0.,-0.,-1.));
#10924 = DIRECTION('',(1.,0.,0.));
#10925 = ADVANCED_FACE('',(#10926),#10942,.T.);
#10926 = FACE_BOUND('',#10927,.T.);
#10927 = EDGE_LOOP('',(#10928,#10929,#10935,#10936));
#10928 = ORIENTED_EDGE('',*,*,#10825,.T.);
#10929 = ORIENTED_EDGE('',*,*,#10930,.T.);
#10930 = EDGE_CURVE('',#10828,#10906,#10931,.T.);
#10931 = LINE('',#10932,#10933);
#10932 = CARTESIAN_POINT('',(0.38,-2.05,0.1));
#10933 = VECTOR('',#10934,1.);
#10934 = DIRECTION('',(0.,1.,0.));
#10935 = ORIENTED_EDGE('',*,*,#10905,.F.);
#10936 = ORIENTED_EDGE('',*,*,#10937,.F.);
#10937 = EDGE_CURVE('',#10826,#10897,#10938,.T.);
#10938 = LINE('',#10939,#10940);
#10939 = CARTESIAN_POINT('',(0.38,-2.05,0.));
#10940 = VECTOR('',#10941,1.);
#10941 = DIRECTION('',(0.,1.,0.));
#10942 = PLANE('',#10943);
#10943 = AXIS2_PLACEMENT_3D('',#10944,#10945,#10946);
#10944 = CARTESIAN_POINT('',(0.38,-2.05,0.));
#10945 = DIRECTION('',(-1.,0.,0.));
#10946 = DIRECTION('',(0.,1.,0.));
#10947 = ADVANCED_FACE('',(#10948),#10954,.F.);
#10948 = FACE_BOUND('',#10949,.F.);
#10949 = EDGE_LOOP('',(#10950,#10951,#10952,#10953));
#10950 = ORIENTED_EDGE('',*,*,#10851,.T.);
#10951 = ORIENTED_EDGE('',*,*,#10882,.T.);
#10952 = ORIENTED_EDGE('',*,*,#10896,.T.);
#10953 = ORIENTED_EDGE('',*,*,#10937,.F.);
#10954 = PLANE('',#10955);
#10955 = AXIS2_PLACEMENT_3D('',#10956,#10957,#10958);
#10956 = CARTESIAN_POINT('',(0.5,-1.849490847913,0.));
#10957 = DIRECTION('',(0.,0.,1.));
#10958 = DIRECTION('',(1.,0.,-0.));
#10959 = ADVANCED_FACE('',(#10960),#10966,.T.);
#10960 = FACE_BOUND('',#10961,.T.);
#10961 = EDGE_LOOP('',(#10962,#10963,#10964,#10965));
#10962 = ORIENTED_EDGE('',*,*,#10835,.T.);
#10963 = ORIENTED_EDGE('',*,*,#10866,.T.);
#10964 = ORIENTED_EDGE('',*,*,#10913,.T.);
#10965 = ORIENTED_EDGE('',*,*,#10930,.F.);
#10966 = PLANE('',#10967);
#10967 = AXIS2_PLACEMENT_3D('',#10968,#10969,#10970);
#10968 = CARTESIAN_POINT('',(0.5,-1.849490847913,0.1));
#10969 = DIRECTION('',(0.,0.,1.));
#10970 = DIRECTION('',(1.,0.,-0.));
#10971 = MANIFOLD_SOLID_BREP('',#10972);
#10972 = CLOSED_SHELL('',(#10973,#11013,#11044,#11077,#11099,#11111));
#10973 = ADVANCED_FACE('',(#10974),#11008,.T.);
#10974 = FACE_BOUND('',#10975,.T.);
#10975 = EDGE_LOOP('',(#10976,#10986,#10994,#11002));
#10976 = ORIENTED_EDGE('',*,*,#10977,.T.);
#10977 = EDGE_CURVE('',#10978,#10980,#10982,.T.);
#10978 = VERTEX_POINT('',#10979);
#10979 = CARTESIAN_POINT('',(0.88,2.05,0.));
#10980 = VERTEX_POINT('',#10981);
#10981 = CARTESIAN_POINT('',(0.88,2.05,0.1));
#10982 = LINE('',#10983,#10984);
#10983 = CARTESIAN_POINT('',(0.88,2.05,0.));
#10984 = VECTOR('',#10985,1.);
#10985 = DIRECTION('',(0.,0.,1.));
#10986 = ORIENTED_EDGE('',*,*,#10987,.T.);
#10987 = EDGE_CURVE('',#10980,#10988,#10990,.T.);
#10988 = VERTEX_POINT('',#10989);
#10989 = CARTESIAN_POINT('',(1.12,2.05,0.1));
#10990 = LINE('',#10991,#10992);
#10991 = CARTESIAN_POINT('',(0.88,2.05,0.1));
#10992 = VECTOR('',#10993,1.);
#10993 = DIRECTION('',(1.,0.,0.));
#10994 = ORIENTED_EDGE('',*,*,#10995,.F.);
#10995 = EDGE_CURVE('',#10996,#10988,#10998,.T.);
#10996 = VERTEX_POINT('',#10997);
#10997 = CARTESIAN_POINT('',(1.12,2.05,0.));
#10998 = LINE('',#10999,#11000);
#10999 = CARTESIAN_POINT('',(1.12,2.05,0.));
#11000 = VECTOR('',#11001,1.);
#11001 = DIRECTION('',(0.,0.,1.));
#11002 = ORIENTED_EDGE('',*,*,#11003,.F.);
#11003 = EDGE_CURVE('',#10978,#10996,#11004,.T.);
#11004 = LINE('',#11005,#11006);
#11005 = CARTESIAN_POINT('',(0.88,2.05,0.));
#11006 = VECTOR('',#11007,1.);
#11007 = DIRECTION('',(1.,0.,0.));
#11008 = PLANE('',#11009);
#11009 = AXIS2_PLACEMENT_3D('',#11010,#11011,#11012);
#11010 = CARTESIAN_POINT('',(0.88,2.05,0.));
#11011 = DIRECTION('',(0.,1.,0.));
#11012 = DIRECTION('',(1.,0.,0.));
#11013 = ADVANCED_FACE('',(#11014),#11039,.T.);
#11014 = FACE_BOUND('',#11015,.T.);
#11015 = EDGE_LOOP('',(#11016,#11017,#11025,#11033));
#11016 = ORIENTED_EDGE('',*,*,#10995,.T.);
#11017 = ORIENTED_EDGE('',*,*,#11018,.T.);
#11018 = EDGE_CURVE('',#10988,#11019,#11021,.T.);
#11019 = VERTEX_POINT('',#11020);
#11020 = CARTESIAN_POINT('',(1.12,1.72,0.1));
#11021 = LINE('',#11022,#11023);
#11022 = CARTESIAN_POINT('',(1.12,2.05,0.1));
#11023 = VECTOR('',#11024,1.);
#11024 = DIRECTION('',(0.,-1.,0.));
#11025 = ORIENTED_EDGE('',*,*,#11026,.F.);
#11026 = EDGE_CURVE('',#11027,#11019,#11029,.T.);
#11027 = VERTEX_POINT('',#11028);
#11028 = CARTESIAN_POINT('',(1.12,1.72,0.));
#11029 = LINE('',#11030,#11031);
#11030 = CARTESIAN_POINT('',(1.12,1.72,0.));
#11031 = VECTOR('',#11032,1.);
#11032 = DIRECTION('',(0.,0.,1.));
#11033 = ORIENTED_EDGE('',*,*,#11034,.F.);
#11034 = EDGE_CURVE('',#10996,#11027,#11035,.T.);
#11035 = LINE('',#11036,#11037);
#11036 = CARTESIAN_POINT('',(1.12,2.05,0.));
#11037 = VECTOR('',#11038,1.);
#11038 = DIRECTION('',(0.,-1.,0.));
#11039 = PLANE('',#11040);
#11040 = AXIS2_PLACEMENT_3D('',#11041,#11042,#11043);
#11041 = CARTESIAN_POINT('',(1.12,2.05,0.));
#11042 = DIRECTION('',(1.,0.,0.));
#11043 = DIRECTION('',(0.,-1.,0.));
#11044 = ADVANCED_FACE('',(#11045),#11072,.T.);
#11045 = FACE_BOUND('',#11046,.T.);
#11046 = EDGE_LOOP('',(#11047,#11056,#11057,#11066));
#11047 = ORIENTED_EDGE('',*,*,#11048,.T.);
#11048 = EDGE_CURVE('',#11049,#11027,#11051,.T.);
#11049 = VERTEX_POINT('',#11050);
#11050 = CARTESIAN_POINT('',(0.88,1.72,0.));
#11051 = CIRCLE('',#11052,0.12);
#11052 = AXIS2_PLACEMENT_3D('',#11053,#11054,#11055);
#11053 = CARTESIAN_POINT('',(1.,1.72,0.));
#11054 = DIRECTION('',(0.,0.,1.));
#11055 = DIRECTION('',(1.,0.,-0.));
#11056 = ORIENTED_EDGE('',*,*,#11026,.T.);
#11057 = ORIENTED_EDGE('',*,*,#11058,.F.);
#11058 = EDGE_CURVE('',#11059,#11019,#11061,.T.);
#11059 = VERTEX_POINT('',#11060);
#11060 = CARTESIAN_POINT('',(0.88,1.72,0.1));
#11061 = CIRCLE('',#11062,0.12);
#11062 = AXIS2_PLACEMENT_3D('',#11063,#11064,#11065);
#11063 = CARTESIAN_POINT('',(1.,1.72,0.1));
#11064 = DIRECTION('',(0.,0.,1.));
#11065 = DIRECTION('',(1.,0.,-0.));
#11066 = ORIENTED_EDGE('',*,*,#11067,.F.);
#11067 = EDGE_CURVE('',#11049,#11059,#11068,.T.);
#11068 = LINE('',#11069,#11070);
#11069 = CARTESIAN_POINT('',(0.88,1.72,0.));
#11070 = VECTOR('',#11071,1.);
#11071 = DIRECTION('',(0.,0.,1.));
#11072 = CYLINDRICAL_SURFACE('',#11073,0.12);
#11073 = AXIS2_PLACEMENT_3D('',#11074,#11075,#11076);
#11074 = CARTESIAN_POINT('',(1.,1.72,0.));
#11075 = DIRECTION('',(-0.,-0.,-1.));
#11076 = DIRECTION('',(1.,0.,0.));
#11077 = ADVANCED_FACE('',(#11078),#11094,.F.);
#11078 = FACE_BOUND('',#11079,.F.);
#11079 = EDGE_LOOP('',(#11080,#11081,#11087,#11088));
#11080 = ORIENTED_EDGE('',*,*,#10977,.T.);
#11081 = ORIENTED_EDGE('',*,*,#11082,.T.);
#11082 = EDGE_CURVE('',#10980,#11059,#11083,.T.);
#11083 = LINE('',#11084,#11085);
#11084 = CARTESIAN_POINT('',(0.88,2.05,0.1));
#11085 = VECTOR('',#11086,1.);
#11086 = DIRECTION('',(0.,-1.,0.));
#11087 = ORIENTED_EDGE('',*,*,#11067,.F.);
#11088 = ORIENTED_EDGE('',*,*,#11089,.F.);
#11089 = EDGE_CURVE('',#10978,#11049,#11090,.T.);
#11090 = LINE('',#11091,#11092);
#11091 = CARTESIAN_POINT('',(0.88,2.05,0.));
#11092 = VECTOR('',#11093,1.);
#11093 = DIRECTION('',(0.,-1.,0.));
#11094 = PLANE('',#11095);
#11095 = AXIS2_PLACEMENT_3D('',#11096,#11097,#11098);
#11096 = CARTESIAN_POINT('',(0.88,2.05,0.));
#11097 = DIRECTION('',(1.,0.,0.));
#11098 = DIRECTION('',(0.,-1.,0.));
#11099 = ADVANCED_FACE('',(#11100),#11106,.T.);
#11100 = FACE_BOUND('',#11101,.T.);
#11101 = EDGE_LOOP('',(#11102,#11103,#11104,#11105));
#11102 = ORIENTED_EDGE('',*,*,#11003,.T.);
#11103 = ORIENTED_EDGE('',*,*,#11034,.T.);
#11104 = ORIENTED_EDGE('',*,*,#11048,.F.);
#11105 = ORIENTED_EDGE('',*,*,#11089,.F.);
#11106 = PLANE('',#11107);
#11107 = AXIS2_PLACEMENT_3D('',#11108,#11109,#11110);
#11108 = CARTESIAN_POINT('',(1.,1.849490847913,0.));
#11109 = DIRECTION('',(-0.,-0.,-1.));
#11110 = DIRECTION('',(-1.,0.,0.));
#11111 = ADVANCED_FACE('',(#11112),#11118,.F.);
#11112 = FACE_BOUND('',#11113,.F.);
#11113 = EDGE_LOOP('',(#11114,#11115,#11116,#11117));
#11114 = ORIENTED_EDGE('',*,*,#10987,.T.);
#11115 = ORIENTED_EDGE('',*,*,#11018,.T.);
#11116 = ORIENTED_EDGE('',*,*,#11058,.F.);
#11117 = ORIENTED_EDGE('',*,*,#11082,.F.);
#11118 = PLANE('',#11119);
#11119 = AXIS2_PLACEMENT_3D('',#11120,#11121,#11122);
#11120 = CARTESIAN_POINT('',(1.,1.849490847913,0.1));
#11121 = DIRECTION('',(-0.,-0.,-1.));
#11122 = DIRECTION('',(-1.,0.,0.));
#11123 = MANIFOLD_SOLID_BREP('',#11124);
#11124 = CLOSED_SHELL('',(#11125,#11165,#11196,#11229,#11251,#11263));
#11125 = ADVANCED_FACE('',(#11126),#11160,.F.);
#11126 = FACE_BOUND('',#11127,.F.);
#11127 = EDGE_LOOP('',(#11128,#11138,#11146,#11154));
#11128 = ORIENTED_EDGE('',*,*,#11129,.T.);
#11129 = EDGE_CURVE('',#11130,#11132,#11134,.T.);
#11130 = VERTEX_POINT('',#11131);
#11131 = CARTESIAN_POINT('',(0.88,-2.05,0.));
#11132 = VERTEX_POINT('',#11133);
#11133 = CARTESIAN_POINT('',(0.88,-2.05,0.1));
#11134 = LINE('',#11135,#11136);
#11135 = CARTESIAN_POINT('',(0.88,-2.05,0.));
#11136 = VECTOR('',#11137,1.);
#11137 = DIRECTION('',(0.,0.,1.));
#11138 = ORIENTED_EDGE('',*,*,#11139,.T.);
#11139 = EDGE_CURVE('',#11132,#11140,#11142,.T.);
#11140 = VERTEX_POINT('',#11141);
#11141 = CARTESIAN_POINT('',(1.12,-2.05,0.1));
#11142 = LINE('',#11143,#11144);
#11143 = CARTESIAN_POINT('',(0.88,-2.05,0.1));
#11144 = VECTOR('',#11145,1.);
#11145 = DIRECTION('',(1.,0.,0.));
#11146 = ORIENTED_EDGE('',*,*,#11147,.F.);
#11147 = EDGE_CURVE('',#11148,#11140,#11150,.T.);
#11148 = VERTEX_POINT('',#11149);
#11149 = CARTESIAN_POINT('',(1.12,-2.05,0.));
#11150 = LINE('',#11151,#11152);
#11151 = CARTESIAN_POINT('',(1.12,-2.05,0.));
#11152 = VECTOR('',#11153,1.);
#11153 = DIRECTION('',(0.,0.,1.));
#11154 = ORIENTED_EDGE('',*,*,#11155,.F.);
#11155 = EDGE_CURVE('',#11130,#11148,#11156,.T.);
#11156 = LINE('',#11157,#11158);
#11157 = CARTESIAN_POINT('',(0.88,-2.05,0.));
#11158 = VECTOR('',#11159,1.);
#11159 = DIRECTION('',(1.,0.,0.));
#11160 = PLANE('',#11161);
#11161 = AXIS2_PLACEMENT_3D('',#11162,#11163,#11164);
#11162 = CARTESIAN_POINT('',(0.88,-2.05,0.));
#11163 = DIRECTION('',(0.,1.,0.));
#11164 = DIRECTION('',(1.,0.,0.));
#11165 = ADVANCED_FACE('',(#11166),#11191,.F.);
#11166 = FACE_BOUND('',#11167,.F.);
#11167 = EDGE_LOOP('',(#11168,#11169,#11177,#11185));
#11168 = ORIENTED_EDGE('',*,*,#11147,.T.);
#11169 = ORIENTED_EDGE('',*,*,#11170,.T.);
#11170 = EDGE_CURVE('',#11140,#11171,#11173,.T.);
#11171 = VERTEX_POINT('',#11172);
#11172 = CARTESIAN_POINT('',(1.12,-1.72,0.1));
#11173 = LINE('',#11174,#11175);
#11174 = CARTESIAN_POINT('',(1.12,-2.05,0.1));
#11175 = VECTOR('',#11176,1.);
#11176 = DIRECTION('',(0.,1.,0.));
#11177 = ORIENTED_EDGE('',*,*,#11178,.F.);
#11178 = EDGE_CURVE('',#11179,#11171,#11181,.T.);
#11179 = VERTEX_POINT('',#11180);
#11180 = CARTESIAN_POINT('',(1.12,-1.72,0.));
#11181 = LINE('',#11182,#11183);
#11182 = CARTESIAN_POINT('',(1.12,-1.72,0.));
#11183 = VECTOR('',#11184,1.);
#11184 = DIRECTION('',(0.,0.,1.));
#11185 = ORIENTED_EDGE('',*,*,#11186,.F.);
#11186 = EDGE_CURVE('',#11148,#11179,#11187,.T.);
#11187 = LINE('',#11188,#11189);
#11188 = CARTESIAN_POINT('',(1.12,-2.05,0.));
#11189 = VECTOR('',#11190,1.);
#11190 = DIRECTION('',(0.,1.,0.));
#11191 = PLANE('',#11192);
#11192 = AXIS2_PLACEMENT_3D('',#11193,#11194,#11195);
#11193 = CARTESIAN_POINT('',(1.12,-2.05,0.));
#11194 = DIRECTION('',(-1.,0.,0.));
#11195 = DIRECTION('',(0.,1.,0.));
#11196 = ADVANCED_FACE('',(#11197),#11224,.T.);
#11197 = FACE_BOUND('',#11198,.T.);
#11198 = EDGE_LOOP('',(#11199,#11208,#11216,#11223));
#11199 = ORIENTED_EDGE('',*,*,#11200,.T.);
#11200 = EDGE_CURVE('',#11179,#11201,#11203,.T.);
#11201 = VERTEX_POINT('',#11202);
#11202 = CARTESIAN_POINT('',(0.88,-1.72,0.));
#11203 = CIRCLE('',#11204,0.12);
#11204 = AXIS2_PLACEMENT_3D('',#11205,#11206,#11207);
#11205 = CARTESIAN_POINT('',(1.,-1.72,0.));
#11206 = DIRECTION('',(0.,0.,1.));
#11207 = DIRECTION('',(1.,0.,-0.));
#11208 = ORIENTED_EDGE('',*,*,#11209,.T.);
#11209 = EDGE_CURVE('',#11201,#11210,#11212,.T.);
#11210 = VERTEX_POINT('',#11211);
#11211 = CARTESIAN_POINT('',(0.88,-1.72,0.1));
#11212 = LINE('',#11213,#11214);
#11213 = CARTESIAN_POINT('',(0.88,-1.72,0.));
#11214 = VECTOR('',#11215,1.);
#11215 = DIRECTION('',(0.,0.,1.));
#11216 = ORIENTED_EDGE('',*,*,#11217,.F.);
#11217 = EDGE_CURVE('',#11171,#11210,#11218,.T.);
#11218 = CIRCLE('',#11219,0.12);
#11219 = AXIS2_PLACEMENT_3D('',#11220,#11221,#11222);
#11220 = CARTESIAN_POINT('',(1.,-1.72,0.1));
#11221 = DIRECTION('',(0.,0.,1.));
#11222 = DIRECTION('',(1.,0.,-0.));
#11223 = ORIENTED_EDGE('',*,*,#11178,.F.);
#11224 = CYLINDRICAL_SURFACE('',#11225,0.12);
#11225 = AXIS2_PLACEMENT_3D('',#11226,#11227,#11228);
#11226 = CARTESIAN_POINT('',(1.,-1.72,0.));
#11227 = DIRECTION('',(-0.,-0.,-1.));
#11228 = DIRECTION('',(1.,0.,0.));
#11229 = ADVANCED_FACE('',(#11230),#11246,.T.);
#11230 = FACE_BOUND('',#11231,.T.);
#11231 = EDGE_LOOP('',(#11232,#11233,#11239,#11240));
#11232 = ORIENTED_EDGE('',*,*,#11129,.T.);
#11233 = ORIENTED_EDGE('',*,*,#11234,.T.);
#11234 = EDGE_CURVE('',#11132,#11210,#11235,.T.);
#11235 = LINE('',#11236,#11237);
#11236 = CARTESIAN_POINT('',(0.88,-2.05,0.1));
#11237 = VECTOR('',#11238,1.);
#11238 = DIRECTION('',(0.,1.,0.));
#11239 = ORIENTED_EDGE('',*,*,#11209,.F.);
#11240 = ORIENTED_EDGE('',*,*,#11241,.F.);
#11241 = EDGE_CURVE('',#11130,#11201,#11242,.T.);
#11242 = LINE('',#11243,#11244);
#11243 = CARTESIAN_POINT('',(0.88,-2.05,0.));
#11244 = VECTOR('',#11245,1.);
#11245 = DIRECTION('',(0.,1.,0.));
#11246 = PLANE('',#11247);
#11247 = AXIS2_PLACEMENT_3D('',#11248,#11249,#11250);
#11248 = CARTESIAN_POINT('',(0.88,-2.05,0.));
#11249 = DIRECTION('',(-1.,0.,0.));
#11250 = DIRECTION('',(0.,1.,0.));
#11251 = ADVANCED_FACE('',(#11252),#11258,.F.);
#11252 = FACE_BOUND('',#11253,.F.);
#11253 = EDGE_LOOP('',(#11254,#11255,#11256,#11257));
#11254 = ORIENTED_EDGE('',*,*,#11155,.T.);
#11255 = ORIENTED_EDGE('',*,*,#11186,.T.);
#11256 = ORIENTED_EDGE('',*,*,#11200,.T.);
#11257 = ORIENTED_EDGE('',*,*,#11241,.F.);
#11258 = PLANE('',#11259);
#11259 = AXIS2_PLACEMENT_3D('',#11260,#11261,#11262);
#11260 = CARTESIAN_POINT('',(1.,-1.849490847913,0.));
#11261 = DIRECTION('',(0.,0.,1.));
#11262 = DIRECTION('',(1.,0.,-0.));
#11263 = ADVANCED_FACE('',(#11264),#11270,.T.);
#11264 = FACE_BOUND('',#11265,.T.);
#11265 = EDGE_LOOP('',(#11266,#11267,#11268,#11269));
#11266 = ORIENTED_EDGE('',*,*,#11139,.T.);
#11267 = ORIENTED_EDGE('',*,*,#11170,.T.);
#11268 = ORIENTED_EDGE('',*,*,#11217,.T.);
#11269 = ORIENTED_EDGE('',*,*,#11234,.F.);
#11270 = PLANE('',#11271);
#11271 = AXIS2_PLACEMENT_3D('',#11272,#11273,#11274);
#11272 = CARTESIAN_POINT('',(1.,-1.849490847913,0.1));
#11273 = DIRECTION('',(0.,0.,1.));
#11274 = DIRECTION('',(1.,0.,-0.));
#11275 = ( GEOMETRIC_REPRESENTATION_CONTEXT(3) 
GLOBAL_UNCERTAINTY_ASSIGNED_CONTEXT((#11279)) 
GLOBAL_UNIT_ASSIGNED_CONTEXT((#11276,#11277,#11278)) 
REPRESENTATION_CONTEXT('Context #1',
  '3D Context with UNIT and UNCERTAINTY') );
#11276 = ( LENGTH_UNIT() NAMED_UNIT(*) SI_UNIT(.MILLI.,.METRE.) );
#11277 = ( NAMED_UNIT(*) PLANE_ANGLE_UNIT() SI_UNIT($,.RADIAN.) );
#11278 = ( NAMED_UNIT(*) SI_UNIT($,.STERADIAN.) SOLID_ANGLE_UNIT() );
#11279 = UNCERTAINTY_MEASURE_WITH_UNIT(LENGTH_MEASURE(1.E-07),#11276,
  'distance_accuracy_value','confusion accuracy');
#11280 = CONTEXT_DEPENDENT_SHAPE_REPRESENTATION(#11281,#11283);
#11281 = ( REPRESENTATION_RELATIONSHIP('','',#9754,#7797) 
REPRESENTATION_RELATIONSHIP_WITH_TRANSFORMATION(#11282) 
SHAPE_REPRESENTATION_RELATIONSHIP() );
#11282 = ITEM_DEFINED_TRANSFORMATION('','',#11,#7810);
#11283 = PRODUCT_DEFINITION_SHAPE('Placement','Placement of an item',
  #11284);
#11284 = NEXT_ASSEMBLY_USAGE_OCCURRENCE('29','=>[0:1:1:5]','',#7792,
  #9749,$);
#11285 = PRODUCT_RELATED_PRODUCT_CATEGORY('part',$,(#9751));
#11286 = CONTEXT_DEPENDENT_SHAPE_REPRESENTATION(#11287,#11289);
#11287 = ( REPRESENTATION_RELATIONSHIP('','',#1025,#10) 
REPRESENTATION_RELATIONSHIP_WITH_TRANSFORMATION(#11288) 
SHAPE_REPRESENTATION_RELATIONSHIP() );
#11288 = ITEM_DEFINED_TRANSFORMATION('','',#11,#111);
#11289 = PRODUCT_DEFINITION_SHAPE('Placement','Placement of an item',
  #11290);
#11290 = NEXT_ASSEMBLY_USAGE_OCCURRENCE('31','R48','',#5,#1020,$);
#11291 = CONTEXT_DEPENDENT_SHAPE_REPRESENTATION(#11292,#11294);
#11292 = ( REPRESENTATION_RELATIONSHIP('','',#6924,#10) 
REPRESENTATION_RELATIONSHIP_WITH_TRANSFORMATION(#11293) 
SHAPE_REPRESENTATION_RELATIONSHIP() );
#11293 = ITEM_DEFINED_TRANSFORMATION('','',#11,#115);
#11294 = PRODUCT_DEFINITION_SHAPE('Placement','Placement of an item',
  #11295);
#11295 = NEXT_ASSEMBLY_USAGE_OCCURRENCE('32','C6','',#5,#6919,$);
#11296 = CONTEXT_DEPENDENT_SHAPE_REPRESENTATION(#11297,#11299);
#11297 = ( REPRESENTATION_RELATIONSHIP('','',#2649,#10) 
REPRESENTATION_RELATIONSHIP_WITH_TRANSFORMATION(#11298) 
SHAPE_REPRESENTATION_RELATIONSHIP() );
#11298 = ITEM_DEFINED_TRANSFORMATION('','',#11,#119);
#11299 = PRODUCT_DEFINITION_SHAPE('Placement','Placement of an item',
  #11300);
#11300 = NEXT_ASSEMBLY_USAGE_OCCURRENCE('33','C53','',#5,#2644,$);
#11301 = CONTEXT_DEPENDENT_SHAPE_REPRESENTATION(#11302,#11304);
#11302 = ( REPRESENTATION_RELATIONSHIP('','',#2649,#10) 
REPRESENTATION_RELATIONSHIP_WITH_TRANSFORMATION(#11303) 
SHAPE_REPRESENTATION_RELATIONSHIP() );
#11303 = ITEM_DEFINED_TRANSFORMATION('','',#11,#123);
#11304 = PRODUCT_DEFINITION_SHAPE('Placement','Placement of an item',
  #11305);
#11305 = NEXT_ASSEMBLY_USAGE_OCCURRENCE('34','C55','',#5,#2644,$);
#11306 = CONTEXT_DEPENDENT_SHAPE_REPRESENTATION(#11307,#11309);
#11307 = ( REPRESENTATION_RELATIONSHIP('','',#1025,#10) 
REPRESENTATION_RELATIONSHIP_WITH_TRANSFORMATION(#11308) 
SHAPE_REPRESENTATION_RELATIONSHIP() );
#11308 = ITEM_DEFINED_TRANSFORMATION('','',#11,#127);
#11309 = PRODUCT_DEFINITION_SHAPE('Placement','Placement of an item',
  #11310);
#11310 = NEXT_ASSEMBLY_USAGE_OCCURRENCE('35','R11','',#5,#1020,$);
#11311 = SHAPE_DEFINITION_REPRESENTATION(#11312,#11318);
#11312 = PRODUCT_DEFINITION_SHAPE('','',#11313);
#11313 = PRODUCT_DEFINITION('design','',#11314,#11317);
#11314 = PRODUCT_DEFINITION_FORMATION('','',#11315);
#11315 = PRODUCT('BatteryHolder_Keystone_2468_2xAAA',
  'BatteryHolder_Keystone_2468_2xAAA','',(#11316));
#11316 = PRODUCT_CONTEXT('',#2,'mechanical');
#11317 = PRODUCT_DEFINITION_CONTEXT('part definition',#2,'design');
#11318 = SHAPE_REPRESENTATION('',(#11,#11319,#13355,#13408,#13500,#13592
    ,#13684,#13776,#13868,#13960,#14052),#14144);
#11319 = MANIFOLD_SOLID_BREP('',#11320);
#11320 = CLOSED_SHELL('',(#11321,#11409,#11458,#11594,#11628,#11670,
    #11747,#11781,#11814,#11847,#11912,#11936,#11963,#11975,#12000,
    #12025,#12186,#12198,#12359,#12478,#12512,#12529,#12545,#12562,
    #12573,#12589,#12606,#12617,#12736,#12782,#12845,#12878,#12911,
    #12944,#12977,#13025,#13049,#13073,#13090,#13110,#13122,#13146,
    #13170,#13187,#13207,#13219,#13235,#13252,#13263,#13279,#13296,
    #13307,#13316,#13325,#13337,#13346));
#11321 = ADVANCED_FACE('',(#11322),#11404,.F.);
#11322 = FACE_BOUND('',#11323,.F.);
#11323 = EDGE_LOOP('',(#11324,#11334,#11342,#11350,#11358,#11366,#11374,
    #11382,#11390,#11398));
#11324 = ORIENTED_EDGE('',*,*,#11325,.T.);
#11325 = EDGE_CURVE('',#11326,#11328,#11330,.T.);
#11326 = VERTEX_POINT('',#11327);
#11327 = CARTESIAN_POINT('',(-2.6,-18.645,0.1));
#11328 = VERTEX_POINT('',#11329);
#11329 = CARTESIAN_POINT('',(-2.6,-18.645,5.85));
#11330 = LINE('',#11331,#11332);
#11331 = CARTESIAN_POINT('',(-2.6,-18.645,0.1));
#11332 = VECTOR('',#11333,1.);
#11333 = DIRECTION('',(0.,0.,1.));
#11334 = ORIENTED_EDGE('',*,*,#11335,.T.);
#11335 = EDGE_CURVE('',#11328,#11336,#11338,.T.);
#11336 = VERTEX_POINT('',#11337);
#11337 = CARTESIAN_POINT('',(-0.6,-18.645,5.85));
#11338 = LINE('',#11339,#11340);
#11339 = CARTESIAN_POINT('',(-2.6,-18.645,5.85));
#11340 = VECTOR('',#11341,1.);
#11341 = DIRECTION('',(1.,0.,0.));
#11342 = ORIENTED_EDGE('',*,*,#11343,.T.);
#11343 = EDGE_CURVE('',#11336,#11344,#11346,.T.);
#11344 = VERTEX_POINT('',#11345);
#11345 = CARTESIAN_POINT('',(4.698,-18.645,5.85));
#11346 = LINE('',#11347,#11348);
#11347 = CARTESIAN_POINT('',(-2.6,-18.645,5.85));
#11348 = VECTOR('',#11349,1.);
#11349 = DIRECTION('',(1.,0.,0.));
#11350 = ORIENTED_EDGE('',*,*,#11351,.T.);
#11351 = EDGE_CURVE('',#11344,#11352,#11354,.T.);
#11352 = VERTEX_POINT('',#11353);
#11353 = CARTESIAN_POINT('',(10.645,-18.645,5.85));
#11354 = LINE('',#11355,#11356);
#11355 = CARTESIAN_POINT('',(-2.6,-18.645,5.85));
#11356 = VECTOR('',#11357,1.);
#11357 = DIRECTION('',(1.,0.,0.));
#11358 = ORIENTED_EDGE('',*,*,#11359,.T.);
#11359 = EDGE_CURVE('',#11352,#11360,#11362,.T.);
#11360 = VERTEX_POINT('',#11361);
#11361 = CARTESIAN_POINT('',(37.135,-18.645,5.85));
#11362 = LINE('',#11363,#11364);
#11363 = CARTESIAN_POINT('',(-2.6,-18.645,5.85));
#11364 = VECTOR('',#11365,1.);
#11365 = DIRECTION('',(1.,0.,0.));
#11366 = ORIENTED_EDGE('',*,*,#11367,.T.);
#11367 = EDGE_CURVE('',#11360,#11368,#11370,.T.);
#11368 = VERTEX_POINT('',#11369);
#11369 = CARTESIAN_POINT('',(43.082,-18.645,5.85));
#11370 = LINE('',#11371,#11372);
#11371 = CARTESIAN_POINT('',(-2.6,-18.645,5.85));
#11372 = VECTOR('',#11373,1.);
#11373 = DIRECTION('',(1.,0.,0.));
#11374 = ORIENTED_EDGE('',*,*,#11375,.T.);
#11375 = EDGE_CURVE('',#11368,#11376,#11378,.T.);
#11376 = VERTEX_POINT('',#11377);
#11377 = CARTESIAN_POINT('',(48.38,-18.645,5.85));
#11378 = LINE('',#11379,#11380);
#11379 = CARTESIAN_POINT('',(-2.6,-18.645,5.85));
#11380 = VECTOR('',#11381,1.);
#11381 = DIRECTION('',(1.,0.,0.));
#11382 = ORIENTED_EDGE('',*,*,#11383,.T.);
#11383 = EDGE_CURVE('',#11376,#11384,#11386,.T.);
#11384 = VERTEX_POINT('',#11385);
#11385 = CARTESIAN_POINT('',(50.38,-18.645,5.85));
#11386 = LINE('',#11387,#11388);
#11387 = CARTESIAN_POINT('',(-2.6,-18.645,5.85));
#11388 = VECTOR('',#11389,1.);
#11389 = DIRECTION('',(1.,0.,0.));
#11390 = ORIENTED_EDGE('',*,*,#11391,.F.);
#11391 = EDGE_CURVE('',#11392,#11384,#11394,.T.);
#11392 = VERTEX_POINT('',#11393);
#11393 = CARTESIAN_POINT('',(50.38,-18.645,0.1));
#11394 = LINE('',#11395,#11396);
#11395 = CARTESIAN_POINT('',(50.38,-18.645,0.1));
#11396 = VECTOR('',#11397,1.);
#11397 = DIRECTION('',(0.,0.,1.));
#11398 = ORIENTED_EDGE('',*,*,#11399,.F.);
#11399 = EDGE_CURVE('',#11326,#11392,#11400,.T.);
#11400 = LINE('',#11401,#11402);
#11401 = CARTESIAN_POINT('',(-2.6,-18.645,0.1));
#11402 = VECTOR('',#11403,1.);
#11403 = DIRECTION('',(1.,0.,0.));
#11404 = PLANE('',#11405);
#11405 = AXIS2_PLACEMENT_3D('',#11406,#11407,#11408);
#11406 = CARTESIAN_POINT('',(-2.6,-18.645,0.1));
#11407 = DIRECTION('',(0.,1.,0.));
#11408 = DIRECTION('',(1.,0.,0.));
#11409 = ADVANCED_FACE('',(#11410),#11453,.T.);
#11410 = FACE_BOUND('',#11411,.T.);
#11411 = EDGE_LOOP('',(#11412,#11422,#11428,#11429,#11438,#11446));
#11412 = ORIENTED_EDGE('',*,*,#11413,.F.);
#11413 = EDGE_CURVE('',#11414,#11416,#11418,.T.);
#11414 = VERTEX_POINT('',#11415);
#11415 = CARTESIAN_POINT('',(-2.6,5.945,0.1));
#11416 = VERTEX_POINT('',#11417);
#11417 = CARTESIAN_POINT('',(-2.6,5.945,5.85));
#11418 = LINE('',#11419,#11420);
#11419 = CARTESIAN_POINT('',(-2.6,5.945,0.1));
#11420 = VECTOR('',#11421,1.);
#11421 = DIRECTION('',(0.,0.,1.));
#11422 = ORIENTED_EDGE('',*,*,#11423,.T.);
#11423 = EDGE_CURVE('',#11414,#11326,#11424,.T.);
#11424 = LINE('',#11425,#11426);
#11425 = CARTESIAN_POINT('',(-2.6,5.945,0.1));
#11426 = VECTOR('',#11427,1.);
#11427 = DIRECTION('',(0.,-1.,0.));
#11428 = ORIENTED_EDGE('',*,*,#11325,.T.);
#11429 = ORIENTED_EDGE('',*,*,#11430,.F.);
#11430 = EDGE_CURVE('',#11431,#11328,#11433,.T.);
#11431 = VERTEX_POINT('',#11432);
#11432 = CARTESIAN_POINT('',(-2.6,-13.395,11.1));
#11433 = CIRCLE('',#11434,5.25);
#11434 = AXIS2_PLACEMENT_3D('',#11435,#11436,#11437);
#11435 = CARTESIAN_POINT('',(-2.6,-13.395,5.85));
#11436 = DIRECTION('',(1.,0.,0.));
#11437 = DIRECTION('',(-0.,1.,0.));
#11438 = ORIENTED_EDGE('',*,*,#11439,.T.);
#11439 = EDGE_CURVE('',#11431,#11440,#11442,.T.);
#11440 = VERTEX_POINT('',#11441);
#11441 = CARTESIAN_POINT('',(-2.6,0.695,11.1));
#11442 = LINE('',#11443,#11444);
#11443 = CARTESIAN_POINT('',(-2.6,-13.395,11.1));
#11444 = VECTOR('',#11445,1.);
#11445 = DIRECTION('',(0.,1.,0.));
#11446 = ORIENTED_EDGE('',*,*,#11447,.F.);
#11447 = EDGE_CURVE('',#11416,#11440,#11448,.T.);
#11448 = CIRCLE('',#11449,5.25);
#11449 = AXIS2_PLACEMENT_3D('',#11450,#11451,#11452);
#11450 = CARTESIAN_POINT('',(-2.6,0.695,5.85));
#11451 = DIRECTION('',(1.,0.,0.));
#11452 = DIRECTION('',(-0.,1.,0.));
#11453 = PLANE('',#11454);
#11454 = AXIS2_PLACEMENT_3D('',#11455,#11456,#11457);
#11455 = CARTESIAN_POINT('',(-2.6,-6.35,5.139532786973));
#11456 = DIRECTION('',(-1.,-3.624973590211E-32,1.455348211094E-16));
#11457 = DIRECTION('',(-1.455348211094E-16,0.,-1.));
#11458 = ADVANCED_FACE('',(#11459,#11477,#11511,#11522,#11533,#11544,
    #11578),#11589,.F.);
#11459 = FACE_BOUND('',#11460,.F.);
#11460 = EDGE_LOOP('',(#11461,#11462,#11470,#11476));
#11461 = ORIENTED_EDGE('',*,*,#11399,.T.);
#11462 = ORIENTED_EDGE('',*,*,#11463,.T.);
#11463 = EDGE_CURVE('',#11392,#11464,#11466,.T.);
#11464 = VERTEX_POINT('',#11465);
#11465 = CARTESIAN_POINT('',(50.38,5.945,0.1));
#11466 = LINE('',#11467,#11468);
#11467 = CARTESIAN_POINT('',(50.38,-18.645,0.1));
#11468 = VECTOR('',#11469,1.);
#11469 = DIRECTION('',(0.,1.,0.));
#11470 = ORIENTED_EDGE('',*,*,#11471,.T.);
#11471 = EDGE_CURVE('',#11464,#11414,#11472,.T.);
#11472 = LINE('',#11473,#11474);
#11473 = CARTESIAN_POINT('',(50.38,5.945,0.1));
#11474 = VECTOR('',#11475,1.);
#11475 = DIRECTION('',(-1.,0.,0.));
#11476 = ORIENTED_EDGE('',*,*,#11423,.T.);
#11477 = FACE_BOUND('',#11478,.F.);
#11478 = EDGE_LOOP('',(#11479,#11489,#11497,#11505));
#11479 = ORIENTED_EDGE('',*,*,#11480,.F.);
#11480 = EDGE_CURVE('',#11481,#11483,#11485,.T.);
#11481 = VERTEX_POINT('',#11482);
#11482 = CARTESIAN_POINT('',(-0.55,1.525,0.1));
#11483 = VERTEX_POINT('',#11484);
#11484 = CARTESIAN_POINT('',(-0.65,1.525,0.1));
#11485 = LINE('',#11486,#11487);
#11486 = CARTESIAN_POINT('',(-0.55,1.525,0.1));
#11487 = VECTOR('',#11488,1.);
#11488 = DIRECTION('',(-1.,0.,0.));
#11489 = ORIENTED_EDGE('',*,*,#11490,.F.);
#11490 = EDGE_CURVE('',#11491,#11481,#11493,.T.);
#11491 = VERTEX_POINT('',#11492);
#11492 = CARTESIAN_POINT('',(-0.55,-3.725,0.1));
#11493 = LINE('',#11494,#11495);
#11494 = CARTESIAN_POINT('',(-0.55,-3.725,0.1));
#11495 = VECTOR('',#11496,1.);
#11496 = DIRECTION('',(0.,1.,0.));
#11497 = ORIENTED_EDGE('',*,*,#11498,.F.);
#11498 = EDGE_CURVE('',#11499,#11491,#11501,.T.);
#11499 = VERTEX_POINT('',#11500);
#11500 = CARTESIAN_POINT('',(-0.65,-3.725,0.1));
#11501 = LINE('',#11502,#11503);
#11502 = CARTESIAN_POINT('',(-0.65,-3.725,0.1));
#11503 = VECTOR('',#11504,1.);
#11504 = DIRECTION('',(1.,0.,0.));
#11505 = ORIENTED_EDGE('',*,*,#11506,.F.);
#11506 = EDGE_CURVE('',#11483,#11499,#11507,.T.);
#11507 = LINE('',#11508,#11509);
#11508 = CARTESIAN_POINT('',(-0.65,1.525,0.1));
#11509 = VECTOR('',#11510,1.);
#11510 = DIRECTION('',(0.,-1.,0.));
#11511 = FACE_BOUND('',#11512,.F.);
#11512 = EDGE_LOOP('',(#11513));
#11513 = ORIENTED_EDGE('',*,*,#11514,.F.);
#11514 = EDGE_CURVE('',#11515,#11515,#11517,.T.);
#11515 = VERTEX_POINT('',#11516);
#11516 = CARTESIAN_POINT('',(0.4,0.,0.1));
#11517 = CIRCLE('',#11518,0.4);
#11518 = AXIS2_PLACEMENT_3D('',#11519,#11520,#11521);
#11519 = CARTESIAN_POINT('',(0.,0.,0.1));
#11520 = DIRECTION('',(0.,0.,1.));
#11521 = DIRECTION('',(1.,0.,-0.));
#11522 = FACE_BOUND('',#11523,.F.);
#11523 = EDGE_LOOP('',(#11524));
#11524 = ORIENTED_EDGE('',*,*,#11525,.F.);
#11525 = EDGE_CURVE('',#11526,#11526,#11528,.T.);
#11526 = VERTEX_POINT('',#11527);
#11527 = CARTESIAN_POINT('',(0.4,-12.7,0.1));
#11528 = CIRCLE('',#11529,0.4);
#11529 = AXIS2_PLACEMENT_3D('',#11530,#11531,#11532);
#11530 = CARTESIAN_POINT('',(0.,-12.7,0.1));
#11531 = DIRECTION('',(0.,0.,1.));
#11532 = DIRECTION('',(1.,0.,-0.));
#11533 = FACE_BOUND('',#11534,.F.);
#11534 = EDGE_LOOP('',(#11535));
#11535 = ORIENTED_EDGE('',*,*,#11536,.T.);
#11536 = EDGE_CURVE('',#11537,#11537,#11539,.T.);
#11537 = VERTEX_POINT('',#11538);
#11538 = CARTESIAN_POINT('',(10.386,-8.6995,0.1));
#11539 = CIRCLE('',#11540,1.75);
#11540 = AXIS2_PLACEMENT_3D('',#11541,#11542,#11543);
#11541 = CARTESIAN_POINT('',(8.636,-8.6995,0.1));
#11542 = DIRECTION('',(0.,0.,-1.));
#11543 = DIRECTION('',(1.,0.,0.));
#11544 = FACE_BOUND('',#11545,.F.);
#11545 = EDGE_LOOP('',(#11546,#11556,#11564,#11572));
#11546 = ORIENTED_EDGE('',*,*,#11547,.F.);
#11547 = EDGE_CURVE('',#11548,#11550,#11552,.T.);
#11548 = VERTEX_POINT('',#11549);
#11549 = CARTESIAN_POINT('',(48.33,-14.225,0.1));
#11550 = VERTEX_POINT('',#11551);
#11551 = CARTESIAN_POINT('',(48.43,-14.225,0.1));
#11552 = LINE('',#11553,#11554);
#11553 = CARTESIAN_POINT('',(48.33,-14.225,0.1));
#11554 = VECTOR('',#11555,1.);
#11555 = DIRECTION('',(1.,0.,0.));
#11556 = ORIENTED_EDGE('',*,*,#11557,.F.);
#11557 = EDGE_CURVE('',#11558,#11548,#11560,.T.);
#11558 = VERTEX_POINT('',#11559);
#11559 = CARTESIAN_POINT('',(48.33,-8.975,0.1));
#11560 = LINE('',#11561,#11562);
#11561 = CARTESIAN_POINT('',(48.33,-8.975,0.1));
#11562 = VECTOR('',#11563,1.);
#11563 = DIRECTION('',(0.,-1.,0.));
#11564 = ORIENTED_EDGE('',*,*,#11565,.F.);
#11565 = EDGE_CURVE('',#11566,#11558,#11568,.T.);
#11566 = VERTEX_POINT('',#11567);
#11567 = CARTESIAN_POINT('',(48.43,-8.975,0.1));
#11568 = LINE('',#11569,#11570);
#11569 = CARTESIAN_POINT('',(48.43,-8.975,0.1));
#11570 = VECTOR('',#11571,1.);
#11571 = DIRECTION('',(-1.,0.,0.));
#11572 = ORIENTED_EDGE('',*,*,#11573,.F.);
#11573 = EDGE_CURVE('',#11550,#11566,#11574,.T.);
#11574 = LINE('',#11575,#11576);
#11575 = CARTESIAN_POINT('',(48.43,-14.225,0.1));
#11576 = VECTOR('',#11577,1.);
#11577 = DIRECTION('',(0.,1.,0.));
#11578 = FACE_BOUND('',#11579,.F.);
#11579 = EDGE_LOOP('',(#11580));
#11580 = ORIENTED_EDGE('',*,*,#11581,.T.);
#11581 = EDGE_CURVE('',#11582,#11582,#11584,.T.);
#11582 = VERTEX_POINT('',#11583);
#11583 = CARTESIAN_POINT('',(40.358,-3.9624,0.1));
#11584 = CIRCLE('',#11585,1.75);
#11585 = AXIS2_PLACEMENT_3D('',#11586,#11587,#11588);
#11586 = CARTESIAN_POINT('',(38.608,-3.9624,0.1));
#11587 = DIRECTION('',(0.,0.,-1.));
#11588 = DIRECTION('',(1.,0.,0.));
#11589 = PLANE('',#11590);
#11590 = AXIS2_PLACEMENT_3D('',#11591,#11592,#11593);
#11591 = CARTESIAN_POINT('',(23.89,-6.35,0.1));
#11592 = DIRECTION('',(0.,0.,1.));
#11593 = DIRECTION('',(1.,0.,-0.));
#11594 = ADVANCED_FACE('',(#11595),#11623,.T.);
#11595 = FACE_BOUND('',#11596,.T.);
#11596 = EDGE_LOOP('',(#11597,#11598,#11607,#11616,#11622));
#11597 = ORIENTED_EDGE('',*,*,#11335,.T.);
#11598 = ORIENTED_EDGE('',*,*,#11599,.F.);
#11599 = EDGE_CURVE('',#11600,#11336,#11602,.T.);
#11600 = VERTEX_POINT('',#11601);
#11601 = CARTESIAN_POINT('',(-0.6,-16.85,9.802907158029));
#11602 = CIRCLE('',#11603,5.25);
#11603 = AXIS2_PLACEMENT_3D('',#11604,#11605,#11606);
#11604 = CARTESIAN_POINT('',(-0.6,-13.395,5.85));
#11605 = DIRECTION('',(1.,0.,0.));
#11606 = DIRECTION('',(-0.,1.,0.));
#11607 = ORIENTED_EDGE('',*,*,#11608,.F.);
#11608 = EDGE_CURVE('',#11609,#11600,#11611,.T.);
#11609 = VERTEX_POINT('',#11610);
#11610 = CARTESIAN_POINT('',(-0.6,-13.395,11.1));
#11611 = CIRCLE('',#11612,5.25);
#11612 = AXIS2_PLACEMENT_3D('',#11613,#11614,#11615);
#11613 = CARTESIAN_POINT('',(-0.6,-13.395,5.85));
#11614 = DIRECTION('',(1.,0.,0.));
#11615 = DIRECTION('',(-0.,1.,0.));
#11616 = ORIENTED_EDGE('',*,*,#11617,.T.);
#11617 = EDGE_CURVE('',#11609,#11431,#11618,.T.);
#11618 = LINE('',#11619,#11620);
#11619 = CARTESIAN_POINT('',(-0.6,-13.395,11.1));
#11620 = VECTOR('',#11621,1.);
#11621 = DIRECTION('',(-1.,0.,0.));
#11622 = ORIENTED_EDGE('',*,*,#11430,.T.);
#11623 = CYLINDRICAL_SURFACE('',#11624,5.25);
#11624 = AXIS2_PLACEMENT_3D('',#11625,#11626,#11627);
#11625 = CARTESIAN_POINT('',(-2.6,-13.395,5.85));
#11626 = DIRECTION('',(-1.,-0.,-0.));
#11627 = DIRECTION('',(0.,1.,0.));
#11628 = ADVANCED_FACE('',(#11629),#11665,.T.);
#11629 = FACE_BOUND('',#11630,.T.);
#11630 = EDGE_LOOP('',(#11631,#11632,#11633,#11641,#11650,#11658));
#11631 = ORIENTED_EDGE('',*,*,#11391,.F.);
#11632 = ORIENTED_EDGE('',*,*,#11463,.T.);
#11633 = ORIENTED_EDGE('',*,*,#11634,.T.);
#11634 = EDGE_CURVE('',#11464,#11635,#11637,.T.);
#11635 = VERTEX_POINT('',#11636);
#11636 = CARTESIAN_POINT('',(50.38,5.945,5.85));
#11637 = LINE('',#11638,#11639);
#11638 = CARTESIAN_POINT('',(50.38,5.945,0.1));
#11639 = VECTOR('',#11640,1.);
#11640 = DIRECTION('',(0.,0.,1.));
#11641 = ORIENTED_EDGE('',*,*,#11642,.T.);
#11642 = EDGE_CURVE('',#11635,#11643,#11645,.T.);
#11643 = VERTEX_POINT('',#11644);
#11644 = CARTESIAN_POINT('',(50.38,0.695,11.1));
#11645 = CIRCLE('',#11646,5.25);
#11646 = AXIS2_PLACEMENT_3D('',#11647,#11648,#11649);
#11647 = CARTESIAN_POINT('',(50.38,0.695,5.85));
#11648 = DIRECTION('',(1.,0.,0.));
#11649 = DIRECTION('',(-0.,1.,0.));
#11650 = ORIENTED_EDGE('',*,*,#11651,.T.);
#11651 = EDGE_CURVE('',#11643,#11652,#11654,.T.);
#11652 = VERTEX_POINT('',#11653);
#11653 = CARTESIAN_POINT('',(50.38,-13.395,11.1));
#11654 = LINE('',#11655,#11656);
#11655 = CARTESIAN_POINT('',(50.38,0.695,11.1));
#11656 = VECTOR('',#11657,1.);
#11657 = DIRECTION('',(0.,-1.,0.));
#11658 = ORIENTED_EDGE('',*,*,#11659,.T.);
#11659 = EDGE_CURVE('',#11652,#11384,#11660,.T.);
#11660 = CIRCLE('',#11661,5.25);
#11661 = AXIS2_PLACEMENT_3D('',#11662,#11663,#11664);
#11662 = CARTESIAN_POINT('',(50.38,-13.395,5.85));
#11663 = DIRECTION('',(1.,0.,0.));
#11664 = DIRECTION('',(-0.,1.,0.));
#11665 = PLANE('',#11666);
#11666 = AXIS2_PLACEMENT_3D('',#11667,#11668,#11669);
#11667 = CARTESIAN_POINT('',(50.38,-6.35,5.139532786973));
#11668 = DIRECTION('',(1.,2.443339719062E-33,-2.466704517792E-31));
#11669 = DIRECTION('',(2.466704517792E-31,0.,1.));
#11670 = ADVANCED_FACE('',(#11671),#11742,.T.);
#11671 = FACE_BOUND('',#11672,.T.);
#11672 = EDGE_LOOP('',(#11673,#11681,#11682,#11690,#11698,#11704,#11705,
    #11713,#11721,#11727,#11728,#11736));
#11673 = ORIENTED_EDGE('',*,*,#11674,.F.);
#11674 = EDGE_CURVE('',#11336,#11675,#11677,.T.);
#11675 = VERTEX_POINT('',#11676);
#11676 = CARTESIAN_POINT('',(-0.6,-16.84142156289,5.85));
#11677 = LINE('',#11678,#11679);
#11678 = CARTESIAN_POINT('',(-0.6,-2.8275,5.85));
#11679 = VECTOR('',#11680,1.);
#11680 = DIRECTION('',(0.,1.,0.));
#11681 = ORIENTED_EDGE('',*,*,#11343,.T.);
#11682 = ORIENTED_EDGE('',*,*,#11683,.T.);
#11683 = EDGE_CURVE('',#11344,#11684,#11686,.T.);
#11684 = VERTEX_POINT('',#11685);
#11685 = CARTESIAN_POINT('',(4.698,-16.85,5.85));
#11686 = LINE('',#11687,#11688);
#11687 = CARTESIAN_POINT('',(4.698,-30.94,5.85));
#11688 = VECTOR('',#11689,1.);
#11689 = DIRECTION('',(0.,1.,0.));
#11690 = ORIENTED_EDGE('',*,*,#11691,.T.);
#11691 = EDGE_CURVE('',#11684,#11692,#11694,.T.);
#11692 = VERTEX_POINT('',#11693);
#11693 = CARTESIAN_POINT('',(10.645,-16.85,5.85));
#11694 = LINE('',#11695,#11696);
#11695 = CARTESIAN_POINT('',(-0.6,-16.85,5.85));
#11696 = VECTOR('',#11697,1.);
#11697 = DIRECTION('',(1.,0.,0.));
#11698 = ORIENTED_EDGE('',*,*,#11699,.T.);
#11699 = EDGE_CURVE('',#11692,#11352,#11700,.T.);
#11700 = LINE('',#11701,#11702);
#11701 = CARTESIAN_POINT('',(10.645,42.83,5.85));
#11702 = VECTOR('',#11703,1.);
#11703 = DIRECTION('',(0.,-1.,0.));
#11704 = ORIENTED_EDGE('',*,*,#11359,.T.);
#11705 = ORIENTED_EDGE('',*,*,#11706,.T.);
#11706 = EDGE_CURVE('',#11360,#11707,#11709,.T.);
#11707 = VERTEX_POINT('',#11708);
#11708 = CARTESIAN_POINT('',(37.135,-16.85,5.85));
#11709 = LINE('',#11710,#11711);
#11710 = CARTESIAN_POINT('',(37.135,-55.53,5.85));
#11711 = VECTOR('',#11712,1.);
#11712 = DIRECTION('',(0.,1.,0.));
#11713 = ORIENTED_EDGE('',*,*,#11714,.T.);
#11714 = EDGE_CURVE('',#11707,#11715,#11717,.T.);
#11715 = VERTEX_POINT('',#11716);
#11716 = CARTESIAN_POINT('',(43.082,-16.85,5.85));
#11717 = LINE('',#11718,#11719);
#11718 = CARTESIAN_POINT('',(-0.6,-16.85,5.85));
#11719 = VECTOR('',#11720,1.);
#11720 = DIRECTION('',(1.,0.,0.));
#11721 = ORIENTED_EDGE('',*,*,#11722,.T.);
#11722 = EDGE_CURVE('',#11715,#11368,#11723,.T.);
#11723 = LINE('',#11724,#11725);
#11724 = CARTESIAN_POINT('',(43.082,67.42,5.85));
#11725 = VECTOR('',#11726,1.);
#11726 = DIRECTION('',(0.,-1.,0.));
#11727 = ORIENTED_EDGE('',*,*,#11375,.T.);
#11728 = ORIENTED_EDGE('',*,*,#11729,.T.);
#11729 = EDGE_CURVE('',#11376,#11730,#11732,.T.);
#11730 = VERTEX_POINT('',#11731);
#11731 = CARTESIAN_POINT('',(48.38,-16.84142156289,5.85));
#11732 = LINE('',#11733,#11734);
#11733 = CARTESIAN_POINT('',(48.38,-9.8725,5.85));
#11734 = VECTOR('',#11735,1.);
#11735 = DIRECTION('',(1.368455531567E-47,1.,0.));
#11736 = ORIENTED_EDGE('',*,*,#11737,.T.);
#11737 = EDGE_CURVE('',#11730,#11675,#11738,.T.);
#11738 = LINE('',#11739,#11740);
#11739 = CARTESIAN_POINT('',(-0.6,-16.84142156289,5.85));
#11740 = VECTOR('',#11741,1.);
#11741 = DIRECTION('',(-1.,-0.,-0.));
#11742 = PLANE('',#11743);
#11743 = AXIS2_PLACEMENT_3D('',#11744,#11745,#11746);
#11744 = CARTESIAN_POINT('',(23.89,-17.54716948691,5.85));
#11745 = DIRECTION('',(3.426899871347E-33,1.096270542035E-15,1.));
#11746 = DIRECTION('',(0.,1.,-1.096270542035E-15));
#11747 = ADVANCED_FACE('',(#11748),#11776,.T.);
#11748 = FACE_BOUND('',#11749,.T.);
#11749 = EDGE_LOOP('',(#11750,#11759,#11760,#11761,#11769));
#11750 = ORIENTED_EDGE('',*,*,#11751,.T.);
#11751 = EDGE_CURVE('',#11752,#11376,#11754,.T.);
#11752 = VERTEX_POINT('',#11753);
#11753 = CARTESIAN_POINT('',(48.38,-16.85,9.802907158029));
#11754 = CIRCLE('',#11755,5.25);
#11755 = AXIS2_PLACEMENT_3D('',#11756,#11757,#11758);
#11756 = CARTESIAN_POINT('',(48.38,-13.395,5.85));
#11757 = DIRECTION('',(1.,0.,0.));
#11758 = DIRECTION('',(-0.,1.,0.));
#11759 = ORIENTED_EDGE('',*,*,#11383,.T.);
#11760 = ORIENTED_EDGE('',*,*,#11659,.F.);
#11761 = ORIENTED_EDGE('',*,*,#11762,.T.);
#11762 = EDGE_CURVE('',#11652,#11763,#11765,.T.);
#11763 = VERTEX_POINT('',#11764);
#11764 = CARTESIAN_POINT('',(48.38,-13.395,11.1));
#11765 = LINE('',#11766,#11767);
#11766 = CARTESIAN_POINT('',(50.38,-13.395,11.1));
#11767 = VECTOR('',#11768,1.);
#11768 = DIRECTION('',(-1.,0.,0.));
#11769 = ORIENTED_EDGE('',*,*,#11770,.T.);
#11770 = EDGE_CURVE('',#11763,#11752,#11771,.T.);
#11771 = CIRCLE('',#11772,5.25);
#11772 = AXIS2_PLACEMENT_3D('',#11773,#11774,#11775);
#11773 = CARTESIAN_POINT('',(48.38,-13.395,5.85));
#11774 = DIRECTION('',(1.,0.,0.));
#11775 = DIRECTION('',(-0.,1.,0.));
#11776 = CYLINDRICAL_SURFACE('',#11777,5.25);
#11777 = AXIS2_PLACEMENT_3D('',#11778,#11779,#11780);
#11778 = CARTESIAN_POINT('',(48.38,-13.395,5.85));
#11779 = DIRECTION('',(-1.,-0.,-0.));
#11780 = DIRECTION('',(0.,1.,0.));
#11781 = ADVANCED_FACE('',(#11782),#11809,.T.);
#11782 = FACE_BOUND('',#11783,.T.);
#11783 = EDGE_LOOP('',(#11784,#11793,#11801,#11808));
#11784 = ORIENTED_EDGE('',*,*,#11785,.T.);
#11785 = EDGE_CURVE('',#11352,#11786,#11788,.T.);
#11786 = VERTEX_POINT('',#11787);
#11787 = CARTESIAN_POINT('',(10.645,-16.85,9.802907158029));
#11788 = CIRCLE('',#11789,5.25);
#11789 = AXIS2_PLACEMENT_3D('',#11790,#11791,#11792);
#11790 = CARTESIAN_POINT('',(10.645,-13.395,5.85));
#11791 = DIRECTION('',(-1.,0.,0.));
#11792 = DIRECTION('',(0.,1.,0.));
#11793 = ORIENTED_EDGE('',*,*,#11794,.T.);
#11794 = EDGE_CURVE('',#11786,#11795,#11797,.T.);
#11795 = VERTEX_POINT('',#11796);
#11796 = CARTESIAN_POINT('',(4.698,-16.85,9.802907158029));
#11797 = LINE('',#11798,#11799);
#11798 = CARTESIAN_POINT('',(1.64,-16.85,9.802907158029));
#11799 = VECTOR('',#11800,1.);
#11800 = DIRECTION('',(-1.,-0.,-0.));
#11801 = ORIENTED_EDGE('',*,*,#11802,.F.);
#11802 = EDGE_CURVE('',#11344,#11795,#11803,.T.);
#11803 = CIRCLE('',#11804,5.25);
#11804 = AXIS2_PLACEMENT_3D('',#11805,#11806,#11807);
#11805 = CARTESIAN_POINT('',(4.698,-13.395,5.85));
#11806 = DIRECTION('',(-1.,0.,0.));
#11807 = DIRECTION('',(0.,1.,0.));
#11808 = ORIENTED_EDGE('',*,*,#11351,.T.);
#11809 = CYLINDRICAL_SURFACE('',#11810,5.25);
#11810 = AXIS2_PLACEMENT_3D('',#11811,#11812,#11813);
#11811 = CARTESIAN_POINT('',(1.64,-13.395,5.85));
#11812 = DIRECTION('',(-1.,-0.,-0.));
#11813 = DIRECTION('',(0.,1.,0.));
#11814 = ADVANCED_FACE('',(#11815),#11842,.T.);
#11815 = FACE_BOUND('',#11816,.T.);
#11816 = EDGE_LOOP('',(#11817,#11826,#11834,#11841));
#11817 = ORIENTED_EDGE('',*,*,#11818,.T.);
#11818 = EDGE_CURVE('',#11368,#11819,#11821,.T.);
#11819 = VERTEX_POINT('',#11820);
#11820 = CARTESIAN_POINT('',(43.082,-16.85,9.802907158029));
#11821 = CIRCLE('',#11822,5.25);
#11822 = AXIS2_PLACEMENT_3D('',#11823,#11824,#11825);
#11823 = CARTESIAN_POINT('',(43.082,-13.395,5.85));
#11824 = DIRECTION('',(-1.,0.,0.));
#11825 = DIRECTION('',(0.,1.,0.));
#11826 = ORIENTED_EDGE('',*,*,#11827,.T.);
#11827 = EDGE_CURVE('',#11819,#11828,#11830,.T.);
#11828 = VERTEX_POINT('',#11829);
#11829 = CARTESIAN_POINT('',(37.135,-16.85,9.802907158029));
#11830 = LINE('',#11831,#11832);
#11831 = CARTESIAN_POINT('',(1.64,-16.85,9.802907158029));
#11832 = VECTOR('',#11833,1.);
#11833 = DIRECTION('',(-1.,-0.,-0.));
#11834 = ORIENTED_EDGE('',*,*,#11835,.F.);
#11835 = EDGE_CURVE('',#11360,#11828,#11836,.T.);
#11836 = CIRCLE('',#11837,5.25);
#11837 = AXIS2_PLACEMENT_3D('',#11838,#11839,#11840);
#11838 = CARTESIAN_POINT('',(37.135,-13.395,5.85));
#11839 = DIRECTION('',(-1.,0.,0.));
#11840 = DIRECTION('',(0.,1.,0.));
#11841 = ORIENTED_EDGE('',*,*,#11367,.T.);
#11842 = CYLINDRICAL_SURFACE('',#11843,5.25);
#11843 = AXIS2_PLACEMENT_3D('',#11844,#11845,#11846);
#11844 = CARTESIAN_POINT('',(1.64,-13.395,5.85));
#11845 = DIRECTION('',(-1.,-0.,-0.));
#11846 = DIRECTION('',(0.,1.,0.));
#11847 = ADVANCED_FACE('',(#11848),#11907,.F.);
#11848 = FACE_BOUND('',#11849,.F.);
#11849 = EDGE_LOOP('',(#11850,#11851,#11859,#11867,#11875,#11883,#11891,
    #11899,#11905,#11906));
#11850 = ORIENTED_EDGE('',*,*,#11634,.T.);
#11851 = ORIENTED_EDGE('',*,*,#11852,.F.);
#11852 = EDGE_CURVE('',#11853,#11635,#11855,.T.);
#11853 = VERTEX_POINT('',#11854);
#11854 = CARTESIAN_POINT('',(48.38,5.945,5.85));
#11855 = LINE('',#11856,#11857);
#11856 = CARTESIAN_POINT('',(48.38,5.945,5.85));
#11857 = VECTOR('',#11858,1.);
#11858 = DIRECTION('',(1.,0.,0.));
#11859 = ORIENTED_EDGE('',*,*,#11860,.F.);
#11860 = EDGE_CURVE('',#11861,#11853,#11863,.T.);
#11861 = VERTEX_POINT('',#11862);
#11862 = CARTESIAN_POINT('',(43.082,5.945,5.85));
#11863 = LINE('',#11864,#11865);
#11864 = CARTESIAN_POINT('',(1.64,5.945,5.85));
#11865 = VECTOR('',#11866,1.);
#11866 = DIRECTION('',(1.,0.,0.));
#11867 = ORIENTED_EDGE('',*,*,#11868,.F.);
#11868 = EDGE_CURVE('',#11869,#11861,#11871,.T.);
#11869 = VERTEX_POINT('',#11870);
#11870 = CARTESIAN_POINT('',(37.135,5.945,5.85));
#11871 = LINE('',#11872,#11873);
#11872 = CARTESIAN_POINT('',(1.64,5.945,5.85));
#11873 = VECTOR('',#11874,1.);
#11874 = DIRECTION('',(1.,0.,0.));
#11875 = ORIENTED_EDGE('',*,*,#11876,.F.);
#11876 = EDGE_CURVE('',#11877,#11869,#11879,.T.);
#11877 = VERTEX_POINT('',#11878);
#11878 = CARTESIAN_POINT('',(10.645,5.945,5.85));
#11879 = LINE('',#11880,#11881);
#11880 = CARTESIAN_POINT('',(1.64,5.945,5.85));
#11881 = VECTOR('',#11882,1.);
#11882 = DIRECTION('',(1.,0.,0.));
#11883 = ORIENTED_EDGE('',*,*,#11884,.F.);
#11884 = EDGE_CURVE('',#11885,#11877,#11887,.T.);
#11885 = VERTEX_POINT('',#11886);
#11886 = CARTESIAN_POINT('',(4.698,5.945,5.85));
#11887 = LINE('',#11888,#11889);
#11888 = CARTESIAN_POINT('',(1.64,5.945,5.85));
#11889 = VECTOR('',#11890,1.);
#11890 = DIRECTION('',(1.,0.,0.));
#11891 = ORIENTED_EDGE('',*,*,#11892,.T.);
#11892 = EDGE_CURVE('',#11885,#11893,#11895,.T.);
#11893 = VERTEX_POINT('',#11894);
#11894 = CARTESIAN_POINT('',(-0.6,5.945,5.85));
#11895 = LINE('',#11896,#11897);
#11896 = CARTESIAN_POINT('',(50.38,5.945,5.85));
#11897 = VECTOR('',#11898,1.);
#11898 = DIRECTION('',(-1.,0.,0.));
#11899 = ORIENTED_EDGE('',*,*,#11900,.F.);
#11900 = EDGE_CURVE('',#11416,#11893,#11901,.T.);
#11901 = LINE('',#11902,#11903);
#11902 = CARTESIAN_POINT('',(-2.6,5.945,5.85));
#11903 = VECTOR('',#11904,1.);
#11904 = DIRECTION('',(1.,0.,0.));
#11905 = ORIENTED_EDGE('',*,*,#11413,.F.);
#11906 = ORIENTED_EDGE('',*,*,#11471,.F.);
#11907 = PLANE('',#11908);
#11908 = AXIS2_PLACEMENT_3D('',#11909,#11910,#11911);
#11909 = CARTESIAN_POINT('',(50.38,5.945,0.1));
#11910 = DIRECTION('',(0.,-1.,0.));
#11911 = DIRECTION('',(-1.,0.,0.));
#11912 = ADVANCED_FACE('',(#11913),#11931,.F.);
#11913 = FACE_BOUND('',#11914,.F.);
#11914 = EDGE_LOOP('',(#11915,#11923,#11929,#11930));
#11915 = ORIENTED_EDGE('',*,*,#11916,.T.);
#11916 = EDGE_CURVE('',#11440,#11917,#11919,.T.);
#11917 = VERTEX_POINT('',#11918);
#11918 = CARTESIAN_POINT('',(-0.6,0.695,11.1));
#11919 = LINE('',#11920,#11921);
#11920 = CARTESIAN_POINT('',(-2.6,0.695,11.1));
#11921 = VECTOR('',#11922,1.);
#11922 = DIRECTION('',(1.,0.,0.));
#11923 = ORIENTED_EDGE('',*,*,#11924,.T.);
#11924 = EDGE_CURVE('',#11917,#11609,#11925,.T.);
#11925 = LINE('',#11926,#11927);
#11926 = CARTESIAN_POINT('',(-0.6,0.695,11.1));
#11927 = VECTOR('',#11928,1.);
#11928 = DIRECTION('',(0.,-1.,0.));
#11929 = ORIENTED_EDGE('',*,*,#11617,.T.);
#11930 = ORIENTED_EDGE('',*,*,#11439,.T.);
#11931 = PLANE('',#11932);
#11932 = AXIS2_PLACEMENT_3D('',#11933,#11934,#11935);
#11933 = CARTESIAN_POINT('',(-1.6,-6.35,11.1));
#11934 = DIRECTION('',(-0.,-0.,-1.));
#11935 = DIRECTION('',(-1.,0.,0.));
#11936 = ADVANCED_FACE('',(#11937),#11958,.T.);
#11937 = FACE_BOUND('',#11938,.T.);
#11938 = EDGE_LOOP('',(#11939,#11940,#11949,#11956,#11957));
#11939 = ORIENTED_EDGE('',*,*,#11916,.T.);
#11940 = ORIENTED_EDGE('',*,*,#11941,.F.);
#11941 = EDGE_CURVE('',#11942,#11917,#11944,.T.);
#11942 = VERTEX_POINT('',#11943);
#11943 = CARTESIAN_POINT('',(-0.6,4.15,9.802907158029));
#11944 = CIRCLE('',#11945,5.25);
#11945 = AXIS2_PLACEMENT_3D('',#11946,#11947,#11948);
#11946 = CARTESIAN_POINT('',(-0.6,0.695,5.85));
#11947 = DIRECTION('',(1.,0.,0.));
#11948 = DIRECTION('',(-0.,1.,0.));
#11949 = ORIENTED_EDGE('',*,*,#11950,.F.);
#11950 = EDGE_CURVE('',#11893,#11942,#11951,.T.);
#11951 = CIRCLE('',#11952,5.25);
#11952 = AXIS2_PLACEMENT_3D('',#11953,#11954,#11955);
#11953 = CARTESIAN_POINT('',(-0.6,0.695,5.85));
#11954 = DIRECTION('',(1.,0.,0.));
#11955 = DIRECTION('',(-0.,1.,0.));
#11956 = ORIENTED_EDGE('',*,*,#11900,.F.);
#11957 = ORIENTED_EDGE('',*,*,#11447,.T.);
#11958 = CYLINDRICAL_SURFACE('',#11959,5.25);
#11959 = AXIS2_PLACEMENT_3D('',#11960,#11961,#11962);
#11960 = CARTESIAN_POINT('',(-2.6,0.695,5.85));
#11961 = DIRECTION('',(-1.,-0.,-0.));
#11962 = DIRECTION('',(0.,1.,0.));
#11963 = ADVANCED_FACE('',(#11964),#11970,.F.);
#11964 = FACE_BOUND('',#11965,.F.);
#11965 = EDGE_LOOP('',(#11966,#11967,#11968,#11969));
#11966 = ORIENTED_EDGE('',*,*,#11498,.T.);
#11967 = ORIENTED_EDGE('',*,*,#11490,.T.);
#11968 = ORIENTED_EDGE('',*,*,#11480,.T.);
#11969 = ORIENTED_EDGE('',*,*,#11506,.T.);
#11970 = PLANE('',#11971);
#11971 = AXIS2_PLACEMENT_3D('',#11972,#11973,#11974);
#11972 = CARTESIAN_POINT('',(-0.6,-1.1,0.1));
#11973 = DIRECTION('',(0.,0.,1.));
#11974 = DIRECTION('',(1.,0.,-0.));
#11975 = ADVANCED_FACE('',(#11976),#11995,.T.);
#11976 = FACE_BOUND('',#11977,.T.);
#11977 = EDGE_LOOP('',(#11978,#11987,#11993,#11994));
#11978 = ORIENTED_EDGE('',*,*,#11979,.T.);
#11979 = EDGE_CURVE('',#11980,#11980,#11982,.T.);
#11980 = VERTEX_POINT('',#11981);
#11981 = CARTESIAN_POINT('',(0.4,2.527066062506E-34,-4.536363636364));
#11982 = CIRCLE('',#11983,0.4);
#11983 = AXIS2_PLACEMENT_3D('',#11984,#11985,#11986);
#11984 = CARTESIAN_POINT('',(-7.120104642886E-33,-5.910269215789E-33,
    -4.536363636364));
#11985 = DIRECTION('',(1.604941620323E-33,6.949431671893E-34,1.));
#11986 = DIRECTION('',(1.,1.54074395551E-32,-1.604941620323E-33));
#11987 = ORIENTED_EDGE('',*,*,#11988,.F.);
#11988 = EDGE_CURVE('',#11515,#11980,#11989,.T.);
#11989 = LINE('',#11990,#11991);
#11990 = CARTESIAN_POINT('',(0.4,0.,0.1));
#11991 = VECTOR('',#11992,1.);
#11992 = DIRECTION('',(-0.,-0.,-1.));
#11993 = ORIENTED_EDGE('',*,*,#11514,.F.);
#11994 = ORIENTED_EDGE('',*,*,#11988,.T.);
#11995 = CYLINDRICAL_SURFACE('',#11996,0.4);
#11996 = AXIS2_PLACEMENT_3D('',#11997,#11998,#11999);
#11997 = CARTESIAN_POINT('',(0.,0.,0.1));
#11998 = DIRECTION('',(0.,0.,1.));
#11999 = DIRECTION('',(1.,0.,-0.));
#12000 = ADVANCED_FACE('',(#12001),#12020,.T.);
#12001 = FACE_BOUND('',#12002,.T.);
#12002 = EDGE_LOOP('',(#12003,#12012,#12018,#12019));
#12003 = ORIENTED_EDGE('',*,*,#12004,.T.);
#12004 = EDGE_CURVE('',#12005,#12005,#12007,.T.);
#12005 = VERTEX_POINT('',#12006);
#12006 = CARTESIAN_POINT('',(0.4,-12.7,-4.536363636364));
#12007 = CIRCLE('',#12008,0.4);
#12008 = AXIS2_PLACEMENT_3D('',#12009,#12010,#12011);
#12009 = CARTESIAN_POINT('',(-1.119645434919E-48,-12.7,-4.536363636364)
  );
#12010 = DIRECTION('',(-3.079024946026E-48,6.419766481291E-33,1.));
#12011 = DIRECTION('',(1.,5.836151346628E-33,3.079024946026E-48));
#12012 = ORIENTED_EDGE('',*,*,#12013,.F.);
#12013 = EDGE_CURVE('',#11526,#12005,#12014,.T.);
#12014 = LINE('',#12015,#12016);
#12015 = CARTESIAN_POINT('',(0.4,-12.7,0.1));
#12016 = VECTOR('',#12017,1.);
#12017 = DIRECTION('',(-0.,-0.,-1.));
#12018 = ORIENTED_EDGE('',*,*,#11525,.F.);
#12019 = ORIENTED_EDGE('',*,*,#12013,.T.);
#12020 = CYLINDRICAL_SURFACE('',#12021,0.4);
#12021 = AXIS2_PLACEMENT_3D('',#12022,#12023,#12024);
#12022 = CARTESIAN_POINT('',(0.,-12.7,0.1));
#12023 = DIRECTION('',(0.,0.,1.));
#12024 = DIRECTION('',(1.,0.,-0.));
#12025 = ADVANCED_FACE('',(#12026),#12181,.F.);
#12026 = FACE_BOUND('',#12027,.F.);
#12027 = EDGE_LOOP('',(#12028,#12036,#12179,#12180));
#12028 = ORIENTED_EDGE('',*,*,#12029,.T.);
#12029 = EDGE_CURVE('',#11537,#12030,#12032,.T.);
#12030 = VERTEX_POINT('',#12031);
#12031 = CARTESIAN_POINT('',(10.386,-8.6995,1.17397443449));
#12032 = LINE('',#12033,#12034);
#12033 = CARTESIAN_POINT('',(10.386,-8.6995,0.));
#12034 = VECTOR('',#12035,1.);
#12035 = DIRECTION('',(0.,0.,1.));
#12036 = ORIENTED_EDGE('',*,*,#12037,.F.);
#12037 = EDGE_CURVE('',#12030,#12030,#12038,.T.);
#12038 = B_SPLINE_CURVE_WITH_KNOTS('',7,(#12039,#12040,#12041,#12042,
    #12043,#12044,#12045,#12046,#12047,#12048,#12049,#12050,#12051,
    #12052,#12053,#12054,#12055,#12056,#12057,#12058,#12059,#12060,
    #12061,#12062,#12063,#12064,#12065,#12066,#12067,#12068,#12069,
    #12070,#12071,#12072,#12073,#12074,#12075,#12076,#12077,#12078,
    #12079,#12080,#12081,#12082,#12083,#12084,#12085,#12086,#12087,
    #12088,#12089,#12090,#12091,#12092,#12093,#12094,#12095,#12096,
    #12097,#12098,#12099,#12100,#12101,#12102,#12103,#12104,#12105,
    #12106,#12107,#12108,#12109,#12110,#12111,#12112,#12113,#12114,
    #12115,#12116,#12117,#12118,#12119,#12120,#12121,#12122,#12123,
    #12124,#12125,#12126,#12127,#12128,#12129,#12130,#12131,#12132,
    #12133,#12134,#12135,#12136,#12137,#12138,#12139,#12140,#12141,
    #12142,#12143,#12144,#12145,#12146,#12147,#12148,#12149,#12150,
    #12151,#12152,#12153,#12154,#12155,#12156,#12157,#12158,#12159,
    #12160,#12161,#12162,#12163,#12164,#12165,#12166,#12167,#12168,
    #12169,#12170,#12171,#12172,#12173,#12174,#12175,#12176,#12177,
    #12178),.UNSPECIFIED.,.T.,.F.,(1,7,6,6,6,6,6,6,6,6,6,6,6,6,6,6,6,6,6
    ,6,6,6,6,6,7,1),(-1.7285077185E-02,0.,3.827371801592E-02,
    0.12582201943,0.202440383136,0.24452083626,0.29176207263,
    0.319635985951,0.343805052426,0.42003076207,0.494153090037,
    0.525018326725,0.551030921344,0.597717592644,0.640551427949,
    0.666164157064,0.697146547016,0.772538084575,0.826577845494,
    0.878915060511,0.90452564235,0.918889959691,0.947371147187,
    0.982714922815,1.,1.038273718016),.UNSPECIFIED.);
#12039 = CARTESIAN_POINT('',(10.386,-8.6995,1.17397443449));
#12040 = CARTESIAN_POINT('',(10.385999997087,-8.631188424515,
    1.219252444272));
#12041 = CARTESIAN_POINT('',(10.382889022362,-8.564221012831,
    1.265430165029));
#12042 = CARTESIAN_POINT('',(10.37688742551,-8.498767054144,
    1.312346433536));
#12043 = CARTESIAN_POINT('',(10.368220527454,-8.434977178829,
    1.359825894442));
#12044 = CARTESIAN_POINT('',(10.357119123389,-8.372984566819,
    1.407680762703));
#12045 = CARTESIAN_POINT('',(10.343819985816,-8.312906155969,
    1.455712586017));
#12046 = CARTESIAN_POINT('',(10.293674843147,-8.12203061751,
    1.613513710906));
#12047 = CARTESIAN_POINT('',(10.248284180143,-7.998727968497,
    1.724012840292));
#12048 = CARTESIAN_POINT('',(10.194542598491,-7.884645448745,
    1.834220207553));
#12049 = CARTESIAN_POINT('',(10.13392174415,-7.779169613153,
    1.943431524311));
#12050 = CARTESIAN_POINT('',(10.067313743287,-7.681570361329,
    2.051243426677));
#12051 = CARTESIAN_POINT('',(9.995107372049,-7.591170480817,
    2.157414135062));
#12052 = CARTESIAN_POINT('',(9.849100219988,-7.434234825291,
    2.352723965757));
#12053 = CARTESIAN_POINT('',(9.777000624774,-7.36653395547,
    2.441830176292));
#12054 = CARTESIAN_POINT('',(9.70090130158,-7.303848160199,
    2.528789776984));
#12055 = CARTESIAN_POINT('',(9.620542791368,-7.245910135112,
    2.613306444126));
#12056 = CARTESIAN_POINT('',(9.53563631127,-7.192776531603,
    2.694656754641));
#12057 = CARTESIAN_POINT('',(9.445940057835,-7.14474679246,
    2.771515724646));
#12058 = CARTESIAN_POINT('',(9.299271712389,-7.079062880387,
    2.880605785451));
#12059 = CARTESIAN_POINT('',(9.245599202942,-7.057397176192,
    2.917466927267));
#12060 = CARTESIAN_POINT('',(9.190195492888,-7.037457109887,
    2.952172532025));
#12061 = CARTESIAN_POINT('',(9.133015035717,-7.01937555511,
    2.984308535135));
#12062 = CARTESIAN_POINT('',(9.074014569909,-7.003307049455,
    3.013392024417));
#12063 = CARTESIAN_POINT('',(9.013146146886,-6.989431110448,
    3.038876927589));
#12064 = CARTESIAN_POINT('',(8.879852698857,-6.96509190137,
    3.084059274006));
#12065 = CARTESIAN_POINT('',(8.806444141621,-6.955167736177,
    3.102826867261));
#12066 = CARTESIAN_POINT('',(8.731235839961,-6.948804383039,
    3.115061137348));
#12067 = CARTESIAN_POINT('',(8.655159309595,-6.946288676916,
    3.119922519605));
#12068 = CARTESIAN_POINT('',(8.579059892601,-6.947700138013,3.1171633461
    ));
#12069 = CARTESIAN_POINT('',(8.503794629418,-6.952933728695,
    3.107128840909));
#12070 = CARTESIAN_POINT('',(8.386990217313,-6.966756756516,
    3.081057522672));
#12071 = CARTESIAN_POINT('',(8.344349853895,-6.973081771774,
    3.069184893786));
#12072 = CARTESIAN_POINT('',(8.302435343936,-6.980541058797,
    3.055276712865));
#12073 = CARTESIAN_POINT('',(8.261277684548,-6.989073567993,
    3.039505440901));
#12074 = CARTESIAN_POINT('',(8.220915286024,-6.99861587844,
    3.022052184336));
#12075 = CARTESIAN_POINT('',(8.181392538088,-7.009099615595,
    3.003105347881));
#12076 = CARTESIAN_POINT('',(8.109259253952,-7.030289642239,
    2.965304221514));
#12077 = CARTESIAN_POINT('',(8.076379332026,-7.040795557545,
    2.946746652048));
#12078 = CARTESIAN_POINT('',(8.044104220135,-7.051935322735,
    2.927282018339));
#12079 = CARTESIAN_POINT('',(8.012418618402,-7.063681695385,
    2.906996335407));
#12080 = CARTESIAN_POINT('',(7.981306317305,-7.076011482843,
    2.885966193893));
#12081 = CARTESIAN_POINT('',(7.950750197676,-7.088905542227,
    2.864258760057));
#12082 = CARTESIAN_POINT('',(7.826059942164,-7.14474679246,
    2.771515724646));
#12083 = CARTESIAN_POINT('',(7.73636368873,-7.192776531603,
    2.694656754641));
#12084 = CARTESIAN_POINT('',(7.651457208632,-7.245910135112,
    2.613306444125));
#12085 = CARTESIAN_POINT('',(7.571098698421,-7.303848160198,
    2.528789776984));
#12086 = CARTESIAN_POINT('',(7.494999375225,-7.366533955471,
    2.441830176292));
#12087 = CARTESIAN_POINT('',(7.422899780012,-7.434234825291,
    2.352723965757));
#12088 = CARTESIAN_POINT('',(7.288493885876,-7.578700879214,
    2.172932824998));
#12089 = CARTESIAN_POINT('',(7.226283797195,-7.65482859937,2.08277689153
    ));
#12090 = CARTESIAN_POINT('',(7.168124106927,-7.736153529246,
    1.991359777883));
#12091 = CARTESIAN_POINT('',(7.114242422583,-7.823041198524,
    1.89888603577));
#12092 = CARTESIAN_POINT('',(7.065105854164,-7.915908133537,
    1.805599935283));
#12093 = CARTESIAN_POINT('',(7.021456855908,-8.01515033815,
    1.711857534569));
#12094 = CARTESIAN_POINT('',(6.968934190104,-8.165109117637,
    1.579170123678));
#12095 = CARTESIAN_POINT('',(6.954617684052,-8.210384997886,
    1.540137065518));
#12096 = CARTESIAN_POINT('',(6.941508977004,-8.256868479879,
    1.501120814284));
#12097 = CARTESIAN_POINT('',(6.929701209464,-8.304570589652,
    1.462169385722));
#12098 = CARTESIAN_POINT('',(6.919297468684,-8.353495672269,
    1.423336085673));
#12099 = CARTESIAN_POINT('',(6.910410790178,-8.403641705853,
    1.384677950178));
#12100 = CARTESIAN_POINT('',(6.897056845857,-8.498284861667,
    1.313871417169));
#12101 = CARTESIAN_POINT('',(6.892107979972,-8.542476254041,
    1.281620897578));
#12102 = CARTESIAN_POINT('',(6.888409296597,-8.587479082222,
    1.249609426794));
#12103 = CARTESIAN_POINT('',(6.886041626023,-8.633192929257,
    1.217935414539));
#12104 = CARTESIAN_POINT('',(6.88507481223,-8.679514184822,
    1.186688096852));
#12105 = CARTESIAN_POINT('',(6.885567631311,-8.726337558317,
    1.155946752643));
#12106 = CARTESIAN_POINT('',(6.891157394543,-8.858306776755,
    1.071637340175));
#12107 = CARTESIAN_POINT('',(6.899584411191,-8.943906564244,
    1.019618401348));
#12108 = CARTESIAN_POINT('',(6.913033661812,-9.029665607886,
    0.97012386825));
#12109 = CARTESIAN_POINT('',(6.931547175175,-9.114889401143,
    0.923437575913));
#12110 = CARTESIAN_POINT('',(6.955019637924,-9.198885126492,
    0.879739765615));
#12111 = CARTESIAN_POINT('',(6.983194276018,-9.280980443882,
    0.839120138834));
#12112 = CARTESIAN_POINT('',(7.045444725745,-9.433564971089,
    0.767158257723));
#12113 = CARTESIAN_POINT('',(7.078893303649,-9.504579931528,
    0.735267006432));
#12114 = CARTESIAN_POINT('',(7.115818540763,-9.573373321678,
    0.705818610788));
#12115 = CARTESIAN_POINT('',(7.156006968461,-9.639726195427,
    0.678703899448));
#12116 = CARTESIAN_POINT('',(7.199219027045,-9.703435892822,
    0.653805075731));
#12117 = CARTESIAN_POINT('',(7.245190163814,-9.764323494099,
    0.630997998803));
#12118 = CARTESIAN_POINT('',(7.322597954262,-9.856873530881,
    0.597690958261));
#12119 = CARTESIAN_POINT('',(7.352459395861,-9.890458230482,
    0.585924449927));
#12120 = CARTESIAN_POINT('',(7.383168370581,-9.922976714088,
    0.574823302838));
#12121 = CARTESIAN_POINT('',(7.414676826371,-9.954412264336,
    0.564356998651));
#12122 = CARTESIAN_POINT('',(7.446936544475,-9.984750104919,0.5544961377
    ));
#12123 = CARTESIAN_POINT('',(7.479899139431,-10.01397740058,
    0.545212438993));
#12124 = CARTESIAN_POINT('',(7.554180703153,-10.07608145405,
    0.525914037793));
#12125 = CARTESIAN_POINT('',(7.595803834272,-10.10843961545,
    0.516153877448));
#12126 = CARTESIAN_POINT('',(7.638311092621,-10.13914810688,
    0.50714751375));
#12127 = CARTESIAN_POINT('',(7.68163005694,-10.16819946274,
    0.498847891653));
#12128 = CARTESIAN_POINT('',(7.725690244515,-10.19558838625,
    0.491211646496));
#12129 = CARTESIAN_POINT('',(7.77042311118,-10.22131174945,
    0.484199104002));
#12130 = CARTESIAN_POINT('',(7.92608835002,-10.30390773254,
    0.462140323705));
#12131 = CARTESIAN_POINT('',(8.039985113505,-10.35256903157,
    0.449988859147));
#12132 = CARTESIAN_POINT('',(8.156603842909,-10.3914029207,
    0.440782508279));
#12133 = CARTESIAN_POINT('',(8.27518832048,-10.4204703359,0.434133047677
    ));
#12134 = CARTESIAN_POINT('',(8.395048100849,-10.43982493621,
    0.429785916611));
#12135 = CARTESIAN_POINT('',(8.515531774005,-10.4495,0.427612885578));
#12136 = CARTESIAN_POINT('',(8.722350197142,-10.4495,0.427612885578));
#12137 = CARTESIAN_POINT('',(8.808699715201,-10.44452937621,
    0.428729186482));
#12138 = CARTESIAN_POINT('',(8.89481978387,-10.43458719148,
    0.430962431778));
#12139 = CARTESIAN_POINT('',(8.980473266344,-10.41966496485,
    0.434345919044));
#12140 = CARTESIAN_POINT('',(9.065413428115,-10.39974772773,
    0.438946887138));
#12141 = CARTESIAN_POINT('',(9.149382705772,-10.37481508008,
    0.444867803386));
#12142 = CARTESIAN_POINT('',(9.31223384036,-10.3158137201,0.459394992893
    ));
#12143 = CARTESIAN_POINT('',(9.391208865814,-10.28205157027,
    0.467912359023));
#12144 = CARTESIAN_POINT('',(9.468756595537,-10.24354057793,
    0.477924838651));
#12145 = CARTESIAN_POINT('',(9.544580613593,-10.20027532183,
    0.489586839665));
#12146 = CARTESIAN_POINT('',(9.618367311029,-10.15226191814,
    0.50308327475));
#12147 = CARTESIAN_POINT('',(9.689785152172,-10.09951976004,
    0.51863074778));
#12148 = CARTESIAN_POINT('',(9.792100860569,-10.01397740058,
    0.545212438993));
#12149 = CARTESIAN_POINT('',(9.825063455525,-9.984750104919,0.5544961377
    ));
#12150 = CARTESIAN_POINT('',(9.857323173629,-9.954412264336,
    0.564356998651));
#12151 = CARTESIAN_POINT('',(9.888831629419,-9.922976714088,
    0.574823302838));
#12152 = CARTESIAN_POINT('',(9.919540604139,-9.890458230482,
    0.585924449927));
#12153 = CARTESIAN_POINT('',(9.949402045738,-9.856873530881,
    0.597690958261));
#12154 = CARTESIAN_POINT('',(9.994614367017,-9.802816930465,
    0.617144925479));
#12155 = CARTESIAN_POINT('',(10.010577985123,-9.783064269483,
    0.624354177849));
#12156 = CARTESIAN_POINT('',(10.026249888332,-9.762987319639,
    0.631787529615));
#12157 = CARTESIAN_POINT('',(10.041620994468,-9.742590635257,
    0.639450196671));
#12158 = CARTESIAN_POINT('',(10.056682174037,-9.721879296111,
    0.64734730315));
#12159 = CARTESIAN_POINT('',(10.071424250221,-9.700858907423,
    0.655483881431));
#12160 = CARTESIAN_POINT('',(10.114417197491,-9.637256311103,
    0.680482478234));
#12161 = CARTESIAN_POINT('',(10.141714089189,-9.593773833553,
    0.698065724011));
#12162 = CARTESIAN_POINT('',(10.167647468036,-9.549147132719,
    0.716649004003));
#12163 = CARTESIAN_POINT('',(10.192142267258,-9.503441073626,
    0.736264601528));
#12164 = CARTESIAN_POINT('',(10.215129764321,-9.456725103139,
    0.756942410838));
#12165 = CARTESIAN_POINT('',(10.236547786001,-9.409071932291,
    0.778709659285));
#12166 = CARTESIAN_POINT('',(10.280903226954,-9.300350565352,
    0.829984806413));
#12167 = CARTESIAN_POINT('',(10.302982200295,-9.238770006073,
    0.860116015793));
#12168 = CARTESIAN_POINT('',(10.32242267706,-9.17605675816,
    0.891987129649));
#12169 = CARTESIAN_POINT('',(10.339112122643,-9.112465889017,
    0.925579515886));
#12170 = CARTESIAN_POINT('',(10.352979731473,-9.048260991689,
    0.960850102548));
#12171 = CARTESIAN_POINT('',(10.363995534237,-8.983709860478,
    0.997728442085));
#12172 = CARTESIAN_POINT('',(10.376167032669,-8.887472642245,
    1.054886344223));
#12173 = CARTESIAN_POINT('',(10.379481840265,-8.855870010393,
    1.074005203692));
#12174 = CARTESIAN_POINT('',(10.382115303041,-8.824317191606,
    1.09344980023));
#12175 = CARTESIAN_POINT('',(10.384072704461,-8.792859036223,
    1.113196721568));
#12176 = CARTESIAN_POINT('',(10.385363236308,-8.761540324323,
    1.133219696956));
#12177 = CARTESIAN_POINT('',(10.385999998682,-8.730405765728,
    1.153489597166));
#12178 = CARTESIAN_POINT('',(10.386,-8.6995,1.17397443449));
#12179 = ORIENTED_EDGE('',*,*,#12029,.F.);
#12180 = ORIENTED_EDGE('',*,*,#11536,.F.);
#12181 = CYLINDRICAL_SURFACE('',#12182,1.75);
#12182 = AXIS2_PLACEMENT_3D('',#12183,#12184,#12185);
#12183 = CARTESIAN_POINT('',(8.636,-8.6995,0.));
#12184 = DIRECTION('',(-0.,-0.,-1.));
#12185 = DIRECTION('',(1.,0.,0.));
#12186 = ADVANCED_FACE('',(#12187),#12193,.F.);
#12187 = FACE_BOUND('',#12188,.F.);
#12188 = EDGE_LOOP('',(#12189,#12190,#12191,#12192));
#12189 = ORIENTED_EDGE('',*,*,#11547,.T.);
#12190 = ORIENTED_EDGE('',*,*,#11573,.T.);
#12191 = ORIENTED_EDGE('',*,*,#11565,.T.);
#12192 = ORIENTED_EDGE('',*,*,#11557,.T.);
#12193 = PLANE('',#12194);
#12194 = AXIS2_PLACEMENT_3D('',#12195,#12196,#12197);
#12195 = CARTESIAN_POINT('',(48.38,-11.6,0.1));
#12196 = DIRECTION('',(0.,0.,1.));
#12197 = DIRECTION('',(1.,0.,-0.));
#12198 = ADVANCED_FACE('',(#12199),#12354,.F.);
#12199 = FACE_BOUND('',#12200,.F.);
#12200 = EDGE_LOOP('',(#12201,#12209,#12352,#12353));
#12201 = ORIENTED_EDGE('',*,*,#12202,.T.);
#12202 = EDGE_CURVE('',#11582,#12203,#12205,.T.);
#12203 = VERTEX_POINT('',#12204);
#12204 = CARTESIAN_POINT('',(40.358,-3.9624,1.148958505081));
#12205 = LINE('',#12206,#12207);
#12206 = CARTESIAN_POINT('',(40.358,-3.9624,0.));
#12207 = VECTOR('',#12208,1.);
#12208 = DIRECTION('',(0.,0.,1.));
#12209 = ORIENTED_EDGE('',*,*,#12210,.F.);
#12210 = EDGE_CURVE('',#12203,#12203,#12211,.T.);
#12211 = B_SPLINE_CURVE_WITH_KNOTS('',7,(#12212,#12213,#12214,#12215,
    #12216,#12217,#12218,#12219,#12220,#12221,#12222,#12223,#12224,
    #12225,#12226,#12227,#12228,#12229,#12230,#12231,#12232,#12233,
    #12234,#12235,#12236,#12237,#12238,#12239,#12240,#12241,#12242,
    #12243,#12244,#12245,#12246,#12247,#12248,#12249,#12250,#12251,
    #12252,#12253,#12254,#12255,#12256,#12257,#12258,#12259,#12260,
    #12261,#12262,#12263,#12264,#12265,#12266,#12267,#12268,#12269,
    #12270,#12271,#12272,#12273,#12274,#12275,#12276,#12277,#12278,
    #12279,#12280,#12281,#12282,#12283,#12284,#12285,#12286,#12287,
    #12288,#12289,#12290,#12291,#12292,#12293,#12294,#12295,#12296,
    #12297,#12298,#12299,#12300,#12301,#12302,#12303,#12304,#12305,
    #12306,#12307,#12308,#12309,#12310,#12311,#12312,#12313,#12314,
    #12315,#12316,#12317,#12318,#12319,#12320,#12321,#12322,#12323,
    #12324,#12325,#12326,#12327,#12328,#12329,#12330,#12331,#12332,
    #12333,#12334,#12335,#12336,#12337,#12338,#12339,#12340,#12341,
    #12342,#12343,#12344,#12345,#12346,#12347,#12348,#12349,#12350,
    #12351),.UNSPECIFIED.,.T.,.F.,(1,7,6,6,6,6,6,6,6,6,6,6,6,6,6,6,6,6,6
    ,6,6,6,6,6,7,1),(-3.7608644267E-02,0.,5.101485065896E-02,
    8.023037970899E-02,9.471181311186E-02,0.12082448667,0.151121229172,
    0.17332114421,0.228445725309,0.305765918067,0.336056783894,
    0.362164392364,0.405836475229,0.43682163571,0.476798578706,
    0.50799160203,0.581419533514,0.656574984199,0.681248139506,
    0.729332032819,0.758540960206,0.801726617442,0.876334455931,
    0.962391355733,1.,1.051014850659),.UNSPECIFIED.);
#12212 = CARTESIAN_POINT('',(40.358,-3.9624,1.148958505081));
#12213 = CARTESIAN_POINT('',(40.357999996012,-3.870859380528,
    1.089421264973));
#12214 = CARTESIAN_POINT('',(40.352413354795,-3.777674038024,
    1.031975356708));
#12215 = CARTESIAN_POINT('',(40.340879745769,-3.6837956388,
    0.977264418197));
#12216 = CARTESIAN_POINT('',(40.323261908328,-3.590186396516,
    0.925750153181));
#12217 = CARTESIAN_POINT('',(40.299651125098,-3.497811567084,
    0.877730444066));
#12218 = CARTESIAN_POINT('',(40.270374103082,-3.407609691467,
    0.833360171811));
#12219 = CARTESIAN_POINT('',(40.216316392396,-3.270519994848,
    0.769374736741));
#12220 = CARTESIAN_POINT('',(40.194919636863,-3.221491142656,
    0.747235203271));
#12221 = CARTESIAN_POINT('',(40.171870373022,-3.173434275656,
    0.726230497493));
#12222 = CARTESIAN_POINT('',(40.147235399738,-3.126427614459,
    0.706331683914));
#12223 = CARTESIAN_POINT('',(40.121088699271,-3.080545838302,
    0.68750684333));
#12224 = CARTESIAN_POINT('',(40.093511198743,-3.035858568926,
    0.669721379667));
#12225 = CARTESIAN_POINT('',(40.050255254156,-2.970901792005,
    0.644619372149));
#12226 = CARTESIAN_POINT('',(40.035587663332,-2.949680310121,
    0.636545412565));
#12227 = CARTESIAN_POINT('',(40.02059717083,-2.928770565354,
    0.628711399196));
#12228 = CARTESIAN_POINT('',(40.005293132631,-2.908178175906,
    0.621112191568));
#12229 = CARTESIAN_POINT('',(39.989684849015,-2.887908221618,
    0.613742557606));
#12230 = CARTESIAN_POINT('',(39.973781564558,-2.867965243965,
    0.606597173639));
#12231 = CARTESIAN_POINT('',(39.928400565753,-2.812989226157,
    0.587180789011));
#12232 = CARTESIAN_POINT('',(39.898282744646,-2.778705580547,
    0.57540407026));
#12233 = CARTESIAN_POINT('',(39.867289384809,-2.74552130264,
    0.564307081411));
#12234 = CARTESIAN_POINT('',(39.835470947883,-2.713453344327,
    0.553857646395));
#12235 = CARTESIAN_POINT('',(39.80287797715,-2.682516615984,
    0.544024799804));
#12236 = CARTESIAN_POINT('',(39.769561097532,-2.652723986467,
    0.534778786889));
#12237 = CARTESIAN_POINT('',(39.69613465693,-2.590859921893,
    0.516011294598));
#12238 = CARTESIAN_POINT('',(39.655790697406,-2.559187057956,
    0.506682735958));
#12239 = CARTESIAN_POINT('',(39.614607848047,-2.529075882999,
    0.498058476239));
#12240 = CARTESIAN_POINT('',(39.572652969115,-2.50053266973,
    0.490094923685));
#12241 = CARTESIAN_POINT('',(39.529991070103,-2.473561771873,
    0.482751806192));
#12242 = CARTESIAN_POINT('',(39.486685309735,-2.448165624168,
    0.475992171306));
#12243 = CARTESIAN_POINT('',(39.410637867424,-2.406890009344,
    0.46523217092));
#12244 = CARTESIAN_POINT('',(39.378163933794,-2.390280047953,
    0.460976884714));
#12245 = CARTESIAN_POINT('',(39.345397840511,-2.374514406725,
    0.457003141369));
#12246 = CARTESIAN_POINT('',(39.312361352679,-2.359592352871,
    0.453298528848));
#12247 = CARTESIAN_POINT('',(39.279075355079,-2.345512872283,
    0.449851609309));
#12248 = CARTESIAN_POINT('',(39.24555985217,-2.332274669542,
    0.446651919103));
#12249 = CARTESIAN_POINT('',(39.128089267757,-2.289089464108,
    0.436335153651));
#12250 = CARTESIAN_POINT('',(39.043058417677,-2.263484189476,
    0.430446945031));
#12251 = CARTESIAN_POINT('',(38.95702189734,-2.243032348151,
    0.425879071302));
#12252 = CARTESIAN_POINT('',(38.870247208441,-2.227710988259,
    0.422523787775));
#12253 = CARTESIAN_POINT('',(38.782990090096,-2.217503347711,
    0.42031045747));
#12254 = CARTESIAN_POINT('',(38.695495734071,-2.2124,0.419204131911));
#12255 = CARTESIAN_POINT('',(38.485274586239,-2.2124,0.419204131911));
#12256 = CARTESIAN_POINT('',(38.362537013937,-2.222441014679,
    0.421381092203));
#12257 = CARTESIAN_POINT('',(38.240455408686,-2.24252666264,
    0.425735896256));
#12258 = CARTESIAN_POINT('',(38.119712864253,-2.272695316553,
    0.432406213903));
#12259 = CARTESIAN_POINT('',(38.001037455898,-2.313009422051,
    0.441665537491));
#12260 = CARTESIAN_POINT('',(37.885231920577,-2.363539772893,
    0.453931344443));
#12261 = CARTESIAN_POINT('',(37.729314690265,-2.448165624168,
    0.475992171306));
#12262 = CARTESIAN_POINT('',(37.686008929898,-2.473561771873,
    0.482751806192));
#12263 = CARTESIAN_POINT('',(37.643347030885,-2.50053266973,
    0.490094923685));
#12264 = CARTESIAN_POINT('',(37.601392151953,-2.529075882999,
    0.498058476239));
#12265 = CARTESIAN_POINT('',(37.560209302594,-2.559187057956,
    0.506682735958));
#12266 = CARTESIAN_POINT('',(37.51986534307,-2.590859921893,
    0.516011294598));
#12267 = CARTESIAN_POINT('',(37.446438902468,-2.652723986467,
    0.534778786889));
#12268 = CARTESIAN_POINT('',(37.41312202285,-2.682516615984,
    0.544024799804));
#12269 = CARTESIAN_POINT('',(37.380529052117,-2.713453344327,
    0.553857646395));
#12270 = CARTESIAN_POINT('',(37.348710615191,-2.74552130264,
    0.564307081411));
#12271 = CARTESIAN_POINT('',(37.317717255354,-2.778705580547,
    0.57540407026));
#12272 = CARTESIAN_POINT('',(37.287599434247,-2.812989226157,
    0.587180789011));
#12273 = CARTESIAN_POINT('',(37.209576127754,-2.907509197073,
    0.620563274383));
#12274 = CARTESIAN_POINT('',(37.163299352368,-2.969731800881,
    0.643466499698));
#12275 = CARTESIAN_POINT('',(37.119882171205,-3.034866904926,
    0.668515783501));
#12276 = CARTESIAN_POINT('',(37.079604285408,-3.102726586067,
    0.695842139826));
#12277 = CARTESIAN_POINT('',(37.042718907531,-3.173097402219,
    0.725569637172));
#12278 = CARTESIAN_POINT('',(37.009451537291,-3.245748644003,
    0.757812922103));
#12279 = CARTESIAN_POINT('',(36.959102098704,-3.373434207693,
    0.817409059131));
#12280 = CARTESIAN_POINT('',(36.940126682534,-3.42745245625,
    0.843460235276));
#12281 = CARTESIAN_POINT('',(36.92317136751,-3.482339007451,
    0.870832423771));
#12282 = CARTESIAN_POINT('',(36.908312207869,-3.537924977302,
    0.899514639361));
#12283 = CARTESIAN_POINT('',(36.895601916444,-3.594034705577,
    0.929481135978));
#12284 = CARTESIAN_POINT('',(36.885069347732,-3.650491538979,
    0.960691783673));
#12285 = CARTESIAN_POINT('',(36.865945367669,-3.780190114901,
    1.034895663385));
#12286 = CARTESIAN_POINT('',(36.858838545043,-3.853319146897,
    1.078548519718));
#12287 = CARTESIAN_POINT('',(36.855383004563,-3.926036387839,
    1.123856474793));
#12288 = CARTESIAN_POINT('',(36.855474356615,-3.997868200554,
    1.170561483425));
#12289 = CARTESIAN_POINT('',(36.858920474847,-4.068346123652,
    1.218339087957));
#12290 = CARTESIAN_POINT('',(36.865442640518,-4.137011362048,
    1.266795511212));
#12291 = CARTESIAN_POINT('',(36.881881785627,-4.255235737147,
    1.353440156501));
#12292 = CARTESIAN_POINT('',(36.890758833761,-4.305829001948,
    1.391656143558));
#12293 = CARTESIAN_POINT('',(36.90118248587,-4.355189614421,
    1.430052060414));
#12294 = CARTESIAN_POINT('',(36.913037396024,-4.40331421422,
    1.468569231146));
#12295 = CARTESIAN_POINT('',(36.926218240803,-4.450205948058,
    1.507152606455));
#12296 = CARTESIAN_POINT('',(36.94062974236,-4.495874879646,
    1.545752416002));
#12297 = CARTESIAN_POINT('',(36.992807527551,-4.645004890804,
    1.675127064735));
#12298 = CARTESIAN_POINT('',(37.035854790784,-4.743215325688,
    1.765976298938));
#12299 = CARTESIAN_POINT('',(37.084291124355,-4.835213985674,
    1.856372435454));
#12300 = CARTESIAN_POINT('',(37.137399522139,-4.921378149966,
    1.945967533574));
#12301 = CARTESIAN_POINT('',(37.194725700935,-5.00210552148,
    2.034518592907));
#12302 = CARTESIAN_POINT('',(37.256044304306,-5.07774667837,
    2.121821010321));
#12303 = CARTESIAN_POINT('',(37.388189976365,-5.221084960586,
    2.295445047933));
#12304 = CARTESIAN_POINT('',(37.458926820039,-5.288248747529,
    2.381326662182));
#12305 = CARTESIAN_POINT('',(37.53356815237,-5.350532336448,
    2.465123793962));
#12306 = CARTESIAN_POINT('',(37.612316766505,-5.40817057855,
    2.546522851347));
#12307 = CARTESIAN_POINT('',(37.695415376957,-5.461121223132,
    2.624851994726));
#12308 = CARTESIAN_POINT('',(37.783079116673,-5.509124754412,
    2.698934608785));
#12309 = CARTESIAN_POINT('',(37.905816429048,-5.565694713578,
    2.789426431771));
#12310 = CARTESIAN_POINT('',(37.936694910377,-5.579107710124,
    2.811174057998));
#12311 = CARTESIAN_POINT('',(37.968133065271,-5.591937050886,
    2.832246970045));
#12312 = CARTESIAN_POINT('',(38.000146470726,-5.604163727616,
    2.852579594382));
#12313 = CARTESIAN_POINT('',(38.032749928143,-5.615764818708,
    2.872097603171));
#12314 = CARTESIAN_POINT('',(38.065957463332,-5.6267134892,
    2.890717914265));
#12315 = CARTESIAN_POINT('',(38.165701382749,-5.656984753172,
    2.942708155447));
#12316 = CARTESIAN_POINT('',(38.234747638346,-5.674633536379,
    2.97371728452));
#12317 = CARTESIAN_POINT('',(38.306285996488,-5.68933302872,
    3.00010319735));
#12318 = CARTESIAN_POINT('',(38.379787227213,-5.700692854656,
    3.020824187084));
#12319 = CARTESIAN_POINT('',(38.454813805266,-5.708446851919,
    3.035087609666));
#12320 = CARTESIAN_POINT('',(38.530996254667,-5.7124,3.042358430716));
#12321 = CARTESIAN_POINT('',(38.654776511863,-5.7124,3.042358430716));
#12322 = CARTESIAN_POINT('',(38.701450216389,-5.71094105215,
    3.039675475291));
#12323 = CARTESIAN_POINT('',(38.747869617801,-5.708035683917,3.034330484
    ));
#12324 = CARTESIAN_POINT('',(38.793879697111,-5.703714850077,
    3.026406515907));
#12325 = CARTESIAN_POINT('',(38.839316537461,-5.698032565775,
    3.016048564555));
#12326 = CARTESIAN_POINT('',(38.884001949475,-5.691070539604,
    3.003463352926));
#12327 = CARTESIAN_POINT('',(38.992402376582,-5.670925881709,
    2.967415363963));
#12328 = CARTESIAN_POINT('',(39.055090885829,-5.656342854875,
    2.941596030986));
#12329 = CARTESIAN_POINT('',(39.115857841068,-5.639420125881,
    2.912069400088));
#12330 = CARTESIAN_POINT('',(39.174745526554,-5.620345185448,
    2.879391652426));
#12331 = CARTESIAN_POINT('',(39.231791047298,-5.599279967974,
    2.844057615603));
#12332 = CARTESIAN_POINT('',(39.287033095662,-5.57636483024,
    2.806494825003));
#12333 = CARTESIAN_POINT('',(39.432920883327,-5.509124754412,
    2.698934608785));
#12334 = CARTESIAN_POINT('',(39.520584623043,-5.461121223132,
    2.624851994725));
#12335 = CARTESIAN_POINT('',(39.603683233494,-5.40817057855,
    2.546522851347));
#12336 = CARTESIAN_POINT('',(39.682431847631,-5.350532336448,
    2.465123793962));
#12337 = CARTESIAN_POINT('',(39.757073179961,-5.288248747529,
    2.381326662182));
#12338 = CARTESIAN_POINT('',(39.827810023635,-5.221084960586,
    2.295445047933));
#12339 = CARTESIAN_POINT('',(39.971749295225,-5.064954172407,
    2.106325592752));
#12340 = CARTESIAN_POINT('',(40.043230980932,-4.97469336481,
    2.003016601151));
#12341 = CARTESIAN_POINT('',(40.109140823991,-4.877319036929,
    1.898066976264));
#12342 = CARTESIAN_POINT('',(40.169087211644,-4.772172513642,
    1.791728071496));
#12343 = CARTESIAN_POINT('',(40.22218852348,-4.658546016708,
    1.684407161754));
#12344 = CARTESIAN_POINT('',(40.266999652711,-4.535847077879,
    1.576799250916));
#12345 = CARTESIAN_POINT('',(40.316460590852,-4.346091094346,
    1.423148139697));
#12346 = CARTESIAN_POINT('',(40.32957101089,-4.286393102906,
    1.376385423053));
#12347 = CARTESIAN_POINT('',(40.340508800975,-4.224813944345,
    1.329796052498));
#12348 = CARTESIAN_POINT('',(40.349041291765,-4.161477351772,
    1.283578570876));
#12349 = CARTESIAN_POINT('',(40.354943951831,-4.096522672267,
    1.237919943386));
#12350 = CARTESIAN_POINT('',(40.35799999705,-4.030105781773,
    1.192993771198));
#12351 = CARTESIAN_POINT('',(40.358,-3.9624,1.148958505081));
#12352 = ORIENTED_EDGE('',*,*,#12202,.F.);
#12353 = ORIENTED_EDGE('',*,*,#11581,.F.);
#12354 = CYLINDRICAL_SURFACE('',#12355,1.75);
#12355 = AXIS2_PLACEMENT_3D('',#12356,#12357,#12358);
#12356 = CARTESIAN_POINT('',(38.608,-3.9624,0.));
#12357 = DIRECTION('',(-0.,-0.,-1.));
#12358 = DIRECTION('',(1.,0.,0.));
#12359 = ADVANCED_FACE('',(#12360,#12434,#12445),#12473,.T.);
#12360 = FACE_BOUND('',#12361,.T.);
#12361 = EDGE_LOOP('',(#12362,#12363,#12364,#12373,#12382,#12390,#12398,
    #12406,#12415,#12424,#12430,#12431,#12432,#12433));
#12362 = ORIENTED_EDGE('',*,*,#11599,.T.);
#12363 = ORIENTED_EDGE('',*,*,#11674,.T.);
#12364 = ORIENTED_EDGE('',*,*,#12365,.T.);
#12365 = EDGE_CURVE('',#11675,#12366,#12368,.T.);
#12366 = VERTEX_POINT('',#12367);
#12367 = CARTESIAN_POINT('',(-0.6,-6.35,5.55));
#12368 = CIRCLE('',#12369,5.25);
#12369 = AXIS2_PLACEMENT_3D('',#12370,#12371,#12372);
#12370 = CARTESIAN_POINT('',(-0.6,-11.6,5.55));
#12371 = DIRECTION('',(1.,0.,0.));
#12372 = DIRECTION('',(-0.,1.,0.));
#12373 = ORIENTED_EDGE('',*,*,#12374,.T.);
#12374 = EDGE_CURVE('',#12366,#12375,#12377,.T.);
#12375 = VERTEX_POINT('',#12376);
#12376 = CARTESIAN_POINT('',(-0.6,-3.725,1.003366630132));
#12377 = CIRCLE('',#12378,5.25);
#12378 = AXIS2_PLACEMENT_3D('',#12379,#12380,#12381);
#12379 = CARTESIAN_POINT('',(-0.6,-1.1,5.55));
#12380 = DIRECTION('',(1.,0.,0.));
#12381 = DIRECTION('',(-0.,1.,0.));
#12382 = ORIENTED_EDGE('',*,*,#12383,.T.);
#12383 = EDGE_CURVE('',#12375,#12384,#12386,.T.);
#12384 = VERTEX_POINT('',#12385);
#12385 = CARTESIAN_POINT('',(-0.6,-3.725,9.85));
#12386 = LINE('',#12387,#12388);
#12387 = CARTESIAN_POINT('',(-0.6,-3.725,3.155504382867));
#12388 = VECTOR('',#12389,1.);
#12389 = DIRECTION('',(1.528824931685E-16,0.,1.));
#12390 = ORIENTED_EDGE('',*,*,#12391,.F.);
#12391 = EDGE_CURVE('',#12392,#12384,#12394,.T.);
#12392 = VERTEX_POINT('',#12393);
#12393 = CARTESIAN_POINT('',(-0.6,1.525,9.85));
#12394 = LINE('',#12395,#12396);
#12395 = CARTESIAN_POINT('',(-0.6,-3.721726825196,9.85));
#12396 = VECTOR('',#12397,1.);
#12397 = DIRECTION('',(5.313971236286E-20,-1.,0.));
#12398 = ORIENTED_EDGE('',*,*,#12399,.T.);
#12399 = EDGE_CURVE('',#12392,#12400,#12402,.T.);
#12400 = VERTEX_POINT('',#12401);
#12401 = CARTESIAN_POINT('',(-0.6,1.525,1.003366630132));
#12402 = LINE('',#12403,#12404);
#12403 = CARTESIAN_POINT('',(-0.6,1.525,3.155504382867));
#12404 = VECTOR('',#12405,1.);
#12405 = DIRECTION('',(-1.528824931685E-16,-0.,-1.));
#12406 = ORIENTED_EDGE('',*,*,#12407,.T.);
#12407 = EDGE_CURVE('',#12400,#12408,#12410,.T.);
#12408 = VERTEX_POINT('',#12409);
#12409 = CARTESIAN_POINT('',(-0.6,4.15,5.55));
#12410 = CIRCLE('',#12411,5.25);
#12411 = AXIS2_PLACEMENT_3D('',#12412,#12413,#12414);
#12412 = CARTESIAN_POINT('',(-0.6,-1.1,5.55));
#12413 = DIRECTION('',(1.,0.,0.));
#12414 = DIRECTION('',(-0.,1.,0.));
#12415 = ORIENTED_EDGE('',*,*,#12416,.T.);
#12416 = EDGE_CURVE('',#12408,#12417,#12419,.T.);
#12417 = VERTEX_POINT('',#12418);
#12418 = CARTESIAN_POINT('',(-0.6,4.141421562897,5.85));
#12419 = CIRCLE('',#12420,5.25);
#12420 = AXIS2_PLACEMENT_3D('',#12421,#12422,#12423);
#12421 = CARTESIAN_POINT('',(-0.6,-1.1,5.55));
#12422 = DIRECTION('',(1.,0.,0.));
#12423 = DIRECTION('',(-0.,1.,0.));
#12424 = ORIENTED_EDGE('',*,*,#12425,.T.);
#12425 = EDGE_CURVE('',#12417,#11893,#12426,.T.);
#12426 = LINE('',#12427,#12428);
#12427 = CARTESIAN_POINT('',(-0.6,-2.8275,5.85));
#12428 = VECTOR('',#12429,1.);
#12429 = DIRECTION('',(0.,1.,0.));
#12430 = ORIENTED_EDGE('',*,*,#11950,.T.);
#12431 = ORIENTED_EDGE('',*,*,#11941,.T.);
#12432 = ORIENTED_EDGE('',*,*,#11924,.T.);
#12433 = ORIENTED_EDGE('',*,*,#11608,.T.);
#12434 = FACE_BOUND('',#12435,.T.);
#12435 = EDGE_LOOP('',(#12436));
#12436 = ORIENTED_EDGE('',*,*,#12437,.T.);
#12437 = EDGE_CURVE('',#12438,#12438,#12440,.T.);
#12438 = VERTEX_POINT('',#12439);
#12439 = CARTESIAN_POINT('',(-0.6,-11.6,9.55));
#12440 = CIRCLE('',#12441,4.2);
#12441 = AXIS2_PLACEMENT_3D('',#12442,#12443,#12444);
#12442 = CARTESIAN_POINT('',(-0.6,-11.6,5.35));
#12443 = DIRECTION('',(-1.,0.,0.));
#12444 = DIRECTION('',(0.,0.,1.));
#12445 = FACE_BOUND('',#12446,.T.);
#12446 = EDGE_LOOP('',(#12447,#12458,#12467));
#12447 = ORIENTED_EDGE('',*,*,#12448,.T.);
#12448 = EDGE_CURVE('',#12449,#12451,#12453,.T.);
#12449 = VERTEX_POINT('',#12450);
#12450 = CARTESIAN_POINT('',(-0.6,-6.341421562897,5.85));
#12451 = VERTEX_POINT('',#12452);
#12452 = CARTESIAN_POINT('',(-0.6,-6.35,5.55));
#12453 = CIRCLE('',#12454,5.25);
#12454 = AXIS2_PLACEMENT_3D('',#12455,#12456,#12457);
#12455 = CARTESIAN_POINT('',(-0.6,-1.1,5.55));
#12456 = DIRECTION('',(1.,0.,0.));
#12457 = DIRECTION('',(-0.,1.,0.));
#12458 = ORIENTED_EDGE('',*,*,#12459,.T.);
#12459 = EDGE_CURVE('',#12451,#12460,#12462,.T.);
#12460 = VERTEX_POINT('',#12461);
#12461 = CARTESIAN_POINT('',(-0.6,-6.358578437103,5.85));
#12462 = CIRCLE('',#12463,5.25);
#12463 = AXIS2_PLACEMENT_3D('',#12464,#12465,#12466);
#12464 = CARTESIAN_POINT('',(-0.6,-11.6,5.55));
#12465 = DIRECTION('',(1.,0.,0.));
#12466 = DIRECTION('',(-0.,1.,0.));
#12467 = ORIENTED_EDGE('',*,*,#12468,.T.);
#12468 = EDGE_CURVE('',#12460,#12449,#12469,.T.);
#12469 = LINE('',#12470,#12471);
#12470 = CARTESIAN_POINT('',(-0.6,-2.8275,5.85));
#12471 = VECTOR('',#12472,1.);
#12472 = DIRECTION('',(0.,1.,0.));
#12473 = PLANE('',#12474);
#12474 = AXIS2_PLACEMENT_3D('',#12475,#12476,#12477);
#12475 = CARTESIAN_POINT('',(-0.6,-6.343453650393,6.211008765734));
#12476 = DIRECTION('',(1.,5.313971236286E-20,-1.528824931685E-16));
#12477 = DIRECTION('',(1.528824931685E-16,0.,1.));
#12478 = ADVANCED_FACE('',(#12479),#12507,.T.);
#12479 = FACE_BOUND('',#12480,.T.);
#12480 = EDGE_LOOP('',(#12481,#12492,#12498,#12499,#12500));
#12481 = ORIENTED_EDGE('',*,*,#12482,.T.);
#12482 = EDGE_CURVE('',#12483,#12485,#12487,.T.);
#12483 = VERTEX_POINT('',#12484);
#12484 = CARTESIAN_POINT('',(48.38,4.15,9.802907158029));
#12485 = VERTEX_POINT('',#12486);
#12486 = CARTESIAN_POINT('',(48.38,0.695,11.1));
#12487 = CIRCLE('',#12488,5.25);
#12488 = AXIS2_PLACEMENT_3D('',#12489,#12490,#12491);
#12489 = CARTESIAN_POINT('',(48.38,0.695,5.85));
#12490 = DIRECTION('',(1.,0.,0.));
#12491 = DIRECTION('',(-0.,1.,0.));
#12492 = ORIENTED_EDGE('',*,*,#12493,.T.);
#12493 = EDGE_CURVE('',#12485,#11643,#12494,.T.);
#12494 = LINE('',#12495,#12496);
#12495 = CARTESIAN_POINT('',(48.38,0.695,11.1));
#12496 = VECTOR('',#12497,1.);
#12497 = DIRECTION('',(1.,0.,0.));
#12498 = ORIENTED_EDGE('',*,*,#11642,.F.);
#12499 = ORIENTED_EDGE('',*,*,#11852,.F.);
#12500 = ORIENTED_EDGE('',*,*,#12501,.T.);
#12501 = EDGE_CURVE('',#11853,#12483,#12502,.T.);
#12502 = CIRCLE('',#12503,5.25);
#12503 = AXIS2_PLACEMENT_3D('',#12504,#12505,#12506);
#12504 = CARTESIAN_POINT('',(48.38,0.695,5.85));
#12505 = DIRECTION('',(1.,0.,0.));
#12506 = DIRECTION('',(-0.,1.,0.));
#12507 = CYLINDRICAL_SURFACE('',#12508,5.25);
#12508 = AXIS2_PLACEMENT_3D('',#12509,#12510,#12511);
#12509 = CARTESIAN_POINT('',(48.38,0.695,5.85));
#12510 = DIRECTION('',(-1.,-0.,-0.));
#12511 = DIRECTION('',(0.,1.,0.));
#12512 = ADVANCED_FACE('',(#12513),#12524,.F.);
#12513 = FACE_BOUND('',#12514,.F.);
#12514 = EDGE_LOOP('',(#12515,#12516,#12517,#12518));
#12515 = ORIENTED_EDGE('',*,*,#12493,.T.);
#12516 = ORIENTED_EDGE('',*,*,#11651,.T.);
#12517 = ORIENTED_EDGE('',*,*,#11762,.T.);
#12518 = ORIENTED_EDGE('',*,*,#12519,.T.);
#12519 = EDGE_CURVE('',#11763,#12485,#12520,.T.);
#12520 = LINE('',#12521,#12522);
#12521 = CARTESIAN_POINT('',(48.38,-13.395,11.1));
#12522 = VECTOR('',#12523,1.);
#12523 = DIRECTION('',(0.,1.,0.));
#12524 = PLANE('',#12525);
#12525 = AXIS2_PLACEMENT_3D('',#12526,#12527,#12528);
#12526 = CARTESIAN_POINT('',(49.38,-6.35,11.1));
#12527 = DIRECTION('',(-0.,-0.,-1.));
#12528 = DIRECTION('',(-1.,0.,0.));
#12529 = ADVANCED_FACE('',(#12530),#12540,.T.);
#12530 = FACE_BOUND('',#12531,.T.);
#12531 = EDGE_LOOP('',(#12532,#12533,#12534));
#12532 = ORIENTED_EDGE('',*,*,#11683,.F.);
#12533 = ORIENTED_EDGE('',*,*,#11802,.T.);
#12534 = ORIENTED_EDGE('',*,*,#12535,.F.);
#12535 = EDGE_CURVE('',#11684,#11795,#12536,.T.);
#12536 = LINE('',#12537,#12538);
#12537 = CARTESIAN_POINT('',(4.698,-16.85,5.85));
#12538 = VECTOR('',#12539,1.);
#12539 = DIRECTION('',(0.,0.,1.));
#12540 = PLANE('',#12541);
#12541 = AXIS2_PLACEMENT_3D('',#12542,#12543,#12544);
#12542 = CARTESIAN_POINT('',(4.698,-30.94,5.85));
#12543 = DIRECTION('',(-1.,0.,0.));
#12544 = DIRECTION('',(0.,1.,0.));
#12545 = ADVANCED_FACE('',(#12546),#12557,.T.);
#12546 = FACE_BOUND('',#12547,.T.);
#12547 = EDGE_LOOP('',(#12548,#12549,#12550,#12551));
#12548 = ORIENTED_EDGE('',*,*,#11691,.F.);
#12549 = ORIENTED_EDGE('',*,*,#12535,.T.);
#12550 = ORIENTED_EDGE('',*,*,#11794,.F.);
#12551 = ORIENTED_EDGE('',*,*,#12552,.T.);
#12552 = EDGE_CURVE('',#11786,#11692,#12553,.T.);
#12553 = LINE('',#12554,#12555);
#12554 = CARTESIAN_POINT('',(10.645,-16.85,5.85));
#12555 = VECTOR('',#12556,1.);
#12556 = DIRECTION('',(0.,0.,-1.));
#12557 = PLANE('',#12558);
#12558 = AXIS2_PLACEMENT_3D('',#12559,#12560,#12561);
#12559 = CARTESIAN_POINT('',(-0.6,-16.85,5.85));
#12560 = DIRECTION('',(0.,1.,0.));
#12561 = DIRECTION('',(1.,0.,0.));
#12562 = ADVANCED_FACE('',(#12563),#12568,.T.);
#12563 = FACE_BOUND('',#12564,.T.);
#12564 = EDGE_LOOP('',(#12565,#12566,#12567));
#12565 = ORIENTED_EDGE('',*,*,#11785,.F.);
#12566 = ORIENTED_EDGE('',*,*,#11699,.F.);
#12567 = ORIENTED_EDGE('',*,*,#12552,.F.);
#12568 = PLANE('',#12569);
#12569 = AXIS2_PLACEMENT_3D('',#12570,#12571,#12572);
#12570 = CARTESIAN_POINT('',(10.645,42.83,5.85));
#12571 = DIRECTION('',(1.,0.,0.));
#12572 = DIRECTION('',(0.,-1.,0.));
#12573 = ADVANCED_FACE('',(#12574),#12584,.T.);
#12574 = FACE_BOUND('',#12575,.T.);
#12575 = EDGE_LOOP('',(#12576,#12577,#12578));
#12576 = ORIENTED_EDGE('',*,*,#11706,.F.);
#12577 = ORIENTED_EDGE('',*,*,#11835,.T.);
#12578 = ORIENTED_EDGE('',*,*,#12579,.F.);
#12579 = EDGE_CURVE('',#11707,#11828,#12580,.T.);
#12580 = LINE('',#12581,#12582);
#12581 = CARTESIAN_POINT('',(37.135,-16.85,5.85));
#12582 = VECTOR('',#12583,1.);
#12583 = DIRECTION('',(0.,0.,1.));
#12584 = PLANE('',#12585);
#12585 = AXIS2_PLACEMENT_3D('',#12586,#12587,#12588);
#12586 = CARTESIAN_POINT('',(37.135,-55.53,5.85));
#12587 = DIRECTION('',(-1.,0.,0.));
#12588 = DIRECTION('',(0.,1.,0.));
#12589 = ADVANCED_FACE('',(#12590),#12601,.T.);
#12590 = FACE_BOUND('',#12591,.T.);
#12591 = EDGE_LOOP('',(#12592,#12593,#12594,#12595));
#12592 = ORIENTED_EDGE('',*,*,#11714,.F.);
#12593 = ORIENTED_EDGE('',*,*,#12579,.T.);
#12594 = ORIENTED_EDGE('',*,*,#11827,.F.);
#12595 = ORIENTED_EDGE('',*,*,#12596,.T.);
#12596 = EDGE_CURVE('',#11819,#11715,#12597,.T.);
#12597 = LINE('',#12598,#12599);
#12598 = CARTESIAN_POINT('',(43.082,-16.85,5.85));
#12599 = VECTOR('',#12600,1.);
#12600 = DIRECTION('',(0.,0.,-1.));
#12601 = PLANE('',#12602);
#12602 = AXIS2_PLACEMENT_3D('',#12603,#12604,#12605);
#12603 = CARTESIAN_POINT('',(-0.6,-16.85,5.85));
#12604 = DIRECTION('',(0.,1.,0.));
#12605 = DIRECTION('',(1.,0.,0.));
#12606 = ADVANCED_FACE('',(#12607),#12612,.T.);
#12607 = FACE_BOUND('',#12608,.T.);
#12608 = EDGE_LOOP('',(#12609,#12610,#12611));
#12609 = ORIENTED_EDGE('',*,*,#11818,.F.);
#12610 = ORIENTED_EDGE('',*,*,#11722,.F.);
#12611 = ORIENTED_EDGE('',*,*,#12596,.F.);
#12612 = PLANE('',#12613);
#12613 = AXIS2_PLACEMENT_3D('',#12614,#12615,#12616);
#12614 = CARTESIAN_POINT('',(43.082,67.42,5.85));
#12615 = DIRECTION('',(1.,0.,0.));
#12616 = DIRECTION('',(0.,-1.,0.));
#12617 = ADVANCED_FACE('',(#12618,#12692,#12703),#12731,.T.);
#12618 = FACE_BOUND('',#12619,.T.);
#12619 = EDGE_LOOP('',(#12620,#12621,#12622,#12623,#12624,#12632,#12641,
    #12650,#12659,#12667,#12675,#12683,#12690,#12691));
#12620 = ORIENTED_EDGE('',*,*,#11770,.F.);
#12621 = ORIENTED_EDGE('',*,*,#12519,.T.);
#12622 = ORIENTED_EDGE('',*,*,#12482,.F.);
#12623 = ORIENTED_EDGE('',*,*,#12501,.F.);
#12624 = ORIENTED_EDGE('',*,*,#12625,.F.);
#12625 = EDGE_CURVE('',#12626,#11853,#12628,.T.);
#12626 = VERTEX_POINT('',#12627);
#12627 = CARTESIAN_POINT('',(48.38,4.141421562897,5.85));
#12628 = LINE('',#12629,#12630);
#12629 = CARTESIAN_POINT('',(48.38,-9.8725,5.85));
#12630 = VECTOR('',#12631,1.);
#12631 = DIRECTION('',(1.368455531567E-47,1.,0.));
#12632 = ORIENTED_EDGE('',*,*,#12633,.F.);
#12633 = EDGE_CURVE('',#12634,#12626,#12636,.T.);
#12634 = VERTEX_POINT('',#12635);
#12635 = CARTESIAN_POINT('',(48.38,4.15,5.55));
#12636 = CIRCLE('',#12637,5.25);
#12637 = AXIS2_PLACEMENT_3D('',#12638,#12639,#12640);
#12638 = CARTESIAN_POINT('',(48.38,-1.1,5.55));
#12639 = DIRECTION('',(1.,0.,0.));
#12640 = DIRECTION('',(-0.,1.,0.));
#12641 = ORIENTED_EDGE('',*,*,#12642,.F.);
#12642 = EDGE_CURVE('',#12643,#12634,#12645,.T.);
#12643 = VERTEX_POINT('',#12644);
#12644 = CARTESIAN_POINT('',(48.38,-6.35,5.55));
#12645 = CIRCLE('',#12646,5.25);
#12646 = AXIS2_PLACEMENT_3D('',#12647,#12648,#12649);
#12647 = CARTESIAN_POINT('',(48.38,-1.1,5.55));
#12648 = DIRECTION('',(1.,0.,0.));
#12649 = DIRECTION('',(-0.,1.,0.));
#12650 = ORIENTED_EDGE('',*,*,#12651,.F.);
#12651 = EDGE_CURVE('',#12652,#12643,#12654,.T.);
#12652 = VERTEX_POINT('',#12653);
#12653 = CARTESIAN_POINT('',(48.38,-8.975,1.003366630132));
#12654 = CIRCLE('',#12655,5.25);
#12655 = AXIS2_PLACEMENT_3D('',#12656,#12657,#12658);
#12656 = CARTESIAN_POINT('',(48.38,-11.6,5.55));
#12657 = DIRECTION('',(1.,0.,0.));
#12658 = DIRECTION('',(-0.,1.,0.));
#12659 = ORIENTED_EDGE('',*,*,#12660,.T.);
#12660 = EDGE_CURVE('',#12652,#12661,#12663,.T.);
#12661 = VERTEX_POINT('',#12662);
#12662 = CARTESIAN_POINT('',(48.38,-8.975,9.85));
#12663 = LINE('',#12664,#12665);
#12664 = CARTESIAN_POINT('',(48.38,-8.975,3.155504382867));
#12665 = VECTOR('',#12666,1.);
#12666 = DIRECTION('',(-4.196939688166E-18,0.,1.));
#12667 = ORIENTED_EDGE('',*,*,#12668,.F.);
#12668 = EDGE_CURVE('',#12669,#12661,#12671,.T.);
#12669 = VERTEX_POINT('',#12670);
#12670 = CARTESIAN_POINT('',(48.38,-14.225,9.85));
#12671 = LINE('',#12672,#12673);
#12672 = CARTESIAN_POINT('',(48.38,-8.971726825196,9.85));
#12673 = VECTOR('',#12674,1.);
#12674 = DIRECTION('',(-2.079657776294E-20,1.,0.));
#12675 = ORIENTED_EDGE('',*,*,#12676,.T.);
#12676 = EDGE_CURVE('',#12669,#12677,#12679,.T.);
#12677 = VERTEX_POINT('',#12678);
#12678 = CARTESIAN_POINT('',(48.38,-14.225,1.003366630132));
#12679 = LINE('',#12680,#12681);
#12680 = CARTESIAN_POINT('',(48.38,-14.225,3.155504382867));
#12681 = VECTOR('',#12682,1.);
#12682 = DIRECTION('',(4.196939688166E-18,0.,-1.));
#12683 = ORIENTED_EDGE('',*,*,#12684,.F.);
#12684 = EDGE_CURVE('',#11730,#12677,#12685,.T.);
#12685 = CIRCLE('',#12686,5.25);
#12686 = AXIS2_PLACEMENT_3D('',#12687,#12688,#12689);
#12687 = CARTESIAN_POINT('',(48.38,-11.6,5.55));
#12688 = DIRECTION('',(1.,0.,0.));
#12689 = DIRECTION('',(-0.,1.,0.));
#12690 = ORIENTED_EDGE('',*,*,#11729,.F.);
#12691 = ORIENTED_EDGE('',*,*,#11751,.F.);
#12692 = FACE_BOUND('',#12693,.T.);
#12693 = EDGE_LOOP('',(#12694));
#12694 = ORIENTED_EDGE('',*,*,#12695,.F.);
#12695 = EDGE_CURVE('',#12696,#12696,#12698,.T.);
#12696 = VERTEX_POINT('',#12697);
#12697 = CARTESIAN_POINT('',(48.38,-1.1,9.55));
#12698 = CIRCLE('',#12699,4.2);
#12699 = AXIS2_PLACEMENT_3D('',#12700,#12701,#12702);
#12700 = CARTESIAN_POINT('',(48.38,-1.1,5.35));
#12701 = DIRECTION('',(-1.,0.,0.));
#12702 = DIRECTION('',(0.,0.,1.));
#12703 = FACE_BOUND('',#12704,.T.);
#12704 = EDGE_LOOP('',(#12705,#12716,#12725));
#12705 = ORIENTED_EDGE('',*,*,#12706,.F.);
#12706 = EDGE_CURVE('',#12707,#12709,#12711,.T.);
#12707 = VERTEX_POINT('',#12708);
#12708 = CARTESIAN_POINT('',(48.38,-6.35,5.55));
#12709 = VERTEX_POINT('',#12710);
#12710 = CARTESIAN_POINT('',(48.38,-6.358578437103,5.85));
#12711 = CIRCLE('',#12712,5.25);
#12712 = AXIS2_PLACEMENT_3D('',#12713,#12714,#12715);
#12713 = CARTESIAN_POINT('',(48.38,-11.6,5.55));
#12714 = DIRECTION('',(1.,0.,0.));
#12715 = DIRECTION('',(-0.,1.,0.));
#12716 = ORIENTED_EDGE('',*,*,#12717,.F.);
#12717 = EDGE_CURVE('',#12718,#12707,#12720,.T.);
#12718 = VERTEX_POINT('',#12719);
#12719 = CARTESIAN_POINT('',(48.38,-6.341421562897,5.85));
#12720 = CIRCLE('',#12721,5.25);
#12721 = AXIS2_PLACEMENT_3D('',#12722,#12723,#12724);
#12722 = CARTESIAN_POINT('',(48.38,-1.1,5.55));
#12723 = DIRECTION('',(1.,0.,0.));
#12724 = DIRECTION('',(-0.,1.,0.));
#12725 = ORIENTED_EDGE('',*,*,#12726,.F.);
#12726 = EDGE_CURVE('',#12709,#12718,#12727,.T.);
#12727 = LINE('',#12728,#12729);
#12728 = CARTESIAN_POINT('',(48.38,-9.8725,5.85));
#12729 = VECTOR('',#12730,1.);
#12730 = DIRECTION('',(1.368455531567E-47,1.,0.));
#12731 = PLANE('',#12732);
#12732 = AXIS2_PLACEMENT_3D('',#12733,#12734,#12735);
#12733 = CARTESIAN_POINT('',(48.38,-6.343453650393,6.211008765734));
#12734 = DIRECTION('',(-1.,-2.079657776294E-20,-4.196939688166E-18));
#12735 = DIRECTION('',(4.196939688166E-18,0.,-1.));
#12736 = ADVANCED_FACE('',(#12737,#12774),#12777,.F.);
#12737 = FACE_BOUND('',#12738,.F.);
#12738 = EDGE_LOOP('',(#12739,#12747,#12756,#12762,#12763,#12764,#12765,
    #12766,#12772,#12773));
#12739 = ORIENTED_EDGE('',*,*,#12740,.T.);
#12740 = EDGE_CURVE('',#12652,#12741,#12743,.T.);
#12741 = VERTEX_POINT('',#12742);
#12742 = CARTESIAN_POINT('',(48.33,-8.975,1.003366630132));
#12743 = LINE('',#12744,#12745);
#12744 = CARTESIAN_POINT('',(-0.6,-8.975,1.003366630132));
#12745 = VECTOR('',#12746,1.);
#12746 = DIRECTION('',(-1.,-0.,-0.));
#12747 = ORIENTED_EDGE('',*,*,#12748,.T.);
#12748 = EDGE_CURVE('',#12741,#12749,#12751,.T.);
#12749 = VERTEX_POINT('',#12750);
#12750 = CARTESIAN_POINT('',(48.33,-14.225,1.003366630132));
#12751 = CIRCLE('',#12752,5.25);
#12752 = AXIS2_PLACEMENT_3D('',#12753,#12754,#12755);
#12753 = CARTESIAN_POINT('',(48.33,-11.6,5.55));
#12754 = DIRECTION('',(-1.,0.,0.));
#12755 = DIRECTION('',(0.,1.,0.));
#12756 = ORIENTED_EDGE('',*,*,#12757,.F.);
#12757 = EDGE_CURVE('',#12677,#12749,#12758,.T.);
#12758 = LINE('',#12759,#12760);
#12759 = CARTESIAN_POINT('',(-0.6,-14.225,1.003366630132));
#12760 = VECTOR('',#12761,1.);
#12761 = DIRECTION('',(-1.,-0.,-0.));
#12762 = ORIENTED_EDGE('',*,*,#12684,.F.);
#12763 = ORIENTED_EDGE('',*,*,#11737,.T.);
#12764 = ORIENTED_EDGE('',*,*,#12365,.T.);
#12765 = ORIENTED_EDGE('',*,*,#12459,.T.);
#12766 = ORIENTED_EDGE('',*,*,#12767,.F.);
#12767 = EDGE_CURVE('',#12709,#12460,#12768,.T.);
#12768 = LINE('',#12769,#12770);
#12769 = CARTESIAN_POINT('',(-0.6,-6.358578437103,5.85));
#12770 = VECTOR('',#12771,1.);
#12771 = DIRECTION('',(-1.,-0.,-0.));
#12772 = ORIENTED_EDGE('',*,*,#12706,.F.);
#12773 = ORIENTED_EDGE('',*,*,#12651,.F.);
#12774 = FACE_BOUND('',#12775,.F.);
#12775 = EDGE_LOOP('',(#12776));
#12776 = ORIENTED_EDGE('',*,*,#12037,.T.);
#12777 = CYLINDRICAL_SURFACE('',#12778,5.25);
#12778 = AXIS2_PLACEMENT_3D('',#12779,#12780,#12781);
#12779 = CARTESIAN_POINT('',(-0.6,-11.6,5.55));
#12780 = DIRECTION('',(-1.,-0.,-0.));
#12781 = DIRECTION('',(0.,1.,0.));
#12782 = ADVANCED_FACE('',(#12783),#12840,.T.);
#12783 = FACE_BOUND('',#12784,.T.);
#12784 = EDGE_LOOP('',(#12785,#12786,#12794,#12802,#12808,#12809,#12817,
    #12825,#12831,#12832,#12833,#12839));
#12785 = ORIENTED_EDGE('',*,*,#11860,.F.);
#12786 = ORIENTED_EDGE('',*,*,#12787,.T.);
#12787 = EDGE_CURVE('',#11861,#12788,#12790,.T.);
#12788 = VERTEX_POINT('',#12789);
#12789 = CARTESIAN_POINT('',(43.082,4.15,5.85));
#12790 = LINE('',#12791,#12792);
#12791 = CARTESIAN_POINT('',(43.082,67.42,5.85));
#12792 = VECTOR('',#12793,1.);
#12793 = DIRECTION('',(0.,-1.,0.));
#12794 = ORIENTED_EDGE('',*,*,#12795,.T.);
#12795 = EDGE_CURVE('',#12788,#12796,#12798,.T.);
#12796 = VERTEX_POINT('',#12797);
#12797 = CARTESIAN_POINT('',(37.135,4.15,5.85));
#12798 = LINE('',#12799,#12800);
#12799 = CARTESIAN_POINT('',(48.38,4.15,5.85));
#12800 = VECTOR('',#12801,1.);
#12801 = DIRECTION('',(-1.,0.,0.));
#12802 = ORIENTED_EDGE('',*,*,#12803,.T.);
#12803 = EDGE_CURVE('',#12796,#11869,#12804,.T.);
#12804 = LINE('',#12805,#12806);
#12805 = CARTESIAN_POINT('',(37.135,-55.53,5.85));
#12806 = VECTOR('',#12807,1.);
#12807 = DIRECTION('',(0.,1.,0.));
#12808 = ORIENTED_EDGE('',*,*,#11876,.F.);
#12809 = ORIENTED_EDGE('',*,*,#12810,.T.);
#12810 = EDGE_CURVE('',#11877,#12811,#12813,.T.);
#12811 = VERTEX_POINT('',#12812);
#12812 = CARTESIAN_POINT('',(10.645,4.15,5.85));
#12813 = LINE('',#12814,#12815);
#12814 = CARTESIAN_POINT('',(10.645,42.83,5.85));
#12815 = VECTOR('',#12816,1.);
#12816 = DIRECTION('',(0.,-1.,0.));
#12817 = ORIENTED_EDGE('',*,*,#12818,.T.);
#12818 = EDGE_CURVE('',#12811,#12819,#12821,.T.);
#12819 = VERTEX_POINT('',#12820);
#12820 = CARTESIAN_POINT('',(4.698,4.15,5.85));
#12821 = LINE('',#12822,#12823);
#12822 = CARTESIAN_POINT('',(48.38,4.15,5.85));
#12823 = VECTOR('',#12824,1.);
#12824 = DIRECTION('',(-1.,0.,0.));
#12825 = ORIENTED_EDGE('',*,*,#12826,.T.);
#12826 = EDGE_CURVE('',#12819,#11885,#12827,.T.);
#12827 = LINE('',#12828,#12829);
#12828 = CARTESIAN_POINT('',(4.698,-30.94,5.85));
#12829 = VECTOR('',#12830,1.);
#12830 = DIRECTION('',(0.,1.,0.));
#12831 = ORIENTED_EDGE('',*,*,#11892,.T.);
#12832 = ORIENTED_EDGE('',*,*,#12425,.F.);
#12833 = ORIENTED_EDGE('',*,*,#12834,.F.);
#12834 = EDGE_CURVE('',#12626,#12417,#12835,.T.);
#12835 = LINE('',#12836,#12837);
#12836 = CARTESIAN_POINT('',(-0.6,4.141421562897,5.85));
#12837 = VECTOR('',#12838,1.);
#12838 = DIRECTION('',(-1.,-0.,-0.));
#12839 = ORIENTED_EDGE('',*,*,#12625,.T.);
#12840 = PLANE('',#12841);
#12841 = AXIS2_PLACEMENT_3D('',#12842,#12843,#12844);
#12842 = CARTESIAN_POINT('',(23.89,4.847169486912,5.85));
#12843 = DIRECTION('',(1.042266520127E-47,-1.543616955776E-29,1.));
#12844 = DIRECTION('',(0.,1.,1.543616955776E-29));
#12845 = ADVANCED_FACE('',(#12846),#12873,.T.);
#12846 = FACE_BOUND('',#12847,.T.);
#12847 = EDGE_LOOP('',(#12848,#12849,#12858,#12866));
#12848 = ORIENTED_EDGE('',*,*,#11868,.F.);
#12849 = ORIENTED_EDGE('',*,*,#12850,.F.);
#12850 = EDGE_CURVE('',#12851,#11869,#12853,.T.);
#12851 = VERTEX_POINT('',#12852);
#12852 = CARTESIAN_POINT('',(37.135,4.15,9.802907158029));
#12853 = CIRCLE('',#12854,5.25);
#12854 = AXIS2_PLACEMENT_3D('',#12855,#12856,#12857);
#12855 = CARTESIAN_POINT('',(37.135,0.695,5.85));
#12856 = DIRECTION('',(-1.,0.,0.));
#12857 = DIRECTION('',(0.,1.,0.));
#12858 = ORIENTED_EDGE('',*,*,#12859,.F.);
#12859 = EDGE_CURVE('',#12860,#12851,#12862,.T.);
#12860 = VERTEX_POINT('',#12861);
#12861 = CARTESIAN_POINT('',(43.082,4.15,9.802907158029));
#12862 = LINE('',#12863,#12864);
#12863 = CARTESIAN_POINT('',(1.64,4.15,9.802907158029));
#12864 = VECTOR('',#12865,1.);
#12865 = DIRECTION('',(-1.,-0.,-0.));
#12866 = ORIENTED_EDGE('',*,*,#12867,.T.);
#12867 = EDGE_CURVE('',#12860,#11861,#12868,.T.);
#12868 = CIRCLE('',#12869,5.25);
#12869 = AXIS2_PLACEMENT_3D('',#12870,#12871,#12872);
#12870 = CARTESIAN_POINT('',(43.082,0.695,5.85));
#12871 = DIRECTION('',(-1.,0.,0.));
#12872 = DIRECTION('',(0.,1.,0.));
#12873 = CYLINDRICAL_SURFACE('',#12874,5.25);
#12874 = AXIS2_PLACEMENT_3D('',#12875,#12876,#12877);
#12875 = CARTESIAN_POINT('',(1.64,0.695,5.85));
#12876 = DIRECTION('',(-1.,-0.,-0.));
#12877 = DIRECTION('',(0.,1.,0.));
#12878 = ADVANCED_FACE('',(#12879),#12906,.T.);
#12879 = FACE_BOUND('',#12880,.T.);
#12880 = EDGE_LOOP('',(#12881,#12891,#12898,#12899));
#12881 = ORIENTED_EDGE('',*,*,#12882,.F.);
#12882 = EDGE_CURVE('',#12883,#12885,#12887,.T.);
#12883 = VERTEX_POINT('',#12884);
#12884 = CARTESIAN_POINT('',(10.645,4.15,9.802907158029));
#12885 = VERTEX_POINT('',#12886);
#12886 = CARTESIAN_POINT('',(4.698,4.15,9.802907158029));
#12887 = LINE('',#12888,#12889);
#12888 = CARTESIAN_POINT('',(1.64,4.15,9.802907158029));
#12889 = VECTOR('',#12890,1.);
#12890 = DIRECTION('',(-1.,-0.,-0.));
#12891 = ORIENTED_EDGE('',*,*,#12892,.T.);
#12892 = EDGE_CURVE('',#12883,#11877,#12893,.T.);
#12893 = CIRCLE('',#12894,5.25);
#12894 = AXIS2_PLACEMENT_3D('',#12895,#12896,#12897);
#12895 = CARTESIAN_POINT('',(10.645,0.695,5.85));
#12896 = DIRECTION('',(-1.,0.,0.));
#12897 = DIRECTION('',(0.,1.,0.));
#12898 = ORIENTED_EDGE('',*,*,#11884,.F.);
#12899 = ORIENTED_EDGE('',*,*,#12900,.F.);
#12900 = EDGE_CURVE('',#12885,#11885,#12901,.T.);
#12901 = CIRCLE('',#12902,5.25);
#12902 = AXIS2_PLACEMENT_3D('',#12903,#12904,#12905);
#12903 = CARTESIAN_POINT('',(4.698,0.695,5.85));
#12904 = DIRECTION('',(-1.,0.,0.));
#12905 = DIRECTION('',(0.,1.,0.));
#12906 = CYLINDRICAL_SURFACE('',#12907,5.25);
#12907 = AXIS2_PLACEMENT_3D('',#12908,#12909,#12910);
#12908 = CARTESIAN_POINT('',(1.64,0.695,5.85));
#12909 = DIRECTION('',(-1.,-0.,-0.));
#12910 = DIRECTION('',(0.,1.,0.));
#12911 = ADVANCED_FACE('',(#12912),#12932,.T.);
#12912 = FACE_BOUND('',#12913,.T.);
#12913 = EDGE_LOOP('',(#12914,#12923,#12930,#12931));
#12914 = ORIENTED_EDGE('',*,*,#12915,.T.);
#12915 = EDGE_CURVE('',#12916,#12916,#12918,.T.);
#12916 = VERTEX_POINT('',#12917);
#12917 = CARTESIAN_POINT('',(3.636363636364E-02,-5.602705292763E-33,-4.9
    ));
#12918 = CIRCLE('',#12919,3.636363636364E-02);
#12919 = AXIS2_PLACEMENT_3D('',#12920,#12921,#12922);
#12920 = CARTESIAN_POINT('',(-7.703719777549E-33,-6.162975822039E-33,
    -4.9));
#12921 = DIRECTION('',(1.604941620323E-33,6.949431671893E-34,1.));
#12922 = DIRECTION('',(1.,1.54074395551E-32,-1.604941620323E-33));
#12923 = ORIENTED_EDGE('',*,*,#12924,.F.);
#12924 = EDGE_CURVE('',#11980,#12916,#12925,.T.);
#12925 = CIRCLE('',#12926,0.363636363636);
#12926 = AXIS2_PLACEMENT_3D('',#12927,#12928,#12929);
#12927 = CARTESIAN_POINT('',(3.636363636364E-02,-5.372972014353E-33,
    -4.536363636364));
#12928 = DIRECTION('',(-1.477567303947E-32,1.,-6.949431671893E-34));
#12929 = DIRECTION('',(1.,1.477567303947E-32,-1.604941620323E-33));
#12930 = ORIENTED_EDGE('',*,*,#11979,.F.);
#12931 = ORIENTED_EDGE('',*,*,#12924,.T.);
#12932 = SURFACE_OF_REVOLUTION('',#12933,#12941);
#12933 = B_SPLINE_CURVE_WITH_KNOTS('',6,(#12934,#12935,#12936,#12937,
    #12938,#12939,#12940),.UNSPECIFIED.,.F.,.F.,(7,7),(0.,1.570796326795
    ),.PIECEWISE_BEZIER_KNOTS.);
#12934 = CARTESIAN_POINT('',(0.4,2.527066062506E-34,-4.536363636364));
#12935 = CARTESIAN_POINT('',(0.4,1.865481714414E-34,-4.631563413745));
#12936 = CARTESIAN_POINT('',(0.370099023265,-3.403021260326E-34,
    -4.726755091165));
#12937 = CARTESIAN_POINT('',(0.310250963506,-1.320432375243E-33,
    -4.810250963506));
#12938 = CARTESIAN_POINT('',(0.226755091166,-2.648480981622E-33,
    -4.870099023265));
#12939 = CARTESIAN_POINT('',(0.131563413745,-4.135920477099E-33,-4.9));
#12940 = CARTESIAN_POINT('',(3.636363636364E-02,-5.602705292763E-33,-4.9
    ));
#12941 = AXIS1_PLACEMENT('',#12942,#12943);
#12942 = CARTESIAN_POINT('',(-7.120104642886E-33,-5.910269215789E-33,
    -4.536363636364));
#12943 = DIRECTION('',(-1.604941620323E-33,-6.949431671893E-34,-1.));
#12944 = ADVANCED_FACE('',(#12945),#12965,.T.);
#12945 = FACE_BOUND('',#12946,.T.);
#12946 = EDGE_LOOP('',(#12947,#12956,#12963,#12964));
#12947 = ORIENTED_EDGE('',*,*,#12948,.T.);
#12948 = EDGE_CURVE('',#12949,#12949,#12951,.T.);
#12949 = VERTEX_POINT('',#12950);
#12950 = CARTESIAN_POINT('',(3.636363636364E-02,-12.7,-4.9));
#12951 = CIRCLE('',#12952,3.636363636364E-02);
#12952 = AXIS2_PLACEMENT_3D('',#12953,#12954,#12955);
#12953 = CARTESIAN_POINT('',(0.,-12.7,-4.9));
#12954 = DIRECTION('',(-3.079024946026E-48,6.419766481291E-33,1.));
#12955 = DIRECTION('',(1.,5.836151346628E-33,3.079024946026E-48));
#12956 = ORIENTED_EDGE('',*,*,#12957,.F.);
#12957 = EDGE_CURVE('',#12005,#12949,#12958,.T.);
#12958 = CIRCLE('',#12959,0.363636363636);
#12959 = AXIS2_PLACEMENT_3D('',#12960,#12961,#12962);
#12960 = CARTESIAN_POINT('',(3.636363636364E-02,-12.7,-4.536363636364));
#12961 = DIRECTION('',(-5.836151346628E-33,1.,-6.419766481291E-33));
#12962 = DIRECTION('',(1.,5.836151346628E-33,3.079024946026E-48));
#12963 = ORIENTED_EDGE('',*,*,#12004,.F.);
#12964 = ORIENTED_EDGE('',*,*,#12957,.T.);
#12965 = SURFACE_OF_REVOLUTION('',#12966,#12974);
#12966 = B_SPLINE_CURVE_WITH_KNOTS('',6,(#12967,#12968,#12969,#12970,
    #12971,#12972,#12973),.UNSPECIFIED.,.F.,.F.,(7,7),(0.,1.570796326795
    ),.PIECEWISE_BEZIER_KNOTS.);
#12967 = CARTESIAN_POINT('',(0.4,-12.7,-4.536363636364));
#12968 = CARTESIAN_POINT('',(0.4,-12.7,-4.631563413745));
#12969 = CARTESIAN_POINT('',(0.370099023265,-12.7,-4.726755091165));
#12970 = CARTESIAN_POINT('',(0.310250963506,-12.7,-4.810250963506));
#12971 = CARTESIAN_POINT('',(0.226755091166,-12.7,-4.870099023265));
#12972 = CARTESIAN_POINT('',(0.131563413745,-12.7,-4.9));
#12973 = CARTESIAN_POINT('',(3.636363636364E-02,-12.7,-4.9));
#12974 = AXIS1_PLACEMENT('',#12975,#12976);
#12975 = CARTESIAN_POINT('',(-1.119645434919E-48,-12.7,-4.536363636364)
  );
#12976 = DIRECTION('',(3.079024946026E-48,-6.419766481291E-33,-1.));
#12977 = ADVANCED_FACE('',(#12978,#13017),#13020,.F.);
#12978 = FACE_BOUND('',#12979,.F.);
#12979 = EDGE_LOOP('',(#12980,#12981,#12989,#12998,#13004,#13005,#13006,
    #13007,#13008,#13009,#13010,#13016));
#12980 = ORIENTED_EDGE('',*,*,#12374,.T.);
#12981 = ORIENTED_EDGE('',*,*,#12982,.F.);
#12982 = EDGE_CURVE('',#12983,#12375,#12985,.T.);
#12983 = VERTEX_POINT('',#12984);
#12984 = CARTESIAN_POINT('',(-0.55,-3.725,1.003366630132));
#12985 = LINE('',#12986,#12987);
#12986 = CARTESIAN_POINT('',(-0.6,-3.725,1.003366630132));
#12987 = VECTOR('',#12988,1.);
#12988 = DIRECTION('',(-1.,-0.,-0.));
#12989 = ORIENTED_EDGE('',*,*,#12990,.F.);
#12990 = EDGE_CURVE('',#12991,#12983,#12993,.T.);
#12991 = VERTEX_POINT('',#12992);
#12992 = CARTESIAN_POINT('',(-0.55,1.525,1.003366630132));
#12993 = CIRCLE('',#12994,5.25);
#12994 = AXIS2_PLACEMENT_3D('',#12995,#12996,#12997);
#12995 = CARTESIAN_POINT('',(-0.55,-1.1,5.55));
#12996 = DIRECTION('',(-1.,0.,0.));
#12997 = DIRECTION('',(0.,1.,0.));
#12998 = ORIENTED_EDGE('',*,*,#12999,.T.);
#12999 = EDGE_CURVE('',#12991,#12400,#13000,.T.);
#13000 = LINE('',#13001,#13002);
#13001 = CARTESIAN_POINT('',(-0.6,1.525,1.003366630132));
#13002 = VECTOR('',#13003,1.);
#13003 = DIRECTION('',(-1.,-0.,-0.));
#13004 = ORIENTED_EDGE('',*,*,#12407,.T.);
#13005 = ORIENTED_EDGE('',*,*,#12416,.T.);
#13006 = ORIENTED_EDGE('',*,*,#12834,.F.);
#13007 = ORIENTED_EDGE('',*,*,#12633,.F.);
#13008 = ORIENTED_EDGE('',*,*,#12642,.F.);
#13009 = ORIENTED_EDGE('',*,*,#12717,.F.);
#13010 = ORIENTED_EDGE('',*,*,#13011,.T.);
#13011 = EDGE_CURVE('',#12718,#12449,#13012,.T.);
#13012 = LINE('',#13013,#13014);
#13013 = CARTESIAN_POINT('',(-0.6,-6.341421562897,5.85));
#13014 = VECTOR('',#13015,1.);
#13015 = DIRECTION('',(-1.,-0.,-0.));
#13016 = ORIENTED_EDGE('',*,*,#12448,.T.);
#13017 = FACE_BOUND('',#13018,.F.);
#13018 = EDGE_LOOP('',(#13019));
#13019 = ORIENTED_EDGE('',*,*,#12210,.T.);
#13020 = CYLINDRICAL_SURFACE('',#13021,5.25);
#13021 = AXIS2_PLACEMENT_3D('',#13022,#13023,#13024);
#13022 = CARTESIAN_POINT('',(-0.6,-1.1,5.55));
#13023 = DIRECTION('',(-1.,-0.,-0.));
#13024 = DIRECTION('',(0.,1.,0.));
#13025 = ADVANCED_FACE('',(#13026),#13044,.F.);
#13026 = FACE_BOUND('',#13027,.F.);
#13027 = EDGE_LOOP('',(#13028,#13029,#13037,#13043));
#13028 = ORIENTED_EDGE('',*,*,#12999,.F.);
#13029 = ORIENTED_EDGE('',*,*,#13030,.T.);
#13030 = EDGE_CURVE('',#12991,#13031,#13033,.T.);
#13031 = VERTEX_POINT('',#13032);
#13032 = CARTESIAN_POINT('',(-0.55,1.525,9.85));
#13033 = LINE('',#13034,#13035);
#13034 = CARTESIAN_POINT('',(-0.55,1.525,0.1));
#13035 = VECTOR('',#13036,1.);
#13036 = DIRECTION('',(0.,0.,1.));
#13037 = ORIENTED_EDGE('',*,*,#13038,.T.);
#13038 = EDGE_CURVE('',#13031,#12392,#13039,.T.);
#13039 = LINE('',#13040,#13041);
#13040 = CARTESIAN_POINT('',(-0.55,1.525,9.85));
#13041 = VECTOR('',#13042,1.);
#13042 = DIRECTION('',(-1.,0.,0.));
#13043 = ORIENTED_EDGE('',*,*,#12399,.T.);
#13044 = PLANE('',#13045);
#13045 = AXIS2_PLACEMENT_3D('',#13046,#13047,#13048);
#13046 = CARTESIAN_POINT('',(-0.55,1.525,0.1));
#13047 = DIRECTION('',(0.,-1.,0.));
#13048 = DIRECTION('',(-1.,0.,0.));
#13049 = ADVANCED_FACE('',(#13050),#13068,.T.);
#13050 = FACE_BOUND('',#13051,.T.);
#13051 = EDGE_LOOP('',(#13052,#13053,#13061,#13067));
#13052 = ORIENTED_EDGE('',*,*,#12391,.T.);
#13053 = ORIENTED_EDGE('',*,*,#13054,.T.);
#13054 = EDGE_CURVE('',#12384,#13055,#13057,.T.);
#13055 = VERTEX_POINT('',#13056);
#13056 = CARTESIAN_POINT('',(-0.55,-3.725,9.85));
#13057 = LINE('',#13058,#13059);
#13058 = CARTESIAN_POINT('',(-0.65,-3.725,9.85));
#13059 = VECTOR('',#13060,1.);
#13060 = DIRECTION('',(1.,0.,0.));
#13061 = ORIENTED_EDGE('',*,*,#13062,.T.);
#13062 = EDGE_CURVE('',#13055,#13031,#13063,.T.);
#13063 = LINE('',#13064,#13065);
#13064 = CARTESIAN_POINT('',(-0.55,-3.725,9.85));
#13065 = VECTOR('',#13066,1.);
#13066 = DIRECTION('',(0.,1.,0.));
#13067 = ORIENTED_EDGE('',*,*,#13038,.T.);
#13068 = PLANE('',#13069);
#13069 = AXIS2_PLACEMENT_3D('',#13070,#13071,#13072);
#13070 = CARTESIAN_POINT('',(-0.6,-1.1,9.85));
#13071 = DIRECTION('',(0.,0.,1.));
#13072 = DIRECTION('',(1.,0.,-0.));
#13073 = ADVANCED_FACE('',(#13074),#13085,.F.);
#13074 = FACE_BOUND('',#13075,.F.);
#13075 = EDGE_LOOP('',(#13076,#13077,#13078,#13084));
#13076 = ORIENTED_EDGE('',*,*,#12383,.T.);
#13077 = ORIENTED_EDGE('',*,*,#13054,.T.);
#13078 = ORIENTED_EDGE('',*,*,#13079,.F.);
#13079 = EDGE_CURVE('',#12983,#13055,#13080,.T.);
#13080 = LINE('',#13081,#13082);
#13081 = CARTESIAN_POINT('',(-0.55,-3.725,0.1));
#13082 = VECTOR('',#13083,1.);
#13083 = DIRECTION('',(0.,0.,1.));
#13084 = ORIENTED_EDGE('',*,*,#12982,.T.);
#13085 = PLANE('',#13086);
#13086 = AXIS2_PLACEMENT_3D('',#13087,#13088,#13089);
#13087 = CARTESIAN_POINT('',(-0.65,-3.725,0.1));
#13088 = DIRECTION('',(0.,1.,0.));
#13089 = DIRECTION('',(1.,0.,0.));
#13090 = ADVANCED_FACE('',(#13091,#13094),#13105,.F.);
#13091 = FACE_BOUND('',#13092,.F.);
#13092 = EDGE_LOOP('',(#13093));
#13093 = ORIENTED_EDGE('',*,*,#12437,.T.);
#13094 = FACE_BOUND('',#13095,.F.);
#13095 = EDGE_LOOP('',(#13096));
#13096 = ORIENTED_EDGE('',*,*,#13097,.T.);
#13097 = EDGE_CURVE('',#13098,#13098,#13100,.T.);
#13098 = VERTEX_POINT('',#13099);
#13099 = CARTESIAN_POINT('',(-0.6,-11.6,8.85));
#13100 = CIRCLE('',#13101,3.5);
#13101 = AXIS2_PLACEMENT_3D('',#13102,#13103,#13104);
#13102 = CARTESIAN_POINT('',(-0.6,-11.6,5.35));
#13103 = DIRECTION('',(1.,0.,-0.));
#13104 = DIRECTION('',(0.,0.,1.));
#13105 = PLANE('',#13106);
#13106 = AXIS2_PLACEMENT_3D('',#13107,#13108,#13109);
#13107 = CARTESIAN_POINT('',(-0.6,-11.6,5.35));
#13108 = DIRECTION('',(-1.,-0.,-0.));
#13109 = DIRECTION('',(0.,0.,-1.));
#13110 = ADVANCED_FACE('',(#13111),#13117,.T.);
#13111 = FACE_BOUND('',#13112,.T.);
#13112 = EDGE_LOOP('',(#13113,#13114,#13115,#13116));
#13113 = ORIENTED_EDGE('',*,*,#12767,.F.);
#13114 = ORIENTED_EDGE('',*,*,#12726,.T.);
#13115 = ORIENTED_EDGE('',*,*,#13011,.T.);
#13116 = ORIENTED_EDGE('',*,*,#12468,.F.);
#13117 = PLANE('',#13118);
#13118 = AXIS2_PLACEMENT_3D('',#13119,#13120,#13121);
#13119 = CARTESIAN_POINT('',(23.89,-0.690428856739,5.85));
#13120 = DIRECTION('',(1.800371712016E-33,-2.033067836441E-16,1.));
#13121 = DIRECTION('',(0.,1.,2.033067836441E-16));
#13122 = ADVANCED_FACE('',(#13123),#13141,.F.);
#13123 = FACE_BOUND('',#13124,.F.);
#13124 = EDGE_LOOP('',(#13125,#13126,#13134,#13140));
#13125 = ORIENTED_EDGE('',*,*,#12757,.T.);
#13126 = ORIENTED_EDGE('',*,*,#13127,.T.);
#13127 = EDGE_CURVE('',#12749,#13128,#13130,.T.);
#13128 = VERTEX_POINT('',#13129);
#13129 = CARTESIAN_POINT('',(48.33,-14.225,9.85));
#13130 = LINE('',#13131,#13132);
#13131 = CARTESIAN_POINT('',(48.33,-14.225,0.1));
#13132 = VECTOR('',#13133,1.);
#13133 = DIRECTION('',(0.,0.,1.));
#13134 = ORIENTED_EDGE('',*,*,#13135,.T.);
#13135 = EDGE_CURVE('',#13128,#12669,#13136,.T.);
#13136 = LINE('',#13137,#13138);
#13137 = CARTESIAN_POINT('',(48.33,-14.225,9.85));
#13138 = VECTOR('',#13139,1.);
#13139 = DIRECTION('',(1.,0.,0.));
#13140 = ORIENTED_EDGE('',*,*,#12676,.T.);
#13141 = PLANE('',#13142);
#13142 = AXIS2_PLACEMENT_3D('',#13143,#13144,#13145);
#13143 = CARTESIAN_POINT('',(48.33,-14.225,0.1));
#13144 = DIRECTION('',(0.,1.,0.));
#13145 = DIRECTION('',(1.,0.,0.));
#13146 = ADVANCED_FACE('',(#13147),#13165,.T.);
#13147 = FACE_BOUND('',#13148,.T.);
#13148 = EDGE_LOOP('',(#13149,#13157,#13158,#13159));
#13149 = ORIENTED_EDGE('',*,*,#13150,.T.);
#13150 = EDGE_CURVE('',#13151,#13128,#13153,.T.);
#13151 = VERTEX_POINT('',#13152);
#13152 = CARTESIAN_POINT('',(48.33,-8.975,9.85));
#13153 = LINE('',#13154,#13155);
#13154 = CARTESIAN_POINT('',(48.33,-8.975,9.85));
#13155 = VECTOR('',#13156,1.);
#13156 = DIRECTION('',(0.,-1.,0.));
#13157 = ORIENTED_EDGE('',*,*,#13135,.T.);
#13158 = ORIENTED_EDGE('',*,*,#12668,.T.);
#13159 = ORIENTED_EDGE('',*,*,#13160,.T.);
#13160 = EDGE_CURVE('',#12661,#13151,#13161,.T.);
#13161 = LINE('',#13162,#13163);
#13162 = CARTESIAN_POINT('',(48.43,-8.975,9.85));
#13163 = VECTOR('',#13164,1.);
#13164 = DIRECTION('',(-1.,0.,0.));
#13165 = PLANE('',#13166);
#13166 = AXIS2_PLACEMENT_3D('',#13167,#13168,#13169);
#13167 = CARTESIAN_POINT('',(48.38,-11.6,9.85));
#13168 = DIRECTION('',(0.,0.,1.));
#13169 = DIRECTION('',(1.,0.,-0.));
#13170 = ADVANCED_FACE('',(#13171),#13182,.F.);
#13171 = FACE_BOUND('',#13172,.F.);
#13172 = EDGE_LOOP('',(#13173,#13174,#13175,#13181));
#13173 = ORIENTED_EDGE('',*,*,#12660,.T.);
#13174 = ORIENTED_EDGE('',*,*,#13160,.T.);
#13175 = ORIENTED_EDGE('',*,*,#13176,.F.);
#13176 = EDGE_CURVE('',#12741,#13151,#13177,.T.);
#13177 = LINE('',#13178,#13179);
#13178 = CARTESIAN_POINT('',(48.33,-8.975,0.1));
#13179 = VECTOR('',#13180,1.);
#13180 = DIRECTION('',(0.,0.,1.));
#13181 = ORIENTED_EDGE('',*,*,#12740,.F.);
#13182 = PLANE('',#13183);
#13183 = AXIS2_PLACEMENT_3D('',#13184,#13185,#13186);
#13184 = CARTESIAN_POINT('',(48.43,-8.975,0.1));
#13185 = DIRECTION('',(0.,-1.,0.));
#13186 = DIRECTION('',(-1.,0.,0.));
#13187 = ADVANCED_FACE('',(#13188,#13191),#13202,.T.);
#13188 = FACE_BOUND('',#13189,.T.);
#13189 = EDGE_LOOP('',(#13190));
#13190 = ORIENTED_EDGE('',*,*,#12695,.T.);
#13191 = FACE_BOUND('',#13192,.T.);
#13192 = EDGE_LOOP('',(#13193));
#13193 = ORIENTED_EDGE('',*,*,#13194,.F.);
#13194 = EDGE_CURVE('',#13195,#13195,#13197,.T.);
#13195 = VERTEX_POINT('',#13196);
#13196 = CARTESIAN_POINT('',(48.38,-1.1,8.85));
#13197 = CIRCLE('',#13198,3.5);
#13198 = AXIS2_PLACEMENT_3D('',#13199,#13200,#13201);
#13199 = CARTESIAN_POINT('',(48.38,-1.1,5.35));
#13200 = DIRECTION('',(-1.,0.,0.));
#13201 = DIRECTION('',(0.,0.,1.));
#13202 = PLANE('',#13203);
#13203 = AXIS2_PLACEMENT_3D('',#13204,#13205,#13206);
#13204 = CARTESIAN_POINT('',(48.38,-1.1,5.35));
#13205 = DIRECTION('',(-1.,5.962667461988E-32,1.192533492398E-31));
#13206 = DIRECTION('',(-1.192533492398E-31,0.,-1.));
#13207 = ADVANCED_FACE('',(#13208),#13214,.F.);
#13208 = FACE_BOUND('',#13209,.F.);
#13209 = EDGE_LOOP('',(#13210,#13211,#13212,#13213));
#13210 = ORIENTED_EDGE('',*,*,#12748,.F.);
#13211 = ORIENTED_EDGE('',*,*,#13176,.T.);
#13212 = ORIENTED_EDGE('',*,*,#13150,.T.);
#13213 = ORIENTED_EDGE('',*,*,#13127,.F.);
#13214 = PLANE('',#13215);
#13215 = AXIS2_PLACEMENT_3D('',#13216,#13217,#13218);
#13216 = CARTESIAN_POINT('',(48.33,-8.975,0.1));
#13217 = DIRECTION('',(1.,0.,0.));
#13218 = DIRECTION('',(0.,-1.,0.));
#13219 = ADVANCED_FACE('',(#13220),#13230,.T.);
#13220 = FACE_BOUND('',#13221,.T.);
#13221 = EDGE_LOOP('',(#13222,#13223,#13224));
#13222 = ORIENTED_EDGE('',*,*,#12787,.F.);
#13223 = ORIENTED_EDGE('',*,*,#12867,.F.);
#13224 = ORIENTED_EDGE('',*,*,#13225,.F.);
#13225 = EDGE_CURVE('',#12788,#12860,#13226,.T.);
#13226 = LINE('',#13227,#13228);
#13227 = CARTESIAN_POINT('',(43.082,4.15,5.85));
#13228 = VECTOR('',#13229,1.);
#13229 = DIRECTION('',(0.,0.,1.));
#13230 = PLANE('',#13231);
#13231 = AXIS2_PLACEMENT_3D('',#13232,#13233,#13234);
#13232 = CARTESIAN_POINT('',(43.082,67.42,5.85));
#13233 = DIRECTION('',(1.,0.,0.));
#13234 = DIRECTION('',(0.,-1.,0.));
#13235 = ADVANCED_FACE('',(#13236),#13247,.T.);
#13236 = FACE_BOUND('',#13237,.T.);
#13237 = EDGE_LOOP('',(#13238,#13239,#13240,#13241));
#13238 = ORIENTED_EDGE('',*,*,#12795,.F.);
#13239 = ORIENTED_EDGE('',*,*,#13225,.T.);
#13240 = ORIENTED_EDGE('',*,*,#12859,.T.);
#13241 = ORIENTED_EDGE('',*,*,#13242,.T.);
#13242 = EDGE_CURVE('',#12851,#12796,#13243,.T.);
#13243 = LINE('',#13244,#13245);
#13244 = CARTESIAN_POINT('',(37.135,4.15,5.85));
#13245 = VECTOR('',#13246,1.);
#13246 = DIRECTION('',(-0.,-0.,-1.));
#13247 = PLANE('',#13248);
#13248 = AXIS2_PLACEMENT_3D('',#13249,#13250,#13251);
#13249 = CARTESIAN_POINT('',(48.38,4.15,5.85));
#13250 = DIRECTION('',(0.,-1.,0.));
#13251 = DIRECTION('',(-1.,0.,0.));
#13252 = ADVANCED_FACE('',(#13253),#13258,.T.);
#13253 = FACE_BOUND('',#13254,.T.);
#13254 = EDGE_LOOP('',(#13255,#13256,#13257));
#13255 = ORIENTED_EDGE('',*,*,#12850,.T.);
#13256 = ORIENTED_EDGE('',*,*,#12803,.F.);
#13257 = ORIENTED_EDGE('',*,*,#13242,.F.);
#13258 = PLANE('',#13259);
#13259 = AXIS2_PLACEMENT_3D('',#13260,#13261,#13262);
#13260 = CARTESIAN_POINT('',(37.135,-55.53,5.85));
#13261 = DIRECTION('',(-1.,0.,0.));
#13262 = DIRECTION('',(0.,1.,0.));
#13263 = ADVANCED_FACE('',(#13264),#13274,.T.);
#13264 = FACE_BOUND('',#13265,.T.);
#13265 = EDGE_LOOP('',(#13266,#13267,#13268));
#13266 = ORIENTED_EDGE('',*,*,#12810,.F.);
#13267 = ORIENTED_EDGE('',*,*,#12892,.F.);
#13268 = ORIENTED_EDGE('',*,*,#13269,.F.);
#13269 = EDGE_CURVE('',#12811,#12883,#13270,.T.);
#13270 = LINE('',#13271,#13272);
#13271 = CARTESIAN_POINT('',(10.645,4.15,5.85));
#13272 = VECTOR('',#13273,1.);
#13273 = DIRECTION('',(0.,0.,1.));
#13274 = PLANE('',#13275);
#13275 = AXIS2_PLACEMENT_3D('',#13276,#13277,#13278);
#13276 = CARTESIAN_POINT('',(10.645,42.83,5.85));
#13277 = DIRECTION('',(1.,0.,0.));
#13278 = DIRECTION('',(0.,-1.,0.));
#13279 = ADVANCED_FACE('',(#13280),#13291,.T.);
#13280 = FACE_BOUND('',#13281,.T.);
#13281 = EDGE_LOOP('',(#13282,#13283,#13284,#13285));
#13282 = ORIENTED_EDGE('',*,*,#12818,.F.);
#13283 = ORIENTED_EDGE('',*,*,#13269,.T.);
#13284 = ORIENTED_EDGE('',*,*,#12882,.T.);
#13285 = ORIENTED_EDGE('',*,*,#13286,.T.);
#13286 = EDGE_CURVE('',#12885,#12819,#13287,.T.);
#13287 = LINE('',#13288,#13289);
#13288 = CARTESIAN_POINT('',(4.698,4.15,5.85));
#13289 = VECTOR('',#13290,1.);
#13290 = DIRECTION('',(-0.,-0.,-1.));
#13291 = PLANE('',#13292);
#13292 = AXIS2_PLACEMENT_3D('',#13293,#13294,#13295);
#13293 = CARTESIAN_POINT('',(48.38,4.15,5.85));
#13294 = DIRECTION('',(0.,-1.,0.));
#13295 = DIRECTION('',(-1.,0.,0.));
#13296 = ADVANCED_FACE('',(#13297),#13302,.T.);
#13297 = FACE_BOUND('',#13298,.T.);
#13298 = EDGE_LOOP('',(#13299,#13300,#13301));
#13299 = ORIENTED_EDGE('',*,*,#12900,.T.);
#13300 = ORIENTED_EDGE('',*,*,#12826,.F.);
#13301 = ORIENTED_EDGE('',*,*,#13286,.F.);
#13302 = PLANE('',#13303);
#13303 = AXIS2_PLACEMENT_3D('',#13304,#13305,#13306);
#13304 = CARTESIAN_POINT('',(4.698,-30.94,5.85));
#13305 = DIRECTION('',(-1.,0.,0.));
#13306 = DIRECTION('',(0.,1.,0.));
#13307 = ADVANCED_FACE('',(#13308),#13311,.F.);
#13308 = FACE_BOUND('',#13309,.F.);
#13309 = EDGE_LOOP('',(#13310));
#13310 = ORIENTED_EDGE('',*,*,#12915,.T.);
#13311 = PLANE('',#13312);
#13312 = AXIS2_PLACEMENT_3D('',#13313,#13314,#13315);
#13313 = CARTESIAN_POINT('',(-1.335390754433E-17,3.708700618869E-17,-4.9
    ));
#13314 = DIRECTION('',(1.604941620323E-33,6.949431671893E-34,1.));
#13315 = DIRECTION('',(1.,0.,-1.604941620323E-33));
#13316 = ADVANCED_FACE('',(#13317),#13320,.F.);
#13317 = FACE_BOUND('',#13318,.F.);
#13318 = EDGE_LOOP('',(#13319));
#13319 = ORIENTED_EDGE('',*,*,#12948,.T.);
#13320 = PLANE('',#13321);
#13321 = AXIS2_PLACEMENT_3D('',#13322,#13323,#13324);
#13322 = CARTESIAN_POINT('',(-1.335390754433E-17,-12.7,-4.9));
#13323 = DIRECTION('',(-3.079024946026E-48,6.419766481291E-33,1.));
#13324 = DIRECTION('',(0.,1.,-6.419766481291E-33));
#13325 = ADVANCED_FACE('',(#13326),#13332,.F.);
#13326 = FACE_BOUND('',#13327,.F.);
#13327 = EDGE_LOOP('',(#13328,#13329,#13330,#13331));
#13328 = ORIENTED_EDGE('',*,*,#12990,.T.);
#13329 = ORIENTED_EDGE('',*,*,#13079,.T.);
#13330 = ORIENTED_EDGE('',*,*,#13062,.T.);
#13331 = ORIENTED_EDGE('',*,*,#13030,.F.);
#13332 = PLANE('',#13333);
#13333 = AXIS2_PLACEMENT_3D('',#13334,#13335,#13336);
#13334 = CARTESIAN_POINT('',(-0.55,-3.725,0.1));
#13335 = DIRECTION('',(-1.,0.,0.));
#13336 = DIRECTION('',(0.,1.,0.));
#13337 = ADVANCED_FACE('',(#13338),#13341,.T.);
#13338 = FACE_BOUND('',#13339,.T.);
#13339 = EDGE_LOOP('',(#13340));
#13340 = ORIENTED_EDGE('',*,*,#13097,.T.);
#13341 = PLANE('',#13342);
#13342 = AXIS2_PLACEMENT_3D('',#13343,#13344,#13345);
#13343 = CARTESIAN_POINT('',(-0.6,-6.343453650393,6.211008765734));
#13344 = DIRECTION('',(1.,5.313971236286E-20,-1.528824931685E-16));
#13345 = DIRECTION('',(1.528824931685E-16,0.,1.));
#13346 = ADVANCED_FACE('',(#13347),#13350,.T.);
#13347 = FACE_BOUND('',#13348,.T.);
#13348 = EDGE_LOOP('',(#13349));
#13349 = ORIENTED_EDGE('',*,*,#13194,.T.);
#13350 = PLANE('',#13351);
#13351 = AXIS2_PLACEMENT_3D('',#13352,#13353,#13354);
#13352 = CARTESIAN_POINT('',(48.38,-6.343453650393,6.211008765734));
#13353 = DIRECTION('',(-1.,-2.079657776294E-20,-4.196939688166E-18));
#13354 = DIRECTION('',(4.196939688166E-18,0.,-1.));
#13355 = MANIFOLD_SOLID_BREP('',#13356);
#13356 = CLOSED_SHELL('',(#13357,#13390,#13399));
#13357 = ADVANCED_FACE('',(#13358),#13385,.T.);
#13358 = FACE_BOUND('',#13359,.T.);
#13359 = EDGE_LOOP('',(#13360,#13370,#13377,#13378));
#13360 = ORIENTED_EDGE('',*,*,#13361,.T.);
#13361 = EDGE_CURVE('',#13362,#13364,#13366,.T.);
#13362 = VERTEX_POINT('',#13363);
#13363 = CARTESIAN_POINT('',(23.77,-6.35,1.E-02));
#13364 = VERTEX_POINT('',#13365);
#13365 = CARTESIAN_POINT('',(23.76,-6.35,1.E-02));
#13366 = LINE('',#13367,#13368);
#13367 = CARTESIAN_POINT('',(23.77,-6.35,1.E-02));
#13368 = VECTOR('',#13369,1.);
#13369 = DIRECTION('',(-1.,0.,0.));
#13370 = ORIENTED_EDGE('',*,*,#13371,.F.);
#13371 = EDGE_CURVE('',#13364,#13364,#13372,.T.);
#13372 = CIRCLE('',#13373,1.E-02);
#13373 = AXIS2_PLACEMENT_3D('',#13374,#13375,#13376);
#13374 = CARTESIAN_POINT('',(23.76,-6.35,0.));
#13375 = DIRECTION('',(-1.,0.,0.));
#13376 = DIRECTION('',(0.,0.,1.));
#13377 = ORIENTED_EDGE('',*,*,#13361,.F.);
#13378 = ORIENTED_EDGE('',*,*,#13379,.T.);
#13379 = EDGE_CURVE('',#13362,#13362,#13380,.T.);
#13380 = CIRCLE('',#13381,1.E-02);
#13381 = AXIS2_PLACEMENT_3D('',#13382,#13383,#13384);
#13382 = CARTESIAN_POINT('',(23.77,-6.35,0.));
#13383 = DIRECTION('',(-1.,0.,0.));
#13384 = DIRECTION('',(0.,0.,1.));
#13385 = CYLINDRICAL_SURFACE('',#13386,1.E-02);
#13386 = AXIS2_PLACEMENT_3D('',#13387,#13388,#13389);
#13387 = CARTESIAN_POINT('',(23.77,-6.35,0.));
#13388 = DIRECTION('',(1.,0.,0.));
#13389 = DIRECTION('',(0.,0.,1.));
#13390 = ADVANCED_FACE('',(#13391),#13394,.F.);
#13391 = FACE_BOUND('',#13392,.F.);
#13392 = EDGE_LOOP('',(#13393));
#13393 = ORIENTED_EDGE('',*,*,#13379,.T.);
#13394 = PLANE('',#13395);
#13395 = AXIS2_PLACEMENT_3D('',#13396,#13397,#13398);
#13396 = CARTESIAN_POINT('',(23.77,-6.35,-7.824555201756E-19));
#13397 = DIRECTION('',(-1.,1.781421891824E-32,-4.105366594702E-48));
#13398 = DIRECTION('',(-1.781421891824E-32,-1.,0.));
#13399 = ADVANCED_FACE('',(#13400),#13403,.T.);
#13400 = FACE_BOUND('',#13401,.T.);
#13401 = EDGE_LOOP('',(#13402));
#13402 = ORIENTED_EDGE('',*,*,#13371,.T.);
#13403 = PLANE('',#13404);
#13404 = AXIS2_PLACEMENT_3D('',#13405,#13406,#13407);
#13405 = CARTESIAN_POINT('',(23.76,-6.35,-7.824555201756E-19));
#13406 = DIRECTION('',(-1.,1.781421891824E-32,-4.105366594702E-48));
#13407 = DIRECTION('',(-1.781421891824E-32,-1.,0.));
#13408 = MANIFOLD_SOLID_BREP('',#13409);
#13409 = CLOSED_SHELL('',(#13410,#13443,#13463,#13483));
#13410 = ADVANCED_FACE('',(#13411),#13438,.T.);
#13411 = FACE_BOUND('',#13412,.T.);
#13412 = EDGE_LOOP('',(#13413,#13422,#13430,#13437));
#13413 = ORIENTED_EDGE('',*,*,#13414,.T.);
#13414 = EDGE_CURVE('',#13415,#13415,#13417,.T.);
#13415 = VERTEX_POINT('',#13416);
#13416 = CARTESIAN_POINT('',(1.4,-11.6,6.75));
#13417 = CIRCLE('',#13418,1.4);
#13418 = AXIS2_PLACEMENT_3D('',#13419,#13420,#13421);
#13419 = CARTESIAN_POINT('',(1.4,-11.6,5.35));
#13420 = DIRECTION('',(-1.,0.,0.));
#13421 = DIRECTION('',(0.,0.,1.));
#13422 = ORIENTED_EDGE('',*,*,#13423,.T.);
#13423 = EDGE_CURVE('',#13415,#13424,#13426,.T.);
#13424 = VERTEX_POINT('',#13425);
#13425 = CARTESIAN_POINT('',(1.15,-11.6,6.75));
#13426 = LINE('',#13427,#13428);
#13427 = CARTESIAN_POINT('',(1.4,-11.6,6.75));
#13428 = VECTOR('',#13429,1.);
#13429 = DIRECTION('',(-1.,0.,0.));
#13430 = ORIENTED_EDGE('',*,*,#13431,.F.);
#13431 = EDGE_CURVE('',#13424,#13424,#13432,.T.);
#13432 = CIRCLE('',#13433,1.4);
#13433 = AXIS2_PLACEMENT_3D('',#13434,#13435,#13436);
#13434 = CARTESIAN_POINT('',(1.15,-11.6,5.35));
#13435 = DIRECTION('',(-1.,0.,0.));
#13436 = DIRECTION('',(0.,0.,1.));
#13437 = ORIENTED_EDGE('',*,*,#13423,.F.);
#13438 = CYLINDRICAL_SURFACE('',#13439,1.4);
#13439 = AXIS2_PLACEMENT_3D('',#13440,#13441,#13442);
#13440 = CARTESIAN_POINT('',(1.4,-11.6,5.35));
#13441 = DIRECTION('',(1.,0.,0.));
#13442 = DIRECTION('',(0.,0.,1.));
#13443 = ADVANCED_FACE('',(#13444,#13447),#13458,.F.);
#13444 = FACE_BOUND('',#13445,.F.);
#13445 = EDGE_LOOP('',(#13446));
#13446 = ORIENTED_EDGE('',*,*,#13414,.T.);
#13447 = FACE_BOUND('',#13448,.F.);
#13448 = EDGE_LOOP('',(#13449));
#13449 = ORIENTED_EDGE('',*,*,#13450,.T.);
#13450 = EDGE_CURVE('',#13451,#13451,#13453,.T.);
#13451 = VERTEX_POINT('',#13452);
#13452 = CARTESIAN_POINT('',(1.4,-11.6,6.05));
#13453 = CIRCLE('',#13454,0.7);
#13454 = AXIS2_PLACEMENT_3D('',#13455,#13456,#13457);
#13455 = CARTESIAN_POINT('',(1.4,-11.6,5.35));
#13456 = DIRECTION('',(1.,0.,-0.));
#13457 = DIRECTION('',(0.,0.,1.));
#13458 = PLANE('',#13459);
#13459 = AXIS2_PLACEMENT_3D('',#13460,#13461,#13462);
#13460 = CARTESIAN_POINT('',(1.4,-11.6,5.35));
#13461 = DIRECTION('',(-1.,-3.219840429474E-30,-1.341600178947E-31));
#13462 = DIRECTION('',(3.219840429474E-30,-1.,0.));
#13463 = ADVANCED_FACE('',(#13464,#13467),#13478,.T.);
#13464 = FACE_BOUND('',#13465,.T.);
#13465 = EDGE_LOOP('',(#13466));
#13466 = ORIENTED_EDGE('',*,*,#13431,.T.);
#13467 = FACE_BOUND('',#13468,.T.);
#13468 = EDGE_LOOP('',(#13469));
#13469 = ORIENTED_EDGE('',*,*,#13470,.F.);
#13470 = EDGE_CURVE('',#13471,#13471,#13473,.T.);
#13471 = VERTEX_POINT('',#13472);
#13472 = CARTESIAN_POINT('',(1.15,-11.6,6.05));
#13473 = CIRCLE('',#13474,0.7);
#13474 = AXIS2_PLACEMENT_3D('',#13475,#13476,#13477);
#13475 = CARTESIAN_POINT('',(1.15,-11.6,5.35));
#13476 = DIRECTION('',(-1.,0.,0.));
#13477 = DIRECTION('',(0.,0.,1.));
#13478 = PLANE('',#13479);
#13479 = AXIS2_PLACEMENT_3D('',#13480,#13481,#13482);
#13480 = CARTESIAN_POINT('',(1.15,-11.6,5.35));
#13481 = DIRECTION('',(-1.,-3.219840429474E-30,-1.341600178947E-31));
#13482 = DIRECTION('',(3.219840429474E-30,-1.,0.));
#13483 = ADVANCED_FACE('',(#13484),#13495,.F.);
#13484 = FACE_BOUND('',#13485,.F.);
#13485 = EDGE_LOOP('',(#13486,#13492,#13493,#13494));
#13486 = ORIENTED_EDGE('',*,*,#13487,.T.);
#13487 = EDGE_CURVE('',#13451,#13471,#13488,.T.);
#13488 = LINE('',#13489,#13490);
#13489 = CARTESIAN_POINT('',(1.6,-11.6,6.05));
#13490 = VECTOR('',#13491,1.);
#13491 = DIRECTION('',(-1.,0.,0.));
#13492 = ORIENTED_EDGE('',*,*,#13470,.F.);
#13493 = ORIENTED_EDGE('',*,*,#13487,.F.);
#13494 = ORIENTED_EDGE('',*,*,#13450,.F.);
#13495 = CYLINDRICAL_SURFACE('',#13496,0.7);
#13496 = AXIS2_PLACEMENT_3D('',#13497,#13498,#13499);
#13497 = CARTESIAN_POINT('',(1.6,-11.6,5.35));
#13498 = DIRECTION('',(1.,0.,0.));
#13499 = DIRECTION('',(0.,0.,1.));
#13500 = MANIFOLD_SOLID_BREP('',#13501);
#13501 = CLOSED_SHELL('',(#13502,#13535,#13555,#13575));
#13502 = ADVANCED_FACE('',(#13503),#13530,.T.);
#13503 = FACE_BOUND('',#13504,.T.);
#13504 = EDGE_LOOP('',(#13505,#13514,#13522,#13529));
#13505 = ORIENTED_EDGE('',*,*,#13506,.T.);
#13506 = EDGE_CURVE('',#13507,#13507,#13509,.T.);
#13507 = VERTEX_POINT('',#13508);
#13508 = CARTESIAN_POINT('',(0.9,-11.6,7.45));
#13509 = CIRCLE('',#13510,2.1);
#13510 = AXIS2_PLACEMENT_3D('',#13511,#13512,#13513);
#13511 = CARTESIAN_POINT('',(0.9,-11.6,5.35));
#13512 = DIRECTION('',(-1.,0.,0.));
#13513 = DIRECTION('',(0.,0.,1.));
#13514 = ORIENTED_EDGE('',*,*,#13515,.T.);
#13515 = EDGE_CURVE('',#13507,#13516,#13518,.T.);
#13516 = VERTEX_POINT('',#13517);
#13517 = CARTESIAN_POINT('',(0.65,-11.6,7.45));
#13518 = LINE('',#13519,#13520);
#13519 = CARTESIAN_POINT('',(0.9,-11.6,7.45));
#13520 = VECTOR('',#13521,1.);
#13521 = DIRECTION('',(-1.,0.,0.));
#13522 = ORIENTED_EDGE('',*,*,#13523,.F.);
#13523 = EDGE_CURVE('',#13516,#13516,#13524,.T.);
#13524 = CIRCLE('',#13525,2.1);
#13525 = AXIS2_PLACEMENT_3D('',#13526,#13527,#13528);
#13526 = CARTESIAN_POINT('',(0.65,-11.6,5.35));
#13527 = DIRECTION('',(-1.,0.,0.));
#13528 = DIRECTION('',(0.,0.,1.));
#13529 = ORIENTED_EDGE('',*,*,#13515,.F.);
#13530 = CYLINDRICAL_SURFACE('',#13531,2.1);
#13531 = AXIS2_PLACEMENT_3D('',#13532,#13533,#13534);
#13532 = CARTESIAN_POINT('',(0.9,-11.6,5.35));
#13533 = DIRECTION('',(1.,0.,0.));
#13534 = DIRECTION('',(0.,0.,1.));
#13535 = ADVANCED_FACE('',(#13536,#13539),#13550,.F.);
#13536 = FACE_BOUND('',#13537,.F.);
#13537 = EDGE_LOOP('',(#13538));
#13538 = ORIENTED_EDGE('',*,*,#13506,.T.);
#13539 = FACE_BOUND('',#13540,.F.);
#13540 = EDGE_LOOP('',(#13541));
#13541 = ORIENTED_EDGE('',*,*,#13542,.T.);
#13542 = EDGE_CURVE('',#13543,#13543,#13545,.T.);
#13543 = VERTEX_POINT('',#13544);
#13544 = CARTESIAN_POINT('',(0.9,-11.6,6.75));
#13545 = CIRCLE('',#13546,1.4);
#13546 = AXIS2_PLACEMENT_3D('',#13547,#13548,#13549);
#13547 = CARTESIAN_POINT('',(0.9,-11.6,5.35));
#13548 = DIRECTION('',(1.,0.,-0.));
#13549 = DIRECTION('',(0.,0.,1.));
#13550 = PLANE('',#13551);
#13551 = AXIS2_PLACEMENT_3D('',#13552,#13553,#13554);
#13552 = CARTESIAN_POINT('',(0.9,-11.6,5.35));
#13553 = DIRECTION('',(-1.,-0.,-0.));
#13554 = DIRECTION('',(0.,0.,-1.));
#13555 = ADVANCED_FACE('',(#13556,#13559),#13570,.T.);
#13556 = FACE_BOUND('',#13557,.T.);
#13557 = EDGE_LOOP('',(#13558));
#13558 = ORIENTED_EDGE('',*,*,#13523,.T.);
#13559 = FACE_BOUND('',#13560,.T.);
#13560 = EDGE_LOOP('',(#13561));
#13561 = ORIENTED_EDGE('',*,*,#13562,.F.);
#13562 = EDGE_CURVE('',#13563,#13563,#13565,.T.);
#13563 = VERTEX_POINT('',#13564);
#13564 = CARTESIAN_POINT('',(0.65,-11.6,6.75));
#13565 = CIRCLE('',#13566,1.4);
#13566 = AXIS2_PLACEMENT_3D('',#13567,#13568,#13569);
#13567 = CARTESIAN_POINT('',(0.65,-11.6,5.35));
#13568 = DIRECTION('',(-1.,0.,0.));
#13569 = DIRECTION('',(0.,0.,1.));
#13570 = PLANE('',#13571);
#13571 = AXIS2_PLACEMENT_3D('',#13572,#13573,#13574);
#13572 = CARTESIAN_POINT('',(0.65,-11.6,5.35));
#13573 = DIRECTION('',(-1.,-0.,-0.));
#13574 = DIRECTION('',(0.,0.,-1.));
#13575 = ADVANCED_FACE('',(#13576),#13587,.F.);
#13576 = FACE_BOUND('',#13577,.F.);
#13577 = EDGE_LOOP('',(#13578,#13584,#13585,#13586));
#13578 = ORIENTED_EDGE('',*,*,#13579,.T.);
#13579 = EDGE_CURVE('',#13543,#13563,#13580,.T.);
#13580 = LINE('',#13581,#13582);
#13581 = CARTESIAN_POINT('',(1.1,-11.6,6.75));
#13582 = VECTOR('',#13583,1.);
#13583 = DIRECTION('',(-1.,0.,0.));
#13584 = ORIENTED_EDGE('',*,*,#13562,.F.);
#13585 = ORIENTED_EDGE('',*,*,#13579,.F.);
#13586 = ORIENTED_EDGE('',*,*,#13542,.F.);
#13587 = CYLINDRICAL_SURFACE('',#13588,1.4);
#13588 = AXIS2_PLACEMENT_3D('',#13589,#13590,#13591);
#13589 = CARTESIAN_POINT('',(1.1,-11.6,5.35));
#13590 = DIRECTION('',(1.,0.,0.));
#13591 = DIRECTION('',(0.,0.,1.));
#13592 = MANIFOLD_SOLID_BREP('',#13593);
#13593 = CLOSED_SHELL('',(#13594,#13627,#13647,#13667));
#13594 = ADVANCED_FACE('',(#13595),#13622,.T.);
#13595 = FACE_BOUND('',#13596,.T.);
#13596 = EDGE_LOOP('',(#13597,#13606,#13614,#13621));
#13597 = ORIENTED_EDGE('',*,*,#13598,.T.);
#13598 = EDGE_CURVE('',#13599,#13599,#13601,.T.);
#13599 = VERTEX_POINT('',#13600);
#13600 = CARTESIAN_POINT('',(0.4,-11.6,8.15));
#13601 = CIRCLE('',#13602,2.8);
#13602 = AXIS2_PLACEMENT_3D('',#13603,#13604,#13605);
#13603 = CARTESIAN_POINT('',(0.4,-11.6,5.35));
#13604 = DIRECTION('',(-1.,0.,0.));
#13605 = DIRECTION('',(0.,0.,1.));
#13606 = ORIENTED_EDGE('',*,*,#13607,.T.);
#13607 = EDGE_CURVE('',#13599,#13608,#13610,.T.);
#13608 = VERTEX_POINT('',#13609);
#13609 = CARTESIAN_POINT('',(0.15,-11.6,8.15));
#13610 = LINE('',#13611,#13612);
#13611 = CARTESIAN_POINT('',(0.4,-11.6,8.15));
#13612 = VECTOR('',#13613,1.);
#13613 = DIRECTION('',(-1.,0.,0.));
#13614 = ORIENTED_EDGE('',*,*,#13615,.F.);
#13615 = EDGE_CURVE('',#13608,#13608,#13616,.T.);
#13616 = CIRCLE('',#13617,2.8);
#13617 = AXIS2_PLACEMENT_3D('',#13618,#13619,#13620);
#13618 = CARTESIAN_POINT('',(0.15,-11.6,5.35));
#13619 = DIRECTION('',(-1.,0.,0.));
#13620 = DIRECTION('',(0.,0.,1.));
#13621 = ORIENTED_EDGE('',*,*,#13607,.F.);
#13622 = CYLINDRICAL_SURFACE('',#13623,2.8);
#13623 = AXIS2_PLACEMENT_3D('',#13624,#13625,#13626);
#13624 = CARTESIAN_POINT('',(0.4,-11.6,5.35));
#13625 = DIRECTION('',(1.,0.,0.));
#13626 = DIRECTION('',(0.,0.,1.));
#13627 = ADVANCED_FACE('',(#13628,#13631),#13642,.F.);
#13628 = FACE_BOUND('',#13629,.F.);
#13629 = EDGE_LOOP('',(#13630));
#13630 = ORIENTED_EDGE('',*,*,#13598,.T.);
#13631 = FACE_BOUND('',#13632,.F.);
#13632 = EDGE_LOOP('',(#13633));
#13633 = ORIENTED_EDGE('',*,*,#13634,.T.);
#13634 = EDGE_CURVE('',#13635,#13635,#13637,.T.);
#13635 = VERTEX_POINT('',#13636);
#13636 = CARTESIAN_POINT('',(0.4,-11.6,7.45));
#13637 = CIRCLE('',#13638,2.1);
#13638 = AXIS2_PLACEMENT_3D('',#13639,#13640,#13641);
#13639 = CARTESIAN_POINT('',(0.4,-11.6,5.35));
#13640 = DIRECTION('',(1.,0.,-0.));
#13641 = DIRECTION('',(0.,0.,1.));
#13642 = PLANE('',#13643);
#13643 = AXIS2_PLACEMENT_3D('',#13644,#13645,#13646);
#13644 = CARTESIAN_POINT('',(0.4,-11.6,5.35));
#13645 = DIRECTION('',(-1.,-4.379057701015E-47,2.683200357895E-31));
#13646 = DIRECTION('',(-2.683200357895E-31,0.,-1.));
#13647 = ADVANCED_FACE('',(#13648,#13651),#13662,.T.);
#13648 = FACE_BOUND('',#13649,.T.);
#13649 = EDGE_LOOP('',(#13650));
#13650 = ORIENTED_EDGE('',*,*,#13615,.T.);
#13651 = FACE_BOUND('',#13652,.T.);
#13652 = EDGE_LOOP('',(#13653));
#13653 = ORIENTED_EDGE('',*,*,#13654,.F.);
#13654 = EDGE_CURVE('',#13655,#13655,#13657,.T.);
#13655 = VERTEX_POINT('',#13656);
#13656 = CARTESIAN_POINT('',(0.15,-11.6,7.45));
#13657 = CIRCLE('',#13658,2.1);
#13658 = AXIS2_PLACEMENT_3D('',#13659,#13660,#13661);
#13659 = CARTESIAN_POINT('',(0.15,-11.6,5.35));
#13660 = DIRECTION('',(-1.,0.,0.));
#13661 = DIRECTION('',(0.,0.,1.));
#13662 = PLANE('',#13663);
#13663 = AXIS2_PLACEMENT_3D('',#13664,#13665,#13666);
#13664 = CARTESIAN_POINT('',(0.15,-11.6,5.35));
#13665 = DIRECTION('',(-1.,-4.379057701015E-47,2.683200357895E-31));
#13666 = DIRECTION('',(-2.683200357895E-31,0.,-1.));
#13667 = ADVANCED_FACE('',(#13668),#13679,.F.);
#13668 = FACE_BOUND('',#13669,.F.);
#13669 = EDGE_LOOP('',(#13670,#13676,#13677,#13678));
#13670 = ORIENTED_EDGE('',*,*,#13671,.T.);
#13671 = EDGE_CURVE('',#13635,#13655,#13672,.T.);
#13672 = LINE('',#13673,#13674);
#13673 = CARTESIAN_POINT('',(0.6,-11.6,7.45));
#13674 = VECTOR('',#13675,1.);
#13675 = DIRECTION('',(-1.,0.,0.));
#13676 = ORIENTED_EDGE('',*,*,#13654,.F.);
#13677 = ORIENTED_EDGE('',*,*,#13671,.F.);
#13678 = ORIENTED_EDGE('',*,*,#13634,.F.);
#13679 = CYLINDRICAL_SURFACE('',#13680,2.1);
#13680 = AXIS2_PLACEMENT_3D('',#13681,#13682,#13683);
#13681 = CARTESIAN_POINT('',(0.6,-11.6,5.35));
#13682 = DIRECTION('',(1.,0.,0.));
#13683 = DIRECTION('',(0.,0.,1.));
#13684 = MANIFOLD_SOLID_BREP('',#13685);
#13685 = CLOSED_SHELL('',(#13686,#13719,#13739,#13759));
#13686 = ADVANCED_FACE('',(#13687),#13714,.T.);
#13687 = FACE_BOUND('',#13688,.T.);
#13688 = EDGE_LOOP('',(#13689,#13698,#13706,#13713));
#13689 = ORIENTED_EDGE('',*,*,#13690,.T.);
#13690 = EDGE_CURVE('',#13691,#13691,#13693,.T.);
#13691 = VERTEX_POINT('',#13692);
#13692 = CARTESIAN_POINT('',(-0.1,-11.6,8.85));
#13693 = CIRCLE('',#13694,3.5);
#13694 = AXIS2_PLACEMENT_3D('',#13695,#13696,#13697);
#13695 = CARTESIAN_POINT('',(-0.1,-11.6,5.35));
#13696 = DIRECTION('',(-1.,0.,0.));
#13697 = DIRECTION('',(0.,0.,1.));
#13698 = ORIENTED_EDGE('',*,*,#13699,.T.);
#13699 = EDGE_CURVE('',#13691,#13700,#13702,.T.);
#13700 = VERTEX_POINT('',#13701);
#13701 = CARTESIAN_POINT('',(-0.35,-11.6,8.85));
#13702 = LINE('',#13703,#13704);
#13703 = CARTESIAN_POINT('',(-0.1,-11.6,8.85));
#13704 = VECTOR('',#13705,1.);
#13705 = DIRECTION('',(-1.,0.,0.));
#13706 = ORIENTED_EDGE('',*,*,#13707,.F.);
#13707 = EDGE_CURVE('',#13700,#13700,#13708,.T.);
#13708 = CIRCLE('',#13709,3.5);
#13709 = AXIS2_PLACEMENT_3D('',#13710,#13711,#13712);
#13710 = CARTESIAN_POINT('',(-0.35,-11.6,5.35));
#13711 = DIRECTION('',(-1.,0.,0.));
#13712 = DIRECTION('',(0.,0.,1.));
#13713 = ORIENTED_EDGE('',*,*,#13699,.F.);
#13714 = CYLINDRICAL_SURFACE('',#13715,3.5);
#13715 = AXIS2_PLACEMENT_3D('',#13716,#13717,#13718);
#13716 = CARTESIAN_POINT('',(-0.1,-11.6,5.35));
#13717 = DIRECTION('',(1.,0.,0.));
#13718 = DIRECTION('',(0.,0.,1.));
#13719 = ADVANCED_FACE('',(#13720,#13723),#13734,.F.);
#13720 = FACE_BOUND('',#13721,.F.);
#13721 = EDGE_LOOP('',(#13722));
#13722 = ORIENTED_EDGE('',*,*,#13690,.T.);
#13723 = FACE_BOUND('',#13724,.F.);
#13724 = EDGE_LOOP('',(#13725));
#13725 = ORIENTED_EDGE('',*,*,#13726,.T.);
#13726 = EDGE_CURVE('',#13727,#13727,#13729,.T.);
#13727 = VERTEX_POINT('',#13728);
#13728 = CARTESIAN_POINT('',(-9.999999999999E-02,-11.6,8.15));
#13729 = CIRCLE('',#13730,2.8);
#13730 = AXIS2_PLACEMENT_3D('',#13731,#13732,#13733);
#13731 = CARTESIAN_POINT('',(-9.999999999999E-02,-11.6,5.35));
#13732 = DIRECTION('',(1.,0.,-0.));
#13733 = DIRECTION('',(0.,0.,1.));
#13734 = PLANE('',#13735);
#13735 = AXIS2_PLACEMENT_3D('',#13736,#13737,#13738);
#13736 = CARTESIAN_POINT('',(-9.999999999999E-02,-11.6,5.35));
#13737 = DIRECTION('',(-1.,8.586241145263E-32,-3.434496458105E-31));
#13738 = DIRECTION('',(3.434496458105E-31,0.,-1.));
#13739 = ADVANCED_FACE('',(#13740,#13743),#13754,.T.);
#13740 = FACE_BOUND('',#13741,.T.);
#13741 = EDGE_LOOP('',(#13742));
#13742 = ORIENTED_EDGE('',*,*,#13707,.T.);
#13743 = FACE_BOUND('',#13744,.T.);
#13744 = EDGE_LOOP('',(#13745));
#13745 = ORIENTED_EDGE('',*,*,#13746,.F.);
#13746 = EDGE_CURVE('',#13747,#13747,#13749,.T.);
#13747 = VERTEX_POINT('',#13748);
#13748 = CARTESIAN_POINT('',(-0.35,-11.6,8.15));
#13749 = CIRCLE('',#13750,2.8);
#13750 = AXIS2_PLACEMENT_3D('',#13751,#13752,#13753);
#13751 = CARTESIAN_POINT('',(-0.35,-11.6,5.35));
#13752 = DIRECTION('',(-1.,0.,0.));
#13753 = DIRECTION('',(0.,0.,1.));
#13754 = PLANE('',#13755);
#13755 = AXIS2_PLACEMENT_3D('',#13756,#13757,#13758);
#13756 = CARTESIAN_POINT('',(-0.35,-11.6,5.35));
#13757 = DIRECTION('',(-1.,8.586241145263E-32,-3.434496458105E-31));
#13758 = DIRECTION('',(3.434496458105E-31,0.,-1.));
#13759 = ADVANCED_FACE('',(#13760),#13771,.F.);
#13760 = FACE_BOUND('',#13761,.F.);
#13761 = EDGE_LOOP('',(#13762,#13768,#13769,#13770));
#13762 = ORIENTED_EDGE('',*,*,#13763,.T.);
#13763 = EDGE_CURVE('',#13727,#13747,#13764,.T.);
#13764 = LINE('',#13765,#13766);
#13765 = CARTESIAN_POINT('',(0.1,-11.6,8.15));
#13766 = VECTOR('',#13767,1.);
#13767 = DIRECTION('',(-1.,0.,0.));
#13768 = ORIENTED_EDGE('',*,*,#13746,.F.);
#13769 = ORIENTED_EDGE('',*,*,#13763,.F.);
#13770 = ORIENTED_EDGE('',*,*,#13726,.F.);
#13771 = CYLINDRICAL_SURFACE('',#13772,2.8);
#13772 = AXIS2_PLACEMENT_3D('',#13773,#13774,#13775);
#13773 = CARTESIAN_POINT('',(0.1,-11.6,5.35));
#13774 = DIRECTION('',(1.,0.,0.));
#13775 = DIRECTION('',(0.,0.,1.));
#13776 = MANIFOLD_SOLID_BREP('',#13777);
#13777 = CLOSED_SHELL('',(#13778,#13811,#13831,#13851));
#13778 = ADVANCED_FACE('',(#13779),#13806,.T.);
#13779 = FACE_BOUND('',#13780,.T.);
#13780 = EDGE_LOOP('',(#13781,#13791,#13798,#13799));
#13781 = ORIENTED_EDGE('',*,*,#13782,.T.);
#13782 = EDGE_CURVE('',#13783,#13785,#13787,.T.);
#13783 = VERTEX_POINT('',#13784);
#13784 = CARTESIAN_POINT('',(46.38,-1.1,6.75));
#13785 = VERTEX_POINT('',#13786);
#13786 = CARTESIAN_POINT('',(46.63,-1.1,6.75));
#13787 = LINE('',#13788,#13789);
#13788 = CARTESIAN_POINT('',(46.38,-1.1,6.75));
#13789 = VECTOR('',#13790,1.);
#13790 = DIRECTION('',(1.,0.,0.));
#13791 = ORIENTED_EDGE('',*,*,#13792,.T.);
#13792 = EDGE_CURVE('',#13785,#13785,#13793,.T.);
#13793 = CIRCLE('',#13794,1.4);
#13794 = AXIS2_PLACEMENT_3D('',#13795,#13796,#13797);
#13795 = CARTESIAN_POINT('',(46.63,-1.1,5.35));
#13796 = DIRECTION('',(-1.,0.,0.));
#13797 = DIRECTION('',(0.,0.,1.));
#13798 = ORIENTED_EDGE('',*,*,#13782,.F.);
#13799 = ORIENTED_EDGE('',*,*,#13800,.F.);
#13800 = EDGE_CURVE('',#13783,#13783,#13801,.T.);
#13801 = CIRCLE('',#13802,1.4);
#13802 = AXIS2_PLACEMENT_3D('',#13803,#13804,#13805);
#13803 = CARTESIAN_POINT('',(46.38,-1.1,5.35));
#13804 = DIRECTION('',(-1.,0.,0.));
#13805 = DIRECTION('',(0.,0.,1.));
#13806 = CYLINDRICAL_SURFACE('',#13807,1.4);
#13807 = AXIS2_PLACEMENT_3D('',#13808,#13809,#13810);
#13808 = CARTESIAN_POINT('',(46.38,-1.1,5.35));
#13809 = DIRECTION('',(-1.,0.,0.));
#13810 = DIRECTION('',(0.,0.,1.));
#13811 = ADVANCED_FACE('',(#13812,#13815),#13826,.T.);
#13812 = FACE_BOUND('',#13813,.T.);
#13813 = EDGE_LOOP('',(#13814));
#13814 = ORIENTED_EDGE('',*,*,#13800,.T.);
#13815 = FACE_BOUND('',#13816,.T.);
#13816 = EDGE_LOOP('',(#13817));
#13817 = ORIENTED_EDGE('',*,*,#13818,.F.);
#13818 = EDGE_CURVE('',#13819,#13819,#13821,.T.);
#13819 = VERTEX_POINT('',#13820);
#13820 = CARTESIAN_POINT('',(46.38,-1.1,6.05));
#13821 = CIRCLE('',#13822,0.7);
#13822 = AXIS2_PLACEMENT_3D('',#13823,#13824,#13825);
#13823 = CARTESIAN_POINT('',(46.38,-1.1,5.35));
#13824 = DIRECTION('',(-1.,0.,0.));
#13825 = DIRECTION('',(0.,0.,1.));
#13826 = PLANE('',#13827);
#13827 = AXIS2_PLACEMENT_3D('',#13828,#13829,#13830);
#13828 = CARTESIAN_POINT('',(46.38,-1.1,5.35));
#13829 = DIRECTION('',(-1.,-3.219840429474E-30,1.341600178947E-31));
#13830 = DIRECTION('',(3.219840429474E-30,-1.,0.));
#13831 = ADVANCED_FACE('',(#13832,#13835),#13846,.F.);
#13832 = FACE_BOUND('',#13833,.F.);
#13833 = EDGE_LOOP('',(#13834));
#13834 = ORIENTED_EDGE('',*,*,#13792,.T.);
#13835 = FACE_BOUND('',#13836,.F.);
#13836 = EDGE_LOOP('',(#13837));
#13837 = ORIENTED_EDGE('',*,*,#13838,.F.);
#13838 = EDGE_CURVE('',#13839,#13839,#13841,.T.);
#13839 = VERTEX_POINT('',#13840);
#13840 = CARTESIAN_POINT('',(46.63,-1.1,6.05));
#13841 = CIRCLE('',#13842,0.7);
#13842 = AXIS2_PLACEMENT_3D('',#13843,#13844,#13845);
#13843 = CARTESIAN_POINT('',(46.63,-1.1,5.35));
#13844 = DIRECTION('',(-1.,0.,0.));
#13845 = DIRECTION('',(0.,0.,1.));
#13846 = PLANE('',#13847);
#13847 = AXIS2_PLACEMENT_3D('',#13848,#13849,#13850);
#13848 = CARTESIAN_POINT('',(46.63,-1.1,5.35));
#13849 = DIRECTION('',(-1.,-3.219840429474E-30,1.341600178947E-31));
#13850 = DIRECTION('',(3.219840429474E-30,-1.,0.));
#13851 = ADVANCED_FACE('',(#13852),#13863,.F.);
#13852 = FACE_BOUND('',#13853,.F.);
#13853 = EDGE_LOOP('',(#13854,#13855,#13861,#13862));
#13854 = ORIENTED_EDGE('',*,*,#13818,.F.);
#13855 = ORIENTED_EDGE('',*,*,#13856,.T.);
#13856 = EDGE_CURVE('',#13819,#13839,#13857,.T.);
#13857 = LINE('',#13858,#13859);
#13858 = CARTESIAN_POINT('',(46.18,-1.1,6.05));
#13859 = VECTOR('',#13860,1.);
#13860 = DIRECTION('',(1.,0.,0.));
#13861 = ORIENTED_EDGE('',*,*,#13838,.T.);
#13862 = ORIENTED_EDGE('',*,*,#13856,.F.);
#13863 = CYLINDRICAL_SURFACE('',#13864,0.7);
#13864 = AXIS2_PLACEMENT_3D('',#13865,#13866,#13867);
#13865 = CARTESIAN_POINT('',(46.18,-1.1,5.35));
#13866 = DIRECTION('',(-1.,0.,0.));
#13867 = DIRECTION('',(0.,0.,1.));
#13868 = MANIFOLD_SOLID_BREP('',#13869);
#13869 = CLOSED_SHELL('',(#13870,#13903,#13923,#13943));
#13870 = ADVANCED_FACE('',(#13871),#13898,.T.);
#13871 = FACE_BOUND('',#13872,.T.);
#13872 = EDGE_LOOP('',(#13873,#13883,#13890,#13891));
#13873 = ORIENTED_EDGE('',*,*,#13874,.T.);
#13874 = EDGE_CURVE('',#13875,#13877,#13879,.T.);
#13875 = VERTEX_POINT('',#13876);
#13876 = CARTESIAN_POINT('',(46.88,-1.1,7.45));
#13877 = VERTEX_POINT('',#13878);
#13878 = CARTESIAN_POINT('',(47.13,-1.1,7.45));
#13879 = LINE('',#13880,#13881);
#13880 = CARTESIAN_POINT('',(46.88,-1.1,7.45));
#13881 = VECTOR('',#13882,1.);
#13882 = DIRECTION('',(1.,0.,0.));
#13883 = ORIENTED_EDGE('',*,*,#13884,.T.);
#13884 = EDGE_CURVE('',#13877,#13877,#13885,.T.);
#13885 = CIRCLE('',#13886,2.1);
#13886 = AXIS2_PLACEMENT_3D('',#13887,#13888,#13889);
#13887 = CARTESIAN_POINT('',(47.13,-1.1,5.35));
#13888 = DIRECTION('',(-1.,0.,0.));
#13889 = DIRECTION('',(0.,0.,1.));
#13890 = ORIENTED_EDGE('',*,*,#13874,.F.);
#13891 = ORIENTED_EDGE('',*,*,#13892,.F.);
#13892 = EDGE_CURVE('',#13875,#13875,#13893,.T.);
#13893 = CIRCLE('',#13894,2.1);
#13894 = AXIS2_PLACEMENT_3D('',#13895,#13896,#13897);
#13895 = CARTESIAN_POINT('',(46.88,-1.1,5.35));
#13896 = DIRECTION('',(-1.,0.,0.));
#13897 = DIRECTION('',(0.,0.,1.));
#13898 = CYLINDRICAL_SURFACE('',#13899,2.1);
#13899 = AXIS2_PLACEMENT_3D('',#13900,#13901,#13902);
#13900 = CARTESIAN_POINT('',(46.88,-1.1,5.35));
#13901 = DIRECTION('',(-1.,0.,0.));
#13902 = DIRECTION('',(0.,0.,1.));
#13903 = ADVANCED_FACE('',(#13904,#13907),#13918,.T.);
#13904 = FACE_BOUND('',#13905,.T.);
#13905 = EDGE_LOOP('',(#13906));
#13906 = ORIENTED_EDGE('',*,*,#13892,.T.);
#13907 = FACE_BOUND('',#13908,.T.);
#13908 = EDGE_LOOP('',(#13909));
#13909 = ORIENTED_EDGE('',*,*,#13910,.F.);
#13910 = EDGE_CURVE('',#13911,#13911,#13913,.T.);
#13911 = VERTEX_POINT('',#13912);
#13912 = CARTESIAN_POINT('',(46.88,-1.1,6.75));
#13913 = CIRCLE('',#13914,1.4);
#13914 = AXIS2_PLACEMENT_3D('',#13915,#13916,#13917);
#13915 = CARTESIAN_POINT('',(46.88,-1.1,5.35));
#13916 = DIRECTION('',(-1.,0.,0.));
#13917 = DIRECTION('',(0.,0.,1.));
#13918 = PLANE('',#13919);
#13919 = AXIS2_PLACEMENT_3D('',#13920,#13921,#13922);
#13920 = CARTESIAN_POINT('',(46.88,-1.1,5.35));
#13921 = DIRECTION('',(-1.,-0.,-0.));
#13922 = DIRECTION('',(0.,0.,-1.));
#13923 = ADVANCED_FACE('',(#13924,#13927),#13938,.F.);
#13924 = FACE_BOUND('',#13925,.F.);
#13925 = EDGE_LOOP('',(#13926));
#13926 = ORIENTED_EDGE('',*,*,#13884,.T.);
#13927 = FACE_BOUND('',#13928,.F.);
#13928 = EDGE_LOOP('',(#13929));
#13929 = ORIENTED_EDGE('',*,*,#13930,.F.);
#13930 = EDGE_CURVE('',#13931,#13931,#13933,.T.);
#13931 = VERTEX_POINT('',#13932);
#13932 = CARTESIAN_POINT('',(47.13,-1.1,6.75));
#13933 = CIRCLE('',#13934,1.4);
#13934 = AXIS2_PLACEMENT_3D('',#13935,#13936,#13937);
#13935 = CARTESIAN_POINT('',(47.13,-1.1,5.35));
#13936 = DIRECTION('',(-1.,0.,0.));
#13937 = DIRECTION('',(0.,0.,1.));
#13938 = PLANE('',#13939);
#13939 = AXIS2_PLACEMENT_3D('',#13940,#13941,#13942);
#13940 = CARTESIAN_POINT('',(47.13,-1.1,5.35));
#13941 = DIRECTION('',(-1.,-0.,-0.));
#13942 = DIRECTION('',(0.,0.,-1.));
#13943 = ADVANCED_FACE('',(#13944),#13955,.F.);
#13944 = FACE_BOUND('',#13945,.F.);
#13945 = EDGE_LOOP('',(#13946,#13947,#13953,#13954));
#13946 = ORIENTED_EDGE('',*,*,#13910,.F.);
#13947 = ORIENTED_EDGE('',*,*,#13948,.T.);
#13948 = EDGE_CURVE('',#13911,#13931,#13949,.T.);
#13949 = LINE('',#13950,#13951);
#13950 = CARTESIAN_POINT('',(46.68,-1.1,6.75));
#13951 = VECTOR('',#13952,1.);
#13952 = DIRECTION('',(1.,0.,0.));
#13953 = ORIENTED_EDGE('',*,*,#13930,.T.);
#13954 = ORIENTED_EDGE('',*,*,#13948,.F.);
#13955 = CYLINDRICAL_SURFACE('',#13956,1.4);
#13956 = AXIS2_PLACEMENT_3D('',#13957,#13958,#13959);
#13957 = CARTESIAN_POINT('',(46.68,-1.1,5.35));
#13958 = DIRECTION('',(-1.,0.,0.));
#13959 = DIRECTION('',(0.,0.,1.));
#13960 = MANIFOLD_SOLID_BREP('',#13961);
#13961 = CLOSED_SHELL('',(#13962,#13995,#14015,#14035));
#13962 = ADVANCED_FACE('',(#13963),#13990,.T.);
#13963 = FACE_BOUND('',#13964,.T.);
#13964 = EDGE_LOOP('',(#13965,#13975,#13982,#13983));
#13965 = ORIENTED_EDGE('',*,*,#13966,.T.);
#13966 = EDGE_CURVE('',#13967,#13969,#13971,.T.);
#13967 = VERTEX_POINT('',#13968);
#13968 = CARTESIAN_POINT('',(47.38,-1.1,8.15));
#13969 = VERTEX_POINT('',#13970);
#13970 = CARTESIAN_POINT('',(47.63,-1.1,8.15));
#13971 = LINE('',#13972,#13973);
#13972 = CARTESIAN_POINT('',(47.38,-1.1,8.15));
#13973 = VECTOR('',#13974,1.);
#13974 = DIRECTION('',(1.,0.,0.));
#13975 = ORIENTED_EDGE('',*,*,#13976,.T.);
#13976 = EDGE_CURVE('',#13969,#13969,#13977,.T.);
#13977 = CIRCLE('',#13978,2.8);
#13978 = AXIS2_PLACEMENT_3D('',#13979,#13980,#13981);
#13979 = CARTESIAN_POINT('',(47.63,-1.1,5.35));
#13980 = DIRECTION('',(-1.,0.,0.));
#13981 = DIRECTION('',(0.,0.,1.));
#13982 = ORIENTED_EDGE('',*,*,#13966,.F.);
#13983 = ORIENTED_EDGE('',*,*,#13984,.F.);
#13984 = EDGE_CURVE('',#13967,#13967,#13985,.T.);
#13985 = CIRCLE('',#13986,2.8);
#13986 = AXIS2_PLACEMENT_3D('',#13987,#13988,#13989);
#13987 = CARTESIAN_POINT('',(47.38,-1.1,5.35));
#13988 = DIRECTION('',(-1.,0.,0.));
#13989 = DIRECTION('',(0.,0.,1.));
#13990 = CYLINDRICAL_SURFACE('',#13991,2.8);
#13991 = AXIS2_PLACEMENT_3D('',#13992,#13993,#13994);
#13992 = CARTESIAN_POINT('',(47.38,-1.1,5.35));
#13993 = DIRECTION('',(-1.,0.,0.));
#13994 = DIRECTION('',(0.,0.,1.));
#13995 = ADVANCED_FACE('',(#13996,#13999),#14010,.T.);
#13996 = FACE_BOUND('',#13997,.T.);
#13997 = EDGE_LOOP('',(#13998));
#13998 = ORIENTED_EDGE('',*,*,#13984,.T.);
#13999 = FACE_BOUND('',#14000,.T.);
#14000 = EDGE_LOOP('',(#14001));
#14001 = ORIENTED_EDGE('',*,*,#14002,.F.);
#14002 = EDGE_CURVE('',#14003,#14003,#14005,.T.);
#14003 = VERTEX_POINT('',#14004);
#14004 = CARTESIAN_POINT('',(47.38,-1.1,7.45));
#14005 = CIRCLE('',#14006,2.1);
#14006 = AXIS2_PLACEMENT_3D('',#14007,#14008,#14009);
#14007 = CARTESIAN_POINT('',(47.38,-1.1,5.35));
#14008 = DIRECTION('',(-1.,0.,0.));
#14009 = DIRECTION('',(0.,0.,1.));
#14010 = PLANE('',#14011);
#14011 = AXIS2_PLACEMENT_3D('',#14012,#14013,#14014);
#14012 = CARTESIAN_POINT('',(47.38,-1.1,5.35));
#14013 = DIRECTION('',(-1.,4.379057701015E-47,-2.683200357895E-31));
#14014 = DIRECTION('',(2.683200357895E-31,0.,-1.));
#14015 = ADVANCED_FACE('',(#14016,#14019),#14030,.F.);
#14016 = FACE_BOUND('',#14017,.F.);
#14017 = EDGE_LOOP('',(#14018));
#14018 = ORIENTED_EDGE('',*,*,#13976,.T.);
#14019 = FACE_BOUND('',#14020,.F.);
#14020 = EDGE_LOOP('',(#14021));
#14021 = ORIENTED_EDGE('',*,*,#14022,.F.);
#14022 = EDGE_CURVE('',#14023,#14023,#14025,.T.);
#14023 = VERTEX_POINT('',#14024);
#14024 = CARTESIAN_POINT('',(47.63,-1.1,7.45));
#14025 = CIRCLE('',#14026,2.1);
#14026 = AXIS2_PLACEMENT_3D('',#14027,#14028,#14029);
#14027 = CARTESIAN_POINT('',(47.63,-1.1,5.35));
#14028 = DIRECTION('',(-1.,0.,0.));
#14029 = DIRECTION('',(0.,0.,1.));
#14030 = PLANE('',#14031);
#14031 = AXIS2_PLACEMENT_3D('',#14032,#14033,#14034);
#14032 = CARTESIAN_POINT('',(47.63,-1.1,5.35));
#14033 = DIRECTION('',(-1.,4.379057701015E-47,-2.683200357895E-31));
#14034 = DIRECTION('',(2.683200357895E-31,0.,-1.));
#14035 = ADVANCED_FACE('',(#14036),#14047,.F.);
#14036 = FACE_BOUND('',#14037,.F.);
#14037 = EDGE_LOOP('',(#14038,#14039,#14045,#14046));
#14038 = ORIENTED_EDGE('',*,*,#14002,.F.);
#14039 = ORIENTED_EDGE('',*,*,#14040,.T.);
#14040 = EDGE_CURVE('',#14003,#14023,#14041,.T.);
#14041 = LINE('',#14042,#14043);
#14042 = CARTESIAN_POINT('',(47.18,-1.1,7.45));
#14043 = VECTOR('',#14044,1.);
#14044 = DIRECTION('',(1.,0.,0.));
#14045 = ORIENTED_EDGE('',*,*,#14022,.T.);
#14046 = ORIENTED_EDGE('',*,*,#14040,.F.);
#14047 = CYLINDRICAL_SURFACE('',#14048,2.1);
#14048 = AXIS2_PLACEMENT_3D('',#14049,#14050,#14051);
#14049 = CARTESIAN_POINT('',(47.18,-1.1,5.35));
#14050 = DIRECTION('',(-1.,0.,0.));
#14051 = DIRECTION('',(0.,0.,1.));
#14052 = MANIFOLD_SOLID_BREP('',#14053);
#14053 = CLOSED_SHELL('',(#14054,#14087,#14107,#14127));
#14054 = ADVANCED_FACE('',(#14055),#14082,.T.);
#14055 = FACE_BOUND('',#14056,.T.);
#14056 = EDGE_LOOP('',(#14057,#14067,#14074,#14075));
#14057 = ORIENTED_EDGE('',*,*,#14058,.T.);
#14058 = EDGE_CURVE('',#14059,#14061,#14063,.T.);
#14059 = VERTEX_POINT('',#14060);
#14060 = CARTESIAN_POINT('',(47.88,-1.1,8.85));
#14061 = VERTEX_POINT('',#14062);
#14062 = CARTESIAN_POINT('',(48.13,-1.1,8.85));
#14063 = LINE('',#14064,#14065);
#14064 = CARTESIAN_POINT('',(47.88,-1.1,8.85));
#14065 = VECTOR('',#14066,1.);
#14066 = DIRECTION('',(1.,0.,0.));
#14067 = ORIENTED_EDGE('',*,*,#14068,.T.);
#14068 = EDGE_CURVE('',#14061,#14061,#14069,.T.);
#14069 = CIRCLE('',#14070,3.5);
#14070 = AXIS2_PLACEMENT_3D('',#14071,#14072,#14073);
#14071 = CARTESIAN_POINT('',(48.13,-1.1,5.35));
#14072 = DIRECTION('',(-1.,0.,0.));
#14073 = DIRECTION('',(0.,0.,1.));
#14074 = ORIENTED_EDGE('',*,*,#14058,.F.);
#14075 = ORIENTED_EDGE('',*,*,#14076,.F.);
#14076 = EDGE_CURVE('',#14059,#14059,#14077,.T.);
#14077 = CIRCLE('',#14078,3.5);
#14078 = AXIS2_PLACEMENT_3D('',#14079,#14080,#14081);
#14079 = CARTESIAN_POINT('',(47.88,-1.1,5.35));
#14080 = DIRECTION('',(-1.,0.,0.));
#14081 = DIRECTION('',(0.,0.,1.));
#14082 = CYLINDRICAL_SURFACE('',#14083,3.5);
#14083 = AXIS2_PLACEMENT_3D('',#14084,#14085,#14086);
#14084 = CARTESIAN_POINT('',(47.88,-1.1,5.35));
#14085 = DIRECTION('',(-1.,0.,0.));
#14086 = DIRECTION('',(0.,0.,1.));
#14087 = ADVANCED_FACE('',(#14088,#14091),#14102,.T.);
#14088 = FACE_BOUND('',#14089,.T.);
#14089 = EDGE_LOOP('',(#14090));
#14090 = ORIENTED_EDGE('',*,*,#14076,.T.);
#14091 = FACE_BOUND('',#14092,.T.);
#14092 = EDGE_LOOP('',(#14093));
#14093 = ORIENTED_EDGE('',*,*,#14094,.F.);
#14094 = EDGE_CURVE('',#14095,#14095,#14097,.T.);
#14095 = VERTEX_POINT('',#14096);
#14096 = CARTESIAN_POINT('',(47.88,-1.1,8.15));
#14097 = CIRCLE('',#14098,2.8);
#14098 = AXIS2_PLACEMENT_3D('',#14099,#14100,#14101);
#14099 = CARTESIAN_POINT('',(47.88,-1.1,5.35));
#14100 = DIRECTION('',(-1.,0.,0.));
#14101 = DIRECTION('',(0.,0.,1.));
#14102 = PLANE('',#14103);
#14103 = AXIS2_PLACEMENT_3D('',#14104,#14105,#14106);
#14104 = CARTESIAN_POINT('',(47.88,-1.1,5.35));
#14105 = DIRECTION('',(-1.,-0.,-0.));
#14106 = DIRECTION('',(0.,0.,-1.));
#14107 = ADVANCED_FACE('',(#14108,#14111),#14122,.F.);
#14108 = FACE_BOUND('',#14109,.F.);
#14109 = EDGE_LOOP('',(#14110));
#14110 = ORIENTED_EDGE('',*,*,#14068,.T.);
#14111 = FACE_BOUND('',#14112,.F.);
#14112 = EDGE_LOOP('',(#14113));
#14113 = ORIENTED_EDGE('',*,*,#14114,.F.);
#14114 = EDGE_CURVE('',#14115,#14115,#14117,.T.);
#14115 = VERTEX_POINT('',#14116);
#14116 = CARTESIAN_POINT('',(48.13,-1.1,8.15));
#14117 = CIRCLE('',#14118,2.8);
#14118 = AXIS2_PLACEMENT_3D('',#14119,#14120,#14121);
#14119 = CARTESIAN_POINT('',(48.13,-1.1,5.35));
#14120 = DIRECTION('',(-1.,0.,0.));
#14121 = DIRECTION('',(0.,0.,1.));
#14122 = PLANE('',#14123);
#14123 = AXIS2_PLACEMENT_3D('',#14124,#14125,#14126);
#14124 = CARTESIAN_POINT('',(48.13,-1.1,5.35));
#14125 = DIRECTION('',(-1.,-0.,-0.));
#14126 = DIRECTION('',(0.,0.,-1.));
#14127 = ADVANCED_FACE('',(#14128),#14139,.F.);
#14128 = FACE_BOUND('',#14129,.F.);
#14129 = EDGE_LOOP('',(#14130,#14131,#14137,#14138));
#14130 = ORIENTED_EDGE('',*,*,#14094,.F.);
#14131 = ORIENTED_EDGE('',*,*,#14132,.T.);
#14132 = EDGE_CURVE('',#14095,#14115,#14133,.T.);
#14133 = LINE('',#14134,#14135);
#14134 = CARTESIAN_POINT('',(47.68,-1.1,8.15));
#14135 = VECTOR('',#14136,1.);
#14136 = DIRECTION('',(1.,0.,0.));
#14137 = ORIENTED_EDGE('',*,*,#14114,.T.);
#14138 = ORIENTED_EDGE('',*,*,#14132,.F.);
#14139 = CYLINDRICAL_SURFACE('',#14140,2.8);
#14140 = AXIS2_PLACEMENT_3D('',#14141,#14142,#14143);
#14141 = CARTESIAN_POINT('',(47.68,-1.1,5.35));
#14142 = DIRECTION('',(-1.,0.,0.));
#14143 = DIRECTION('',(0.,0.,1.));
#14144 = ( GEOMETRIC_REPRESENTATION_CONTEXT(3) 
GLOBAL_UNCERTAINTY_ASSIGNED_CONTEXT((#14148)) 
GLOBAL_UNIT_ASSIGNED_CONTEXT((#14145,#14146,#14147)) 
REPRESENTATION_CONTEXT('Context #1',
  '3D Context with UNIT and UNCERTAINTY') );
#14145 = ( LENGTH_UNIT() NAMED_UNIT(*) SI_UNIT(.MILLI.,.METRE.) );
#14146 = ( NAMED_UNIT(*) PLANE_ANGLE_UNIT() SI_UNIT($,.RADIAN.) );
#14147 = ( NAMED_UNIT(*) SI_UNIT($,.STERADIAN.) SOLID_ANGLE_UNIT() );
#14148 = UNCERTAINTY_MEASURE_WITH_UNIT(LENGTH_MEASURE(1.E-07),#14145,
  'distance_accuracy_value','confusion accuracy');
#14149 = CONTEXT_DEPENDENT_SHAPE_REPRESENTATION(#14150,#14152);
#14150 = ( REPRESENTATION_RELATIONSHIP('','',#11318,#10) 
REPRESENTATION_RELATIONSHIP_WITH_TRANSFORMATION(#14151) 
SHAPE_REPRESENTATION_RELATIONSHIP() );
#14151 = ITEM_DEFINED_TRANSFORMATION('','',#11,#131);
#14152 = PRODUCT_DEFINITION_SHAPE('Placement','Placement of an item',
  #14153);
#14153 = NEXT_ASSEMBLY_USAGE_OCCURRENCE('36','BT1','',#5,#11313,$);
#14154 = PRODUCT_RELATED_PRODUCT_CATEGORY('part',$,(#11315));
#14155 = SHAPE_DEFINITION_REPRESENTATION(#14156,#14162);
#14156 = PRODUCT_DEFINITION_SHAPE('','',#14157);
#14157 = PRODUCT_DEFINITION('design','',#14158,#14161);
#14158 = PRODUCT_DEFINITION_FORMATION('','',#14159);
#14159 = PRODUCT('Night light PCB_PCB','Night light PCB_PCB','',(#14160)
  );
#14160 = PRODUCT_CONTEXT('',#2,'mechanical');
#14161 = PRODUCT_DEFINITION_CONTEXT('part definition',#2,'design');
#14162 = ADVANCED_BREP_SHAPE_REPRESENTATION('',(#11,#14163),#14985);
#14163 = MANIFOLD_SOLID_BREP('',#14164);
#14164 = CLOSED_SHELL('',(#14165,#14205,#14236,#14267,#14467,#14667,
    #14684,#14701,#14718,#14735,#14752,#14764,#14781,#14798,#14815,
    #14832,#14849,#14866,#14883,#14900,#14917,#14934,#14951,#14968));
#14165 = ADVANCED_FACE('',(#14166),#14200,.T.);
#14166 = FACE_BOUND('',#14167,.T.);
#14167 = EDGE_LOOP('',(#14168,#14178,#14186,#14194));
#14168 = ORIENTED_EDGE('',*,*,#14169,.T.);
#14169 = EDGE_CURVE('',#14170,#14172,#14174,.T.);
#14170 = VERTEX_POINT('',#14171);
#14171 = CARTESIAN_POINT('',(277.098,-70.917,0.));
#14172 = VERTEX_POINT('',#14173);
#14173 = CARTESIAN_POINT('',(277.098,-70.917,1.5162));
#14174 = LINE('',#14175,#14176);
#14175 = CARTESIAN_POINT('',(277.098,-70.917,0.));
#14176 = VECTOR('',#14177,1.);
#14177 = DIRECTION('',(0.,0.,1.));
#14178 = ORIENTED_EDGE('',*,*,#14179,.T.);
#14179 = EDGE_CURVE('',#14172,#14180,#14182,.T.);
#14180 = VERTEX_POINT('',#14181);
#14181 = CARTESIAN_POINT('',(277.027,-91.849,1.5162));
#14182 = LINE('',#14183,#14184);
#14183 = CARTESIAN_POINT('',(277.098,-70.917,1.5162));
#14184 = VECTOR('',#14185,1.);
#14185 = DIRECTION('',(-3.39191627976E-03,-0.999994247435,0.));
#14186 = ORIENTED_EDGE('',*,*,#14187,.F.);
#14187 = EDGE_CURVE('',#14188,#14180,#14190,.T.);
#14188 = VERTEX_POINT('',#14189);
#14189 = CARTESIAN_POINT('',(277.027,-91.849,0.));
#14190 = LINE('',#14191,#14192);
#14191 = CARTESIAN_POINT('',(277.027,-91.849,0.));
#14192 = VECTOR('',#14193,1.);
#14193 = DIRECTION('',(0.,0.,1.));
#14194 = ORIENTED_EDGE('',*,*,#14195,.F.);
#14195 = EDGE_CURVE('',#14170,#14188,#14196,.T.);
#14196 = LINE('',#14197,#14198);
#14197 = CARTESIAN_POINT('',(277.098,-70.917,0.));
#14198 = VECTOR('',#14199,1.);
#14199 = DIRECTION('',(-3.39191627976E-03,-0.999994247435,0.));
#14200 = PLANE('',#14201);
#14201 = AXIS2_PLACEMENT_3D('',#14202,#14203,#14204);
#14202 = CARTESIAN_POINT('',(277.098,-70.917,0.));
#14203 = DIRECTION('',(0.999994247435,-3.39191627976E-03,0.));
#14204 = DIRECTION('',(-3.39191627976E-03,-0.999994247435,0.));
#14205 = ADVANCED_FACE('',(#14206),#14231,.T.);
#14206 = FACE_BOUND('',#14207,.T.);
#14207 = EDGE_LOOP('',(#14208,#14218,#14224,#14225));
#14208 = ORIENTED_EDGE('',*,*,#14209,.T.);
#14209 = EDGE_CURVE('',#14210,#14212,#14214,.T.);
#14210 = VERTEX_POINT('',#14211);
#14211 = CARTESIAN_POINT('',(277.098454,-70.734001,0.));
#14212 = VERTEX_POINT('',#14213);
#14213 = CARTESIAN_POINT('',(277.098454,-70.734001,1.5162));
#14214 = LINE('',#14215,#14216);
#14215 = CARTESIAN_POINT('',(277.098454,-70.734001,0.));
#14216 = VECTOR('',#14217,1.);
#14217 = DIRECTION('',(0.,0.,1.));
#14218 = ORIENTED_EDGE('',*,*,#14219,.T.);
#14219 = EDGE_CURVE('',#14212,#14172,#14220,.T.);
#14220 = LINE('',#14221,#14222);
#14221 = CARTESIAN_POINT('',(277.098454,-70.734001,1.5162));
#14222 = VECTOR('',#14223,1.);
#14223 = DIRECTION('',(-2.480880238998E-03,-0.999996922612,0.));
#14224 = ORIENTED_EDGE('',*,*,#14169,.F.);
#14225 = ORIENTED_EDGE('',*,*,#14226,.F.);
#14226 = EDGE_CURVE('',#14210,#14170,#14227,.T.);
#14227 = LINE('',#14228,#14229);
#14228 = CARTESIAN_POINT('',(277.098454,-70.734001,0.));
#14229 = VECTOR('',#14230,1.);
#14230 = DIRECTION('',(-2.480880238998E-03,-0.999996922612,0.));
#14231 = PLANE('',#14232);
#14232 = AXIS2_PLACEMENT_3D('',#14233,#14234,#14235);
#14233 = CARTESIAN_POINT('',(277.098454,-70.734001,0.));
#14234 = DIRECTION('',(0.999996922612,-2.480880238998E-03,0.));
#14235 = DIRECTION('',(-2.480880238998E-03,-0.999996922612,0.));
#14236 = ADVANCED_FACE('',(#14237),#14262,.T.);
#14237 = FACE_BOUND('',#14238,.T.);
#14238 = EDGE_LOOP('',(#14239,#14240,#14248,#14256));
#14239 = ORIENTED_EDGE('',*,*,#14187,.T.);
#14240 = ORIENTED_EDGE('',*,*,#14241,.T.);
#14241 = EDGE_CURVE('',#14180,#14242,#14244,.T.);
#14242 = VERTEX_POINT('',#14243);
#14243 = CARTESIAN_POINT('',(277.076,-120.922,1.5162));
#14244 = LINE('',#14245,#14246);
#14245 = CARTESIAN_POINT('',(277.027,-91.849,1.5162));
#14246 = VECTOR('',#14247,1.);
#14247 = DIRECTION('',(1.685410188323E-03,-0.999998579695,0.));
#14248 = ORIENTED_EDGE('',*,*,#14249,.F.);
#14249 = EDGE_CURVE('',#14250,#14242,#14252,.T.);
#14250 = VERTEX_POINT('',#14251);
#14251 = CARTESIAN_POINT('',(277.076,-120.922,0.));
#14252 = LINE('',#14253,#14254);
#14253 = CARTESIAN_POINT('',(277.076,-120.922,0.));
#14254 = VECTOR('',#14255,1.);
#14255 = DIRECTION('',(0.,0.,1.));
#14256 = ORIENTED_EDGE('',*,*,#14257,.F.);
#14257 = EDGE_CURVE('',#14188,#14250,#14258,.T.);
#14258 = LINE('',#14259,#14260);
#14259 = CARTESIAN_POINT('',(277.027,-91.849,0.));
#14260 = VECTOR('',#14261,1.);
#14261 = DIRECTION('',(1.685410188323E-03,-0.999998579695,0.));
#14262 = PLANE('',#14263);
#14263 = AXIS2_PLACEMENT_3D('',#14264,#14265,#14266);
#14264 = CARTESIAN_POINT('',(277.027,-91.849,0.));
#14265 = DIRECTION('',(0.999998579695,1.685410188323E-03,-0.));
#14266 = DIRECTION('',(1.685410188323E-03,-0.999998579695,0.));
#14267 = ADVANCED_FACE('',(#14268,#14319,#14330,#14341,#14352,#14363,
    #14374,#14385,#14396,#14407,#14418,#14429,#14440,#14451),#14462,.F.
  );
#14268 = FACE_BOUND('',#14269,.F.);
#14269 = EDGE_LOOP('',(#14270,#14271,#14272,#14280,#14288,#14296,#14304,
    #14312,#14318));
#14270 = ORIENTED_EDGE('',*,*,#14195,.F.);
#14271 = ORIENTED_EDGE('',*,*,#14226,.F.);
#14272 = ORIENTED_EDGE('',*,*,#14273,.F.);
#14273 = EDGE_CURVE('',#14274,#14210,#14276,.T.);
#14274 = VERTEX_POINT('',#14275);
#14275 = CARTESIAN_POINT('',(244.008,-70.746999,0.));
#14276 = LINE('',#14277,#14278);
#14277 = CARTESIAN_POINT('',(244.008,-70.746999,0.));
#14278 = VECTOR('',#14279,1.);
#14279 = DIRECTION('',(0.999999922853,3.928020751013E-04,0.));
#14280 = ORIENTED_EDGE('',*,*,#14281,.F.);
#14281 = EDGE_CURVE('',#14282,#14274,#14284,.T.);
#14282 = VERTEX_POINT('',#14283);
#14283 = CARTESIAN_POINT('',(206.92,-70.861,0.));
#14284 = LINE('',#14285,#14286);
#14285 = CARTESIAN_POINT('',(206.92,-70.861,0.));
#14286 = VECTOR('',#14287,1.);
#14287 = DIRECTION('',(0.999995275918,3.073782933831E-03,0.));
#14288 = ORIENTED_EDGE('',*,*,#14289,.F.);
#14289 = EDGE_CURVE('',#14290,#14282,#14292,.T.);
#14290 = VERTEX_POINT('',#14291);
#14291 = CARTESIAN_POINT('',(206.903837,-92.010901,0.));
#14292 = LINE('',#14293,#14294);
#14293 = CARTESIAN_POINT('',(206.903837,-92.010901,0.));
#14294 = VECTOR('',#14295,1.);
#14295 = DIRECTION('',(7.642113918276E-04,0.99999970799,0.));
#14296 = ORIENTED_EDGE('',*,*,#14297,.F.);
#14297 = EDGE_CURVE('',#14298,#14290,#14300,.T.);
#14298 = VERTEX_POINT('',#14299);
#14299 = CARTESIAN_POINT('',(207.07004,-120.939,0.));
#14300 = LINE('',#14301,#14302);
#14301 = CARTESIAN_POINT('',(207.07004,-120.939,0.));
#14302 = VECTOR('',#14303,1.);
#14303 = DIRECTION('',(-5.745287892418E-03,0.999983495697,0.));
#14304 = ORIENTED_EDGE('',*,*,#14305,.F.);
#14305 = EDGE_CURVE('',#14306,#14298,#14308,.T.);
#14306 = VERTEX_POINT('',#14307);
#14307 = CARTESIAN_POINT('',(241.464,-120.944,0.));
#14308 = LINE('',#14309,#14310);
#14309 = CARTESIAN_POINT('',(241.464,-120.944,0.));
#14310 = VECTOR('',#14311,1.);
#14311 = DIRECTION('',(-0.999999989433,1.453743607068E-04,0.));
#14312 = ORIENTED_EDGE('',*,*,#14313,.F.);
#14313 = EDGE_CURVE('',#14250,#14306,#14314,.T.);
#14314 = LINE('',#14315,#14316);
#14315 = CARTESIAN_POINT('',(277.076,-120.922,0.));
#14316 = VECTOR('',#14317,1.);
#14317 = DIRECTION('',(-0.999999809181,-6.177691733679E-04,0.));
#14318 = ORIENTED_EDGE('',*,*,#14257,.F.);
#14319 = FACE_BOUND('',#14320,.F.);
#14320 = EDGE_LOOP('',(#14321));
#14321 = ORIENTED_EDGE('',*,*,#14322,.T.);
#14322 = EDGE_CURVE('',#14323,#14323,#14325,.T.);
#14323 = VERTEX_POINT('',#14324);
#14324 = CARTESIAN_POINT('',(211.816,-111.88,0.));
#14325 = CIRCLE('',#14326,0.51);
#14326 = AXIS2_PLACEMENT_3D('',#14327,#14328,#14329);
#14327 = CARTESIAN_POINT('',(211.816,-111.37,0.));
#14328 = DIRECTION('',(-0.,0.,-1.));
#14329 = DIRECTION('',(-0.,-1.,0.));
#14330 = FACE_BOUND('',#14331,.F.);
#14331 = EDGE_LOOP('',(#14332));
#14332 = ORIENTED_EDGE('',*,*,#14333,.T.);
#14333 = EDGE_CURVE('',#14334,#14334,#14336,.T.);
#14334 = VERTEX_POINT('',#14335);
#14335 = CARTESIAN_POINT('',(220.456,-109.095,0.));
#14336 = CIRCLE('',#14337,1.725);
#14337 = AXIS2_PLACEMENT_3D('',#14338,#14339,#14340);
#14338 = CARTESIAN_POINT('',(220.456,-107.37,0.));
#14339 = DIRECTION('',(-0.,0.,-1.));
#14340 = DIRECTION('',(-1.647635329299E-14,-1.,0.));
#14341 = FACE_BOUND('',#14342,.F.);
#14342 = EDGE_LOOP('',(#14343));
#14343 = ORIENTED_EDGE('',*,*,#14344,.T.);
#14344 = EDGE_CURVE('',#14345,#14345,#14347,.T.);
#14345 = VERTEX_POINT('',#14346);
#14346 = CARTESIAN_POINT('',(211.816,-99.18,0.));
#14347 = CIRCLE('',#14348,0.51);
#14348 = AXIS2_PLACEMENT_3D('',#14349,#14350,#14351);
#14349 = CARTESIAN_POINT('',(211.816,-98.67,0.));
#14350 = DIRECTION('',(-0.,0.,-1.));
#14351 = DIRECTION('',(-0.,-1.,0.));
#14352 = FACE_BOUND('',#14353,.F.);
#14353 = EDGE_LOOP('',(#14354));
#14354 = ORIENTED_EDGE('',*,*,#14355,.T.);
#14355 = EDGE_CURVE('',#14356,#14356,#14358,.T.);
#14356 = VERTEX_POINT('',#14357);
#14357 = CARTESIAN_POINT('',(237.722,-102.5883,0.));
#14358 = CIRCLE('',#14359,0.4953);
#14359 = AXIS2_PLACEMENT_3D('',#14360,#14361,#14362);
#14360 = CARTESIAN_POINT('',(237.722,-102.093,0.));
#14361 = DIRECTION('',(-0.,0.,-1.));
#14362 = DIRECTION('',(5.738281734384E-14,-1.,-0.));
#14363 = FACE_BOUND('',#14364,.F.);
#14364 = EDGE_LOOP('',(#14365));
#14365 = ORIENTED_EDGE('',*,*,#14366,.T.);
#14366 = EDGE_CURVE('',#14367,#14367,#14369,.T.);
#14367 = VERTEX_POINT('',#14368);
#14368 = CARTESIAN_POINT('',(239.754,-102.5883,0.));
#14369 = CIRCLE('',#14370,0.4953);
#14370 = AXIS2_PLACEMENT_3D('',#14371,#14372,#14373);
#14371 = CARTESIAN_POINT('',(239.754,-102.093,0.));
#14372 = DIRECTION('',(-0.,0.,-1.));
#14373 = DIRECTION('',(-5.738281734385E-14,-1.,0.));
#14374 = FACE_BOUND('',#14375,.F.);
#14375 = EDGE_LOOP('',(#14376));
#14376 = ORIENTED_EDGE('',*,*,#14377,.T.);
#14377 = EDGE_CURVE('',#14378,#14378,#14380,.T.);
#14378 = VERTEX_POINT('',#14379);
#14379 = CARTESIAN_POINT('',(236.198,-101.37545,0.));
#14380 = CIRCLE('',#14381,1.18745);
#14381 = AXIS2_PLACEMENT_3D('',#14382,#14383,#14384);
#14382 = CARTESIAN_POINT('',(236.198,-100.188,0.));
#14383 = DIRECTION('',(-0.,0.,-1.));
#14384 = DIRECTION('',(2.393507889208E-14,-1.,-0.));
#14385 = FACE_BOUND('',#14386,.F.);
#14386 = EDGE_LOOP('',(#14387));
#14387 = ORIENTED_EDGE('',*,*,#14388,.T.);
#14388 = EDGE_CURVE('',#14389,#14389,#14391,.T.);
#14389 = VERTEX_POINT('',#14390);
#14390 = CARTESIAN_POINT('',(236.198,-98.20045,0.));
#14391 = CIRCLE('',#14392,1.18745);
#14392 = AXIS2_PLACEMENT_3D('',#14393,#14394,#14395);
#14393 = CARTESIAN_POINT('',(236.198,-97.013,0.));
#14394 = DIRECTION('',(-0.,0.,-1.));
#14395 = DIRECTION('',(2.393507889208E-14,-1.,-0.));
#14396 = FACE_BOUND('',#14397,.F.);
#14397 = EDGE_LOOP('',(#14398));
#14398 = ORIENTED_EDGE('',*,*,#14399,.T.);
#14399 = EDGE_CURVE('',#14400,#14400,#14402,.T.);
#14400 = VERTEX_POINT('',#14401);
#14401 = CARTESIAN_POINT('',(238.738,-97.5083,0.));
#14402 = CIRCLE('',#14403,0.4953);
#14403 = AXIS2_PLACEMENT_3D('',#14404,#14405,#14406);
#14404 = CARTESIAN_POINT('',(238.738,-97.013,0.));
#14405 = DIRECTION('',(-0.,0.,-1.));
#14406 = DIRECTION('',(-0.,-1.,0.));
#14407 = FACE_BOUND('',#14408,.F.);
#14408 = EDGE_LOOP('',(#14409));
#14409 = ORIENTED_EDGE('',*,*,#14410,.T.);
#14410 = EDGE_CURVE('',#14411,#14411,#14413,.T.);
#14411 = VERTEX_POINT('',#14412);
#14412 = CARTESIAN_POINT('',(268.868,-114.303,0.));
#14413 = CIRCLE('',#14414,1.6);
#14414 = AXIS2_PLACEMENT_3D('',#14415,#14416,#14417);
#14415 = CARTESIAN_POINT('',(268.868,-112.703,0.));
#14416 = DIRECTION('',(-0.,0.,-1.));
#14417 = DIRECTION('',(-0.,-1.,0.));
#14418 = FACE_BOUND('',#14419,.F.);
#14419 = EDGE_LOOP('',(#14420));
#14420 = ORIENTED_EDGE('',*,*,#14421,.T.);
#14421 = EDGE_CURVE('',#14422,#14422,#14424,.T.);
#14422 = VERTEX_POINT('',#14423);
#14423 = CARTESIAN_POINT('',(250.426,-104.395,0.));
#14424 = CIRCLE('',#14425,1.725);
#14425 = AXIS2_PLACEMENT_3D('',#14426,#14427,#14428);
#14426 = CARTESIAN_POINT('',(250.426,-102.67,0.));
#14427 = DIRECTION('',(-0.,0.,-1.));
#14428 = DIRECTION('',(-0.,-1.,0.));
#14429 = FACE_BOUND('',#14430,.F.);
#14430 = EDGE_LOOP('',(#14431));
#14431 = ORIENTED_EDGE('',*,*,#14432,.T.);
#14432 = EDGE_CURVE('',#14433,#14433,#14435,.T.);
#14433 = VERTEX_POINT('',#14434);
#14434 = CARTESIAN_POINT('',(241.278,-101.37545,0.));
#14435 = CIRCLE('',#14436,1.18745);
#14436 = AXIS2_PLACEMENT_3D('',#14437,#14438,#14439);
#14437 = CARTESIAN_POINT('',(241.278,-100.188,0.));
#14438 = DIRECTION('',(-0.,0.,-1.));
#14439 = DIRECTION('',(-2.393507889208E-14,-1.,0.));
#14440 = FACE_BOUND('',#14441,.F.);
#14441 = EDGE_LOOP('',(#14442));
#14442 = ORIENTED_EDGE('',*,*,#14443,.T.);
#14443 = EDGE_CURVE('',#14444,#14444,#14446,.T.);
#14444 = VERTEX_POINT('',#14445);
#14445 = CARTESIAN_POINT('',(241.278,-98.20045,0.));
#14446 = CIRCLE('',#14447,1.18745);
#14447 = AXIS2_PLACEMENT_3D('',#14448,#14449,#14450);
#14448 = CARTESIAN_POINT('',(241.278,-97.013,0.));
#14449 = DIRECTION('',(-0.,0.,-1.));
#14450 = DIRECTION('',(-2.393507889208E-14,-1.,0.));
#14451 = FACE_BOUND('',#14452,.F.);
#14452 = EDGE_LOOP('',(#14453));
#14453 = ORIENTED_EDGE('',*,*,#14454,.T.);
#14454 = EDGE_CURVE('',#14455,#14455,#14457,.T.);
#14455 = VERTEX_POINT('',#14456);
#14456 = CARTESIAN_POINT('',(215.005,-80.598,0.));
#14457 = CIRCLE('',#14458,1.6);
#14458 = AXIS2_PLACEMENT_3D('',#14459,#14460,#14461);
#14459 = CARTESIAN_POINT('',(215.005,-78.998,0.));
#14460 = DIRECTION('',(-0.,0.,-1.));
#14461 = DIRECTION('',(-0.,-1.,0.));
#14462 = PLANE('',#14463);
#14463 = AXIS2_PLACEMENT_3D('',#14464,#14465,#14466);
#14464 = CARTESIAN_POINT('',(0.,0.,0.));
#14465 = DIRECTION('',(0.,0.,1.));
#14466 = DIRECTION('',(1.,0.,-0.));
#14467 = ADVANCED_FACE('',(#14468,#14519,#14530,#14541,#14552,#14563,
    #14574,#14585,#14596,#14607,#14618,#14629,#14640,#14651),#14662,.T.
  );
#14468 = FACE_BOUND('',#14469,.T.);
#14469 = EDGE_LOOP('',(#14470,#14471,#14472,#14480,#14488,#14496,#14504,
    #14512,#14518));
#14470 = ORIENTED_EDGE('',*,*,#14179,.F.);
#14471 = ORIENTED_EDGE('',*,*,#14219,.F.);
#14472 = ORIENTED_EDGE('',*,*,#14473,.F.);
#14473 = EDGE_CURVE('',#14474,#14212,#14476,.T.);
#14474 = VERTEX_POINT('',#14475);
#14475 = CARTESIAN_POINT('',(244.008,-70.746999,1.5162));
#14476 = LINE('',#14477,#14478);
#14477 = CARTESIAN_POINT('',(244.008,-70.746999,1.5162));
#14478 = VECTOR('',#14479,1.);
#14479 = DIRECTION('',(0.999999922853,3.928020751013E-04,0.));
#14480 = ORIENTED_EDGE('',*,*,#14481,.F.);
#14481 = EDGE_CURVE('',#14482,#14474,#14484,.T.);
#14482 = VERTEX_POINT('',#14483);
#14483 = CARTESIAN_POINT('',(206.92,-70.861,1.5162));
#14484 = LINE('',#14485,#14486);
#14485 = CARTESIAN_POINT('',(206.92,-70.861,1.5162));
#14486 = VECTOR('',#14487,1.);
#14487 = DIRECTION('',(0.999995275918,3.073782933831E-03,0.));
#14488 = ORIENTED_EDGE('',*,*,#14489,.F.);
#14489 = EDGE_CURVE('',#14490,#14482,#14492,.T.);
#14490 = VERTEX_POINT('',#14491);
#14491 = CARTESIAN_POINT('',(206.903837,-92.010901,1.5162));
#14492 = LINE('',#14493,#14494);
#14493 = CARTESIAN_POINT('',(206.903837,-92.010901,1.5162));
#14494 = VECTOR('',#14495,1.);
#14495 = DIRECTION('',(7.642113918276E-04,0.99999970799,0.));
#14496 = ORIENTED_EDGE('',*,*,#14497,.F.);
#14497 = EDGE_CURVE('',#14498,#14490,#14500,.T.);
#14498 = VERTEX_POINT('',#14499);
#14499 = CARTESIAN_POINT('',(207.07004,-120.939,1.5162));
#14500 = LINE('',#14501,#14502);
#14501 = CARTESIAN_POINT('',(207.07004,-120.939,1.5162));
#14502 = VECTOR('',#14503,1.);
#14503 = DIRECTION('',(-5.745287892418E-03,0.999983495697,0.));
#14504 = ORIENTED_EDGE('',*,*,#14505,.F.);
#14505 = EDGE_CURVE('',#14506,#14498,#14508,.T.);
#14506 = VERTEX_POINT('',#14507);
#14507 = CARTESIAN_POINT('',(241.464,-120.944,1.5162));
#14508 = LINE('',#14509,#14510);
#14509 = CARTESIAN_POINT('',(241.464,-120.944,1.5162));
#14510 = VECTOR('',#14511,1.);
#14511 = DIRECTION('',(-0.999999989433,1.453743607068E-04,0.));
#14512 = ORIENTED_EDGE('',*,*,#14513,.F.);
#14513 = EDGE_CURVE('',#14242,#14506,#14514,.T.);
#14514 = LINE('',#14515,#14516);
#14515 = CARTESIAN_POINT('',(277.076,-120.922,1.5162));
#14516 = VECTOR('',#14517,1.);
#14517 = DIRECTION('',(-0.999999809181,-6.177691733679E-04,0.));
#14518 = ORIENTED_EDGE('',*,*,#14241,.F.);
#14519 = FACE_BOUND('',#14520,.T.);
#14520 = EDGE_LOOP('',(#14521));
#14521 = ORIENTED_EDGE('',*,*,#14522,.T.);
#14522 = EDGE_CURVE('',#14523,#14523,#14525,.T.);
#14523 = VERTEX_POINT('',#14524);
#14524 = CARTESIAN_POINT('',(211.816,-111.88,1.5162));
#14525 = CIRCLE('',#14526,0.51);
#14526 = AXIS2_PLACEMENT_3D('',#14527,#14528,#14529);
#14527 = CARTESIAN_POINT('',(211.816,-111.37,1.5162));
#14528 = DIRECTION('',(-0.,0.,-1.));
#14529 = DIRECTION('',(-0.,-1.,0.));
#14530 = FACE_BOUND('',#14531,.T.);
#14531 = EDGE_LOOP('',(#14532));
#14532 = ORIENTED_EDGE('',*,*,#14533,.T.);
#14533 = EDGE_CURVE('',#14534,#14534,#14536,.T.);
#14534 = VERTEX_POINT('',#14535);
#14535 = CARTESIAN_POINT('',(220.456,-109.095,1.5162));
#14536 = CIRCLE('',#14537,1.725);
#14537 = AXIS2_PLACEMENT_3D('',#14538,#14539,#14540);
#14538 = CARTESIAN_POINT('',(220.456,-107.37,1.5162));
#14539 = DIRECTION('',(-0.,0.,-1.));
#14540 = DIRECTION('',(-1.647635329299E-14,-1.,0.));
#14541 = FACE_BOUND('',#14542,.T.);
#14542 = EDGE_LOOP('',(#14543));
#14543 = ORIENTED_EDGE('',*,*,#14544,.T.);
#14544 = EDGE_CURVE('',#14545,#14545,#14547,.T.);
#14545 = VERTEX_POINT('',#14546);
#14546 = CARTESIAN_POINT('',(211.816,-99.18,1.5162));
#14547 = CIRCLE('',#14548,0.51);
#14548 = AXIS2_PLACEMENT_3D('',#14549,#14550,#14551);
#14549 = CARTESIAN_POINT('',(211.816,-98.67,1.5162));
#14550 = DIRECTION('',(-0.,0.,-1.));
#14551 = DIRECTION('',(-0.,-1.,0.));
#14552 = FACE_BOUND('',#14553,.T.);
#14553 = EDGE_LOOP('',(#14554));
#14554 = ORIENTED_EDGE('',*,*,#14555,.T.);
#14555 = EDGE_CURVE('',#14556,#14556,#14558,.T.);
#14556 = VERTEX_POINT('',#14557);
#14557 = CARTESIAN_POINT('',(237.722,-102.5883,1.5162));
#14558 = CIRCLE('',#14559,0.4953);
#14559 = AXIS2_PLACEMENT_3D('',#14560,#14561,#14562);
#14560 = CARTESIAN_POINT('',(237.722,-102.093,1.5162));
#14561 = DIRECTION('',(-0.,0.,-1.));
#14562 = DIRECTION('',(5.738281734384E-14,-1.,-0.));
#14563 = FACE_BOUND('',#14564,.T.);
#14564 = EDGE_LOOP('',(#14565));
#14565 = ORIENTED_EDGE('',*,*,#14566,.T.);
#14566 = EDGE_CURVE('',#14567,#14567,#14569,.T.);
#14567 = VERTEX_POINT('',#14568);
#14568 = CARTESIAN_POINT('',(239.754,-102.5883,1.5162));
#14569 = CIRCLE('',#14570,0.4953);
#14570 = AXIS2_PLACEMENT_3D('',#14571,#14572,#14573);
#14571 = CARTESIAN_POINT('',(239.754,-102.093,1.5162));
#14572 = DIRECTION('',(-0.,0.,-1.));
#14573 = DIRECTION('',(-5.738281734385E-14,-1.,0.));
#14574 = FACE_BOUND('',#14575,.T.);
#14575 = EDGE_LOOP('',(#14576));
#14576 = ORIENTED_EDGE('',*,*,#14577,.T.);
#14577 = EDGE_CURVE('',#14578,#14578,#14580,.T.);
#14578 = VERTEX_POINT('',#14579);
#14579 = CARTESIAN_POINT('',(236.198,-101.37545,1.5162));
#14580 = CIRCLE('',#14581,1.18745);
#14581 = AXIS2_PLACEMENT_3D('',#14582,#14583,#14584);
#14582 = CARTESIAN_POINT('',(236.198,-100.188,1.5162));
#14583 = DIRECTION('',(-0.,0.,-1.));
#14584 = DIRECTION('',(2.393507889208E-14,-1.,-0.));
#14585 = FACE_BOUND('',#14586,.T.);
#14586 = EDGE_LOOP('',(#14587));
#14587 = ORIENTED_EDGE('',*,*,#14588,.T.);
#14588 = EDGE_CURVE('',#14589,#14589,#14591,.T.);
#14589 = VERTEX_POINT('',#14590);
#14590 = CARTESIAN_POINT('',(236.198,-98.20045,1.5162));
#14591 = CIRCLE('',#14592,1.18745);
#14592 = AXIS2_PLACEMENT_3D('',#14593,#14594,#14595);
#14593 = CARTESIAN_POINT('',(236.198,-97.013,1.5162));
#14594 = DIRECTION('',(-0.,0.,-1.));
#14595 = DIRECTION('',(2.393507889208E-14,-1.,-0.));
#14596 = FACE_BOUND('',#14597,.T.);
#14597 = EDGE_LOOP('',(#14598));
#14598 = ORIENTED_EDGE('',*,*,#14599,.T.);
#14599 = EDGE_CURVE('',#14600,#14600,#14602,.T.);
#14600 = VERTEX_POINT('',#14601);
#14601 = CARTESIAN_POINT('',(238.738,-97.5083,1.5162));
#14602 = CIRCLE('',#14603,0.4953);
#14603 = AXIS2_PLACEMENT_3D('',#14604,#14605,#14606);
#14604 = CARTESIAN_POINT('',(238.738,-97.013,1.5162));
#14605 = DIRECTION('',(-0.,0.,-1.));
#14606 = DIRECTION('',(-0.,-1.,0.));
#14607 = FACE_BOUND('',#14608,.T.);
#14608 = EDGE_LOOP('',(#14609));
#14609 = ORIENTED_EDGE('',*,*,#14610,.T.);
#14610 = EDGE_CURVE('',#14611,#14611,#14613,.T.);
#14611 = VERTEX_POINT('',#14612);
#14612 = CARTESIAN_POINT('',(268.868,-114.303,1.5162));
#14613 = CIRCLE('',#14614,1.6);
#14614 = AXIS2_PLACEMENT_3D('',#14615,#14616,#14617);
#14615 = CARTESIAN_POINT('',(268.868,-112.703,1.5162));
#14616 = DIRECTION('',(-0.,0.,-1.));
#14617 = DIRECTION('',(-0.,-1.,0.));
#14618 = FACE_BOUND('',#14619,.T.);
#14619 = EDGE_LOOP('',(#14620));
#14620 = ORIENTED_EDGE('',*,*,#14621,.T.);
#14621 = EDGE_CURVE('',#14622,#14622,#14624,.T.);
#14622 = VERTEX_POINT('',#14623);
#14623 = CARTESIAN_POINT('',(250.426,-104.395,1.5162));
#14624 = CIRCLE('',#14625,1.725);
#14625 = AXIS2_PLACEMENT_3D('',#14626,#14627,#14628);
#14626 = CARTESIAN_POINT('',(250.426,-102.67,1.5162));
#14627 = DIRECTION('',(-0.,0.,-1.));
#14628 = DIRECTION('',(-0.,-1.,0.));
#14629 = FACE_BOUND('',#14630,.T.);
#14630 = EDGE_LOOP('',(#14631));
#14631 = ORIENTED_EDGE('',*,*,#14632,.T.);
#14632 = EDGE_CURVE('',#14633,#14633,#14635,.T.);
#14633 = VERTEX_POINT('',#14634);
#14634 = CARTESIAN_POINT('',(241.278,-101.37545,1.5162));
#14635 = CIRCLE('',#14636,1.18745);
#14636 = AXIS2_PLACEMENT_3D('',#14637,#14638,#14639);
#14637 = CARTESIAN_POINT('',(241.278,-100.188,1.5162));
#14638 = DIRECTION('',(-0.,0.,-1.));
#14639 = DIRECTION('',(-2.393507889208E-14,-1.,0.));
#14640 = FACE_BOUND('',#14641,.T.);
#14641 = EDGE_LOOP('',(#14642));
#14642 = ORIENTED_EDGE('',*,*,#14643,.T.);
#14643 = EDGE_CURVE('',#14644,#14644,#14646,.T.);
#14644 = VERTEX_POINT('',#14645);
#14645 = CARTESIAN_POINT('',(241.278,-98.20045,1.5162));
#14646 = CIRCLE('',#14647,1.18745);
#14647 = AXIS2_PLACEMENT_3D('',#14648,#14649,#14650);
#14648 = CARTESIAN_POINT('',(241.278,-97.013,1.5162));
#14649 = DIRECTION('',(-0.,0.,-1.));
#14650 = DIRECTION('',(-2.393507889208E-14,-1.,0.));
#14651 = FACE_BOUND('',#14652,.T.);
#14652 = EDGE_LOOP('',(#14653));
#14653 = ORIENTED_EDGE('',*,*,#14654,.T.);
#14654 = EDGE_CURVE('',#14655,#14655,#14657,.T.);
#14655 = VERTEX_POINT('',#14656);
#14656 = CARTESIAN_POINT('',(215.005,-80.598,1.5162));
#14657 = CIRCLE('',#14658,1.6);
#14658 = AXIS2_PLACEMENT_3D('',#14659,#14660,#14661);
#14659 = CARTESIAN_POINT('',(215.005,-78.998,1.5162));
#14660 = DIRECTION('',(-0.,0.,-1.));
#14661 = DIRECTION('',(-0.,-1.,0.));
#14662 = PLANE('',#14663);
#14663 = AXIS2_PLACEMENT_3D('',#14664,#14665,#14666);
#14664 = CARTESIAN_POINT('',(0.,0.,1.5162));
#14665 = DIRECTION('',(0.,0.,1.));
#14666 = DIRECTION('',(1.,0.,-0.));
#14667 = ADVANCED_FACE('',(#14668),#14679,.T.);
#14668 = FACE_BOUND('',#14669,.T.);
#14669 = EDGE_LOOP('',(#14670,#14676,#14677,#14678));
#14670 = ORIENTED_EDGE('',*,*,#14671,.T.);
#14671 = EDGE_CURVE('',#14274,#14474,#14672,.T.);
#14672 = LINE('',#14673,#14674);
#14673 = CARTESIAN_POINT('',(244.008,-70.746999,0.));
#14674 = VECTOR('',#14675,1.);
#14675 = DIRECTION('',(0.,0.,1.));
#14676 = ORIENTED_EDGE('',*,*,#14473,.T.);
#14677 = ORIENTED_EDGE('',*,*,#14209,.F.);
#14678 = ORIENTED_EDGE('',*,*,#14273,.F.);
#14679 = PLANE('',#14680);
#14680 = AXIS2_PLACEMENT_3D('',#14681,#14682,#14683);
#14681 = CARTESIAN_POINT('',(244.008,-70.746999,0.));
#14682 = DIRECTION('',(-3.928020751013E-04,0.999999922853,0.));
#14683 = DIRECTION('',(0.999999922853,3.928020751013E-04,0.));
#14684 = ADVANCED_FACE('',(#14685),#14696,.T.);
#14685 = FACE_BOUND('',#14686,.T.);
#14686 = EDGE_LOOP('',(#14687,#14688,#14689,#14695));
#14687 = ORIENTED_EDGE('',*,*,#14249,.T.);
#14688 = ORIENTED_EDGE('',*,*,#14513,.T.);
#14689 = ORIENTED_EDGE('',*,*,#14690,.F.);
#14690 = EDGE_CURVE('',#14306,#14506,#14691,.T.);
#14691 = LINE('',#14692,#14693);
#14692 = CARTESIAN_POINT('',(241.464,-120.944,0.));
#14693 = VECTOR('',#14694,1.);
#14694 = DIRECTION('',(0.,0.,1.));
#14695 = ORIENTED_EDGE('',*,*,#14313,.F.);
#14696 = PLANE('',#14697);
#14697 = AXIS2_PLACEMENT_3D('',#14698,#14699,#14700);
#14698 = CARTESIAN_POINT('',(277.076,-120.922,0.));
#14699 = DIRECTION('',(6.177691733679E-04,-0.999999809181,0.));
#14700 = DIRECTION('',(-0.999999809181,-6.177691733679E-04,0.));
#14701 = ADVANCED_FACE('',(#14702),#14713,.T.);
#14702 = FACE_BOUND('',#14703,.T.);
#14703 = EDGE_LOOP('',(#14704,#14710,#14711,#14712));
#14704 = ORIENTED_EDGE('',*,*,#14705,.T.);
#14705 = EDGE_CURVE('',#14282,#14482,#14706,.T.);
#14706 = LINE('',#14707,#14708);
#14707 = CARTESIAN_POINT('',(206.92,-70.861,0.));
#14708 = VECTOR('',#14709,1.);
#14709 = DIRECTION('',(0.,0.,1.));
#14710 = ORIENTED_EDGE('',*,*,#14481,.T.);
#14711 = ORIENTED_EDGE('',*,*,#14671,.F.);
#14712 = ORIENTED_EDGE('',*,*,#14281,.F.);
#14713 = PLANE('',#14714);
#14714 = AXIS2_PLACEMENT_3D('',#14715,#14716,#14717);
#14715 = CARTESIAN_POINT('',(206.92,-70.861,0.));
#14716 = DIRECTION('',(-3.073782933831E-03,0.999995275918,0.));
#14717 = DIRECTION('',(0.999995275918,3.073782933831E-03,0.));
#14718 = ADVANCED_FACE('',(#14719),#14730,.T.);
#14719 = FACE_BOUND('',#14720,.T.);
#14720 = EDGE_LOOP('',(#14721,#14722,#14723,#14729));
#14721 = ORIENTED_EDGE('',*,*,#14690,.T.);
#14722 = ORIENTED_EDGE('',*,*,#14505,.T.);
#14723 = ORIENTED_EDGE('',*,*,#14724,.F.);
#14724 = EDGE_CURVE('',#14298,#14498,#14725,.T.);
#14725 = LINE('',#14726,#14727);
#14726 = CARTESIAN_POINT('',(207.07004,-120.939,0.));
#14727 = VECTOR('',#14728,1.);
#14728 = DIRECTION('',(0.,0.,1.));
#14729 = ORIENTED_EDGE('',*,*,#14305,.F.);
#14730 = PLANE('',#14731);
#14731 = AXIS2_PLACEMENT_3D('',#14732,#14733,#14734);
#14732 = CARTESIAN_POINT('',(241.464,-120.944,0.));
#14733 = DIRECTION('',(-1.453743607068E-04,-0.999999989433,0.));
#14734 = DIRECTION('',(-0.999999989433,1.453743607068E-04,0.));
#14735 = ADVANCED_FACE('',(#14736),#14747,.T.);
#14736 = FACE_BOUND('',#14737,.T.);
#14737 = EDGE_LOOP('',(#14738,#14744,#14745,#14746));
#14738 = ORIENTED_EDGE('',*,*,#14739,.T.);
#14739 = EDGE_CURVE('',#14290,#14490,#14740,.T.);
#14740 = LINE('',#14741,#14742);
#14741 = CARTESIAN_POINT('',(206.903837,-92.010901,0.));
#14742 = VECTOR('',#14743,1.);
#14743 = DIRECTION('',(0.,0.,1.));
#14744 = ORIENTED_EDGE('',*,*,#14489,.T.);
#14745 = ORIENTED_EDGE('',*,*,#14705,.F.);
#14746 = ORIENTED_EDGE('',*,*,#14289,.F.);
#14747 = PLANE('',#14748);
#14748 = AXIS2_PLACEMENT_3D('',#14749,#14750,#14751);
#14749 = CARTESIAN_POINT('',(206.903837,-92.010901,0.));
#14750 = DIRECTION('',(-0.99999970799,7.642113918276E-04,0.));
#14751 = DIRECTION('',(7.642113918276E-04,0.99999970799,0.));
#14752 = ADVANCED_FACE('',(#14753),#14759,.T.);
#14753 = FACE_BOUND('',#14754,.T.);
#14754 = EDGE_LOOP('',(#14755,#14756,#14757,#14758));
#14755 = ORIENTED_EDGE('',*,*,#14724,.T.);
#14756 = ORIENTED_EDGE('',*,*,#14497,.T.);
#14757 = ORIENTED_EDGE('',*,*,#14739,.F.);
#14758 = ORIENTED_EDGE('',*,*,#14297,.F.);
#14759 = PLANE('',#14760);
#14760 = AXIS2_PLACEMENT_3D('',#14761,#14762,#14763);
#14761 = CARTESIAN_POINT('',(207.07004,-120.939,0.));
#14762 = DIRECTION('',(-0.999983495697,-5.745287892418E-03,0.));
#14763 = DIRECTION('',(-5.745287892418E-03,0.999983495697,0.));
#14764 = ADVANCED_FACE('',(#14765),#14776,.F.);
#14765 = FACE_BOUND('',#14766,.T.);
#14766 = EDGE_LOOP('',(#14767,#14768,#14774,#14775));
#14767 = ORIENTED_EDGE('',*,*,#14322,.T.);
#14768 = ORIENTED_EDGE('',*,*,#14769,.T.);
#14769 = EDGE_CURVE('',#14323,#14523,#14770,.T.);
#14770 = LINE('',#14771,#14772);
#14771 = CARTESIAN_POINT('',(211.816,-111.88,-4.6E-02));
#14772 = VECTOR('',#14773,1.);
#14773 = DIRECTION('',(0.,0.,1.));
#14774 = ORIENTED_EDGE('',*,*,#14522,.F.);
#14775 = ORIENTED_EDGE('',*,*,#14769,.F.);
#14776 = CYLINDRICAL_SURFACE('',#14777,0.51);
#14777 = AXIS2_PLACEMENT_3D('',#14778,#14779,#14780);
#14778 = CARTESIAN_POINT('',(211.816,-111.37,-4.6E-02));
#14779 = DIRECTION('',(-0.,-0.,-1.));
#14780 = DIRECTION('',(-0.,-1.,0.));
#14781 = ADVANCED_FACE('',(#14782),#14793,.F.);
#14782 = FACE_BOUND('',#14783,.T.);
#14783 = EDGE_LOOP('',(#14784,#14785,#14791,#14792));
#14784 = ORIENTED_EDGE('',*,*,#14333,.T.);
#14785 = ORIENTED_EDGE('',*,*,#14786,.T.);
#14786 = EDGE_CURVE('',#14334,#14534,#14787,.T.);
#14787 = LINE('',#14788,#14789);
#14788 = CARTESIAN_POINT('',(220.456,-109.095,-4.6E-02));
#14789 = VECTOR('',#14790,1.);
#14790 = DIRECTION('',(0.,0.,1.));
#14791 = ORIENTED_EDGE('',*,*,#14533,.F.);
#14792 = ORIENTED_EDGE('',*,*,#14786,.F.);
#14793 = CYLINDRICAL_SURFACE('',#14794,1.725);
#14794 = AXIS2_PLACEMENT_3D('',#14795,#14796,#14797);
#14795 = CARTESIAN_POINT('',(220.456,-107.37,-4.6E-02));
#14796 = DIRECTION('',(-0.,-0.,-1.));
#14797 = DIRECTION('',(-1.647635329299E-14,-1.,0.));
#14798 = ADVANCED_FACE('',(#14799),#14810,.F.);
#14799 = FACE_BOUND('',#14800,.T.);
#14800 = EDGE_LOOP('',(#14801,#14802,#14808,#14809));
#14801 = ORIENTED_EDGE('',*,*,#14344,.T.);
#14802 = ORIENTED_EDGE('',*,*,#14803,.T.);
#14803 = EDGE_CURVE('',#14345,#14545,#14804,.T.);
#14804 = LINE('',#14805,#14806);
#14805 = CARTESIAN_POINT('',(211.816,-99.18,-4.6E-02));
#14806 = VECTOR('',#14807,1.);
#14807 = DIRECTION('',(0.,0.,1.));
#14808 = ORIENTED_EDGE('',*,*,#14544,.F.);
#14809 = ORIENTED_EDGE('',*,*,#14803,.F.);
#14810 = CYLINDRICAL_SURFACE('',#14811,0.51);
#14811 = AXIS2_PLACEMENT_3D('',#14812,#14813,#14814);
#14812 = CARTESIAN_POINT('',(211.816,-98.67,-4.6E-02));
#14813 = DIRECTION('',(-0.,-0.,-1.));
#14814 = DIRECTION('',(-0.,-1.,0.));
#14815 = ADVANCED_FACE('',(#14816),#14827,.F.);
#14816 = FACE_BOUND('',#14817,.T.);
#14817 = EDGE_LOOP('',(#14818,#14819,#14825,#14826));
#14818 = ORIENTED_EDGE('',*,*,#14355,.T.);
#14819 = ORIENTED_EDGE('',*,*,#14820,.T.);
#14820 = EDGE_CURVE('',#14356,#14556,#14821,.T.);
#14821 = LINE('',#14822,#14823);
#14822 = CARTESIAN_POINT('',(237.722,-102.5883,-4.6E-02));
#14823 = VECTOR('',#14824,1.);
#14824 = DIRECTION('',(0.,0.,1.));
#14825 = ORIENTED_EDGE('',*,*,#14555,.F.);
#14826 = ORIENTED_EDGE('',*,*,#14820,.F.);
#14827 = CYLINDRICAL_SURFACE('',#14828,0.4953);
#14828 = AXIS2_PLACEMENT_3D('',#14829,#14830,#14831);
#14829 = CARTESIAN_POINT('',(237.722,-102.093,-4.6E-02));
#14830 = DIRECTION('',(-0.,0.,-1.));
#14831 = DIRECTION('',(5.738281734384E-14,-1.,-0.));
#14832 = ADVANCED_FACE('',(#14833),#14844,.F.);
#14833 = FACE_BOUND('',#14834,.T.);
#14834 = EDGE_LOOP('',(#14835,#14836,#14842,#14843));
#14835 = ORIENTED_EDGE('',*,*,#14366,.T.);
#14836 = ORIENTED_EDGE('',*,*,#14837,.T.);
#14837 = EDGE_CURVE('',#14367,#14567,#14838,.T.);
#14838 = LINE('',#14839,#14840);
#14839 = CARTESIAN_POINT('',(239.754,-102.5883,-4.6E-02));
#14840 = VECTOR('',#14841,1.);
#14841 = DIRECTION('',(0.,0.,1.));
#14842 = ORIENTED_EDGE('',*,*,#14566,.F.);
#14843 = ORIENTED_EDGE('',*,*,#14837,.F.);
#14844 = CYLINDRICAL_SURFACE('',#14845,0.4953);
#14845 = AXIS2_PLACEMENT_3D('',#14846,#14847,#14848);
#14846 = CARTESIAN_POINT('',(239.754,-102.093,-4.6E-02));
#14847 = DIRECTION('',(-0.,-0.,-1.));
#14848 = DIRECTION('',(-5.738281734385E-14,-1.,0.));
#14849 = ADVANCED_FACE('',(#14850),#14861,.F.);
#14850 = FACE_BOUND('',#14851,.T.);
#14851 = EDGE_LOOP('',(#14852,#14853,#14859,#14860));
#14852 = ORIENTED_EDGE('',*,*,#14377,.T.);
#14853 = ORIENTED_EDGE('',*,*,#14854,.T.);
#14854 = EDGE_CURVE('',#14378,#14578,#14855,.T.);
#14855 = LINE('',#14856,#14857);
#14856 = CARTESIAN_POINT('',(236.198,-101.37545,-4.6E-02));
#14857 = VECTOR('',#14858,1.);
#14858 = DIRECTION('',(0.,0.,1.));
#14859 = ORIENTED_EDGE('',*,*,#14577,.F.);
#14860 = ORIENTED_EDGE('',*,*,#14854,.F.);
#14861 = CYLINDRICAL_SURFACE('',#14862,1.18745);
#14862 = AXIS2_PLACEMENT_3D('',#14863,#14864,#14865);
#14863 = CARTESIAN_POINT('',(236.198,-100.188,-4.6E-02));
#14864 = DIRECTION('',(-0.,0.,-1.));
#14865 = DIRECTION('',(2.393507889208E-14,-1.,-0.));
#14866 = ADVANCED_FACE('',(#14867),#14878,.F.);
#14867 = FACE_BOUND('',#14868,.T.);
#14868 = EDGE_LOOP('',(#14869,#14870,#14876,#14877));
#14869 = ORIENTED_EDGE('',*,*,#14388,.T.);
#14870 = ORIENTED_EDGE('',*,*,#14871,.T.);
#14871 = EDGE_CURVE('',#14389,#14589,#14872,.T.);
#14872 = LINE('',#14873,#14874);
#14873 = CARTESIAN_POINT('',(236.198,-98.20045,-4.6E-02));
#14874 = VECTOR('',#14875,1.);
#14875 = DIRECTION('',(0.,0.,1.));
#14876 = ORIENTED_EDGE('',*,*,#14588,.F.);
#14877 = ORIENTED_EDGE('',*,*,#14871,.F.);
#14878 = CYLINDRICAL_SURFACE('',#14879,1.18745);
#14879 = AXIS2_PLACEMENT_3D('',#14880,#14881,#14882);
#14880 = CARTESIAN_POINT('',(236.198,-97.013,-4.6E-02));
#14881 = DIRECTION('',(-0.,0.,-1.));
#14882 = DIRECTION('',(2.393507889208E-14,-1.,-0.));
#14883 = ADVANCED_FACE('',(#14884),#14895,.F.);
#14884 = FACE_BOUND('',#14885,.T.);
#14885 = EDGE_LOOP('',(#14886,#14887,#14893,#14894));
#14886 = ORIENTED_EDGE('',*,*,#14399,.T.);
#14887 = ORIENTED_EDGE('',*,*,#14888,.T.);
#14888 = EDGE_CURVE('',#14400,#14600,#14889,.T.);
#14889 = LINE('',#14890,#14891);
#14890 = CARTESIAN_POINT('',(238.738,-97.5083,-4.6E-02));
#14891 = VECTOR('',#14892,1.);
#14892 = DIRECTION('',(0.,0.,1.));
#14893 = ORIENTED_EDGE('',*,*,#14599,.F.);
#14894 = ORIENTED_EDGE('',*,*,#14888,.F.);
#14895 = CYLINDRICAL_SURFACE('',#14896,0.4953);
#14896 = AXIS2_PLACEMENT_3D('',#14897,#14898,#14899);
#14897 = CARTESIAN_POINT('',(238.738,-97.013,-4.6E-02));
#14898 = DIRECTION('',(-0.,-0.,-1.));
#14899 = DIRECTION('',(-0.,-1.,0.));
#14900 = ADVANCED_FACE('',(#14901),#14912,.F.);
#14901 = FACE_BOUND('',#14902,.T.);
#14902 = EDGE_LOOP('',(#14903,#14904,#14910,#14911));
#14903 = ORIENTED_EDGE('',*,*,#14410,.T.);
#14904 = ORIENTED_EDGE('',*,*,#14905,.T.);
#14905 = EDGE_CURVE('',#14411,#14611,#14906,.T.);
#14906 = LINE('',#14907,#14908);
#14907 = CARTESIAN_POINT('',(268.868,-114.303,-4.6E-02));
#14908 = VECTOR('',#14909,1.);
#14909 = DIRECTION('',(0.,0.,1.));
#14910 = ORIENTED_EDGE('',*,*,#14610,.F.);
#14911 = ORIENTED_EDGE('',*,*,#14905,.F.);
#14912 = CYLINDRICAL_SURFACE('',#14913,1.6);
#14913 = AXIS2_PLACEMENT_3D('',#14914,#14915,#14916);
#14914 = CARTESIAN_POINT('',(268.868,-112.703,-4.6E-02));
#14915 = DIRECTION('',(-0.,-0.,-1.));
#14916 = DIRECTION('',(-0.,-1.,0.));
#14917 = ADVANCED_FACE('',(#14918),#14929,.F.);
#14918 = FACE_BOUND('',#14919,.T.);
#14919 = EDGE_LOOP('',(#14920,#14921,#14927,#14928));
#14920 = ORIENTED_EDGE('',*,*,#14421,.T.);
#14921 = ORIENTED_EDGE('',*,*,#14922,.T.);
#14922 = EDGE_CURVE('',#14422,#14622,#14923,.T.);
#14923 = LINE('',#14924,#14925);
#14924 = CARTESIAN_POINT('',(250.426,-104.395,-4.6E-02));
#14925 = VECTOR('',#14926,1.);
#14926 = DIRECTION('',(0.,0.,1.));
#14927 = ORIENTED_EDGE('',*,*,#14621,.F.);
#14928 = ORIENTED_EDGE('',*,*,#14922,.F.);
#14929 = CYLINDRICAL_SURFACE('',#14930,1.725);
#14930 = AXIS2_PLACEMENT_3D('',#14931,#14932,#14933);
#14931 = CARTESIAN_POINT('',(250.426,-102.67,-4.6E-02));
#14932 = DIRECTION('',(-0.,-0.,-1.));
#14933 = DIRECTION('',(-0.,-1.,0.));
#14934 = ADVANCED_FACE('',(#14935),#14946,.F.);
#14935 = FACE_BOUND('',#14936,.T.);
#14936 = EDGE_LOOP('',(#14937,#14938,#14944,#14945));
#14937 = ORIENTED_EDGE('',*,*,#14432,.T.);
#14938 = ORIENTED_EDGE('',*,*,#14939,.T.);
#14939 = EDGE_CURVE('',#14433,#14633,#14940,.T.);
#14940 = LINE('',#14941,#14942);
#14941 = CARTESIAN_POINT('',(241.278,-101.37545,-4.6E-02));
#14942 = VECTOR('',#14943,1.);
#14943 = DIRECTION('',(0.,0.,1.));
#14944 = ORIENTED_EDGE('',*,*,#14632,.F.);
#14945 = ORIENTED_EDGE('',*,*,#14939,.F.);
#14946 = CYLINDRICAL_SURFACE('',#14947,1.18745);
#14947 = AXIS2_PLACEMENT_3D('',#14948,#14949,#14950);
#14948 = CARTESIAN_POINT('',(241.278,-100.188,-4.6E-02));
#14949 = DIRECTION('',(-0.,-0.,-1.));
#14950 = DIRECTION('',(-2.393507889208E-14,-1.,0.));
#14951 = ADVANCED_FACE('',(#14952),#14963,.F.);
#14952 = FACE_BOUND('',#14953,.T.);
#14953 = EDGE_LOOP('',(#14954,#14955,#14961,#14962));
#14954 = ORIENTED_EDGE('',*,*,#14443,.T.);
#14955 = ORIENTED_EDGE('',*,*,#14956,.T.);
#14956 = EDGE_CURVE('',#14444,#14644,#14957,.T.);
#14957 = LINE('',#14958,#14959);
#14958 = CARTESIAN_POINT('',(241.278,-98.20045,-4.6E-02));
#14959 = VECTOR('',#14960,1.);
#14960 = DIRECTION('',(0.,0.,1.));
#14961 = ORIENTED_EDGE('',*,*,#14643,.F.);
#14962 = ORIENTED_EDGE('',*,*,#14956,.F.);
#14963 = CYLINDRICAL_SURFACE('',#14964,1.18745);
#14964 = AXIS2_PLACEMENT_3D('',#14965,#14966,#14967);
#14965 = CARTESIAN_POINT('',(241.278,-97.013,-4.6E-02));
#14966 = DIRECTION('',(-0.,-0.,-1.));
#14967 = DIRECTION('',(-2.393507889208E-14,-1.,0.));
#14968 = ADVANCED_FACE('',(#14969),#14980,.F.);
#14969 = FACE_BOUND('',#14970,.T.);
#14970 = EDGE_LOOP('',(#14971,#14972,#14978,#14979));
#14971 = ORIENTED_EDGE('',*,*,#14454,.T.);
#14972 = ORIENTED_EDGE('',*,*,#14973,.T.);
#14973 = EDGE_CURVE('',#14455,#14655,#14974,.T.);
#14974 = LINE('',#14975,#14976);
#14975 = CARTESIAN_POINT('',(215.005,-80.598,-4.6E-02));
#14976 = VECTOR('',#14977,1.);
#14977 = DIRECTION('',(0.,0.,1.));
#14978 = ORIENTED_EDGE('',*,*,#14654,.F.);
#14979 = ORIENTED_EDGE('',*,*,#14973,.F.);
#14980 = CYLINDRICAL_SURFACE('',#14981,1.6);
#14981 = AXIS2_PLACEMENT_3D('',#14982,#14983,#14984);
#14982 = CARTESIAN_POINT('',(215.005,-78.998,-4.6E-02));
#14983 = DIRECTION('',(-0.,-0.,-1.));
#14984 = DIRECTION('',(-0.,-1.,0.));
#14985 = ( GEOMETRIC_REPRESENTATION_CONTEXT(3) 
GLOBAL_UNCERTAINTY_ASSIGNED_CONTEXT((#14989)) 
GLOBAL_UNIT_ASSIGNED_CONTEXT((#14986,#14987,#14988)) 
REPRESENTATION_CONTEXT('Context #1',
  '3D Context with UNIT and UNCERTAINTY') );
#14986 = ( LENGTH_UNIT() NAMED_UNIT(*) SI_UNIT(.MILLI.,.METRE.) );
#14987 = ( NAMED_UNIT(*) PLANE_ANGLE_UNIT() SI_UNIT($,.RADIAN.) );
#14988 = ( NAMED_UNIT(*) SI_UNIT($,.STERADIAN.) SOLID_ANGLE_UNIT() );
#14989 = UNCERTAINTY_MEASURE_WITH_UNIT(LENGTH_MEASURE(1.E-07),#14986,
  'distance_accuracy_value','confusion accuracy');
#14990 = CONTEXT_DEPENDENT_SHAPE_REPRESENTATION(#14991,#14993);
#14991 = ( REPRESENTATION_RELATIONSHIP('','',#14162,#10) 
REPRESENTATION_RELATIONSHIP_WITH_TRANSFORMATION(#14992) 
SHAPE_REPRESENTATION_RELATIONSHIP() );
#14992 = ITEM_DEFINED_TRANSFORMATION('','',#11,#135);
#14993 = PRODUCT_DEFINITION_SHAPE('Placement','Placement of an item',
  #14994);
#14994 = NEXT_ASSEMBLY_USAGE_OCCURRENCE('37','=>[0:1:1:10]','',#5,#14157
  ,$);
#14995 = PRODUCT_RELATED_PRODUCT_CATEGORY('part',$,(#14159));
#14996 = MECHANICAL_DESIGN_GEOMETRIC_PRESENTATION_REPRESENTATION('',(
    #14997,#15007,#15016,#15025,#15034,#15043,#15052,#15061,#15070,
    #15079),#9736);
#14997 = STYLED_ITEM('color',(#14998),#8216);
#14998 = PRESENTATION_STYLE_ASSIGNMENT((#14999,#15005));
#14999 = SURFACE_STYLE_USAGE(.BOTH.,#15000);
#15000 = SURFACE_SIDE_STYLE('',(#15001));
#15001 = SURFACE_STYLE_FILL_AREA(#15002);
#15002 = FILL_AREA_STYLE('',(#15003));
#15003 = FILL_AREA_STYLE_COLOUR('',#15004);
#15004 = COLOUR_RGB('',0.734000028196,0.773000013638,0.796999989372);
#15005 = CURVE_STYLE('',#15006,POSITIVE_LENGTH_MEASURE(0.1),#15004);
#15006 = DRAUGHTING_PRE_DEFINED_CURVE_FONT('continuous');
#15007 = STYLED_ITEM('color',(#15008),#8368);
#15008 = PRESENTATION_STYLE_ASSIGNMENT((#15009,#15014));
#15009 = SURFACE_STYLE_USAGE(.BOTH.,#15010);
#15010 = SURFACE_SIDE_STYLE('',(#15011));
#15011 = SURFACE_STYLE_FILL_AREA(#15012);
#15012 = FILL_AREA_STYLE('',(#15013));
#15013 = FILL_AREA_STYLE_COLOUR('',#15004);
#15014 = CURVE_STYLE('',#15015,POSITIVE_LENGTH_MEASURE(0.1),#15004);
#15015 = DRAUGHTING_PRE_DEFINED_CURVE_FONT('continuous');
#15016 = STYLED_ITEM('color',(#15017),#8520);
#15017 = PRESENTATION_STYLE_ASSIGNMENT((#15018,#15023));
#15018 = SURFACE_STYLE_USAGE(.BOTH.,#15019);
#15019 = SURFACE_SIDE_STYLE('',(#15020));
#15020 = SURFACE_STYLE_FILL_AREA(#15021);
#15021 = FILL_AREA_STYLE('',(#15022));
#15022 = FILL_AREA_STYLE_COLOUR('',#15004);
#15023 = CURVE_STYLE('',#15024,POSITIVE_LENGTH_MEASURE(0.1),#15004);
#15024 = DRAUGHTING_PRE_DEFINED_CURVE_FONT('continuous');
#15025 = STYLED_ITEM('color',(#15026),#8672);
#15026 = PRESENTATION_STYLE_ASSIGNMENT((#15027,#15032));
#15027 = SURFACE_STYLE_USAGE(.BOTH.,#15028);
#15028 = SURFACE_SIDE_STYLE('',(#15029));
#15029 = SURFACE_STYLE_FILL_AREA(#15030);
#15030 = FILL_AREA_STYLE('',(#15031));
#15031 = FILL_AREA_STYLE_COLOUR('',#15004);
#15032 = CURVE_STYLE('',#15033,POSITIVE_LENGTH_MEASURE(0.1),#15004);
#15033 = DRAUGHTING_PRE_DEFINED_CURVE_FONT('continuous');
#15034 = STYLED_ITEM('color',(#15035),#8824);
#15035 = PRESENTATION_STYLE_ASSIGNMENT((#15036,#15041));
#15036 = SURFACE_STYLE_USAGE(.BOTH.,#15037);
#15037 = SURFACE_SIDE_STYLE('',(#15038));
#15038 = SURFACE_STYLE_FILL_AREA(#15039);
#15039 = FILL_AREA_STYLE('',(#15040));
#15040 = FILL_AREA_STYLE_COLOUR('',#15004);
#15041 = CURVE_STYLE('',#15042,POSITIVE_LENGTH_MEASURE(0.1),#15004);
#15042 = DRAUGHTING_PRE_DEFINED_CURVE_FONT('continuous');
#15043 = STYLED_ITEM('color',(#15044),#8976);
#15044 = PRESENTATION_STYLE_ASSIGNMENT((#15045,#15050));
#15045 = SURFACE_STYLE_USAGE(.BOTH.,#15046);
#15046 = SURFACE_SIDE_STYLE('',(#15047));
#15047 = SURFACE_STYLE_FILL_AREA(#15048);
#15048 = FILL_AREA_STYLE('',(#15049));
#15049 = FILL_AREA_STYLE_COLOUR('',#15004);
#15050 = CURVE_STYLE('',#15051,POSITIVE_LENGTH_MEASURE(0.1),#15004);
#15051 = DRAUGHTING_PRE_DEFINED_CURVE_FONT('continuous');
#15052 = STYLED_ITEM('color',(#15053),#9128);
#15053 = PRESENTATION_STYLE_ASSIGNMENT((#15054,#15059));
#15054 = SURFACE_STYLE_USAGE(.BOTH.,#15055);
#15055 = SURFACE_SIDE_STYLE('',(#15056));
#15056 = SURFACE_STYLE_FILL_AREA(#15057);
#15057 = FILL_AREA_STYLE('',(#15058));
#15058 = FILL_AREA_STYLE_COLOUR('',#15004);
#15059 = CURVE_STYLE('',#15060,POSITIVE_LENGTH_MEASURE(0.1),#15004);
#15060 = DRAUGHTING_PRE_DEFINED_CURVE_FONT('continuous');
#15061 = STYLED_ITEM('color',(#15062),#9280);
#15062 = PRESENTATION_STYLE_ASSIGNMENT((#15063,#15068));
#15063 = SURFACE_STYLE_USAGE(.BOTH.,#15064);
#15064 = SURFACE_SIDE_STYLE('',(#15065));
#15065 = SURFACE_STYLE_FILL_AREA(#15066);
#15066 = FILL_AREA_STYLE('',(#15067));
#15067 = FILL_AREA_STYLE_COLOUR('',#15004);
#15068 = CURVE_STYLE('',#15069,POSITIVE_LENGTH_MEASURE(0.1),#15004);
#15069 = DRAUGHTING_PRE_DEFINED_CURVE_FONT('continuous');
#15070 = STYLED_ITEM('color',(#15071),#9432);
#15071 = PRESENTATION_STYLE_ASSIGNMENT((#15072,#15077));
#15072 = SURFACE_STYLE_USAGE(.BOTH.,#15073);
#15073 = SURFACE_SIDE_STYLE('',(#15074));
#15074 = SURFACE_STYLE_FILL_AREA(#15075);
#15075 = FILL_AREA_STYLE('',(#15076));
#15076 = FILL_AREA_STYLE_COLOUR('',#15004);
#15077 = CURVE_STYLE('',#15078,POSITIVE_LENGTH_MEASURE(0.1),#15004);
#15078 = DRAUGHTING_PRE_DEFINED_CURVE_FONT('continuous');
#15079 = STYLED_ITEM('color',(#15080),#9584);
#15080 = PRESENTATION_STYLE_ASSIGNMENT((#15081,#15086));
#15081 = SURFACE_STYLE_USAGE(.BOTH.,#15082);
#15082 = SURFACE_SIDE_STYLE('',(#15083));
#15083 = SURFACE_STYLE_FILL_AREA(#15084);
#15084 = FILL_AREA_STYLE('',(#15085));
#15085 = FILL_AREA_STYLE_COLOUR('',#15004);
#15086 = CURVE_STYLE('',#15087,POSITIVE_LENGTH_MEASURE(0.1),#15004);
#15087 = DRAUGHTING_PRE_DEFINED_CURVE_FONT('continuous');
#15088 = MECHANICAL_DESIGN_GEOMETRIC_PRESENTATION_REPRESENTATION('',(
    #15089,#15097,#15104,#15111,#15118,#15125,#15132,#15139,#15147,
    #15154,#15161,#15168,#15175,#15182,#15190,#15197,#15204,#15211,
    #15218,#15225,#15232,#15239,#15246,#15253,#15260,#15267),#1816);
#15089 = STYLED_ITEM('color',(#15090),#1028);
#15090 = PRESENTATION_STYLE_ASSIGNMENT((#15091));
#15091 = SURFACE_STYLE_USAGE(.BOTH.,#15092);
#15092 = SURFACE_SIDE_STYLE('',(#15093));
#15093 = SURFACE_STYLE_FILL_AREA(#15094);
#15094 = FILL_AREA_STYLE('',(#15095));
#15095 = FILL_AREA_STYLE_COLOUR('',#15096);
#15096 = COLOUR_RGB('',0.823999987314,0.819999987296,0.781000009244);
#15097 = STYLED_ITEM('color',(#15098),#1068);
#15098 = PRESENTATION_STYLE_ASSIGNMENT((#15099));
#15099 = SURFACE_STYLE_USAGE(.BOTH.,#15100);
#15100 = SURFACE_SIDE_STYLE('',(#15101));
#15101 = SURFACE_STYLE_FILL_AREA(#15102);
#15102 = FILL_AREA_STYLE('',(#15103));
#15103 = FILL_AREA_STYLE_COLOUR('',#15096);
#15104 = STYLED_ITEM('color',(#15105),#1151);
#15105 = PRESENTATION_STYLE_ASSIGNMENT((#15106));
#15106 = SURFACE_STYLE_USAGE(.BOTH.,#15107);
#15107 = SURFACE_SIDE_STYLE('',(#15108));
#15108 = SURFACE_STYLE_FILL_AREA(#15109);
#15109 = FILL_AREA_STYLE('',(#15110));
#15110 = FILL_AREA_STYLE_COLOUR('',#15096);
#15111 = STYLED_ITEM('color',(#15112),#1176);
#15112 = PRESENTATION_STYLE_ASSIGNMENT((#15113));
#15113 = SURFACE_STYLE_USAGE(.BOTH.,#15114);
#15114 = SURFACE_SIDE_STYLE('',(#15115));
#15115 = SURFACE_STYLE_FILL_AREA(#15116);
#15116 = FILL_AREA_STYLE('',(#15117));
#15117 = FILL_AREA_STYLE_COLOUR('',#15096);
#15118 = STYLED_ITEM('color',(#15119),#1201);
#15119 = PRESENTATION_STYLE_ASSIGNMENT((#15120));
#15120 = SURFACE_STYLE_USAGE(.BOTH.,#15121);
#15121 = SURFACE_SIDE_STYLE('',(#15122));
#15122 = SURFACE_STYLE_FILL_AREA(#15123);
#15123 = FILL_AREA_STYLE('',(#15124));
#15124 = FILL_AREA_STYLE_COLOUR('',#15096);
#15125 = STYLED_ITEM('color',(#15126),#1268);
#15126 = PRESENTATION_STYLE_ASSIGNMENT((#15127));
#15127 = SURFACE_STYLE_USAGE(.BOTH.,#15128);
#15128 = SURFACE_SIDE_STYLE('',(#15129));
#15129 = SURFACE_STYLE_FILL_AREA(#15130);
#15130 = FILL_AREA_STYLE('',(#15131));
#15131 = FILL_AREA_STYLE_COLOUR('',#15096);
#15132 = STYLED_ITEM('color',(#15133),#1285);
#15133 = PRESENTATION_STYLE_ASSIGNMENT((#15134));
#15134 = SURFACE_STYLE_USAGE(.BOTH.,#15135);
#15135 = SURFACE_SIDE_STYLE('',(#15136));
#15136 = SURFACE_STYLE_FILL_AREA(#15137);
#15137 = FILL_AREA_STYLE('',(#15138));
#15138 = FILL_AREA_STYLE_COLOUR('',#15096);
#15139 = STYLED_ITEM('color',(#15140),#1302);
#15140 = PRESENTATION_STYLE_ASSIGNMENT((#15141));
#15141 = SURFACE_STYLE_USAGE(.BOTH.,#15142);
#15142 = SURFACE_SIDE_STYLE('',(#15143));
#15143 = SURFACE_STYLE_FILL_AREA(#15144);
#15144 = FILL_AREA_STYLE('',(#15145));
#15145 = FILL_AREA_STYLE_COLOUR('',#15146);
#15146 = COLOUR_RGB('',0.894999966383,0.890999961016,0.813000030345);
#15147 = STYLED_ITEM('color',(#15148),#1351);
#15148 = PRESENTATION_STYLE_ASSIGNMENT((#15149));
#15149 = SURFACE_STYLE_USAGE(.BOTH.,#15150);
#15150 = SURFACE_SIDE_STYLE('',(#15151));
#15151 = SURFACE_STYLE_FILL_AREA(#15152);
#15152 = FILL_AREA_STYLE('',(#15153));
#15153 = FILL_AREA_STYLE_COLOUR('',#15096);
#15154 = STYLED_ITEM('color',(#15155),#1368);
#15155 = PRESENTATION_STYLE_ASSIGNMENT((#15156));
#15156 = SURFACE_STYLE_USAGE(.BOTH.,#15157);
#15157 = SURFACE_SIDE_STYLE('',(#15158));
#15158 = SURFACE_STYLE_FILL_AREA(#15159);
#15159 = FILL_AREA_STYLE('',(#15160));
#15160 = FILL_AREA_STYLE_COLOUR('',#15096);
#15161 = STYLED_ITEM('color',(#15162),#1385);
#15162 = PRESENTATION_STYLE_ASSIGNMENT((#15163));
#15163 = SURFACE_STYLE_USAGE(.BOTH.,#15164);
#15164 = SURFACE_SIDE_STYLE('',(#15165));
#15165 = SURFACE_STYLE_FILL_AREA(#15166);
#15166 = FILL_AREA_STYLE('',(#15167));
#15167 = FILL_AREA_STYLE_COLOUR('',#15146);
#15168 = STYLED_ITEM('color',(#15169),#1434);
#15169 = PRESENTATION_STYLE_ASSIGNMENT((#15170));
#15170 = SURFACE_STYLE_USAGE(.BOTH.,#15171);
#15171 = SURFACE_SIDE_STYLE('',(#15172));
#15172 = SURFACE_STYLE_FILL_AREA(#15173);
#15173 = FILL_AREA_STYLE('',(#15174));
#15174 = FILL_AREA_STYLE_COLOUR('',#15146);
#15175 = STYLED_ITEM('color',(#15176),#1451);
#15176 = PRESENTATION_STYLE_ASSIGNMENT((#15177));
#15177 = SURFACE_STYLE_USAGE(.BOTH.,#15178);
#15178 = SURFACE_SIDE_STYLE('',(#15179));
#15179 = SURFACE_STYLE_FILL_AREA(#15180);
#15180 = FILL_AREA_STYLE('',(#15181));
#15181 = FILL_AREA_STYLE_COLOUR('',#15096);
#15182 = STYLED_ITEM('color',(#15183),#1520);
#15183 = PRESENTATION_STYLE_ASSIGNMENT((#15184));
#15184 = SURFACE_STYLE_USAGE(.BOTH.,#15185);
#15185 = SURFACE_SIDE_STYLE('',(#15186));
#15186 = SURFACE_STYLE_FILL_AREA(#15187);
#15187 = FILL_AREA_STYLE('',(#15188));
#15188 = FILL_AREA_STYLE_COLOUR('',#15189);
#15189 = COLOUR_RGB('',8.200000279077E-02,8.600000121357E-02,
  9.399999706163E-02);
#15190 = STYLED_ITEM('color',(#15191),#1551);
#15191 = PRESENTATION_STYLE_ASSIGNMENT((#15192));
#15192 = SURFACE_STYLE_USAGE(.BOTH.,#15193);
#15193 = SURFACE_SIDE_STYLE('',(#15194));
#15194 = SURFACE_STYLE_FILL_AREA(#15195);
#15195 = FILL_AREA_STYLE('',(#15196));
#15196 = FILL_AREA_STYLE_COLOUR('',#15189);
#15197 = STYLED_ITEM('color',(#15198),#1575);
#15198 = PRESENTATION_STYLE_ASSIGNMENT((#15199));
#15199 = SURFACE_STYLE_USAGE(.BOTH.,#15200);
#15200 = SURFACE_SIDE_STYLE('',(#15201));
#15201 = SURFACE_STYLE_FILL_AREA(#15202);
#15202 = FILL_AREA_STYLE('',(#15203));
#15203 = FILL_AREA_STYLE_COLOUR('',#15096);
#15204 = STYLED_ITEM('color',(#15205),#1644);
#15205 = PRESENTATION_STYLE_ASSIGNMENT((#15206));
#15206 = SURFACE_STYLE_USAGE(.BOTH.,#15207);
#15207 = SURFACE_SIDE_STYLE('',(#15208));
#15208 = SURFACE_STYLE_FILL_AREA(#15209);
#15209 = FILL_AREA_STYLE('',(#15210));
#15210 = FILL_AREA_STYLE_COLOUR('',#15189);
#15211 = STYLED_ITEM('color',(#15212),#1668);
#15212 = PRESENTATION_STYLE_ASSIGNMENT((#15213));
#15213 = SURFACE_STYLE_USAGE(.BOTH.,#15214);
#15214 = SURFACE_SIDE_STYLE('',(#15215));
#15215 = SURFACE_STYLE_FILL_AREA(#15216);
#15216 = FILL_AREA_STYLE('',(#15217));
#15217 = FILL_AREA_STYLE_COLOUR('',#15096);
#15218 = STYLED_ITEM('color',(#15219),#1685);
#15219 = PRESENTATION_STYLE_ASSIGNMENT((#15220));
#15220 = SURFACE_STYLE_USAGE(.BOTH.,#15221);
#15221 = SURFACE_SIDE_STYLE('',(#15222));
#15222 = SURFACE_STYLE_FILL_AREA(#15223);
#15223 = FILL_AREA_STYLE('',(#15224));
#15224 = FILL_AREA_STYLE_COLOUR('',#15096);
#15225 = STYLED_ITEM('color',(#15226),#1702);
#15226 = PRESENTATION_STYLE_ASSIGNMENT((#15227));
#15227 = SURFACE_STYLE_USAGE(.BOTH.,#15228);
#15228 = SURFACE_SIDE_STYLE('',(#15229));
#15229 = SURFACE_STYLE_FILL_AREA(#15230);
#15230 = FILL_AREA_STYLE('',(#15231));
#15231 = FILL_AREA_STYLE_COLOUR('',#15096);
#15232 = STYLED_ITEM('color',(#15233),#1719);
#15233 = PRESENTATION_STYLE_ASSIGNMENT((#15234));
#15234 = SURFACE_STYLE_USAGE(.BOTH.,#15235);
#15235 = SURFACE_SIDE_STYLE('',(#15236));
#15236 = SURFACE_STYLE_FILL_AREA(#15237);
#15237 = FILL_AREA_STYLE('',(#15238));
#15238 = FILL_AREA_STYLE_COLOUR('',#15096);
#15239 = STYLED_ITEM('color',(#15240),#1736);
#15240 = PRESENTATION_STYLE_ASSIGNMENT((#15241));
#15241 = SURFACE_STYLE_USAGE(.BOTH.,#15242);
#15242 = SURFACE_SIDE_STYLE('',(#15243));
#15243 = SURFACE_STYLE_FILL_AREA(#15244);
#15244 = FILL_AREA_STYLE('',(#15245));
#15245 = FILL_AREA_STYLE_COLOUR('',#15096);
#15246 = STYLED_ITEM('color',(#15247),#1753);
#15247 = PRESENTATION_STYLE_ASSIGNMENT((#15248));
#15248 = SURFACE_STYLE_USAGE(.BOTH.,#15249);
#15249 = SURFACE_SIDE_STYLE('',(#15250));
#15250 = SURFACE_STYLE_FILL_AREA(#15251);
#15251 = FILL_AREA_STYLE('',(#15252));
#15252 = FILL_AREA_STYLE_COLOUR('',#15096);
#15253 = STYLED_ITEM('color',(#15254),#1770);
#15254 = PRESENTATION_STYLE_ASSIGNMENT((#15255));
#15255 = SURFACE_STYLE_USAGE(.BOTH.,#15256);
#15256 = SURFACE_SIDE_STYLE('',(#15257));
#15257 = SURFACE_STYLE_FILL_AREA(#15258);
#15258 = FILL_AREA_STYLE('',(#15259));
#15259 = FILL_AREA_STYLE_COLOUR('',#15096);
#15260 = STYLED_ITEM('color',(#15261),#1787);
#15261 = PRESENTATION_STYLE_ASSIGNMENT((#15262));
#15262 = SURFACE_STYLE_USAGE(.BOTH.,#15263);
#15263 = SURFACE_SIDE_STYLE('',(#15264));
#15264 = SURFACE_STYLE_FILL_AREA(#15265);
#15265 = FILL_AREA_STYLE('',(#15266));
#15266 = FILL_AREA_STYLE_COLOUR('',#15189);
#15267 = STYLED_ITEM('color',(#15268),#1804);
#15268 = PRESENTATION_STYLE_ASSIGNMENT((#15269));
#15269 = SURFACE_STYLE_USAGE(.BOTH.,#15270);
#15270 = SURFACE_SIDE_STYLE('',(#15271));
#15271 = SURFACE_STYLE_FILL_AREA(#15272);
#15272 = FILL_AREA_STYLE('',(#15273));
#15273 = FILL_AREA_STYLE_COLOUR('',#15189);
#15274 = MECHANICAL_DESIGN_GEOMETRIC_PRESENTATION_REPRESENTATION('',(
    #15275,#15283,#15290,#15297,#15304,#15311,#15318,#15325,#15332,
    #15339,#15346,#15353,#15360,#15367,#15374,#15381,#15388,#15395,
    #15402,#15409,#15416,#15423,#15430,#15437,#15444,#15451,#15458,
    #15465,#15472,#15479,#15486,#15493,#15500,#15507,#15514,#15521,
    #15528,#15535,#15542,#15549,#15556,#15563,#15570,#15577,#15584,
    #15591,#15598,#15605,#15612,#15619,#15626,#15633,#15640,#15647,
    #15654,#15661,#15668,#15675,#15682,#15689,#15696,#15703,#15710,
    #15717,#15724,#15731,#15738,#15745,#15752,#15759,#15766,#15773,
    #15780,#15787,#15794,#15801,#15808,#15815,#15822,#15829,#15836,
    #15843,#15850,#15857,#15864,#15871,#15878,#15885,#15892,#15899,
    #15906),#14144);
#15275 = STYLED_ITEM('color',(#15276),#11321);
#15276 = PRESENTATION_STYLE_ASSIGNMENT((#15277));
#15277 = SURFACE_STYLE_USAGE(.BOTH.,#15278);
#15278 = SURFACE_SIDE_STYLE('',(#15279));
#15279 = SURFACE_STYLE_FILL_AREA(#15280);
#15280 = FILL_AREA_STYLE('',(#15281));
#15281 = FILL_AREA_STYLE_COLOUR('',#15282);
#15282 = COLOUR_RGB('',0.147999998088,0.144999993226,0.144999993226);
#15283 = STYLED_ITEM('color',(#15284),#11409);
#15284 = PRESENTATION_STYLE_ASSIGNMENT((#15285));
#15285 = SURFACE_STYLE_USAGE(.BOTH.,#15286);
#15286 = SURFACE_SIDE_STYLE('',(#15287));
#15287 = SURFACE_STYLE_FILL_AREA(#15288);
#15288 = FILL_AREA_STYLE('',(#15289));
#15289 = FILL_AREA_STYLE_COLOUR('',#15282);
#15290 = STYLED_ITEM('color',(#15291),#11458);
#15291 = PRESENTATION_STYLE_ASSIGNMENT((#15292));
#15292 = SURFACE_STYLE_USAGE(.BOTH.,#15293);
#15293 = SURFACE_SIDE_STYLE('',(#15294));
#15294 = SURFACE_STYLE_FILL_AREA(#15295);
#15295 = FILL_AREA_STYLE('',(#15296));
#15296 = FILL_AREA_STYLE_COLOUR('',#15282);
#15297 = STYLED_ITEM('color',(#15298),#11594);
#15298 = PRESENTATION_STYLE_ASSIGNMENT((#15299));
#15299 = SURFACE_STYLE_USAGE(.BOTH.,#15300);
#15300 = SURFACE_SIDE_STYLE('',(#15301));
#15301 = SURFACE_STYLE_FILL_AREA(#15302);
#15302 = FILL_AREA_STYLE('',(#15303));
#15303 = FILL_AREA_STYLE_COLOUR('',#15282);
#15304 = STYLED_ITEM('color',(#15305),#11628);
#15305 = PRESENTATION_STYLE_ASSIGNMENT((#15306));
#15306 = SURFACE_STYLE_USAGE(.BOTH.,#15307);
#15307 = SURFACE_SIDE_STYLE('',(#15308));
#15308 = SURFACE_STYLE_FILL_AREA(#15309);
#15309 = FILL_AREA_STYLE('',(#15310));
#15310 = FILL_AREA_STYLE_COLOUR('',#15282);
#15311 = STYLED_ITEM('color',(#15312),#11670);
#15312 = PRESENTATION_STYLE_ASSIGNMENT((#15313));
#15313 = SURFACE_STYLE_USAGE(.BOTH.,#15314);
#15314 = SURFACE_SIDE_STYLE('',(#15315));
#15315 = SURFACE_STYLE_FILL_AREA(#15316);
#15316 = FILL_AREA_STYLE('',(#15317));
#15317 = FILL_AREA_STYLE_COLOUR('',#15282);
#15318 = STYLED_ITEM('color',(#15319),#11747);
#15319 = PRESENTATION_STYLE_ASSIGNMENT((#15320));
#15320 = SURFACE_STYLE_USAGE(.BOTH.,#15321);
#15321 = SURFACE_SIDE_STYLE('',(#15322));
#15322 = SURFACE_STYLE_FILL_AREA(#15323);
#15323 = FILL_AREA_STYLE('',(#15324));
#15324 = FILL_AREA_STYLE_COLOUR('',#15282);
#15325 = STYLED_ITEM('color',(#15326),#11781);
#15326 = PRESENTATION_STYLE_ASSIGNMENT((#15327));
#15327 = SURFACE_STYLE_USAGE(.BOTH.,#15328);
#15328 = SURFACE_SIDE_STYLE('',(#15329));
#15329 = SURFACE_STYLE_FILL_AREA(#15330);
#15330 = FILL_AREA_STYLE('',(#15331));
#15331 = FILL_AREA_STYLE_COLOUR('',#15282);
#15332 = STYLED_ITEM('color',(#15333),#11814);
#15333 = PRESENTATION_STYLE_ASSIGNMENT((#15334));
#15334 = SURFACE_STYLE_USAGE(.BOTH.,#15335);
#15335 = SURFACE_SIDE_STYLE('',(#15336));
#15336 = SURFACE_STYLE_FILL_AREA(#15337);
#15337 = FILL_AREA_STYLE('',(#15338));
#15338 = FILL_AREA_STYLE_COLOUR('',#15282);
#15339 = STYLED_ITEM('color',(#15340),#11847);
#15340 = PRESENTATION_STYLE_ASSIGNMENT((#15341));
#15341 = SURFACE_STYLE_USAGE(.BOTH.,#15342);
#15342 = SURFACE_SIDE_STYLE('',(#15343));
#15343 = SURFACE_STYLE_FILL_AREA(#15344);
#15344 = FILL_AREA_STYLE('',(#15345));
#15345 = FILL_AREA_STYLE_COLOUR('',#15282);
#15346 = STYLED_ITEM('color',(#15347),#11912);
#15347 = PRESENTATION_STYLE_ASSIGNMENT((#15348));
#15348 = SURFACE_STYLE_USAGE(.BOTH.,#15349);
#15349 = SURFACE_SIDE_STYLE('',(#15350));
#15350 = SURFACE_STYLE_FILL_AREA(#15351);
#15351 = FILL_AREA_STYLE('',(#15352));
#15352 = FILL_AREA_STYLE_COLOUR('',#15282);
#15353 = STYLED_ITEM('color',(#15354),#11936);
#15354 = PRESENTATION_STYLE_ASSIGNMENT((#15355));
#15355 = SURFACE_STYLE_USAGE(.BOTH.,#15356);
#15356 = SURFACE_SIDE_STYLE('',(#15357));
#15357 = SURFACE_STYLE_FILL_AREA(#15358);
#15358 = FILL_AREA_STYLE('',(#15359));
#15359 = FILL_AREA_STYLE_COLOUR('',#15282);
#15360 = STYLED_ITEM('color',(#15361),#11963);
#15361 = PRESENTATION_STYLE_ASSIGNMENT((#15362));
#15362 = SURFACE_STYLE_USAGE(.BOTH.,#15363);
#15363 = SURFACE_SIDE_STYLE('',(#15364));
#15364 = SURFACE_STYLE_FILL_AREA(#15365);
#15365 = FILL_AREA_STYLE('',(#15366));
#15366 = FILL_AREA_STYLE_COLOUR('',#15096);
#15367 = STYLED_ITEM('color',(#15368),#11975);
#15368 = PRESENTATION_STYLE_ASSIGNMENT((#15369));
#15369 = SURFACE_STYLE_USAGE(.BOTH.,#15370);
#15370 = SURFACE_SIDE_STYLE('',(#15371));
#15371 = SURFACE_STYLE_FILL_AREA(#15372);
#15372 = FILL_AREA_STYLE('',(#15373));
#15373 = FILL_AREA_STYLE_COLOUR('',#15096);
#15374 = STYLED_ITEM('color',(#15375),#12000);
#15375 = PRESENTATION_STYLE_ASSIGNMENT((#15376));
#15376 = SURFACE_STYLE_USAGE(.BOTH.,#15377);
#15377 = SURFACE_SIDE_STYLE('',(#15378));
#15378 = SURFACE_STYLE_FILL_AREA(#15379);
#15379 = FILL_AREA_STYLE('',(#15380));
#15380 = FILL_AREA_STYLE_COLOUR('',#15096);
#15381 = STYLED_ITEM('color',(#15382),#12025);
#15382 = PRESENTATION_STYLE_ASSIGNMENT((#15383));
#15383 = SURFACE_STYLE_USAGE(.BOTH.,#15384);
#15384 = SURFACE_SIDE_STYLE('',(#15385));
#15385 = SURFACE_STYLE_FILL_AREA(#15386);
#15386 = FILL_AREA_STYLE('',(#15387));
#15387 = FILL_AREA_STYLE_COLOUR('',#15282);
#15388 = STYLED_ITEM('color',(#15389),#12186);
#15389 = PRESENTATION_STYLE_ASSIGNMENT((#15390));
#15390 = SURFACE_STYLE_USAGE(.BOTH.,#15391);
#15391 = SURFACE_SIDE_STYLE('',(#15392));
#15392 = SURFACE_STYLE_FILL_AREA(#15393);
#15393 = FILL_AREA_STYLE('',(#15394));
#15394 = FILL_AREA_STYLE_COLOUR('',#15096);
#15395 = STYLED_ITEM('color',(#15396),#12198);
#15396 = PRESENTATION_STYLE_ASSIGNMENT((#15397));
#15397 = SURFACE_STYLE_USAGE(.BOTH.,#15398);
#15398 = SURFACE_SIDE_STYLE('',(#15399));
#15399 = SURFACE_STYLE_FILL_AREA(#15400);
#15400 = FILL_AREA_STYLE('',(#15401));
#15401 = FILL_AREA_STYLE_COLOUR('',#15282);
#15402 = STYLED_ITEM('color',(#15403),#12359);
#15403 = PRESENTATION_STYLE_ASSIGNMENT((#15404));
#15404 = SURFACE_STYLE_USAGE(.BOTH.,#15405);
#15405 = SURFACE_SIDE_STYLE('',(#15406));
#15406 = SURFACE_STYLE_FILL_AREA(#15407);
#15407 = FILL_AREA_STYLE('',(#15408));
#15408 = FILL_AREA_STYLE_COLOUR('',#15282);
#15409 = STYLED_ITEM('color',(#15410),#12478);
#15410 = PRESENTATION_STYLE_ASSIGNMENT((#15411));
#15411 = SURFACE_STYLE_USAGE(.BOTH.,#15412);
#15412 = SURFACE_SIDE_STYLE('',(#15413));
#15413 = SURFACE_STYLE_FILL_AREA(#15414);
#15414 = FILL_AREA_STYLE('',(#15415));
#15415 = FILL_AREA_STYLE_COLOUR('',#15282);
#15416 = STYLED_ITEM('color',(#15417),#12512);
#15417 = PRESENTATION_STYLE_ASSIGNMENT((#15418));
#15418 = SURFACE_STYLE_USAGE(.BOTH.,#15419);
#15419 = SURFACE_SIDE_STYLE('',(#15420));
#15420 = SURFACE_STYLE_FILL_AREA(#15421);
#15421 = FILL_AREA_STYLE('',(#15422));
#15422 = FILL_AREA_STYLE_COLOUR('',#15282);
#15423 = STYLED_ITEM('color',(#15424),#12529);
#15424 = PRESENTATION_STYLE_ASSIGNMENT((#15425));
#15425 = SURFACE_STYLE_USAGE(.BOTH.,#15426);
#15426 = SURFACE_SIDE_STYLE('',(#15427));
#15427 = SURFACE_STYLE_FILL_AREA(#15428);
#15428 = FILL_AREA_STYLE('',(#15429));
#15429 = FILL_AREA_STYLE_COLOUR('',#15282);
#15430 = STYLED_ITEM('color',(#15431),#12545);
#15431 = PRESENTATION_STYLE_ASSIGNMENT((#15432));
#15432 = SURFACE_STYLE_USAGE(.BOTH.,#15433);
#15433 = SURFACE_SIDE_STYLE('',(#15434));
#15434 = SURFACE_STYLE_FILL_AREA(#15435);
#15435 = FILL_AREA_STYLE('',(#15436));
#15436 = FILL_AREA_STYLE_COLOUR('',#15282);
#15437 = STYLED_ITEM('color',(#15438),#12562);
#15438 = PRESENTATION_STYLE_ASSIGNMENT((#15439));
#15439 = SURFACE_STYLE_USAGE(.BOTH.,#15440);
#15440 = SURFACE_SIDE_STYLE('',(#15441));
#15441 = SURFACE_STYLE_FILL_AREA(#15442);
#15442 = FILL_AREA_STYLE('',(#15443));
#15443 = FILL_AREA_STYLE_COLOUR('',#15282);
#15444 = STYLED_ITEM('color',(#15445),#12573);
#15445 = PRESENTATION_STYLE_ASSIGNMENT((#15446));
#15446 = SURFACE_STYLE_USAGE(.BOTH.,#15447);
#15447 = SURFACE_SIDE_STYLE('',(#15448));
#15448 = SURFACE_STYLE_FILL_AREA(#15449);
#15449 = FILL_AREA_STYLE('',(#15450));
#15450 = FILL_AREA_STYLE_COLOUR('',#15282);
#15451 = STYLED_ITEM('color',(#15452),#12589);
#15452 = PRESENTATION_STYLE_ASSIGNMENT((#15453));
#15453 = SURFACE_STYLE_USAGE(.BOTH.,#15454);
#15454 = SURFACE_SIDE_STYLE('',(#15455));
#15455 = SURFACE_STYLE_FILL_AREA(#15456);
#15456 = FILL_AREA_STYLE('',(#15457));
#15457 = FILL_AREA_STYLE_COLOUR('',#15282);
#15458 = STYLED_ITEM('color',(#15459),#12606);
#15459 = PRESENTATION_STYLE_ASSIGNMENT((#15460));
#15460 = SURFACE_STYLE_USAGE(.BOTH.,#15461);
#15461 = SURFACE_SIDE_STYLE('',(#15462));
#15462 = SURFACE_STYLE_FILL_AREA(#15463);
#15463 = FILL_AREA_STYLE('',(#15464));
#15464 = FILL_AREA_STYLE_COLOUR('',#15282);
#15465 = STYLED_ITEM('color',(#15466),#12617);
#15466 = PRESENTATION_STYLE_ASSIGNMENT((#15467));
#15467 = SURFACE_STYLE_USAGE(.BOTH.,#15468);
#15468 = SURFACE_SIDE_STYLE('',(#15469));
#15469 = SURFACE_STYLE_FILL_AREA(#15470);
#15470 = FILL_AREA_STYLE('',(#15471));
#15471 = FILL_AREA_STYLE_COLOUR('',#15282);
#15472 = STYLED_ITEM('color',(#15473),#12736);
#15473 = PRESENTATION_STYLE_ASSIGNMENT((#15474));
#15474 = SURFACE_STYLE_USAGE(.BOTH.,#15475);
#15475 = SURFACE_SIDE_STYLE('',(#15476));
#15476 = SURFACE_STYLE_FILL_AREA(#15477);
#15477 = FILL_AREA_STYLE('',(#15478));
#15478 = FILL_AREA_STYLE_COLOUR('',#15282);
#15479 = STYLED_ITEM('color',(#15480),#12782);
#15480 = PRESENTATION_STYLE_ASSIGNMENT((#15481));
#15481 = SURFACE_STYLE_USAGE(.BOTH.,#15482);
#15482 = SURFACE_SIDE_STYLE('',(#15483));
#15483 = SURFACE_STYLE_FILL_AREA(#15484);
#15484 = FILL_AREA_STYLE('',(#15485));
#15485 = FILL_AREA_STYLE_COLOUR('',#15282);
#15486 = STYLED_ITEM('color',(#15487),#12845);
#15487 = PRESENTATION_STYLE_ASSIGNMENT((#15488));
#15488 = SURFACE_STYLE_USAGE(.BOTH.,#15489);
#15489 = SURFACE_SIDE_STYLE('',(#15490));
#15490 = SURFACE_STYLE_FILL_AREA(#15491);
#15491 = FILL_AREA_STYLE('',(#15492));
#15492 = FILL_AREA_STYLE_COLOUR('',#15282);
#15493 = STYLED_ITEM('color',(#15494),#12878);
#15494 = PRESENTATION_STYLE_ASSIGNMENT((#15495));
#15495 = SURFACE_STYLE_USAGE(.BOTH.,#15496);
#15496 = SURFACE_SIDE_STYLE('',(#15497));
#15497 = SURFACE_STYLE_FILL_AREA(#15498);
#15498 = FILL_AREA_STYLE('',(#15499));
#15499 = FILL_AREA_STYLE_COLOUR('',#15282);
#15500 = STYLED_ITEM('color',(#15501),#12911);
#15501 = PRESENTATION_STYLE_ASSIGNMENT((#15502));
#15502 = SURFACE_STYLE_USAGE(.BOTH.,#15503);
#15503 = SURFACE_SIDE_STYLE('',(#15504));
#15504 = SURFACE_STYLE_FILL_AREA(#15505);
#15505 = FILL_AREA_STYLE('',(#15506));
#15506 = FILL_AREA_STYLE_COLOUR('',#15096);
#15507 = STYLED_ITEM('color',(#15508),#12944);
#15508 = PRESENTATION_STYLE_ASSIGNMENT((#15509));
#15509 = SURFACE_STYLE_USAGE(.BOTH.,#15510);
#15510 = SURFACE_SIDE_STYLE('',(#15511));
#15511 = SURFACE_STYLE_FILL_AREA(#15512);
#15512 = FILL_AREA_STYLE('',(#15513));
#15513 = FILL_AREA_STYLE_COLOUR('',#15096);
#15514 = STYLED_ITEM('color',(#15515),#12977);
#15515 = PRESENTATION_STYLE_ASSIGNMENT((#15516));
#15516 = SURFACE_STYLE_USAGE(.BOTH.,#15517);
#15517 = SURFACE_SIDE_STYLE('',(#15518));
#15518 = SURFACE_STYLE_FILL_AREA(#15519);
#15519 = FILL_AREA_STYLE('',(#15520));
#15520 = FILL_AREA_STYLE_COLOUR('',#15282);
#15521 = STYLED_ITEM('color',(#15522),#13025);
#15522 = PRESENTATION_STYLE_ASSIGNMENT((#15523));
#15523 = SURFACE_STYLE_USAGE(.BOTH.,#15524);
#15524 = SURFACE_SIDE_STYLE('',(#15525));
#15525 = SURFACE_STYLE_FILL_AREA(#15526);
#15526 = FILL_AREA_STYLE('',(#15527));
#15527 = FILL_AREA_STYLE_COLOUR('',#15096);
#15528 = STYLED_ITEM('color',(#15529),#13049);
#15529 = PRESENTATION_STYLE_ASSIGNMENT((#15530));
#15530 = SURFACE_STYLE_USAGE(.BOTH.,#15531);
#15531 = SURFACE_SIDE_STYLE('',(#15532));
#15532 = SURFACE_STYLE_FILL_AREA(#15533);
#15533 = FILL_AREA_STYLE('',(#15534));
#15534 = FILL_AREA_STYLE_COLOUR('',#15096);
#15535 = STYLED_ITEM('color',(#15536),#13073);
#15536 = PRESENTATION_STYLE_ASSIGNMENT((#15537));
#15537 = SURFACE_STYLE_USAGE(.BOTH.,#15538);
#15538 = SURFACE_SIDE_STYLE('',(#15539));
#15539 = SURFACE_STYLE_FILL_AREA(#15540);
#15540 = FILL_AREA_STYLE('',(#15541));
#15541 = FILL_AREA_STYLE_COLOUR('',#15096);
#15542 = STYLED_ITEM('color',(#15543),#13090);
#15543 = PRESENTATION_STYLE_ASSIGNMENT((#15544));
#15544 = SURFACE_STYLE_USAGE(.BOTH.,#15545);
#15545 = SURFACE_SIDE_STYLE('',(#15546));
#15546 = SURFACE_STYLE_FILL_AREA(#15547);
#15547 = FILL_AREA_STYLE('',(#15548));
#15548 = FILL_AREA_STYLE_COLOUR('',#15096);
#15549 = STYLED_ITEM('color',(#15550),#13110);
#15550 = PRESENTATION_STYLE_ASSIGNMENT((#15551));
#15551 = SURFACE_STYLE_USAGE(.BOTH.,#15552);
#15552 = SURFACE_SIDE_STYLE('',(#15553));
#15553 = SURFACE_STYLE_FILL_AREA(#15554);
#15554 = FILL_AREA_STYLE('',(#15555));
#15555 = FILL_AREA_STYLE_COLOUR('',#15282);
#15556 = STYLED_ITEM('color',(#15557),#13122);
#15557 = PRESENTATION_STYLE_ASSIGNMENT((#15558));
#15558 = SURFACE_STYLE_USAGE(.BOTH.,#15559);
#15559 = SURFACE_SIDE_STYLE('',(#15560));
#15560 = SURFACE_STYLE_FILL_AREA(#15561);
#15561 = FILL_AREA_STYLE('',(#15562));
#15562 = FILL_AREA_STYLE_COLOUR('',#15096);
#15563 = STYLED_ITEM('color',(#15564),#13146);
#15564 = PRESENTATION_STYLE_ASSIGNMENT((#15565));
#15565 = SURFACE_STYLE_USAGE(.BOTH.,#15566);
#15566 = SURFACE_SIDE_STYLE('',(#15567));
#15567 = SURFACE_STYLE_FILL_AREA(#15568);
#15568 = FILL_AREA_STYLE('',(#15569));
#15569 = FILL_AREA_STYLE_COLOUR('',#15096);
#15570 = STYLED_ITEM('color',(#15571),#13170);
#15571 = PRESENTATION_STYLE_ASSIGNMENT((#15572));
#15572 = SURFACE_STYLE_USAGE(.BOTH.,#15573);
#15573 = SURFACE_SIDE_STYLE('',(#15574));
#15574 = SURFACE_STYLE_FILL_AREA(#15575);
#15575 = FILL_AREA_STYLE('',(#15576));
#15576 = FILL_AREA_STYLE_COLOUR('',#15096);
#15577 = STYLED_ITEM('color',(#15578),#13187);
#15578 = PRESENTATION_STYLE_ASSIGNMENT((#15579));
#15579 = SURFACE_STYLE_USAGE(.BOTH.,#15580);
#15580 = SURFACE_SIDE_STYLE('',(#15581));
#15581 = SURFACE_STYLE_FILL_AREA(#15582);
#15582 = FILL_AREA_STYLE('',(#15583));
#15583 = FILL_AREA_STYLE_COLOUR('',#15096);
#15584 = STYLED_ITEM('color',(#15585),#13207);
#15585 = PRESENTATION_STYLE_ASSIGNMENT((#15586));
#15586 = SURFACE_STYLE_USAGE(.BOTH.,#15587);
#15587 = SURFACE_SIDE_STYLE('',(#15588));
#15588 = SURFACE_STYLE_FILL_AREA(#15589);
#15589 = FILL_AREA_STYLE('',(#15590));
#15590 = FILL_AREA_STYLE_COLOUR('',#15096);
#15591 = STYLED_ITEM('color',(#15592),#13219);
#15592 = PRESENTATION_STYLE_ASSIGNMENT((#15593));
#15593 = SURFACE_STYLE_USAGE(.BOTH.,#15594);
#15594 = SURFACE_SIDE_STYLE('',(#15595));
#15595 = SURFACE_STYLE_FILL_AREA(#15596);
#15596 = FILL_AREA_STYLE('',(#15597));
#15597 = FILL_AREA_STYLE_COLOUR('',#15282);
#15598 = STYLED_ITEM('color',(#15599),#13235);
#15599 = PRESENTATION_STYLE_ASSIGNMENT((#15600));
#15600 = SURFACE_STYLE_USAGE(.BOTH.,#15601);
#15601 = SURFACE_SIDE_STYLE('',(#15602));
#15602 = SURFACE_STYLE_FILL_AREA(#15603);
#15603 = FILL_AREA_STYLE('',(#15604));
#15604 = FILL_AREA_STYLE_COLOUR('',#15282);
#15605 = STYLED_ITEM('color',(#15606),#13252);
#15606 = PRESENTATION_STYLE_ASSIGNMENT((#15607));
#15607 = SURFACE_STYLE_USAGE(.BOTH.,#15608);
#15608 = SURFACE_SIDE_STYLE('',(#15609));
#15609 = SURFACE_STYLE_FILL_AREA(#15610);
#15610 = FILL_AREA_STYLE('',(#15611));
#15611 = FILL_AREA_STYLE_COLOUR('',#15282);
#15612 = STYLED_ITEM('color',(#15613),#13263);
#15613 = PRESENTATION_STYLE_ASSIGNMENT((#15614));
#15614 = SURFACE_STYLE_USAGE(.BOTH.,#15615);
#15615 = SURFACE_SIDE_STYLE('',(#15616));
#15616 = SURFACE_STYLE_FILL_AREA(#15617);
#15617 = FILL_AREA_STYLE('',(#15618));
#15618 = FILL_AREA_STYLE_COLOUR('',#15282);
#15619 = STYLED_ITEM('color',(#15620),#13279);
#15620 = PRESENTATION_STYLE_ASSIGNMENT((#15621));
#15621 = SURFACE_STYLE_USAGE(.BOTH.,#15622);
#15622 = SURFACE_SIDE_STYLE('',(#15623));
#15623 = SURFACE_STYLE_FILL_AREA(#15624);
#15624 = FILL_AREA_STYLE('',(#15625));
#15625 = FILL_AREA_STYLE_COLOUR('',#15282);
#15626 = STYLED_ITEM('color',(#15627),#13296);
#15627 = PRESENTATION_STYLE_ASSIGNMENT((#15628));
#15628 = SURFACE_STYLE_USAGE(.BOTH.,#15629);
#15629 = SURFACE_SIDE_STYLE('',(#15630));
#15630 = SURFACE_STYLE_FILL_AREA(#15631);
#15631 = FILL_AREA_STYLE('',(#15632));
#15632 = FILL_AREA_STYLE_COLOUR('',#15282);
#15633 = STYLED_ITEM('color',(#15634),#13307);
#15634 = PRESENTATION_STYLE_ASSIGNMENT((#15635));
#15635 = SURFACE_STYLE_USAGE(.BOTH.,#15636);
#15636 = SURFACE_SIDE_STYLE('',(#15637));
#15637 = SURFACE_STYLE_FILL_AREA(#15638);
#15638 = FILL_AREA_STYLE('',(#15639));
#15639 = FILL_AREA_STYLE_COLOUR('',#15096);
#15640 = STYLED_ITEM('color',(#15641),#13316);
#15641 = PRESENTATION_STYLE_ASSIGNMENT((#15642));
#15642 = SURFACE_STYLE_USAGE(.BOTH.,#15643);
#15643 = SURFACE_SIDE_STYLE('',(#15644));
#15644 = SURFACE_STYLE_FILL_AREA(#15645);
#15645 = FILL_AREA_STYLE('',(#15646));
#15646 = FILL_AREA_STYLE_COLOUR('',#15096);
#15647 = STYLED_ITEM('color',(#15648),#13325);
#15648 = PRESENTATION_STYLE_ASSIGNMENT((#15649));
#15649 = SURFACE_STYLE_USAGE(.BOTH.,#15650);
#15650 = SURFACE_SIDE_STYLE('',(#15651));
#15651 = SURFACE_STYLE_FILL_AREA(#15652);
#15652 = FILL_AREA_STYLE('',(#15653));
#15653 = FILL_AREA_STYLE_COLOUR('',#15096);
#15654 = STYLED_ITEM('color',(#15655),#13337);
#15655 = PRESENTATION_STYLE_ASSIGNMENT((#15656));
#15656 = SURFACE_STYLE_USAGE(.BOTH.,#15657);
#15657 = SURFACE_SIDE_STYLE('',(#15658));
#15658 = SURFACE_STYLE_FILL_AREA(#15659);
#15659 = FILL_AREA_STYLE('',(#15660));
#15660 = FILL_AREA_STYLE_COLOUR('',#15282);
#15661 = STYLED_ITEM('color',(#15662),#13346);
#15662 = PRESENTATION_STYLE_ASSIGNMENT((#15663));
#15663 = SURFACE_STYLE_USAGE(.BOTH.,#15664);
#15664 = SURFACE_SIDE_STYLE('',(#15665));
#15665 = SURFACE_STYLE_FILL_AREA(#15666);
#15666 = FILL_AREA_STYLE('',(#15667));
#15667 = FILL_AREA_STYLE_COLOUR('',#15282);
#15668 = STYLED_ITEM('color',(#15669),#13357);
#15669 = PRESENTATION_STYLE_ASSIGNMENT((#15670));
#15670 = SURFACE_STYLE_USAGE(.BOTH.,#15671);
#15671 = SURFACE_SIDE_STYLE('',(#15672));
#15672 = SURFACE_STYLE_FILL_AREA(#15673);
#15673 = FILL_AREA_STYLE('',(#15674));
#15674 = FILL_AREA_STYLE_COLOUR('',#15096);
#15675 = STYLED_ITEM('color',(#15676),#13390);
#15676 = PRESENTATION_STYLE_ASSIGNMENT((#15677));
#15677 = SURFACE_STYLE_USAGE(.BOTH.,#15678);
#15678 = SURFACE_SIDE_STYLE('',(#15679));
#15679 = SURFACE_STYLE_FILL_AREA(#15680);
#15680 = FILL_AREA_STYLE('',(#15681));
#15681 = FILL_AREA_STYLE_COLOUR('',#15096);
#15682 = STYLED_ITEM('color',(#15683),#13399);
#15683 = PRESENTATION_STYLE_ASSIGNMENT((#15684));
#15684 = SURFACE_STYLE_USAGE(.BOTH.,#15685);
#15685 = SURFACE_SIDE_STYLE('',(#15686));
#15686 = SURFACE_STYLE_FILL_AREA(#15687);
#15687 = FILL_AREA_STYLE('',(#15688));
#15688 = FILL_AREA_STYLE_COLOUR('',#15096);
#15689 = STYLED_ITEM('color',(#15690),#13410);
#15690 = PRESENTATION_STYLE_ASSIGNMENT((#15691));
#15691 = SURFACE_STYLE_USAGE(.BOTH.,#15692);
#15692 = SURFACE_SIDE_STYLE('',(#15693));
#15693 = SURFACE_STYLE_FILL_AREA(#15694);
#15694 = FILL_AREA_STYLE('',(#15695));
#15695 = FILL_AREA_STYLE_COLOUR('',#15096);
#15696 = STYLED_ITEM('color',(#15697),#13443);
#15697 = PRESENTATION_STYLE_ASSIGNMENT((#15698));
#15698 = SURFACE_STYLE_USAGE(.BOTH.,#15699);
#15699 = SURFACE_SIDE_STYLE('',(#15700));
#15700 = SURFACE_STYLE_FILL_AREA(#15701);
#15701 = FILL_AREA_STYLE('',(#15702));
#15702 = FILL_AREA_STYLE_COLOUR('',#15096);
#15703 = STYLED_ITEM('color',(#15704),#13463);
#15704 = PRESENTATION_STYLE_ASSIGNMENT((#15705));
#15705 = SURFACE_STYLE_USAGE(.BOTH.,#15706);
#15706 = SURFACE_SIDE_STYLE('',(#15707));
#15707 = SURFACE_STYLE_FILL_AREA(#15708);
#15708 = FILL_AREA_STYLE('',(#15709));
#15709 = FILL_AREA_STYLE_COLOUR('',#15096);
#15710 = STYLED_ITEM('color',(#15711),#13483);
#15711 = PRESENTATION_STYLE_ASSIGNMENT((#15712));
#15712 = SURFACE_STYLE_USAGE(.BOTH.,#15713);
#15713 = SURFACE_SIDE_STYLE('',(#15714));
#15714 = SURFACE_STYLE_FILL_AREA(#15715);
#15715 = FILL_AREA_STYLE('',(#15716));
#15716 = FILL_AREA_STYLE_COLOUR('',#15096);
#15717 = STYLED_ITEM('color',(#15718),#13502);
#15718 = PRESENTATION_STYLE_ASSIGNMENT((#15719));
#15719 = SURFACE_STYLE_USAGE(.BOTH.,#15720);
#15720 = SURFACE_SIDE_STYLE('',(#15721));
#15721 = SURFACE_STYLE_FILL_AREA(#15722);
#15722 = FILL_AREA_STYLE('',(#15723));
#15723 = FILL_AREA_STYLE_COLOUR('',#15096);
#15724 = STYLED_ITEM('color',(#15725),#13535);
#15725 = PRESENTATION_STYLE_ASSIGNMENT((#15726));
#15726 = SURFACE_STYLE_USAGE(.BOTH.,#15727);
#15727 = SURFACE_SIDE_STYLE('',(#15728));
#15728 = SURFACE_STYLE_FILL_AREA(#15729);
#15729 = FILL_AREA_STYLE('',(#15730));
#15730 = FILL_AREA_STYLE_COLOUR('',#15096);
#15731 = STYLED_ITEM('color',(#15732),#13555);
#15732 = PRESENTATION_STYLE_ASSIGNMENT((#15733));
#15733 = SURFACE_STYLE_USAGE(.BOTH.,#15734);
#15734 = SURFACE_SIDE_STYLE('',(#15735));
#15735 = SURFACE_STYLE_FILL_AREA(#15736);
#15736 = FILL_AREA_STYLE('',(#15737));
#15737 = FILL_AREA_STYLE_COLOUR('',#15096);
#15738 = STYLED_ITEM('color',(#15739),#13575);
#15739 = PRESENTATION_STYLE_ASSIGNMENT((#15740));
#15740 = SURFACE_STYLE_USAGE(.BOTH.,#15741);
#15741 = SURFACE_SIDE_STYLE('',(#15742));
#15742 = SURFACE_STYLE_FILL_AREA(#15743);
#15743 = FILL_AREA_STYLE('',(#15744));
#15744 = FILL_AREA_STYLE_COLOUR('',#15096);
#15745 = STYLED_ITEM('color',(#15746),#13594);
#15746 = PRESENTATION_STYLE_ASSIGNMENT((#15747));
#15747 = SURFACE_STYLE_USAGE(.BOTH.,#15748);
#15748 = SURFACE_SIDE_STYLE('',(#15749));
#15749 = SURFACE_STYLE_FILL_AREA(#15750);
#15750 = FILL_AREA_STYLE('',(#15751));
#15751 = FILL_AREA_STYLE_COLOUR('',#15096);
#15752 = STYLED_ITEM('color',(#15753),#13627);
#15753 = PRESENTATION_STYLE_ASSIGNMENT((#15754));
#15754 = SURFACE_STYLE_USAGE(.BOTH.,#15755);
#15755 = SURFACE_SIDE_STYLE('',(#15756));
#15756 = SURFACE_STYLE_FILL_AREA(#15757);
#15757 = FILL_AREA_STYLE('',(#15758));
#15758 = FILL_AREA_STYLE_COLOUR('',#15096);
#15759 = STYLED_ITEM('color',(#15760),#13647);
#15760 = PRESENTATION_STYLE_ASSIGNMENT((#15761));
#15761 = SURFACE_STYLE_USAGE(.BOTH.,#15762);
#15762 = SURFACE_SIDE_STYLE('',(#15763));
#15763 = SURFACE_STYLE_FILL_AREA(#15764);
#15764 = FILL_AREA_STYLE('',(#15765));
#15765 = FILL_AREA_STYLE_COLOUR('',#15096);
#15766 = STYLED_ITEM('color',(#15767),#13667);
#15767 = PRESENTATION_STYLE_ASSIGNMENT((#15768));
#15768 = SURFACE_STYLE_USAGE(.BOTH.,#15769);
#15769 = SURFACE_SIDE_STYLE('',(#15770));
#15770 = SURFACE_STYLE_FILL_AREA(#15771);
#15771 = FILL_AREA_STYLE('',(#15772));
#15772 = FILL_AREA_STYLE_COLOUR('',#15096);
#15773 = STYLED_ITEM('color',(#15774),#13686);
#15774 = PRESENTATION_STYLE_ASSIGNMENT((#15775));
#15775 = SURFACE_STYLE_USAGE(.BOTH.,#15776);
#15776 = SURFACE_SIDE_STYLE('',(#15777));
#15777 = SURFACE_STYLE_FILL_AREA(#15778);
#15778 = FILL_AREA_STYLE('',(#15779));
#15779 = FILL_AREA_STYLE_COLOUR('',#15096);
#15780 = STYLED_ITEM('color',(#15781),#13719);
#15781 = PRESENTATION_STYLE_ASSIGNMENT((#15782));
#15782 = SURFACE_STYLE_USAGE(.BOTH.,#15783);
#15783 = SURFACE_SIDE_STYLE('',(#15784));
#15784 = SURFACE_STYLE_FILL_AREA(#15785);
#15785 = FILL_AREA_STYLE('',(#15786));
#15786 = FILL_AREA_STYLE_COLOUR('',#15096);
#15787 = STYLED_ITEM('color',(#15788),#13739);
#15788 = PRESENTATION_STYLE_ASSIGNMENT((#15789));
#15789 = SURFACE_STYLE_USAGE(.BOTH.,#15790);
#15790 = SURFACE_SIDE_STYLE('',(#15791));
#15791 = SURFACE_STYLE_FILL_AREA(#15792);
#15792 = FILL_AREA_STYLE('',(#15793));
#15793 = FILL_AREA_STYLE_COLOUR('',#15096);
#15794 = STYLED_ITEM('color',(#15795),#13759);
#15795 = PRESENTATION_STYLE_ASSIGNMENT((#15796));
#15796 = SURFACE_STYLE_USAGE(.BOTH.,#15797);
#15797 = SURFACE_SIDE_STYLE('',(#15798));
#15798 = SURFACE_STYLE_FILL_AREA(#15799);
#15799 = FILL_AREA_STYLE('',(#15800));
#15800 = FILL_AREA_STYLE_COLOUR('',#15096);
#15801 = STYLED_ITEM('color',(#15802),#13778);
#15802 = PRESENTATION_STYLE_ASSIGNMENT((#15803));
#15803 = SURFACE_STYLE_USAGE(.BOTH.,#15804);
#15804 = SURFACE_SIDE_STYLE('',(#15805));
#15805 = SURFACE_STYLE_FILL_AREA(#15806);
#15806 = FILL_AREA_STYLE('',(#15807));
#15807 = FILL_AREA_STYLE_COLOUR('',#15096);
#15808 = STYLED_ITEM('color',(#15809),#13811);
#15809 = PRESENTATION_STYLE_ASSIGNMENT((#15810));
#15810 = SURFACE_STYLE_USAGE(.BOTH.,#15811);
#15811 = SURFACE_SIDE_STYLE('',(#15812));
#15812 = SURFACE_STYLE_FILL_AREA(#15813);
#15813 = FILL_AREA_STYLE('',(#15814));
#15814 = FILL_AREA_STYLE_COLOUR('',#15096);
#15815 = STYLED_ITEM('color',(#15816),#13831);
#15816 = PRESENTATION_STYLE_ASSIGNMENT((#15817));
#15817 = SURFACE_STYLE_USAGE(.BOTH.,#15818);
#15818 = SURFACE_SIDE_STYLE('',(#15819));
#15819 = SURFACE_STYLE_FILL_AREA(#15820);
#15820 = FILL_AREA_STYLE('',(#15821));
#15821 = FILL_AREA_STYLE_COLOUR('',#15096);
#15822 = STYLED_ITEM('color',(#15823),#13851);
#15823 = PRESENTATION_STYLE_ASSIGNMENT((#15824));
#15824 = SURFACE_STYLE_USAGE(.BOTH.,#15825);
#15825 = SURFACE_SIDE_STYLE('',(#15826));
#15826 = SURFACE_STYLE_FILL_AREA(#15827);
#15827 = FILL_AREA_STYLE('',(#15828));
#15828 = FILL_AREA_STYLE_COLOUR('',#15096);
#15829 = STYLED_ITEM('color',(#15830),#13870);
#15830 = PRESENTATION_STYLE_ASSIGNMENT((#15831));
#15831 = SURFACE_STYLE_USAGE(.BOTH.,#15832);
#15832 = SURFACE_SIDE_STYLE('',(#15833));
#15833 = SURFACE_STYLE_FILL_AREA(#15834);
#15834 = FILL_AREA_STYLE('',(#15835));
#15835 = FILL_AREA_STYLE_COLOUR('',#15096);
#15836 = STYLED_ITEM('color',(#15837),#13903);
#15837 = PRESENTATION_STYLE_ASSIGNMENT((#15838));
#15838 = SURFACE_STYLE_USAGE(.BOTH.,#15839);
#15839 = SURFACE_SIDE_STYLE('',(#15840));
#15840 = SURFACE_STYLE_FILL_AREA(#15841);
#15841 = FILL_AREA_STYLE('',(#15842));
#15842 = FILL_AREA_STYLE_COLOUR('',#15096);
#15843 = STYLED_ITEM('color',(#15844),#13923);
#15844 = PRESENTATION_STYLE_ASSIGNMENT((#15845));
#15845 = SURFACE_STYLE_USAGE(.BOTH.,#15846);
#15846 = SURFACE_SIDE_STYLE('',(#15847));
#15847 = SURFACE_STYLE_FILL_AREA(#15848);
#15848 = FILL_AREA_STYLE('',(#15849));
#15849 = FILL_AREA_STYLE_COLOUR('',#15096);
#15850 = STYLED_ITEM('color',(#15851),#13943);
#15851 = PRESENTATION_STYLE_ASSIGNMENT((#15852));
#15852 = SURFACE_STYLE_USAGE(.BOTH.,#15853);
#15853 = SURFACE_SIDE_STYLE('',(#15854));
#15854 = SURFACE_STYLE_FILL_AREA(#15855);
#15855 = FILL_AREA_STYLE('',(#15856));
#15856 = FILL_AREA_STYLE_COLOUR('',#15096);
#15857 = STYLED_ITEM('color',(#15858),#13962);
#15858 = PRESENTATION_STYLE_ASSIGNMENT((#15859));
#15859 = SURFACE_STYLE_USAGE(.BOTH.,#15860);
#15860 = SURFACE_SIDE_STYLE('',(#15861));
#15861 = SURFACE_STYLE_FILL_AREA(#15862);
#15862 = FILL_AREA_STYLE('',(#15863));
#15863 = FILL_AREA_STYLE_COLOUR('',#15096);
#15864 = STYLED_ITEM('color',(#15865),#13995);
#15865 = PRESENTATION_STYLE_ASSIGNMENT((#15866));
#15866 = SURFACE_STYLE_USAGE(.BOTH.,#15867);
#15867 = SURFACE_SIDE_STYLE('',(#15868));
#15868 = SURFACE_STYLE_FILL_AREA(#15869);
#15869 = FILL_AREA_STYLE('',(#15870));
#15870 = FILL_AREA_STYLE_COLOUR('',#15096);
#15871 = STYLED_ITEM('color',(#15872),#14015);
#15872 = PRESENTATION_STYLE_ASSIGNMENT((#15873));
#15873 = SURFACE_STYLE_USAGE(.BOTH.,#15874);
#15874 = SURFACE_SIDE_STYLE('',(#15875));
#15875 = SURFACE_STYLE_FILL_AREA(#15876);
#15876 = FILL_AREA_STYLE('',(#15877));
#15877 = FILL_AREA_STYLE_COLOUR('',#15096);
#15878 = STYLED_ITEM('color',(#15879),#14035);
#15879 = PRESENTATION_STYLE_ASSIGNMENT((#15880));
#15880 = SURFACE_STYLE_USAGE(.BOTH.,#15881);
#15881 = SURFACE_SIDE_STYLE('',(#15882));
#15882 = SURFACE_STYLE_FILL_AREA(#15883);
#15883 = FILL_AREA_STYLE('',(#15884));
#15884 = FILL_AREA_STYLE_COLOUR('',#15096);
#15885 = STYLED_ITEM('color',(#15886),#14054);
#15886 = PRESENTATION_STYLE_ASSIGNMENT((#15887));
#15887 = SURFACE_STYLE_USAGE(.BOTH.,#15888);
#15888 = SURFACE_SIDE_STYLE('',(#15889));
#15889 = SURFACE_STYLE_FILL_AREA(#15890);
#15890 = FILL_AREA_STYLE('',(#15891));
#15891 = FILL_AREA_STYLE_COLOUR('',#15096);
#15892 = STYLED_ITEM('color',(#15893),#14087);
#15893 = PRESENTATION_STYLE_ASSIGNMENT((#15894));
#15894 = SURFACE_STYLE_USAGE(.BOTH.,#15895);
#15895 = SURFACE_SIDE_STYLE('',(#15896));
#15896 = SURFACE_STYLE_FILL_AREA(#15897);
#15897 = FILL_AREA_STYLE('',(#15898));
#15898 = FILL_AREA_STYLE_COLOUR('',#15096);
#15899 = STYLED_ITEM('color',(#15900),#14107);
#15900 = PRESENTATION_STYLE_ASSIGNMENT((#15901));
#15901 = SURFACE_STYLE_USAGE(.BOTH.,#15902);
#15902 = SURFACE_SIDE_STYLE('',(#15903));
#15903 = SURFACE_STYLE_FILL_AREA(#15904);
#15904 = FILL_AREA_STYLE('',(#15905));
#15905 = FILL_AREA_STYLE_COLOUR('',#15096);
#15906 = STYLED_ITEM('color',(#15907),#14127);
#15907 = PRESENTATION_STYLE_ASSIGNMENT((#15908));
#15908 = SURFACE_STYLE_USAGE(.BOTH.,#15909);
#15909 = SURFACE_SIDE_STYLE('',(#15910));
#15910 = SURFACE_STYLE_FILL_AREA(#15911);
#15911 = FILL_AREA_STYLE('',(#15912));
#15912 = FILL_AREA_STYLE_COLOUR('',#15096);
#15913 = MECHANICAL_DESIGN_GEOMETRIC_PRESENTATION_REPRESENTATION('',(
    #15914,#15923,#15932,#15941,#15950,#15959,#15968,#15977,#15986,
    #15995),#11275);
#15914 = STYLED_ITEM('color',(#15915),#9755);
#15915 = PRESENTATION_STYLE_ASSIGNMENT((#15916,#15921));
#15916 = SURFACE_STYLE_USAGE(.BOTH.,#15917);
#15917 = SURFACE_SIDE_STYLE('',(#15918));
#15918 = SURFACE_STYLE_FILL_AREA(#15919);
#15919 = FILL_AREA_STYLE('',(#15920));
#15920 = FILL_AREA_STYLE_COLOUR('',#15004);
#15921 = CURVE_STYLE('',#15922,POSITIVE_LENGTH_MEASURE(0.1),#15004);
#15922 = DRAUGHTING_PRE_DEFINED_CURVE_FONT('continuous');
#15923 = STYLED_ITEM('color',(#15924),#9907);
#15924 = PRESENTATION_STYLE_ASSIGNMENT((#15925,#15930));
#15925 = SURFACE_STYLE_USAGE(.BOTH.,#15926);
#15926 = SURFACE_SIDE_STYLE('',(#15927));
#15927 = SURFACE_STYLE_FILL_AREA(#15928);
#15928 = FILL_AREA_STYLE('',(#15929));
#15929 = FILL_AREA_STYLE_COLOUR('',#15004);
#15930 = CURVE_STYLE('',#15931,POSITIVE_LENGTH_MEASURE(0.1),#15004);
#15931 = DRAUGHTING_PRE_DEFINED_CURVE_FONT('continuous');
#15932 = STYLED_ITEM('color',(#15933),#10059);
#15933 = PRESENTATION_STYLE_ASSIGNMENT((#15934,#15939));
#15934 = SURFACE_STYLE_USAGE(.BOTH.,#15935);
#15935 = SURFACE_SIDE_STYLE('',(#15936));
#15936 = SURFACE_STYLE_FILL_AREA(#15937);
#15937 = FILL_AREA_STYLE('',(#15938));
#15938 = FILL_AREA_STYLE_COLOUR('',#15004);
#15939 = CURVE_STYLE('',#15940,POSITIVE_LENGTH_MEASURE(0.1),#15004);
#15940 = DRAUGHTING_PRE_DEFINED_CURVE_FONT('continuous');
#15941 = STYLED_ITEM('color',(#15942),#10211);
#15942 = PRESENTATION_STYLE_ASSIGNMENT((#15943,#15948));
#15943 = SURFACE_STYLE_USAGE(.BOTH.,#15944);
#15944 = SURFACE_SIDE_STYLE('',(#15945));
#15945 = SURFACE_STYLE_FILL_AREA(#15946);
#15946 = FILL_AREA_STYLE('',(#15947));
#15947 = FILL_AREA_STYLE_COLOUR('',#15004);
#15948 = CURVE_STYLE('',#15949,POSITIVE_LENGTH_MEASURE(0.1),#15004);
#15949 = DRAUGHTING_PRE_DEFINED_CURVE_FONT('continuous');
#15950 = STYLED_ITEM('color',(#15951),#10363);
#15951 = PRESENTATION_STYLE_ASSIGNMENT((#15952,#15957));
#15952 = SURFACE_STYLE_USAGE(.BOTH.,#15953);
#15953 = SURFACE_SIDE_STYLE('',(#15954));
#15954 = SURFACE_STYLE_FILL_AREA(#15955);
#15955 = FILL_AREA_STYLE('',(#15956));
#15956 = FILL_AREA_STYLE_COLOUR('',#15004);
#15957 = CURVE_STYLE('',#15958,POSITIVE_LENGTH_MEASURE(0.1),#15004);
#15958 = DRAUGHTING_PRE_DEFINED_CURVE_FONT('continuous');
#15959 = STYLED_ITEM('color',(#15960),#10515);
#15960 = PRESENTATION_STYLE_ASSIGNMENT((#15961,#15966));
#15961 = SURFACE_STYLE_USAGE(.BOTH.,#15962);
#15962 = SURFACE_SIDE_STYLE('',(#15963));
#15963 = SURFACE_STYLE_FILL_AREA(#15964);
#15964 = FILL_AREA_STYLE('',(#15965));
#15965 = FILL_AREA_STYLE_COLOUR('',#15004);
#15966 = CURVE_STYLE('',#15967,POSITIVE_LENGTH_MEASURE(0.1),#15004);
#15967 = DRAUGHTING_PRE_DEFINED_CURVE_FONT('continuous');
#15968 = STYLED_ITEM('color',(#15969),#10667);
#15969 = PRESENTATION_STYLE_ASSIGNMENT((#15970,#15975));
#15970 = SURFACE_STYLE_USAGE(.BOTH.,#15971);
#15971 = SURFACE_SIDE_STYLE('',(#15972));
#15972 = SURFACE_STYLE_FILL_AREA(#15973);
#15973 = FILL_AREA_STYLE('',(#15974));
#15974 = FILL_AREA_STYLE_COLOUR('',#15004);
#15975 = CURVE_STYLE('',#15976,POSITIVE_LENGTH_MEASURE(0.1),#15004);
#15976 = DRAUGHTING_PRE_DEFINED_CURVE_FONT('continuous');
#15977 = STYLED_ITEM('color',(#15978),#10819);
#15978 = PRESENTATION_STYLE_ASSIGNMENT((#15979,#15984));
#15979 = SURFACE_STYLE_USAGE(.BOTH.,#15980);
#15980 = SURFACE_SIDE_STYLE('',(#15981));
#15981 = SURFACE_STYLE_FILL_AREA(#15982);
#15982 = FILL_AREA_STYLE('',(#15983));
#15983 = FILL_AREA_STYLE_COLOUR('',#15004);
#15984 = CURVE_STYLE('',#15985,POSITIVE_LENGTH_MEASURE(0.1),#15004);
#15985 = DRAUGHTING_PRE_DEFINED_CURVE_FONT('continuous');
#15986 = STYLED_ITEM('color',(#15987),#10971);
#15987 = PRESENTATION_STYLE_ASSIGNMENT((#15988,#15993));
#15988 = SURFACE_STYLE_USAGE(.BOTH.,#15989);
#15989 = SURFACE_SIDE_STYLE('',(#15990));
#15990 = SURFACE_STYLE_FILL_AREA(#15991);
#15991 = FILL_AREA_STYLE('',(#15992));
#15992 = FILL_AREA_STYLE_COLOUR('',#15004);
#15993 = CURVE_STYLE('',#15994,POSITIVE_LENGTH_MEASURE(0.1),#15004);
#15994 = DRAUGHTING_PRE_DEFINED_CURVE_FONT('continuous');
#15995 = STYLED_ITEM('color',(#15996),#11123);
#15996 = PRESENTATION_STYLE_ASSIGNMENT((#15997,#16002));
#15997 = SURFACE_STYLE_USAGE(.BOTH.,#15998);
#15998 = SURFACE_SIDE_STYLE('',(#15999));
#15999 = SURFACE_STYLE_FILL_AREA(#16000);
#16000 = FILL_AREA_STYLE('',(#16001));
#16001 = FILL_AREA_STYLE_COLOUR('',#15004);
#16002 = CURVE_STYLE('',#16003,POSITIVE_LENGTH_MEASURE(0.1),#15004);
#16003 = DRAUGHTING_PRE_DEFINED_CURVE_FONT('continuous');
#16004 = MECHANICAL_DESIGN_GEOMETRIC_PRESENTATION_REPRESENTATION('',(
    #16005),#8197);
#16005 = STYLED_ITEM('color',(#16006),#8047);
#16006 = PRESENTATION_STYLE_ASSIGNMENT((#16007,#16012));
#16007 = SURFACE_STYLE_USAGE(.BOTH.,#16008);
#16008 = SURFACE_SIDE_STYLE('',(#16009));
#16009 = SURFACE_STYLE_FILL_AREA(#16010);
#16010 = FILL_AREA_STYLE('',(#16011));
#16011 = FILL_AREA_STYLE_COLOUR('',#15004);
#16012 = CURVE_STYLE('',#16013,POSITIVE_LENGTH_MEASURE(0.1),#15004);
#16013 = DRAUGHTING_PRE_DEFINED_CURVE_FONT('continuous');
#16014 = MECHANICAL_DESIGN_GEOMETRIC_PRESENTATION_REPRESENTATION('',(
    #16015),#8028);
#16015 = STYLED_ITEM('color',(#16016),#7833);
#16016 = PRESENTATION_STYLE_ASSIGNMENT((#16017,#16023));
#16017 = SURFACE_STYLE_USAGE(.BOTH.,#16018);
#16018 = SURFACE_SIDE_STYLE('',(#16019));
#16019 = SURFACE_STYLE_FILL_AREA(#16020);
#16020 = FILL_AREA_STYLE('',(#16021));
#16021 = FILL_AREA_STYLE_COLOUR('',#16022);
#16022 = COLOUR_RGB('',0.300000011149,0.300000011149,0.300000011149);
#16023 = CURVE_STYLE('',#16024,POSITIVE_LENGTH_MEASURE(0.1),#16022);
#16024 = DRAUGHTING_PRE_DEFINED_CURVE_FONT('continuous');
#16025 = MECHANICAL_DESIGN_GEOMETRIC_PRESENTATION_REPRESENTATION('',(
    #16026),#6821);
#16026 = STYLED_ITEM('color',(#16027),#3523);
#16027 = PRESENTATION_STYLE_ASSIGNMENT((#16028));
#16028 = SURFACE_STYLE_USAGE(.BOTH.,#16029);
#16029 = SURFACE_SIDE_STYLE('',(#16030));
#16030 = SURFACE_STYLE_FILL_AREA(#16031);
#16031 = FILL_AREA_STYLE('',(#16032));
#16032 = FILL_AREA_STYLE_COLOUR('',#16033);
#16033 = COLOUR_RGB('',0.792156867455,0.819607826924,0.933333342953);
#16034 = MECHANICAL_DESIGN_GEOMETRIC_PRESENTATION_REPRESENTATION('',(
    #16035,#16042,#16049,#16056,#16063,#16070,#16077,#16084,#16091,
    #16098,#16105,#16113,#16120,#16127,#16134,#16141,#16148,#16155,
    #16162,#16169,#16176,#16183,#16190,#16197,#16204,#16211,#16218,
    #16225),#3504);
#16035 = STYLED_ITEM('color',(#16036),#2652);
#16036 = PRESENTATION_STYLE_ASSIGNMENT((#16037));
#16037 = SURFACE_STYLE_USAGE(.BOTH.,#16038);
#16038 = SURFACE_SIDE_STYLE('',(#16039));
#16039 = SURFACE_STYLE_FILL_AREA(#16040);
#16040 = FILL_AREA_STYLE('',(#16041));
#16041 = FILL_AREA_STYLE_COLOUR('',#15096);
#16042 = STYLED_ITEM('color',(#16043),#2728);
#16043 = PRESENTATION_STYLE_ASSIGNMENT((#16044));
#16044 = SURFACE_STYLE_USAGE(.BOTH.,#16045);
#16045 = SURFACE_SIDE_STYLE('',(#16046));
#16046 = SURFACE_STYLE_FILL_AREA(#16047);
#16047 = FILL_AREA_STYLE('',(#16048));
#16048 = FILL_AREA_STYLE_COLOUR('',#15096);
#16049 = STYLED_ITEM('color',(#16050),#2759);
#16050 = PRESENTATION_STYLE_ASSIGNMENT((#16051));
#16051 = SURFACE_STYLE_USAGE(.BOTH.,#16052);
#16052 = SURFACE_SIDE_STYLE('',(#16053));
#16053 = SURFACE_STYLE_FILL_AREA(#16054);
#16054 = FILL_AREA_STYLE('',(#16055));
#16055 = FILL_AREA_STYLE_COLOUR('',#15096);
#16056 = STYLED_ITEM('color',(#16057),#2784);
#16057 = PRESENTATION_STYLE_ASSIGNMENT((#16058));
#16058 = SURFACE_STYLE_USAGE(.BOTH.,#16059);
#16059 = SURFACE_SIDE_STYLE('',(#16060));
#16060 = SURFACE_STYLE_FILL_AREA(#16061);
#16061 = FILL_AREA_STYLE('',(#16062));
#16062 = FILL_AREA_STYLE_COLOUR('',#15096);
#16063 = STYLED_ITEM('color',(#16064),#2809);
#16064 = PRESENTATION_STYLE_ASSIGNMENT((#16065));
#16065 = SURFACE_STYLE_USAGE(.BOTH.,#16066);
#16066 = SURFACE_SIDE_STYLE('',(#16067));
#16067 = SURFACE_STYLE_FILL_AREA(#16068);
#16068 = FILL_AREA_STYLE('',(#16069));
#16069 = FILL_AREA_STYLE_COLOUR('',#15096);
#16070 = STYLED_ITEM('color',(#16071),#2833);
#16071 = PRESENTATION_STYLE_ASSIGNMENT((#16072));
#16072 = SURFACE_STYLE_USAGE(.BOTH.,#16073);
#16073 = SURFACE_SIDE_STYLE('',(#16074));
#16074 = SURFACE_STYLE_FILL_AREA(#16075);
#16075 = FILL_AREA_STYLE('',(#16076));
#16076 = FILL_AREA_STYLE_COLOUR('',#15096);
#16077 = STYLED_ITEM('color',(#16078),#2857);
#16078 = PRESENTATION_STYLE_ASSIGNMENT((#16079));
#16079 = SURFACE_STYLE_USAGE(.BOTH.,#16080);
#16080 = SURFACE_SIDE_STYLE('',(#16081));
#16081 = SURFACE_STYLE_FILL_AREA(#16082);
#16082 = FILL_AREA_STYLE('',(#16083));
#16083 = FILL_AREA_STYLE_COLOUR('',#15096);
#16084 = STYLED_ITEM('color',(#16085),#2882);
#16085 = PRESENTATION_STYLE_ASSIGNMENT((#16086));
#16086 = SURFACE_STYLE_USAGE(.BOTH.,#16087);
#16087 = SURFACE_SIDE_STYLE('',(#16088));
#16088 = SURFACE_STYLE_FILL_AREA(#16089);
#16089 = FILL_AREA_STYLE('',(#16090));
#16090 = FILL_AREA_STYLE_COLOUR('',#15096);
#16091 = STYLED_ITEM('color',(#16092),#2907);
#16092 = PRESENTATION_STYLE_ASSIGNMENT((#16093));
#16093 = SURFACE_STYLE_USAGE(.BOTH.,#16094);
#16094 = SURFACE_SIDE_STYLE('',(#16095));
#16095 = SURFACE_STYLE_FILL_AREA(#16096);
#16096 = FILL_AREA_STYLE('',(#16097));
#16097 = FILL_AREA_STYLE_COLOUR('',#15096);
#16098 = STYLED_ITEM('color',(#16099),#2924);
#16099 = PRESENTATION_STYLE_ASSIGNMENT((#16100));
#16100 = SURFACE_STYLE_USAGE(.BOTH.,#16101);
#16101 = SURFACE_SIDE_STYLE('',(#16102));
#16102 = SURFACE_STYLE_FILL_AREA(#16103);
#16103 = FILL_AREA_STYLE('',(#16104));
#16104 = FILL_AREA_STYLE_COLOUR('',#15096);
#16105 = STYLED_ITEM('color',(#16106),#3010);
#16106 = PRESENTATION_STYLE_ASSIGNMENT((#16107));
#16107 = SURFACE_STYLE_USAGE(.BOTH.,#16108);
#16108 = SURFACE_SIDE_STYLE('',(#16109));
#16109 = SURFACE_STYLE_FILL_AREA(#16110);
#16110 = FILL_AREA_STYLE('',(#16111));
#16111 = FILL_AREA_STYLE_COLOUR('',#16112);
#16112 = COLOUR_RGB('',0.379000005575,0.270000008848,0.214999999939);
#16113 = STYLED_ITEM('color',(#16114),#3042);
#16114 = PRESENTATION_STYLE_ASSIGNMENT((#16115));
#16115 = SURFACE_STYLE_USAGE(.BOTH.,#16116);
#16116 = SURFACE_SIDE_STYLE('',(#16117));
#16117 = SURFACE_STYLE_FILL_AREA(#16118);
#16118 = FILL_AREA_STYLE('',(#16119));
#16119 = FILL_AREA_STYLE_COLOUR('',#16112);
#16120 = STYLED_ITEM('color',(#16121),#3066);
#16121 = PRESENTATION_STYLE_ASSIGNMENT((#16122));
#16122 = SURFACE_STYLE_USAGE(.BOTH.,#16123);
#16123 = SURFACE_SIDE_STYLE('',(#16124));
#16124 = SURFACE_STYLE_FILL_AREA(#16125);
#16125 = FILL_AREA_STYLE('',(#16126));
#16126 = FILL_AREA_STYLE_COLOUR('',#16112);
#16127 = STYLED_ITEM('color',(#16128),#3091);
#16128 = PRESENTATION_STYLE_ASSIGNMENT((#16129));
#16129 = SURFACE_STYLE_USAGE(.BOTH.,#16130);
#16130 = SURFACE_SIDE_STYLE('',(#16131));
#16131 = SURFACE_STYLE_FILL_AREA(#16132);
#16132 = FILL_AREA_STYLE('',(#16133));
#16133 = FILL_AREA_STYLE_COLOUR('',#16112);
#16134 = STYLED_ITEM('color',(#16135),#3115);
#16135 = PRESENTATION_STYLE_ASSIGNMENT((#16136));
#16136 = SURFACE_STYLE_USAGE(.BOTH.,#16137);
#16137 = SURFACE_SIDE_STYLE('',(#16138));
#16138 = SURFACE_STYLE_FILL_AREA(#16139);
#16139 = FILL_AREA_STYLE('',(#16140));
#16140 = FILL_AREA_STYLE_COLOUR('',#16112);
#16141 = STYLED_ITEM('color',(#16142),#3140);
#16142 = PRESENTATION_STYLE_ASSIGNMENT((#16143));
#16143 = SURFACE_STYLE_USAGE(.BOTH.,#16144);
#16144 = SURFACE_SIDE_STYLE('',(#16145));
#16145 = SURFACE_STYLE_FILL_AREA(#16146);
#16146 = FILL_AREA_STYLE('',(#16147));
#16147 = FILL_AREA_STYLE_COLOUR('',#16112);
#16148 = STYLED_ITEM('color',(#16149),#3164);
#16149 = PRESENTATION_STYLE_ASSIGNMENT((#16150));
#16150 = SURFACE_STYLE_USAGE(.BOTH.,#16151);
#16151 = SURFACE_SIDE_STYLE('',(#16152));
#16152 = SURFACE_STYLE_FILL_AREA(#16153);
#16153 = FILL_AREA_STYLE('',(#16154));
#16154 = FILL_AREA_STYLE_COLOUR('',#16112);
#16155 = STYLED_ITEM('color',(#16156),#3189);
#16156 = PRESENTATION_STYLE_ASSIGNMENT((#16157));
#16157 = SURFACE_STYLE_USAGE(.BOTH.,#16158);
#16158 = SURFACE_SIDE_STYLE('',(#16159));
#16159 = SURFACE_STYLE_FILL_AREA(#16160);
#16160 = FILL_AREA_STYLE('',(#16161));
#16161 = FILL_AREA_STYLE_COLOUR('',#16112);
#16162 = STYLED_ITEM('color',(#16163),#3206);
#16163 = PRESENTATION_STYLE_ASSIGNMENT((#16164));
#16164 = SURFACE_STYLE_USAGE(.BOTH.,#16165);
#16165 = SURFACE_SIDE_STYLE('',(#16166));
#16166 = SURFACE_STYLE_FILL_AREA(#16167);
#16167 = FILL_AREA_STYLE('',(#16168));
#16168 = FILL_AREA_STYLE_COLOUR('',#15096);
#16169 = STYLED_ITEM('color',(#16170),#3292);
#16170 = PRESENTATION_STYLE_ASSIGNMENT((#16171));
#16171 = SURFACE_STYLE_USAGE(.BOTH.,#16172);
#16172 = SURFACE_SIDE_STYLE('',(#16173));
#16173 = SURFACE_STYLE_FILL_AREA(#16174);
#16174 = FILL_AREA_STYLE('',(#16175));
#16175 = FILL_AREA_STYLE_COLOUR('',#15096);
#16176 = STYLED_ITEM('color',(#16177),#3323);
#16177 = PRESENTATION_STYLE_ASSIGNMENT((#16178));
#16178 = SURFACE_STYLE_USAGE(.BOTH.,#16179);
#16179 = SURFACE_SIDE_STYLE('',(#16180));
#16180 = SURFACE_STYLE_FILL_AREA(#16181);
#16181 = FILL_AREA_STYLE('',(#16182));
#16182 = FILL_AREA_STYLE_COLOUR('',#15096);
#16183 = STYLED_ITEM('color',(#16184),#3348);
#16184 = PRESENTATION_STYLE_ASSIGNMENT((#16185));
#16185 = SURFACE_STYLE_USAGE(.BOTH.,#16186);
#16186 = SURFACE_SIDE_STYLE('',(#16187));
#16187 = SURFACE_STYLE_FILL_AREA(#16188);
#16188 = FILL_AREA_STYLE('',(#16189));
#16189 = FILL_AREA_STYLE_COLOUR('',#15096);
#16190 = STYLED_ITEM('color',(#16191),#3373);
#16191 = PRESENTATION_STYLE_ASSIGNMENT((#16192));
#16192 = SURFACE_STYLE_USAGE(.BOTH.,#16193);
#16193 = SURFACE_SIDE_STYLE('',(#16194));
#16194 = SURFACE_STYLE_FILL_AREA(#16195);
#16195 = FILL_AREA_STYLE('',(#16196));
#16196 = FILL_AREA_STYLE_COLOUR('',#15096);
#16197 = STYLED_ITEM('color',(#16198),#3397);
#16198 = PRESENTATION_STYLE_ASSIGNMENT((#16199));
#16199 = SURFACE_STYLE_USAGE(.BOTH.,#16200);
#16200 = SURFACE_SIDE_STYLE('',(#16201));
#16201 = SURFACE_STYLE_FILL_AREA(#16202);
#16202 = FILL_AREA_STYLE('',(#16203));
#16203 = FILL_AREA_STYLE_COLOUR('',#15096);
#16204 = STYLED_ITEM('color',(#16205),#3421);
#16205 = PRESENTATION_STYLE_ASSIGNMENT((#16206));
#16206 = SURFACE_STYLE_USAGE(.BOTH.,#16207);
#16207 = SURFACE_SIDE_STYLE('',(#16208));
#16208 = SURFACE_STYLE_FILL_AREA(#16209);
#16209 = FILL_AREA_STYLE('',(#16210));
#16210 = FILL_AREA_STYLE_COLOUR('',#15096);
#16211 = STYLED_ITEM('color',(#16212),#3446);
#16212 = PRESENTATION_STYLE_ASSIGNMENT((#16213));
#16213 = SURFACE_STYLE_USAGE(.BOTH.,#16214);
#16214 = SURFACE_SIDE_STYLE('',(#16215));
#16215 = SURFACE_STYLE_FILL_AREA(#16216);
#16216 = FILL_AREA_STYLE('',(#16217));
#16217 = FILL_AREA_STYLE_COLOUR('',#15096);
#16218 = STYLED_ITEM('color',(#16219),#3471);
#16219 = PRESENTATION_STYLE_ASSIGNMENT((#16220));
#16220 = SURFACE_STYLE_USAGE(.BOTH.,#16221);
#16221 = SURFACE_SIDE_STYLE('',(#16222));
#16222 = SURFACE_STYLE_FILL_AREA(#16223);
#16223 = FILL_AREA_STYLE('',(#16224));
#16224 = FILL_AREA_STYLE_COLOUR('',#15096);
#16225 = STYLED_ITEM('color',(#16226),#3488);
#16226 = PRESENTATION_STYLE_ASSIGNMENT((#16227));
#16227 = SURFACE_STYLE_USAGE(.BOTH.,#16228);
#16228 = SURFACE_SIDE_STYLE('',(#16229));
#16229 = SURFACE_STYLE_FILL_AREA(#16230);
#16230 = FILL_AREA_STYLE('',(#16231));
#16231 = FILL_AREA_STYLE_COLOUR('',#15096);
#16232 = MECHANICAL_DESIGN_GEOMETRIC_PRESENTATION_REPRESENTATION('',(
    #16233,#16240,#16247,#16254,#16261,#16268,#16275,#16282,#16289,
    #16296,#16303,#16311,#16318,#16325,#16332,#16339,#16346,#16353,
    #16360,#16367,#16374,#16381,#16388,#16395,#16402,#16409,#16416,
    #16423),#1007);
#16233 = STYLED_ITEM('color',(#16234),#155);
#16234 = PRESENTATION_STYLE_ASSIGNMENT((#16235));
#16235 = SURFACE_STYLE_USAGE(.BOTH.,#16236);
#16236 = SURFACE_SIDE_STYLE('',(#16237));
#16237 = SURFACE_STYLE_FILL_AREA(#16238);
#16238 = FILL_AREA_STYLE('',(#16239));
#16239 = FILL_AREA_STYLE_COLOUR('',#15096);
#16240 = STYLED_ITEM('color',(#16241),#231);
#16241 = PRESENTATION_STYLE_ASSIGNMENT((#16242));
#16242 = SURFACE_STYLE_USAGE(.BOTH.,#16243);
#16243 = SURFACE_SIDE_STYLE('',(#16244));
#16244 = SURFACE_STYLE_FILL_AREA(#16245);
#16245 = FILL_AREA_STYLE('',(#16246));
#16246 = FILL_AREA_STYLE_COLOUR('',#15096);
#16247 = STYLED_ITEM('color',(#16248),#262);
#16248 = PRESENTATION_STYLE_ASSIGNMENT((#16249));
#16249 = SURFACE_STYLE_USAGE(.BOTH.,#16250);
#16250 = SURFACE_SIDE_STYLE('',(#16251));
#16251 = SURFACE_STYLE_FILL_AREA(#16252);
#16252 = FILL_AREA_STYLE('',(#16253));
#16253 = FILL_AREA_STYLE_COLOUR('',#15096);
#16254 = STYLED_ITEM('color',(#16255),#287);
#16255 = PRESENTATION_STYLE_ASSIGNMENT((#16256));
#16256 = SURFACE_STYLE_USAGE(.BOTH.,#16257);
#16257 = SURFACE_SIDE_STYLE('',(#16258));
#16258 = SURFACE_STYLE_FILL_AREA(#16259);
#16259 = FILL_AREA_STYLE('',(#16260));
#16260 = FILL_AREA_STYLE_COLOUR('',#15096);
#16261 = STYLED_ITEM('color',(#16262),#312);
#16262 = PRESENTATION_STYLE_ASSIGNMENT((#16263));
#16263 = SURFACE_STYLE_USAGE(.BOTH.,#16264);
#16264 = SURFACE_SIDE_STYLE('',(#16265));
#16265 = SURFACE_STYLE_FILL_AREA(#16266);
#16266 = FILL_AREA_STYLE('',(#16267));
#16267 = FILL_AREA_STYLE_COLOUR('',#15096);
#16268 = STYLED_ITEM('color',(#16269),#336);
#16269 = PRESENTATION_STYLE_ASSIGNMENT((#16270));
#16270 = SURFACE_STYLE_USAGE(.BOTH.,#16271);
#16271 = SURFACE_SIDE_STYLE('',(#16272));
#16272 = SURFACE_STYLE_FILL_AREA(#16273);
#16273 = FILL_AREA_STYLE('',(#16274));
#16274 = FILL_AREA_STYLE_COLOUR('',#15096);
#16275 = STYLED_ITEM('color',(#16276),#360);
#16276 = PRESENTATION_STYLE_ASSIGNMENT((#16277));
#16277 = SURFACE_STYLE_USAGE(.BOTH.,#16278);
#16278 = SURFACE_SIDE_STYLE('',(#16279));
#16279 = SURFACE_STYLE_FILL_AREA(#16280);
#16280 = FILL_AREA_STYLE('',(#16281));
#16281 = FILL_AREA_STYLE_COLOUR('',#15096);
#16282 = STYLED_ITEM('color',(#16283),#385);
#16283 = PRESENTATION_STYLE_ASSIGNMENT((#16284));
#16284 = SURFACE_STYLE_USAGE(.BOTH.,#16285);
#16285 = SURFACE_SIDE_STYLE('',(#16286));
#16286 = SURFACE_STYLE_FILL_AREA(#16287);
#16287 = FILL_AREA_STYLE('',(#16288));
#16288 = FILL_AREA_STYLE_COLOUR('',#15096);
#16289 = STYLED_ITEM('color',(#16290),#410);
#16290 = PRESENTATION_STYLE_ASSIGNMENT((#16291));
#16291 = SURFACE_STYLE_USAGE(.BOTH.,#16292);
#16292 = SURFACE_SIDE_STYLE('',(#16293));
#16293 = SURFACE_STYLE_FILL_AREA(#16294);
#16294 = FILL_AREA_STYLE('',(#16295));
#16295 = FILL_AREA_STYLE_COLOUR('',#15096);
#16296 = STYLED_ITEM('color',(#16297),#427);
#16297 = PRESENTATION_STYLE_ASSIGNMENT((#16298));
#16298 = SURFACE_STYLE_USAGE(.BOTH.,#16299);
#16299 = SURFACE_SIDE_STYLE('',(#16300));
#16300 = SURFACE_STYLE_FILL_AREA(#16301);
#16301 = FILL_AREA_STYLE('',(#16302));
#16302 = FILL_AREA_STYLE_COLOUR('',#15096);
#16303 = STYLED_ITEM('color',(#16304),#513);
#16304 = PRESENTATION_STYLE_ASSIGNMENT((#16305));
#16305 = SURFACE_STYLE_USAGE(.BOTH.,#16306);
#16306 = SURFACE_SIDE_STYLE('',(#16307));
#16307 = SURFACE_STYLE_FILL_AREA(#16308);
#16308 = FILL_AREA_STYLE('',(#16309));
#16309 = FILL_AREA_STYLE_COLOUR('',#16310);
#16310 = COLOUR_RGB('',0.272999999305,0.272999999305,0.272999999305);
#16311 = STYLED_ITEM('color',(#16312),#545);
#16312 = PRESENTATION_STYLE_ASSIGNMENT((#16313));
#16313 = SURFACE_STYLE_USAGE(.BOTH.,#16314);
#16314 = SURFACE_SIDE_STYLE('',(#16315));
#16315 = SURFACE_STYLE_FILL_AREA(#16316);
#16316 = FILL_AREA_STYLE('',(#16317));
#16317 = FILL_AREA_STYLE_COLOUR('',#16310);
#16318 = STYLED_ITEM('color',(#16319),#569);
#16319 = PRESENTATION_STYLE_ASSIGNMENT((#16320));
#16320 = SURFACE_STYLE_USAGE(.BOTH.,#16321);
#16321 = SURFACE_SIDE_STYLE('',(#16322));
#16322 = SURFACE_STYLE_FILL_AREA(#16323);
#16323 = FILL_AREA_STYLE('',(#16324));
#16324 = FILL_AREA_STYLE_COLOUR('',#16310);
#16325 = STYLED_ITEM('color',(#16326),#594);
#16326 = PRESENTATION_STYLE_ASSIGNMENT((#16327));
#16327 = SURFACE_STYLE_USAGE(.BOTH.,#16328);
#16328 = SURFACE_SIDE_STYLE('',(#16329));
#16329 = SURFACE_STYLE_FILL_AREA(#16330);
#16330 = FILL_AREA_STYLE('',(#16331));
#16331 = FILL_AREA_STYLE_COLOUR('',#16310);
#16332 = STYLED_ITEM('color',(#16333),#618);
#16333 = PRESENTATION_STYLE_ASSIGNMENT((#16334));
#16334 = SURFACE_STYLE_USAGE(.BOTH.,#16335);
#16335 = SURFACE_SIDE_STYLE('',(#16336));
#16336 = SURFACE_STYLE_FILL_AREA(#16337);
#16337 = FILL_AREA_STYLE('',(#16338));
#16338 = FILL_AREA_STYLE_COLOUR('',#16310);
#16339 = STYLED_ITEM('color',(#16340),#643);
#16340 = PRESENTATION_STYLE_ASSIGNMENT((#16341));
#16341 = SURFACE_STYLE_USAGE(.BOTH.,#16342);
#16342 = SURFACE_SIDE_STYLE('',(#16343));
#16343 = SURFACE_STYLE_FILL_AREA(#16344);
#16344 = FILL_AREA_STYLE('',(#16345));
#16345 = FILL_AREA_STYLE_COLOUR('',#16310);
#16346 = STYLED_ITEM('color',(#16347),#667);
#16347 = PRESENTATION_STYLE_ASSIGNMENT((#16348));
#16348 = SURFACE_STYLE_USAGE(.BOTH.,#16349);
#16349 = SURFACE_SIDE_STYLE('',(#16350));
#16350 = SURFACE_STYLE_FILL_AREA(#16351);
#16351 = FILL_AREA_STYLE('',(#16352));
#16352 = FILL_AREA_STYLE_COLOUR('',#16310);
#16353 = STYLED_ITEM('color',(#16354),#692);
#16354 = PRESENTATION_STYLE_ASSIGNMENT((#16355));
#16355 = SURFACE_STYLE_USAGE(.BOTH.,#16356);
#16356 = SURFACE_SIDE_STYLE('',(#16357));
#16357 = SURFACE_STYLE_FILL_AREA(#16358);
#16358 = FILL_AREA_STYLE('',(#16359));
#16359 = FILL_AREA_STYLE_COLOUR('',#16310);
#16360 = STYLED_ITEM('color',(#16361),#709);
#16361 = PRESENTATION_STYLE_ASSIGNMENT((#16362));
#16362 = SURFACE_STYLE_USAGE(.BOTH.,#16363);
#16363 = SURFACE_SIDE_STYLE('',(#16364));
#16364 = SURFACE_STYLE_FILL_AREA(#16365);
#16365 = FILL_AREA_STYLE('',(#16366));
#16366 = FILL_AREA_STYLE_COLOUR('',#15096);
#16367 = STYLED_ITEM('color',(#16368),#795);
#16368 = PRESENTATION_STYLE_ASSIGNMENT((#16369));
#16369 = SURFACE_STYLE_USAGE(.BOTH.,#16370);
#16370 = SURFACE_SIDE_STYLE('',(#16371));
#16371 = SURFACE_STYLE_FILL_AREA(#16372);
#16372 = FILL_AREA_STYLE('',(#16373));
#16373 = FILL_AREA_STYLE_COLOUR('',#15096);
#16374 = STYLED_ITEM('color',(#16375),#826);
#16375 = PRESENTATION_STYLE_ASSIGNMENT((#16376));
#16376 = SURFACE_STYLE_USAGE(.BOTH.,#16377);
#16377 = SURFACE_SIDE_STYLE('',(#16378));
#16378 = SURFACE_STYLE_FILL_AREA(#16379);
#16379 = FILL_AREA_STYLE('',(#16380));
#16380 = FILL_AREA_STYLE_COLOUR('',#15096);
#16381 = STYLED_ITEM('color',(#16382),#851);
#16382 = PRESENTATION_STYLE_ASSIGNMENT((#16383));
#16383 = SURFACE_STYLE_USAGE(.BOTH.,#16384);
#16384 = SURFACE_SIDE_STYLE('',(#16385));
#16385 = SURFACE_STYLE_FILL_AREA(#16386);
#16386 = FILL_AREA_STYLE('',(#16387));
#16387 = FILL_AREA_STYLE_COLOUR('',#15096);
#16388 = STYLED_ITEM('color',(#16389),#876);
#16389 = PRESENTATION_STYLE_ASSIGNMENT((#16390));
#16390 = SURFACE_STYLE_USAGE(.BOTH.,#16391);
#16391 = SURFACE_SIDE_STYLE('',(#16392));
#16392 = SURFACE_STYLE_FILL_AREA(#16393);
#16393 = FILL_AREA_STYLE('',(#16394));
#16394 = FILL_AREA_STYLE_COLOUR('',#15096);
#16395 = STYLED_ITEM('color',(#16396),#900);
#16396 = PRESENTATION_STYLE_ASSIGNMENT((#16397));
#16397 = SURFACE_STYLE_USAGE(.BOTH.,#16398);
#16398 = SURFACE_SIDE_STYLE('',(#16399));
#16399 = SURFACE_STYLE_FILL_AREA(#16400);
#16400 = FILL_AREA_STYLE('',(#16401));
#16401 = FILL_AREA_STYLE_COLOUR('',#15096);
#16402 = STYLED_ITEM('color',(#16403),#924);
#16403 = PRESENTATION_STYLE_ASSIGNMENT((#16404));
#16404 = SURFACE_STYLE_USAGE(.BOTH.,#16405);
#16405 = SURFACE_SIDE_STYLE('',(#16406));
#16406 = SURFACE_STYLE_FILL_AREA(#16407);
#16407 = FILL_AREA_STYLE('',(#16408));
#16408 = FILL_AREA_STYLE_COLOUR('',#15096);
#16409 = STYLED_ITEM('color',(#16410),#949);
#16410 = PRESENTATION_STYLE_ASSIGNMENT((#16411));
#16411 = SURFACE_STYLE_USAGE(.BOTH.,#16412);
#16412 = SURFACE_SIDE_STYLE('',(#16413));
#16413 = SURFACE_STYLE_FILL_AREA(#16414);
#16414 = FILL_AREA_STYLE('',(#16415));
#16415 = FILL_AREA_STYLE_COLOUR('',#15096);
#16416 = STYLED_ITEM('color',(#16417),#974);
#16417 = PRESENTATION_STYLE_ASSIGNMENT((#16418));
#16418 = SURFACE_STYLE_USAGE(.BOTH.,#16419);
#16419 = SURFACE_SIDE_STYLE('',(#16420));
#16420 = SURFACE_STYLE_FILL_AREA(#16421);
#16421 = FILL_AREA_STYLE('',(#16422));
#16422 = FILL_AREA_STYLE_COLOUR('',#15096);
#16423 = STYLED_ITEM('color',(#16424),#991);
#16424 = PRESENTATION_STYLE_ASSIGNMENT((#16425));
#16425 = SURFACE_STYLE_USAGE(.BOTH.,#16426);
#16426 = SURFACE_SIDE_STYLE('',(#16427));
#16427 = SURFACE_STYLE_FILL_AREA(#16428);
#16428 = FILL_AREA_STYLE('',(#16429));
#16429 = FILL_AREA_STYLE_COLOUR('',#15096);
#16430 = MECHANICAL_DESIGN_GEOMETRIC_PRESENTATION_REPRESENTATION('',(
    #16431),#2012);
#16431 = STYLED_ITEM('color',(#16432),#1862);
#16432 = PRESENTATION_STYLE_ASSIGNMENT((#16433,#16438));
#16433 = SURFACE_STYLE_USAGE(.BOTH.,#16434);
#16434 = SURFACE_SIDE_STYLE('',(#16435));
#16435 = SURFACE_STYLE_FILL_AREA(#16436);
#16436 = FILL_AREA_STYLE('',(#16437));
#16437 = FILL_AREA_STYLE_COLOUR('',#16022);
#16438 = CURVE_STYLE('',#16439,POSITIVE_LENGTH_MEASURE(0.1),#16022);
#16439 = DRAUGHTING_PRE_DEFINED_CURVE_FONT('continuous');
#16440 = MECHANICAL_DESIGN_GEOMETRIC_PRESENTATION_REPRESENTATION('',(
    #16441,#16448,#16455,#16462,#16469,#16476,#16483,#16490,#16497,
    #16504,#16511,#16518,#16525,#16532,#16539,#16546,#16553,#16560,
    #16567,#16574,#16581,#16588,#16595,#16602,#16609,#16616,#16623,
    #16630),#7779);
#16441 = STYLED_ITEM('color',(#16442),#6927);
#16442 = PRESENTATION_STYLE_ASSIGNMENT((#16443));
#16443 = SURFACE_STYLE_USAGE(.BOTH.,#16444);
#16444 = SURFACE_SIDE_STYLE('',(#16445));
#16445 = SURFACE_STYLE_FILL_AREA(#16446);
#16446 = FILL_AREA_STYLE('',(#16447));
#16447 = FILL_AREA_STYLE_COLOUR('',#15096);
#16448 = STYLED_ITEM('color',(#16449),#7003);
#16449 = PRESENTATION_STYLE_ASSIGNMENT((#16450));
#16450 = SURFACE_STYLE_USAGE(.BOTH.,#16451);
#16451 = SURFACE_SIDE_STYLE('',(#16452));
#16452 = SURFACE_STYLE_FILL_AREA(#16453);
#16453 = FILL_AREA_STYLE('',(#16454));
#16454 = FILL_AREA_STYLE_COLOUR('',#15096);
#16455 = STYLED_ITEM('color',(#16456),#7034);
#16456 = PRESENTATION_STYLE_ASSIGNMENT((#16457));
#16457 = SURFACE_STYLE_USAGE(.BOTH.,#16458);
#16458 = SURFACE_SIDE_STYLE('',(#16459));
#16459 = SURFACE_STYLE_FILL_AREA(#16460);
#16460 = FILL_AREA_STYLE('',(#16461));
#16461 = FILL_AREA_STYLE_COLOUR('',#15096);
#16462 = STYLED_ITEM('color',(#16463),#7059);
#16463 = PRESENTATION_STYLE_ASSIGNMENT((#16464));
#16464 = SURFACE_STYLE_USAGE(.BOTH.,#16465);
#16465 = SURFACE_SIDE_STYLE('',(#16466));
#16466 = SURFACE_STYLE_FILL_AREA(#16467);
#16467 = FILL_AREA_STYLE('',(#16468));
#16468 = FILL_AREA_STYLE_COLOUR('',#15096);
#16469 = STYLED_ITEM('color',(#16470),#7084);
#16470 = PRESENTATION_STYLE_ASSIGNMENT((#16471));
#16471 = SURFACE_STYLE_USAGE(.BOTH.,#16472);
#16472 = SURFACE_SIDE_STYLE('',(#16473));
#16473 = SURFACE_STYLE_FILL_AREA(#16474);
#16474 = FILL_AREA_STYLE('',(#16475));
#16475 = FILL_AREA_STYLE_COLOUR('',#15096);
#16476 = STYLED_ITEM('color',(#16477),#7108);
#16477 = PRESENTATION_STYLE_ASSIGNMENT((#16478));
#16478 = SURFACE_STYLE_USAGE(.BOTH.,#16479);
#16479 = SURFACE_SIDE_STYLE('',(#16480));
#16480 = SURFACE_STYLE_FILL_AREA(#16481);
#16481 = FILL_AREA_STYLE('',(#16482));
#16482 = FILL_AREA_STYLE_COLOUR('',#15096);
#16483 = STYLED_ITEM('color',(#16484),#7132);
#16484 = PRESENTATION_STYLE_ASSIGNMENT((#16485));
#16485 = SURFACE_STYLE_USAGE(.BOTH.,#16486);
#16486 = SURFACE_SIDE_STYLE('',(#16487));
#16487 = SURFACE_STYLE_FILL_AREA(#16488);
#16488 = FILL_AREA_STYLE('',(#16489));
#16489 = FILL_AREA_STYLE_COLOUR('',#15096);
#16490 = STYLED_ITEM('color',(#16491),#7157);
#16491 = PRESENTATION_STYLE_ASSIGNMENT((#16492));
#16492 = SURFACE_STYLE_USAGE(.BOTH.,#16493);
#16493 = SURFACE_SIDE_STYLE('',(#16494));
#16494 = SURFACE_STYLE_FILL_AREA(#16495);
#16495 = FILL_AREA_STYLE('',(#16496));
#16496 = FILL_AREA_STYLE_COLOUR('',#15096);
#16497 = STYLED_ITEM('color',(#16498),#7182);
#16498 = PRESENTATION_STYLE_ASSIGNMENT((#16499));
#16499 = SURFACE_STYLE_USAGE(.BOTH.,#16500);
#16500 = SURFACE_SIDE_STYLE('',(#16501));
#16501 = SURFACE_STYLE_FILL_AREA(#16502);
#16502 = FILL_AREA_STYLE('',(#16503));
#16503 = FILL_AREA_STYLE_COLOUR('',#15096);
#16504 = STYLED_ITEM('color',(#16505),#7199);
#16505 = PRESENTATION_STYLE_ASSIGNMENT((#16506));
#16506 = SURFACE_STYLE_USAGE(.BOTH.,#16507);
#16507 = SURFACE_SIDE_STYLE('',(#16508));
#16508 = SURFACE_STYLE_FILL_AREA(#16509);
#16509 = FILL_AREA_STYLE('',(#16510));
#16510 = FILL_AREA_STYLE_COLOUR('',#15096);
#16511 = STYLED_ITEM('color',(#16512),#7285);
#16512 = PRESENTATION_STYLE_ASSIGNMENT((#16513));
#16513 = SURFACE_STYLE_USAGE(.BOTH.,#16514);
#16514 = SURFACE_SIDE_STYLE('',(#16515));
#16515 = SURFACE_STYLE_FILL_AREA(#16516);
#16516 = FILL_AREA_STYLE('',(#16517));
#16517 = FILL_AREA_STYLE_COLOUR('',#16112);
#16518 = STYLED_ITEM('color',(#16519),#7317);
#16519 = PRESENTATION_STYLE_ASSIGNMENT((#16520));
#16520 = SURFACE_STYLE_USAGE(.BOTH.,#16521);
#16521 = SURFACE_SIDE_STYLE('',(#16522));
#16522 = SURFACE_STYLE_FILL_AREA(#16523);
#16523 = FILL_AREA_STYLE('',(#16524));
#16524 = FILL_AREA_STYLE_COLOUR('',#16112);
#16525 = STYLED_ITEM('color',(#16526),#7341);
#16526 = PRESENTATION_STYLE_ASSIGNMENT((#16527));
#16527 = SURFACE_STYLE_USAGE(.BOTH.,#16528);
#16528 = SURFACE_SIDE_STYLE('',(#16529));
#16529 = SURFACE_STYLE_FILL_AREA(#16530);
#16530 = FILL_AREA_STYLE('',(#16531));
#16531 = FILL_AREA_STYLE_COLOUR('',#16112);
#16532 = STYLED_ITEM('color',(#16533),#7366);
#16533 = PRESENTATION_STYLE_ASSIGNMENT((#16534));
#16534 = SURFACE_STYLE_USAGE(.BOTH.,#16535);
#16535 = SURFACE_SIDE_STYLE('',(#16536));
#16536 = SURFACE_STYLE_FILL_AREA(#16537);
#16537 = FILL_AREA_STYLE('',(#16538));
#16538 = FILL_AREA_STYLE_COLOUR('',#16112);
#16539 = STYLED_ITEM('color',(#16540),#7390);
#16540 = PRESENTATION_STYLE_ASSIGNMENT((#16541));
#16541 = SURFACE_STYLE_USAGE(.BOTH.,#16542);
#16542 = SURFACE_SIDE_STYLE('',(#16543));
#16543 = SURFACE_STYLE_FILL_AREA(#16544);
#16544 = FILL_AREA_STYLE('',(#16545));
#16545 = FILL_AREA_STYLE_COLOUR('',#16112);
#16546 = STYLED_ITEM('color',(#16547),#7415);
#16547 = PRESENTATION_STYLE_ASSIGNMENT((#16548));
#16548 = SURFACE_STYLE_USAGE(.BOTH.,#16549);
#16549 = SURFACE_SIDE_STYLE('',(#16550));
#16550 = SURFACE_STYLE_FILL_AREA(#16551);
#16551 = FILL_AREA_STYLE('',(#16552));
#16552 = FILL_AREA_STYLE_COLOUR('',#16112);
#16553 = STYLED_ITEM('color',(#16554),#7439);
#16554 = PRESENTATION_STYLE_ASSIGNMENT((#16555));
#16555 = SURFACE_STYLE_USAGE(.BOTH.,#16556);
#16556 = SURFACE_SIDE_STYLE('',(#16557));
#16557 = SURFACE_STYLE_FILL_AREA(#16558);
#16558 = FILL_AREA_STYLE('',(#16559));
#16559 = FILL_AREA_STYLE_COLOUR('',#16112);
#16560 = STYLED_ITEM('color',(#16561),#7464);
#16561 = PRESENTATION_STYLE_ASSIGNMENT((#16562));
#16562 = SURFACE_STYLE_USAGE(.BOTH.,#16563);
#16563 = SURFACE_SIDE_STYLE('',(#16564));
#16564 = SURFACE_STYLE_FILL_AREA(#16565);
#16565 = FILL_AREA_STYLE('',(#16566));
#16566 = FILL_AREA_STYLE_COLOUR('',#16112);
#16567 = STYLED_ITEM('color',(#16568),#7481);
#16568 = PRESENTATION_STYLE_ASSIGNMENT((#16569));
#16569 = SURFACE_STYLE_USAGE(.BOTH.,#16570);
#16570 = SURFACE_SIDE_STYLE('',(#16571));
#16571 = SURFACE_STYLE_FILL_AREA(#16572);
#16572 = FILL_AREA_STYLE('',(#16573));
#16573 = FILL_AREA_STYLE_COLOUR('',#15096);
#16574 = STYLED_ITEM('color',(#16575),#7567);
#16575 = PRESENTATION_STYLE_ASSIGNMENT((#16576));
#16576 = SURFACE_STYLE_USAGE(.BOTH.,#16577);
#16577 = SURFACE_SIDE_STYLE('',(#16578));
#16578 = SURFACE_STYLE_FILL_AREA(#16579);
#16579 = FILL_AREA_STYLE('',(#16580));
#16580 = FILL_AREA_STYLE_COLOUR('',#15096);
#16581 = STYLED_ITEM('color',(#16582),#7598);
#16582 = PRESENTATION_STYLE_ASSIGNMENT((#16583));
#16583 = SURFACE_STYLE_USAGE(.BOTH.,#16584);
#16584 = SURFACE_SIDE_STYLE('',(#16585));
#16585 = SURFACE_STYLE_FILL_AREA(#16586);
#16586 = FILL_AREA_STYLE('',(#16587));
#16587 = FILL_AREA_STYLE_COLOUR('',#15096);
#16588 = STYLED_ITEM('color',(#16589),#7623);
#16589 = PRESENTATION_STYLE_ASSIGNMENT((#16590));
#16590 = SURFACE_STYLE_USAGE(.BOTH.,#16591);
#16591 = SURFACE_SIDE_STYLE('',(#16592));
#16592 = SURFACE_STYLE_FILL_AREA(#16593);
#16593 = FILL_AREA_STYLE('',(#16594));
#16594 = FILL_AREA_STYLE_COLOUR('',#15096);
#16595 = STYLED_ITEM('color',(#16596),#7648);
#16596 = PRESENTATION_STYLE_ASSIGNMENT((#16597));
#16597 = SURFACE_STYLE_USAGE(.BOTH.,#16598);
#16598 = SURFACE_SIDE_STYLE('',(#16599));
#16599 = SURFACE_STYLE_FILL_AREA(#16600);
#16600 = FILL_AREA_STYLE('',(#16601));
#16601 = FILL_AREA_STYLE_COLOUR('',#15096);
#16602 = STYLED_ITEM('color',(#16603),#7672);
#16603 = PRESENTATION_STYLE_ASSIGNMENT((#16604));
#16604 = SURFACE_STYLE_USAGE(.BOTH.,#16605);
#16605 = SURFACE_SIDE_STYLE('',(#16606));
#16606 = SURFACE_STYLE_FILL_AREA(#16607);
#16607 = FILL_AREA_STYLE('',(#16608));
#16608 = FILL_AREA_STYLE_COLOUR('',#15096);
#16609 = STYLED_ITEM('color',(#16610),#7696);
#16610 = PRESENTATION_STYLE_ASSIGNMENT((#16611));
#16611 = SURFACE_STYLE_USAGE(.BOTH.,#16612);
#16612 = SURFACE_SIDE_STYLE('',(#16613));
#16613 = SURFACE_STYLE_FILL_AREA(#16614);
#16614 = FILL_AREA_STYLE('',(#16615));
#16615 = FILL_AREA_STYLE_COLOUR('',#15096);
#16616 = STYLED_ITEM('color',(#16617),#7721);
#16617 = PRESENTATION_STYLE_ASSIGNMENT((#16618));
#16618 = SURFACE_STYLE_USAGE(.BOTH.,#16619);
#16619 = SURFACE_SIDE_STYLE('',(#16620));
#16620 = SURFACE_STYLE_FILL_AREA(#16621);
#16621 = FILL_AREA_STYLE('',(#16622));
#16622 = FILL_AREA_STYLE_COLOUR('',#15096);
#16623 = STYLED_ITEM('color',(#16624),#7746);
#16624 = PRESENTATION_STYLE_ASSIGNMENT((#16625));
#16625 = SURFACE_STYLE_USAGE(.BOTH.,#16626);
#16626 = SURFACE_SIDE_STYLE('',(#16627));
#16627 = SURFACE_STYLE_FILL_AREA(#16628);
#16628 = FILL_AREA_STYLE('',(#16629));
#16629 = FILL_AREA_STYLE_COLOUR('',#15096);
#16630 = STYLED_ITEM('color',(#16631),#7763);
#16631 = PRESENTATION_STYLE_ASSIGNMENT((#16632));
#16632 = SURFACE_STYLE_USAGE(.BOTH.,#16633);
#16633 = SURFACE_SIDE_STYLE('',(#16634));
#16634 = SURFACE_STYLE_FILL_AREA(#16635);
#16635 = FILL_AREA_STYLE('',(#16636));
#16636 = FILL_AREA_STYLE_COLOUR('',#15096);
#16637 = MECHANICAL_DESIGN_GEOMETRIC_PRESENTATION_REPRESENTATION('',(
    #16638),#14985);
#16638 = STYLED_ITEM('color',(#16639),#14163);
#16639 = PRESENTATION_STYLE_ASSIGNMENT((#16640));
#16640 = SURFACE_STYLE_USAGE(.BOTH.,#16641);
#16641 = SURFACE_SIDE_STYLE('',(#16642));
#16642 = SURFACE_STYLE_FILL_AREA(#16643);
#16643 = FILL_AREA_STYLE('',(#16644));
#16644 = FILL_AREA_STYLE_COLOUR('',#16645);
#16645 = COLOUR_RGB('',0.313304153717,0.484529207832,0.410020903123);
#16646 = MECHANICAL_DESIGN_GEOMETRIC_PRESENTATION_REPRESENTATION('',(
    #16647,#16656,#16665,#16674),#2631);
#16647 = STYLED_ITEM('color',(#16648),#2031);
#16648 = PRESENTATION_STYLE_ASSIGNMENT((#16649,#16654));
#16649 = SURFACE_STYLE_USAGE(.BOTH.,#16650);
#16650 = SURFACE_SIDE_STYLE('',(#16651));
#16651 = SURFACE_STYLE_FILL_AREA(#16652);
#16652 = FILL_AREA_STYLE('',(#16653));
#16653 = FILL_AREA_STYLE_COLOUR('',#15004);
#16654 = CURVE_STYLE('',#16655,POSITIVE_LENGTH_MEASURE(0.1),#15004);
#16655 = DRAUGHTING_PRE_DEFINED_CURVE_FONT('continuous');
#16656 = STYLED_ITEM('color',(#16657),#2181);
#16657 = PRESENTATION_STYLE_ASSIGNMENT((#16658,#16663));
#16658 = SURFACE_STYLE_USAGE(.BOTH.,#16659);
#16659 = SURFACE_SIDE_STYLE('',(#16660));
#16660 = SURFACE_STYLE_FILL_AREA(#16661);
#16661 = FILL_AREA_STYLE('',(#16662));
#16662 = FILL_AREA_STYLE_COLOUR('',#15004);
#16663 = CURVE_STYLE('',#16664,POSITIVE_LENGTH_MEASURE(0.1),#15004);
#16664 = DRAUGHTING_PRE_DEFINED_CURVE_FONT('continuous');
#16665 = STYLED_ITEM('color',(#16666),#2331);
#16666 = PRESENTATION_STYLE_ASSIGNMENT((#16667,#16672));
#16667 = SURFACE_STYLE_USAGE(.BOTH.,#16668);
#16668 = SURFACE_SIDE_STYLE('',(#16669));
#16669 = SURFACE_STYLE_FILL_AREA(#16670);
#16670 = FILL_AREA_STYLE('',(#16671));
#16671 = FILL_AREA_STYLE_COLOUR('',#15004);
#16672 = CURVE_STYLE('',#16673,POSITIVE_LENGTH_MEASURE(0.1),#15004);
#16673 = DRAUGHTING_PRE_DEFINED_CURVE_FONT('continuous');
#16674 = STYLED_ITEM('color',(#16675),#2481);
#16675 = PRESENTATION_STYLE_ASSIGNMENT((#16676,#16681));
#16676 = SURFACE_STYLE_USAGE(.BOTH.,#16677);
#16677 = SURFACE_SIDE_STYLE('',(#16678));
#16678 = SURFACE_STYLE_FILL_AREA(#16679);
#16679 = FILL_AREA_STYLE('',(#16680));
#16680 = FILL_AREA_STYLE_COLOUR('',#15004);
#16681 = CURVE_STYLE('',#16682,POSITIVE_LENGTH_MEASURE(0.1),#15004);
#16682 = DRAUGHTING_PRE_DEFINED_CURVE_FONT('continuous');
ENDSEC;
END-ISO-10303-21;
